entity_id	business_name	business_address	country
S1-925783039	Orelee's Barbershop	1795 Westchester Drive, High Point, NC	US
S1-153055996	Summit Associates	1391 Country Lane, Bellingham, WA	US
S1-569100881	Resorts Traders Pvt Ltd	Office No.9, Miragaothan Mahajanwadi, National Highway, Mira Road East, Thane, Mumbai, Mumbai City, Maharashtra	India
S1-749000475	Anish Polytechnic Private Limited	F-12/1, Nimmco Tiles Compound, Kalawade Naka, Midc, Tarapur-Boisar, Thane, Maharashtra	India
S1-732613749	Strategic Equity Enterprises	1128 Wooddale Church Road, Knoxville, TN	US
S1-72785829	Baltazar & Barbosa Inc.	3623 Queen Avenue, Minneapolis, MN	US
S1-479915851	Wooldridge Managed	18009 Mondamon Road, Apple Valley, CA	US
S1-902150059	Star Equipments Private Limited	H No. 1071 Jafarabad Road, Gangapatti, Jaunpur, Uttar Pradesh	India
S1-761010516	Myriam Lilly Modern Ready LLC	35 Dover Court, Riverhead, NY	US
S1-335576235	Hari Solutions Limited	301, 3Rdfloor, Marvelalaina, Laneno.5, Koregaonpark, Pune, Maharashtra	India
S1-949793542	STJ Holdings Ltd	No.23/G-2, Kamakoti Nagar, 3Rd Cross Street, Pallikarani, Tambaram, Kanchipuram, Tamil Nadu	India
S1-967086139	Corner Barbershop	1344 350, Tipton, IN	US
S1-617270932	Zeteex Global, Inc	3275 97th Street, Cleveland, OH	US
S1-292615208	Laxmi Software Private Limited	210, 2Nd Floor, Tv Industrial Estate, S K Ahire Marg, Behind Glaxo, Worli., Mumbai, Mumbai City, Maharashtra	India
S1-283808530	Physical Therapy Integrated Physicians LLC	2580 Cooper Street, Freeport, IL	US
S1-852951897	Bangalore-2. Pioneer Private Limited	54, Khader Sheriff Gardens, Bangalore-2., Bangalore, Karnataka	India
S1-811491785	Linea Prather Reliable Cms	29 White Birch Lane, Danbury, CT	US
S1-340481848	Strupp Pioneer LLC	NY, Yonkers, 9 Brandt Terrace	US
S1-667419894	Mahaffey's Auto Body	635 Wind Chime Court, Stephenville, TX	US
S1-526183251	Shrishti Processing	98, Kunwar Complex, Bareilly, Uttar Pradesh	India
S1-42829133	Optimist Leasing LLP	P No 149 & 150, F ., Rajiv Nagar, Hyderabad, Telangana	India
S1-167150918	Express Genomic Concepts LLC	2021 Campus Avenue, Unit UNIT A, Ontario, CA	US
S1-366856374	Novic Stifel, LLC	21 Earl Road, Hutchinson, MN	US
S1-350845469	Golden Healthy	14983 Fm 1485, Conroe, TX	US
S1-411013981	Reach Kraft Private Limited	180, V.M. Complex, Shop No. 6 Arisipalayam Main Road, Salem, Tamil Nadu	India
S1-903470091	Bombay Marketing Private Limited	H.No 560 Flat 302 3 Flr, Mankoli Village, Bhiwandi, Thane, Maharashtra	India
S1-138330900	Rishav Immersive Private Limited	P.No.195-C-I, Sunder Vihar, Kalwar Road, Kalwad, Jaipur, Rajasthan	India
S1-972778043	Ace Insurance Collective Co	1807 Colvin Street, Syracuse, NY	US
S1-609669425	Clean Intelligence Global Inc	50 Saint Andrews Place, Unit Apartment 7K, Yonkers, NY	US
S1-799357480	Builders Gpc Services LLP	Kavisha Enclave Plot No D-23 7Th Cross East Extension, Thillainagar, Trichy, Tiruchirappalli, Tamil Nadu	India
S1-949259555	West Fact, LLC	12010 Luxton Lane, Avondale, AZ	US
S1-466480913	Shakti Trading Private Limited	61 Ideal Industrial Estatesenapati Bapat Marg, Mumbai, Maharashtra	India
S1-869357195	Harbor Society	579 Sandy Creek Road, Crossville, TN	US
S1-756260484	Advanced Technical Alliance	37419 Cole Valley, Magnolia, TX	US
S1-340393385	Cardiology Metro Center LLC	181 Calhoun 271, Camden, AR	US
S1-89649397	Ambuja Solution Private Limited	Ff-104, Palak Complex, Nr C.U.Shah Collage, Ahmadabad City, Ahmedabad, Gujarat	India
S1-160962647	Superstar Health Private Limited	Shell North Gate, Near Kims Tennis Academy Hennur Main Road, Kothanur, Bangalore, Karnataka	India
S1-824373227	Surgical Group	2630 Prairie Avenue, Unit 105, South Bend, IN	US
S1-194051776	Darline Carter Apex Rice LLC	35 Russell Drive, NY, Stillwater	US
S1-787639206	Metropolitan Society LLC	344 Perry Street, NY, Buffalo, Unit Suite 2B	US
S1-719458535	Krikorian Better Valuence Indianapolis	7319 71st Street, Indianapolis, IN	US
S1-321879016	Ocasio Trading PLLC	7311 Lynn Cove Lane, Unit L, Raleigh, NC	US
S1-112949554	Ace Property Group	719 13th Avenue, South Saint Paul, MN	US
S1-226408668	Sasoft Interests P.C.	Chardon, 12648 Auburn Road, OH	US
S1-468793707	Blue (India) Devi Company	10/248College Road, Palakkad, Kerala	India
S1-899388656	Tirupati Tech Private Limited	58/1, C5, Nellikkattiri Po, Via Koottanad Koottupatha, Pattambi, Palakkad, Kerala	India
S1-445492289	Indian Tech Private Limited	No.1/7, Subash Chandra Bose Nagar Main Road Vengadamangalam Village, Chennai, Kancheepuram, Tamil Nadu	India
S1-408278749	Ganesh Brothers Ltd	Fno 134 S-1 2Nd Flr Rani, Enclave Govardhan Colony, Jaipur, Rajasthan	India
S1-995747336	Preferred Property Company	14639 Crabapple Drive, Wadsworth, IL	US
S1-935476540	Krishna India (India) Private Limited	29 Dr Suresh Sarkar Road, Kolkata, Calcutta, West Bengal	India
S1-875104240	Foods Golden Pariwar Private Limited	H.No.97, Dev Kunj Colony, Near Ashok Leeland Agency, Meerut, Uttar Pradesh	India
S1-628087603	ABS Federal	200 39th Street, Kansas City, MO	US
S1-395292100	Tri-State Home Improvements Inc	1857 3rd Place, Birmingham, AL	US
S1-360980243	Clementine's Tri-State Cafe	2420 Prairie Road, Castalia, OH	US
S1-310850117	Surya Infra Private Limited	Warangal, Charbowli, Nizampura, Telangana, Warangal Urban, 14-8-27	India
S1-430808046	Haripriya Realcon Private Limited	Satyam 308 B Vitthal Ngr 1Vidrabha Pre Hou, Nagpur, Maharashtra	India
S1-869845870	Ambrosino Pineapple Inc.	11211 Hazen Street, Houston, TX	US
S1-533248665	Royal Management Limited	S.No.2-In, H.No.23, Ground Floor Adhchini, New Delhi, South Delhi, Delhi	India
S1-821696287	Innovative Industries Private Limited	Bhopal, Madhya Pradesh, H.No-4/30, Sarvjan Colony, Kolar Road, Bhopal	India
S1-838949766	Kiersten Yazzie Diamond Brc LLC	3657 Rhea Avenue, Memphis, TN	US
S1-843589645	Lanny Steinbach Ace First Inc	15 Softwinds Court, Owings Mills, MD	US
S1-411705972	Hooks Crystal Petroleum Holdings	135 Jasper Street, Springfield, MA	US
S1-927875919	Interstate Program	NY, 24 Langdon Park Drive, Kirkwood	US
S1-636206365	Wisteria Polytechnic Pvt. Ltd.	H.No: 8-2-348/1, Flat#103, First Floor Flora Apartments, Road No.3, Banjara Hil, Ls, Hyderabad, Telangana	India
S1-930343184	Unique Construction Private Limited	23A, Floor-Grd, Plot-222, Chhota Sonapur Compound, Maulana Shaukat Ali Road, Mumbai, Mumbai City, Maharashtra	India
S1-605026145	Blu Services Pvt. Ltd.	Sd-132, Sector-45, G B Nagar, Noida, Gautam Buddha Nagar, Uttar Pradesh	India
S1-925681011	Jai Healthcare Private Limited	Promoter'S Add:- D-97 Anand Niketan, New Delhi, Delhi	India
S1-835080860	Veterans League	1264 Phillips 249 Road, Lexa, AR	US
S1-104752376	Washington & Vandergrift Stanley	136 Lasino Drive, Georgetown, TX	US
S1-867591839	Lotus Agro Private Limited	Maharashtra, Mumbai City, Mumbai, 701, 7Th Floor, Plot 96/98, Platinum Arcade, Jss Rd Central Plaza Cinema, Charni Road, Girga, Um	India
S1-234434940	Shiv Producer LLP	H/O-Sanjay Kumar Singh, S/O-Ram Krishna Singh Vill-Malti, Tola-Malti, Panch-Malti, Block-, Ujiarpur, Samastipur, Bihar	India
S1-556871771	Rvs Vani of Kolkata Private Limited	74, Bangur Avenue, Block-A, Kolkata, Howrah, West Bengal	India
S1-703899129	Mountain Frequency	8130 Chipita Park Road, Unit B, Cascade-chipita Park, CO	US
S1-400227744	Sagar Resorts Private Limited	Madhya Pradesh, Sagar, 4/10 Choudhran Bai Jain Mandir Ke Pass Bada Bazar, Sagar	India
S1-989596134	Great Ventures LLC	Town Of Beloit, 379 Centre Street, WI	US
S1-333740402	Lucky Massage!	1021 Industrial Road, Lovington, NM	US
S1-192467957	Polo Spa Clinic	117 Mason Street, Polo, IL	US
S1-639436695	Hamilton League	121 E Ironwood Lane, City Of Mequon, WI	US
S1-839309172	Nordic Institute	H No. 2406, Phase 10, Sector 64 Mohali, Sas Nagar, Punjab	India
S1-831995	Vann Assets L.L.C.	285 Whispering Pines Drive, Spring Lake, NC	US
S1-910046248	KOC Development Private Limited	C/O Sunitha, Kollam, Sunil Bhavan Mylakkad Po, Kerala, Kollam	India
S1-197415447	Winer Capital	61 Vt Route 67, Shaftsbury, VT	US
S1-259320166	Veterans Committee	377 Windsong Road, Greene County, VA	US
S1-727313472	Primary Care Green Specialists	1088 Dayton Avenue, Saint Paul, MN	US
S1-280786474	Excellence (India) Vin Private Limited	1St Floor, 33/873, Padhiyassery Building, Ernakulam, Kerala	India
S1-473173655	Marna Tweed Auto Repair, LLC	115 Clifton Moore Street, Buda, TX	US
S1-499729317	Arts Alliance III Inc	1906 Old Highway 99, Pawhuska, OK	US
S1-866403086	Siddhi Works Private Limited	Lonand Satara, Taluka Khandala, Maharashtra, Lonand Industrial Area (Midc), Lonand, B-21	India
S1-826080040	090 Oxley	24835 Friendship Road, Daphne, AL	US
S1-655260983	Liu Clear Anadolu LP	7019 Kilkenny Drive, Sacramento, CA	US
S1-737264414	Hughes Peak Paper	903 Denver Avenue, Tulsa, OK	US
S1-867259903	Cancer Network	28970 Sr 281, Unit 13, Defiance, OH	US
S1-332618671	Meenachil Leasing (India) Private Limited	No.223, Metagally Extension Devraj Mohalla, Mysore, Karnataka	India
S1-789635046	United Life Trading Pvt Ltd	C/O Suryakumar M C, Madambikkattil House, Vellanikkara, Thrissur, Kerala	India
S1-473181769	Vaibhav Producer Private Limited	233, Modern City, Indore, Bijasan Road, Indore, Madhya Pradesh, Indore, Madhya Pradesh	India
S1-889821453	Family Associates	17877 3133, Van Alstyne, TX	US
S1-661520608	Pacheco, Morales and Reynolds Inc.	15030 Burleigh Road, City Of Brookfield, WI	US
S1-650020769	Infra Skyland Store Pvt Ltd	No: 27, Srikanatapura, Dasanapura (H), Bangalore North, Bangalore, Karnataka	India
S1-650266372	Makara Law Chambers	Plot-864, Block-D, Lane-01, Pahal Millenium City, Bhubaneswar, Khordha, Orissa	India
S1-578992232	City Engineering Pvt Ltd	2/4/54-55-F-A-1, 1St Floor, Shreeji Complex, Plot No. 55, Vallabhkrupa Society, Old Port Road, Mundra, Kachchh, Gujarat	India
S1-672507212	Vadodara Training	Gujarat, F1-124, Kashivishveshwar Township, Tower No.4A B/H Swagat Restaurant, Jetal, Pur Road, Vadodara	India
S1-55428326	Eckstein Athene L.L.C.	112 Parkwood Lane, Hilton, NY	US
S1-382564144	B 4 Unified Aria	6 Secora Road, NY, Spring Valley, Unit Apartment F2	US
S1-212643178	Strategic Biomedical Dynamics	8656 Pine Place, Reynoldsburg, OH	US
S1-232181523	Pacific Preparatory Academy	2833 Silas Ridge Road, Winston-salem, NC	US
S1-863691632	Trinity Community Church	2650 Broadhorn Drive, Fl 0, Odenton, MD	US
S1-277482709	Golden Pub	55 Skyline Drive, West Haven, CT	US
S1-6551594	Quia Worldwide Inc	Houston, 514 Post Oak Lane, TX	US
S1-664068210	Yashada Tax Private Limited	Sy.No-104, Rtc Colony, Lal Bazar, Secunderabad, Hyderabad, Telangana	India
S1-589974300	Bright Software Limited	58-11-119/120, Ground Floor, Sai Subaramanyam Residency, Old Karasa, Visakhapatnam, Vishakhapatnam, Andhra Pradesh	India
S1-208921771	Eye Rapid Specialists LLC	328 Jade Creek Hollow, Lavergne, TN	US
S1-613693790	Anand Great Foundation Private Limited	E-3C, Ground Floor, Gali No. - 23 Chanakya Place Part-1, Uttam Nagar, Delhi, West Delhi, Delhi	India
S1-721174166	Sita Nursing Home	47, Sms Colony Shipra Path, Mansarovar, Jaipur, Rajasthan	India
S1-506608765	Shiv Hospitality Private Limited	Tower G, Jasmi Flt-G1101, The Garden City, Sv Road, Rajkot, Gujarat	India
S1-940272094	KQF Farmers	Fl No. 701, K.V.Rangareddy, Shankarpally, D-Block, Jain, Carlton Creek, Khajaguda, C.B.I.T, Telangana	India
S1-504297965	Mei Pearl Inc.	7 Grove Avenue, Williamsburg City, VA	US
S1-187216637	Sesoft Wilco Inc	1650 Maple Court, Fl 1, Hillsboro, OR	US
S1-462517492	Solic Asia LLC	IN, Portage, 2400 Hamstrom Road	US
S1-106289551	Pharma Swaad Private Limited	97 Bg Scheme No. 74C Vijay Nagar, Indore, Madhya Pradesh	India
S1-665205736	Maps Chemicals LLP	4-G Trishul Baugbehind Sindhi Soc Gymkhana Chembur, Mumbai, Maharashtra	India
S1-34314430	Silver Wholesale Holdings	14465 Gallant Lane, Waldorf, MD	US
S1-35128262	Araujo School of Medicine	96 Spy Pond Parkway, Arlington, MA	US
S1-643905466	Prolite Consulting Pvt. Ltd.	H-42-A, Dilshad Garden, Shahdara, New Delhi, East Delhi, Delhi	India
S1-4374968	Levy Mountain Electric	3818 Regency Parkway, Suitland, MD	US
S1-688612656	Precision Wealth International LLC	10426 56th Street, Monroe, IA	US
S1-273121878	Allahabad Fund Limited	233, Bhagwatpur, Allahabad, C/O Rakesh Kumar Tiwari, Allahabad, Uttar Pradesh	India
S1-834697446	Kisan Academy	303, Mansarovar, 90 Nehru Place, New Delhi, Delhi	India
S1-140012451	Smart Consultancy Private Limited	Flat No.A-202, Gat No.41, Orbit Booneville Shivajiwadi, Moshi, Tal Haveli, Pune, Maharashtra	India
S1-469397482	Surgical Center Corp	Tulsa, 2735 132nd Avenue E, OK	US
S1-35795996	Ms Digital Ltd	Tamil Nadu, Chennai, 2Nd Street, Maduravoyil, Thiruvallur, No.89 Vel Nagar	India
S1-688579903	Nagraj Delicacies Private Limited	B 808, Cts No 1320/A, Vinit Tower, Andheri (W), Mumbai, Maharashtra	India
S1-230949515	Golden Educational Society	H. No 343, Lohagaon, Tal. Newasa, Newasa, Ahmed Nagar, Maharashtra	India
S1-221959528	Cure Barbershop	49 Windmill Lane, Clarkstown, NY	US
S1-904008582	Jain Alpha Technology Private Limited	Shop No2, A Wing, Prakruti Pearl Chs Ltd, Opp Bayer House, Hiranandani Estate, Patlipada, Th, Ane W, Mumbai, Mumbai City, Maharashtra	India
S1-884848176	Pudukkottai Traders LLP	Dno. 11-5-238/1. H.P. Roadmooosapet Hyderabad, Hyderabad, Telangana	India
S1-869476352	Valdez Piedmont Aerospace Inc	150 Swamp Road, Pantego, NC	US
S1-278586674	Hardoi Retail Private Limited	C/O Jitendra Kumar, 00 Haridas Pur Tiraha, Hardoi, Uttar Pradesh	India
S1-218682667	Maldonado Great Applied Inc	1025 Locust Street, Dubuque, IA	US
S1-41321036	Lp Logistics Private Limited	Plot No. 12, Portuguese Church Street, Kolkata, Kolkata, Howrah, West Bengal	India
S1-155880751	Advance & Co	No. 19Th 12Th, Cross Kp Agraha, Bangalore North, Bangalore, Karnataka	India
S1-157050918	Bangalore South Schools Private Limited	416, 19Th Main, 1St Block, 2Nd Phase, Bda Layout, Bangalore South, Bangalore, Karnataka	India
S1-899596326	Supreme Healthcare	Plot No D-2, Tuljai Bunglow Narhari Nagar, Pathardi Phata, Nashik, Maharashtra	India
S1-295131002	OO Esports Inc	1011 Cabaret Lane, Unit #B, Suffolk City, VA	US
S1-245626234	Wyckoff Preferred Construction LLC	240 Dixie Highway, Moorefield, KY	US
S1-248462310	Gonzalez Focus, PLLC	3064 Three Creeks Drive, Cleveland, TN	US
S1-932549827	Peak Cannabis Inc	5594 6950, Hooper, UT	US
S1-804600255	24HR Locksmith	5838 W Valley Circle, City Of El Paso, TX	US
S1-840247535	Southern Impex Private Limited	22, Ashutosh Chowdhury Avenue, 5Th Floor, Kolkata, Kolkata, Howrah, West Bengal	India
S1-409061042	Aegis Communications Private Limited	302, Golden Palace Apts Father Balaiah Nagar, Old Alwal, H No 1-5-734/135, Telangana, Hyderabad	India
S1-735450070	Future Logistics Private Limited	C/O M Abdulrahman Kunju Hajee, First Floor, Ushus Complex, Vellimana Mekkathi, Karunagappally, Kollam, Kerala	India
S1-288533640	Multiplex & Co Limited	69, Block-A, Keshav Kunj Pratap Nagar, Agra, Uttar Pradesh	India
S1-321225684	White Technology Private Limited	511, Nariman City, Premiumews, Indore, Madhya Pradesh	India
S1-223288375	Reddy Gulf Jones Inc.	9910 New Pinnacle Lane, Unit 307, Raleigh, NC	US
S1-60517674	Corporate Hospitality Services LLC	138 Haven Avenue, Cottage Hills, IL	US
S1-626551238	Sosaex Cloud Inc	913 Dunlavin Court, MD, Lutherville	US
S1-36685240	Hare, Stanger & Fails Staking LLC	346 Mill Road, Falmouth, MA	US
S1-555009087	Helios, LLC	MN, 716 W Channing Ave, Fergus Falls	US
S1-440138741	Agro Rajsee Properties Private Limited	C7, Icon By Synchron, 106, Race Course Road, Coimbatore South, Coimbatore, Tamil Nadu	India
S1-616439098	Global Biomedical Technologies, LLC	25521 Buena Vista Road, Rockbridge, OH	US
S1-984594632	Span Groups Private Limited	H.No. 190, Sector-30, Gurgaon, Haryana	India
S1-390512995	South Technology	Bhadrakali, 147/A Sukanta Sarani Bhadrakali, West Bengal, Hindmotor	India
S1-661417237	Colonial Pacific Family Practice Inc	3618 Chapel Hill Road, Triadelphia, WV	US
S1-991154089	Ness Pacific Wen Inc.	1188 Taylors Chapel Road, Crossville, TN	US
S1-187783999	Entech Flexible	3287 Symsonia Highway, Benton, KY	US
S1-882433798	Vijay Consultants Pvt Ltd	A-201 Second Floor, Solitare Business Park Besides Divya Bhaskar, S.G. Highway, Ahmedabad, Gujarat	India
S1-216410805	Peniify Navigation LLC	Williamson County, TN, 1212 Round Grove Court	US
S1-824472954	Prudent Polytechnic	H. No. -131, 2Nd Floor, Blk-Ae, Shalimarbagh Landmark, Near Prabhu Dayal Public School, Delhi, North West Delhi, Delhi	India
S1-517160489	Urgent Care Cascade Clinic Inc	1353 Alton Station Road, Lawrenceburg, KY	US
S1-788904369	Hoffman, Adams and Aguirre Tsakos PC	3404 53rd Court, Cicero, IL	US
S1-219825433	Bright Bakery	204 Dennis Lane, Powell, TN	US
S1-337195785	Johnson Pineapple Inc.	1850 Kader Lilley Road, NC, Williamston	US
S1-122055254	Brown Crystal Republic LLC	CO, 14154 21st Place, Applewood	US
S1-278056609	Harry Iii LLC	333 Links Drive, AR, Unit Apt 4204, Texarkana	US
S1-266596108	Asma & Brothers Pvt Ltd	280/7 Sengadu Village, Sriperumbudur, Tiruvallur, Tamil Nadu	India
S1-913458698	Faridabad Technologies Private Limited	C/O. Mr. Manohar Lal, 55, Nh-1, Faridabad-999, Faridabad, Haryana	India
S1-447647212	Royal Engineering Partners	709 Walnut Street, Martinsville, IN	US
S1-451446625	Rising Distributors Private Limited	D - 23B, Tilak Vihar, Tilak Nagar, New Delhi, West Delhi, Delhi	India
S1-145211180	Applied Intelligence Systems LLC	TX, 519 Cr 6846, Lytle	US
S1-741503823	Premier Safe Bluerock Inc	6108 Thrushwood Drive, Indianapolis, IN	US
S1-390184868	Summit Black	835 Pipkin Street, Beaumont, TX	US
S1-967153810	Pena Group	535 York Street, Unit 211, Gastonia, NC	US
S1-777946198	Royal Foundation Limited	20 Foot Rood Surya Vihar Ii, Faridabad, Haryana	India
S1-676830025	Scarlett & Foster Lifestyle, Inc.	19976 231st Place, Queen Creek, AZ	US
S1-919530485	Nagansh Spices Private Limited	Fl No A 106 Pune Solapur Rd, Karan Bella Vista, Haveli, Pune, Maharashtra	India
S1-685520356	Horizon Investment Digital Inc	Rockford, IL, 1834 National Avenue	US
S1-300101810	Fastner Medical Centre Associates	303/A Devpriya Appartment Vi 4 Asharam Ashram Road, Motera Road, Sabarm, Ati, Ahmedabad, Gujarat	India
S1-402939909	Mount (India) Techsol Private Limited	14 Block C 3 Tps 128 Sno 1402 1 And 2, Fp No 319 Shakti Gardniya Bs Shan 3, Vatva Ring Road, Nava Vatva, Daskroi, Ahmedabad, Gujarat	India
S1-150143884	Shivani & Partners	Mumbai, Mumbai City, Maharashtra, 1501 Floor 15, B Wing, Klassic Tower Dr. Anandrao Nair Road, Jacob Circle	India
S1-895947450	Sunrise Logistics Private Limited	Maharashtra, 10, Fort, Homi Modi Street, 2Nd Floor, Mumbai	India
S1-493336570	Amma Traders LLP	603, Emp 8, Jupiter, Evershine Millennium Paradise, Thakur Village, Off W.E. Highway, Kandivali East, Kandivali East, Mumbai, Maharashtra	India
S1-20510845	Metropolitan Diamond Dynamix	1004 Kickapoo Street, Leavenworth, KS	US
S1-561375011	Earl and Gonzalez Corp	103 Alton Park Lane, Franklin, TN	US
S1-333418011	Hier, Jackson and Barga Inc	363 Wabash Avenue, Brewster, OH	US
S1-881704488	Greenfield Service	Unit 2, 10 Doctors Circle, NC, Supply	US
S1-746255377	Henehan Pharmaceuticals PC	70 Flagship Drive, Jessamine Co, KY	US
S1-578850267	Golden Tavern	NY, Vestal, 346 Foster Road	US
S1-265773672	Dream White Enterprises Private Limited	11/401, Odayam, Varkala, Thiruvananthapuram, Trivandrum, Kerala	India
S1-103532412	Urgent Care Clear Partners	10565 Lambeth Road, Henrico County, VA	US
S1-433536807	Buckeye Baptist Express Church Inc	180 Apache Road, Unit #13-#16, Buckeye, AZ	US
S1-672114465	First Enterprises Pvt Ltd	C-12, First Floor, Sector 10, Noida, Gautam Buddha Nagar, Uttar Pradesh	India
S1-394950136	Moon Capital LLC	5773 Summit Avenue, Greensboro, NC	US
S1-605812875	Education Association	830 Turnstone Drive, Sacramento, CA	US
S1-404101348	Interstate Intelligence Industries Corp	268 Cherry Farm Lane, Unit 821, Bowling Green, KY	US
S1-588177450	Bankston Resources	4 Mills Drive, West Haven, CT	US
S1-720585477	Premier Balaji Foundation Limited	Guntur, D.No.4-4-173/2, Venkata Sambasiva Residency 7/2 Line, Chandramouli Nagar, Krishna, Andhra Pradesh	India
S1-955503632	Rimmer Creative LLC	482 Waldoboro Road, Washington, ME	US
S1-198082108	Prudential Hosting Private Limited	9, Ramkrishna Lane, Kolkata, Kolkata, Howrah, West Bengal	India
S1-794163843	Raex Healthy LLC	6101 80th Street, Indianapolis, IN	US
S1-510320386	Hughes Micro LLC	WA, Puyallup, 407 Valley Avenue, Unit #P104	US
S1-43798130	Chiropractic Prime Care Inc	6257 University Avenue, Unit Apartment 334, Fridley, MN	US
S1-661943100	Bangalore Estate Private Limited	#185/A, 6Th A Cross Kasavanahalli, Bangalore, Karnataka	India
S1-408120041	Great Foundation	569/165 Ka, Bara Birwa Kanpur Road, Lucknow, Uttar Pradesh	India
S1-664544223	Crisafulli College	1926 2nd Street, Clinton, IA	US
S1-580646084	Constantina Dixon Ellington	3408 Poinsettia Drive, Dallas, TX	US
S1-208561702	Select Ithax Inc	30679 Oakland Road, Town Of Portland, WI	US
S1-264257307	Reliance Seva Samiti	39F/1B, Broad Street, Kolkata, Kolkata, Howrah, West Bengal	India
S1-58356363	Mohammed, Byrd & Garcia	210 Goforth Drive, Thomasville, NC	US
S1-860520666	Continental Coalition IV	3001 Montpelier Place, Unit APT. 201, Hampton City, VA	US
S1-293815838	Pedersen Kgaa Inc.	1654 Duffton Lane, Painesville Township, OH	US
S1-71838845	Piedmont Purecycle-Hinsdale	705 Chanticleer Lane, Hinsdale, IL	US
S1-340316770	My Global Limited	38-Akrishna Nagar Lucknow, Uttar Pradesh, Jyotiba Phule Nagar, Uttar Pradesh	India
S1-780174326	Rocky Trusted Rice Inc	939 Colonial Park Drive, Jeffersonville, IN	US
S1-385822021	Vaca Coastal Royalties Associates	3216 Timberview Road, Dallas, TX	US
S1-250038379	My Logistics Pvt Ltd	47, Milttal Chambers Nariman Point, Mumbai, Maharashtra	India
S1-950712883	Cardiology Highland Care Group	Albuquerque, 8005 Corn Mountain Place, NM	US
S1-572496880	Classic Mobility, Inc	MN, New York Mills, 104 S Walker Ave	US
S1-484919323	Fortune Systems Private Limited	B26, Second Floor, Dwarka Expy, Sector 84, Narsinghpur, Gurgaon, Haryana	India
S1-509883372	Grantham Tri-State Schwab, L.L.C.	418 Elm Street, Centralia, IL	US
S1-578753203	Cascade Superior Associates Group	106 7th Street, Bloomington, TX	US
S1-734490520	Health & Sons Private Limited	C-210, Shiv Darshan Satyanagar Chs Ltd, Saibaba Nagar Road, Borivali West, Mumbai, Mumbai City, Maharashtra	India
S1-777591218	Universal Energy Limited	D.No. 440/2, First Floor, Second Cross, Periyakurichi, Neyveli, Cuddalore, Tamil Nadu	India
S1-106525660	Arvin Gems Private Limited	24 Bamanwada Po Sahar, Shar Road, Near Little Angel Nursery, Mumbai, Mumbai City, Maharashtra	India
S1-231543226	Imi Finance Private Limited	7-187/A, Vinayak Nagar Subash Nagar, Jeedimetla, Rangareddy, Telangana	India
S1-33977508	Ponce, Amaya and Villa LLC	6145 Shannon Court, Fl 1, Beaverton, OR	US
S1-531158240	Minakshi Software (India) Company	Shop No. Lg -008, South Point Mall, Dlf Phase V, Sector-53, Gurgaon, Haryana	India
S1-256070520	Great Association	111 Cr 52, Rosharon, TX	US
S1-936824103	Castillo Horizon Point LLC	5408 Westgrove Drive, Dallas, TX	US
S1-694918510	Kotiratan Fresh Private Limited	Plot No 13 Police Housing Society Kotra Sultanabad, Bhopal, Madhya Pradesh	India
S1-457540424	Zamoia Clear Farms, LLC	1419 County Line Road, Lower Merion Township, PA	US
S1-964422967	Dental & Co	Maharashtra, Nirmal, 1St Lane Mayor Colonykothrud, Pune	India
S1-158830506	Infrastructure Strategic Sudama Pvt. Ltd.	12/1A Ff 17Th Cross, 29Th Main J.P.Nagar, Bangalore South, Bangalore, Karnataka	India
S1-774150972	Gauri Multisolution Ltd	M-9 Lajpat Nagar, Delhi, South Delhi, Delhi	India
S1-115447573	Wallet Educational Society Corporation	6A, Nayaratna Lane, Kolkata, Kolkata, Howrah, West Bengal	India
S1-247821097	Lorilee Pagan Quantum Inc	1213 25th Street, New Castle, IN	US
S1-97526903	Cardinal Newbury	715 Sherburne Avenue, Saint Paul, MN	US
S1-824594537	Global Prime LLC	4424 Branderwood Drive, Roanoke County, VA	US
S1-818864451	Bright Deli PLLC	11354 Red Fox Drive, Maple Grove, MN	US
S1-897533408	Smart Engineering Private Limited	Ramanlal Makvana, Aen-Chithri, Dungarpur, Rajasthan	India
S1-203376183	St. Synagogue	542 Bristol Drive, Pataskala, OH	US
S1-763331599	Balajee Seva Samiti	Iind Floorchinthamani Building 53 Ramnagar, Coimbatore, Tirupur, Tamil Nadu, Room No 6	India
S1-649167855	Rique Rapid Advisory LLC	1907 Mosley Loop, Alpine, TX	US
S1-745060949	Hall Purpose of Chandler	3999 Dobson Road, Unit 1070, Chandler, AZ	US
S1-416907660	Custom Smart Diversified	5059 Little Adams Run, Murfreesboro, TN	US
S1-761462407	Cathie P. Lacey, MD LLC	2040 Fairway Drive, Greencastle, IN	US
S1-694155803	Montgomery and Perkins Vernal	OH, Strongsville, 13207 Olympus Way	US
S1-396508963	Shiva Healthcare Pvt Ltd	Shop No 25 Plot No 43 Sec, 36 Surmalhar Kamothe, Raigad, Maharashtra	India
S1-463594092	Fahey's Management	11771 Ranch Elsie Road, Coal Creek, CO	US
S1-707322559	Werth Certified Ares Inc.	18067 Hammond Avenue, Pacific Junction, IA	US
S1-878137045	Blue Investment Limited	Maharashtra, Z P Colony Shopping Centreblock No.3 & 4 Agashivnagar, Karad, Satara	India
S1-226708804	Life Software Private Limited	Murdhawa Near Krishna Templerenukoot Sonbhadra, Uttar Pradesh, Mirzapur, Uttar Pradesh	India
S1-724606513	Sputnik Development Pvt Ltd	Tamil Nadu, Chennai, 4Th Floor Wescare Towers No. 16 Cenotaph Road, Teynampet	India
S1-256453076	Accounts Engineering Private Limited	Ground Floor, Trivandrum, Thiruvananthapuram, Kerala, Periyar Building, Technopark, Thiruvananthapuram	India
S1-916133520	Sd Services Private Limited	No.994, Sri Sai Tower, 1St Main Koramangala, 1St Block, Bangalore South, Bangalore, Karnataka	India
S1-32255020	GL Servicesprivate Private Limited	C/O Shri Gyandeo Sakharam Xx, Jalna, At Motigavhan, Maharashtra	India
S1-101787263	Northwind Merchants	684 Neelyville Road, Bluffs, IL	US
S1-657120187	Srf Foundation	Ethics Ashiyana, Flat No. 101 Rajeev Nagar, Kalarhanga, Patia Station Road, Bhubaneswar, Khordha, Orissa	India
S1-620510368	Legacy Cornerstone Magna, LLC	96 2 Place, Brooklyn, NY	US
S1-284169514	Downtown Barbershop!	3392 2650, Layton, UT	US
S1-519754359	Marathon & Co	Narayaneeyam, Neendoor, Pallipad P.O., Kerala, Alappuzha, C/O Somarajan, Haripad	India
S1-844880880	Global Council	9914 Northampton Drive, Fl 0, Saint Louis, MO	US
S1-350144561	Patriot Program LLC	7500 Thunderbird Road, Clay, NY	US
S1-159042629	Bharat Construction Private Limited	78/1 1St Floor 1St Cross, 1St Main Drc Post Sgpalya, Bangalore, Karnataka	India
S1-162747580	Oncology Care LLC	5512 Armitos Avenue, Unit 36, Goleta, CA	US
S1-895039330	Sun Constructions Private Limited	Sno 157 Pn 22 Aundh Office 14 Soham Complex Dp Road Aundh, Pune, Maharashtra	India
S1-84665959	Prime Genomic Industries, Inc	Frisco, TX, 1686 Plantation Crest Drive	US
S1-272392523	Galaxy Estate Limited	404 Shree Balaji Paragon, B/S Rock Regency Hotel, Ahmadabad City, Ahmedabad, Gujarat	India
S1-780228490	Aarvin India Corp	C-61, 02Th Floor South Extension Part -Ii, New Delhi, South Delhi, Delhi	India
S1-252965040	Durgapur Merchants Center	Haryana, Faridabad, Sector-19, House No. 943, Faridabad	India
S1-207380884	Glyphon Networks LLC	265 Beckwith Road, Unit 46A, Santa Paula, CA	US
S1-883473964	Guru Consulting Private Limited	4/424, F-4, Vaishali, Ghaziabad, Uttar Pradesh	India
S1-228086311	Great Technology Pvt Ltd	Navi Mumbai, Plot No C-450/4 Pawane Midc Ttc Industrial Area Turbhe, Thane, Maharashtra	India
S1-122203490	Regional Royal Chiropractic	25 Commons Drive, Palos Park, IL	US
S1-443327225	Big Hypnosis Inc	Unit 622, Olympia, WA, 606 Lilly Road	US
S1-909958627	Coastal Network	112 Plainview Avenue, Raleigh, NC	US
S1-990267484	Metropolitan Iron Works LLC	1355 Balfour Quarry Road, Faith, NC	US
S1-146316622	Sam Contracts	Polt No 71 Jubilee Enclave, Hitec City, Lvs Arcade, Telangana, Hyderabad, Madhapur	India
S1-359007001	Kolkata Construction Ltd	33B Sarat Bose Rd, Kolkata, Calcutta, West Bengal	India
S1-884842007	Hotel Developers Private Limited	Plot No.V-29, 9Th Main Road, Peenya Industrial Area, Bangalore North, Bangalore, Karnataka	India
S1-35724662	Custom Gulf Quality LLC	1509 Grant Street, Omaha, NE	US
S1-269310809	Delhi Solutions Private Limited	10/102, Nabdha Residency Chandna Colony, Tonk Road, Jaipur, Rajasthan	India
S1-673084401	ETR Clean Atlanticus LLC	13484 Orchard Lane, Holland, TX	US
S1-379190549	Chiropractic Center	2317 Highwood Drive, Dallas, TX	US
S1-31107640	Urology Clean Associates	30175 Cowbone Island Road, City Of Clewiston, FL	US
S1-123315827	Rit Concepts Pvt. Ltd.	Delhi, Bhaskar Bhawanold Rohtak Road 19/92 Sarai Rohilla, North Delhi, Delhi	India
S1-922209142	Clean Packaging Brands Associates	2932 Weavers-station Road, New Madison, OH	US
S1-815247146	Herrera & Webber Top	53 Cypress Shores Road, Roper, NC	US
S1-631706579	Sirius Inc	33180 Lake Shore Drive, Grayslake, IL	US
S1-836089981	Suryaika Development Limited	36, Strand Road 4Th Floor, Room-1, Kolkata, Howrah, West Bengal	India
S1-809658244	Estes Reliable Bynordic Inc.	209 Second Street, Easton, IL	US
S1-877872756	Innovatus Communication Private Limited	111-B, Mittal Tower, 210, Nariman Point, Mumbai, Maharashtra	India
S1-654072900	Varney Colonial Resource Partners	1113 Ave F, Scottsbluff, NE	US
S1-31591651	Sunrise Logistics Private Limited	Old No 1/1, New No 21 & 22, 1St Street, Sathyamurthy Nagar, Kangeyam Road, Tirupur, Coimbatore, Tamil Nadu	India
S1-772417387	Sheller Group	AR, Okolona, 515 Main Street	US
S1-494495874	Marina Mills Private Limited	Jaipur, Ff, Shivshaktinagar, Kings Road, Nirman Nagar, Rajasthan, Jaipur, Pn-113	India
S1-212815960	Kotla Mubarakpur Ganga Private Limited	New Delhi, Delhi, 1899, 1St Floor, Opp. Ndse-I Uday Chand Marg, Kotla Mubarakpur	India
S1-947333843	Anekant Apartments Vasundhara Enclave Woods Private Limited	3, Anekant Apartments Vasundhara Enclave, Delhi	India
S1-57873786	Red Energy Private Limited	Ac - 131, Salt Lake City, Sector - I, Bidhan Nagar, Kolkata, Kolkata, Howrah, West Bengal	India
S1-882473127	Guyton's Prime Consulting	98 Whitmarsh Avenue, Worcester, MA	US
S1-416395854	Office of Sanitation	3500 Meekins Drive, Unit APT 309, Spotsylvania County, VA	US
S1-862902523	MV Tri-State Texas L.L.C.	7425 Iowa Lane, Manvel, TX	US
S1-17370837	Huzur Web Pvt Ltd	E- 7 5A, S.B.I. Colony, Arera Colony, Huzur, Bhopal, Madhya Pradesh	India
S1-873467597	Silver Grill!	1807 75th Street, Kansas City, MO	US
S1-621485882	Creative Intelligence Worldwide LLC	5378 Joseph Lane, Bow, WA	US
S1-759416732	Super Media Private Limited	East Delhi, Delhi, East Delhi, Deena Nath F-212 Aditya Corporate Plaza, Karkardooma	India
S1-980687640	Meris Jacob Osisko Inc	OR, Unit #174, Tualatin, 19355 65th Avenue	US
S1-706168741	Services Amity Global Private Limited	C/O Rakesh, Baroth, Aligarh, Aligarh, Uttar Pradesh	India
S1-771765132	Isra & Co	04, Maharaja Agrasen Nagar, Harungala, Bank Of Baroda, Bareilly, Uttar Pradesh	India
S1-605808217	Pediatric Dentistry First Health	10017 Escanaba Avenue, Chicago, IL	US
S1-903412274	Arts Project	10424 10th Drive, Everett, WA	US
S1-554472652	Golden Clear Keen	110 Beacon Way, Washington, IN	US
S1-695237782	Kwon & Dowdy Colombier Group	963 Granny White Road, Clarksville, TN	US
S1-761785698	Orthopedic Superior Center	1200 Downtain Street, Junction City, KS	US
S1-622908702	Ember Finance (India) Private Limited	Plot No 265, Garage No 2, Sanman C Hsg, Adarsh Coty Malad W Est, Mumbai, Maharashtra	India
S1-580018969	Sr Jewelry Pvt Ltd	Kolkata, Calcutta, 2E Nritya Gopal Chatterjeelane, West Bengal	India
S1-390787219	International Supply Consultants	Rockdale, 3225 Fm 908, TX	US
S1-351854859	Heartland Association III	229 Beech Glen Place, Sugar Hill Montford Cove, NC	US
S1-662767238	Nexium Enterprise	616 Humber Bridge Court, Edmond, OK	US
S1-476467744	Raj Enterprises	D-182, Saket, Meerut, Uttar Pradesh	India
S1-184969075	Namya Nidhi	Plot F-80 (Mcf-8237), Sanjay Colony, Sona Road, Sector-23 Nit, Faridabad, Haryana	India
S1-876360743	Dermatology Health LLC	8123 Kimberly Lane, Maple Grove, MN	US
S1-970643512	Aqua Agency Pvt. Ltd.	5-15-215, Mahanubhav Ashram Paithan Rd Aurangabad, Aurangabad, Maharashtra	India
S1-860007770	Coeur Mills Private Limited	Viii-586, Theppala House Allapra P O, Perumbavoor, Ernakulam, Kerala	India
S1-537330532	Legacy Industries L.L.C.	11279 River Road, Itmann, WV	US
S1-450583304	Diamond Apparel Private Limited	No.3/13, Bellapalayam, Sirumugai Mettupalayam, Coimbatore, Tamil Nadu	India
S1-74178553	Smart Consultancy Limited	C/O Vindra Pd, Bhatkuha, Machhrehta, Sitapur, Mishrikh, Sitapur, Uttar Pradesh	India
S1-469778230	Chong, Maynor & Zavala Fashion P.C.	3710 Flagstone Avenue, Rowlett, TX	US
S1-306455194	Abhi Services Private Limited	H.No.487/A Kanhe Ambevadi, Near Shaniraj Karyalay, Maval, Pune, Maharashtra	India
S1-869867895	Valley Paceline	7563 Fern Drive, Mentor On The Lake, OH	US
S1-497359775	Oncology Clean Health	3308 Parkhaven Drive, West Des Moines, IA	US
S1-547377214	Digital Engineering Private Limited	B2-675, Times Square, 7Th & 8Th Floor Cts 349 & 349-1, W.E Highway, Andheri Ea, St, Mumbai, Mumbai City, Maharashtra	India
S1-809670750	Regional School of Medicine Center	2242 Purple And Gold Way, Harrisonburg City, VA	US
S1-605176305	Kumaran & Associates	E-50, Sector-1, Tala Nagari Ps.Quarsi, Aligarh, Uttar Pradesh	India
S1-620112932	QC Great Flag LLC	4409 Bald Eagle Loop, Rio Rancho, NM	US
S1-597374806	Rockford Liberty Western	5040 Tate Road, Rockford, IL	US
S1-953855034	Salasar Vacation Private Limited	Plot No. 265/1, Sector ? 3B, Gandhinagar, Gandhi Nagar, Gujarat	India
S1-720439994	Rpm Medical Centre	0, Patel Nagar, Lakhimpur, Kheri, Uttar Pradesh	India
S1-403424165	Premier Engineering Private Limited	301, Amar Angan, Cm-2, Basant Vihar Colony Behind Bombay Hospital, Indore, Madhya Pradesh	India
S1-669269256	Violet's Tattoo	904 Live Oak Ridge Road, Austin, TX	US
S1-301867618	Piedmont Partners	TN, 129 Kenner Avenue, Nashville	US
S1-300093597	Dior Center	140 Linda Carol Avenue, Wilkesboro, NC	US
S1-983827316	Horizon Electronics Dynamics LP	1935 104, Liberty, IL	US
S1-190380975	Zephyr West LLC	21 Thomas Street, Brookhaven, NY	US
S1-874365756	Arihant Industries Private Limited	V/P Gungiya Dhora, W. No. 24, Balotra, Teh-Pachpadra, Barmer, Rajasthan	India
S1-561384520	Global Haridarshan Pharma Pvt Ltd	B-10, First Floor Vir Savarkar Block, Shakarpur, Delhi	India
S1-736712307	Chen & Hashmi LLC	6008 Brandy Place, Granite Falls, NC	US
S1-705376759	Jajpur India Limited	Manjuri (Laxmi Nagar), P.O. - Pachhikote, P.S.- Korei, Orissa, Jajpur, At - Plot No. 246/1496	India
S1-204290787	Choice Ultra Inc	135 Old Gray Station Road, Unit 717, Gray, TN	US
S1-239072138	Holy Chapel	220 Anderson Place, Unit Apartment 2, Buffalo, NY	US
S1-124723645	Mantram Solar Limited	Office No.3 2Nd Floor B-Wing Sheetal Kunj, Subhash Lane Road Opp. Vaishno Devi Mandir, Malad East, Mumbai, Maharashtra	India
S1-174479605	Su Platinum Republic L.L.C.	114 Forestberry Street, Oak Ridge, TN	US
S1-2427058	Gossett Creative Managers	Unit 409, 4315 Golf Club Drive, AL, Auburn	US
S1-712564811	APE Oil Ltd	Flat No.213, 21St Floor, Yugdharma, Andheri Malad Link Road, Mala, D West, Mumbai, Thane, Maharashtra	India
S1-511538374	Tanhya Whiteaker, D.O.	225 Pedigree Drive, Austin, TX	US
S1-439476622	Tucker Vanguard Communities Corp	325 Warren Avenue, Lynchburg City, VA	US
S1-135486391	Hamill Cornerstone Calamos Inc	3206 Specklebelly Drive, Baytown, TX	US
S1-850536235	Select American Galaxy	10924 177th Court, Elk River, MN	US
S1-153319114	Raphael Cornerstone Limited Group	190 Palisade Avenue, Unit Apartment 6C, Yonkers, NY	US
S1-484144624	Rubio Net Inc	1338 Riverbend Boulevard, Sidney, OH	US
S1-387813365	Hernandez Summit Towing	1100 Coyote Summit Place, Tucson, AZ	US
S1-940311551	Aguilar and Alvarenga	NY, Goshen, 4 Dogwood Court	US
S1-29780082	Fawne's Silver Media	82 Circuit Avenue, Waterbury, CT	US
S1-901107524	REH Battery, Inc	96 Oneida Street, Buffalo, NY	US
S1-974794800	Fernandez First Electric	3307 Southern Hills Drive, IA, Des Moines	US
S1-73941075	Meldrum, Evans & Villanueva Inc	2615 Inadale Avenue, Dallas, TX	US
S1-391845869	Topel, Thomas and Gomez LLC	IL, 3946 Venice Court, Glenview	US
S1-615188369	Dipika Global Pvt. Ltd.	Plot No 322 Industrial Areaphase Ix Sas Nagar Mohali, Chandigarh, Punjab	India
S1-436315120	All Sciences Private Limited	6-103, Kotilingala Road, Near Kotilingala Temple, Muktyala, Krishna, Jaggaiahpet, Andhra Pradesh, Jaggaiahpet, Krishna, Andhra Pradesh	India
S1-248117391	Glenda Leyva Flex LLC	339 Lookout Drive, Village Of Pewaukee, WI	US
S1-78428367	Burr Delta Allocation LLC	301 Dennis Street, Unit 87, Edmond, OK	US
S1-559729542	Arts Charities LLC	1507 Mccoy Street, Dallas, TX	US
S1-284855563	Sadar Filmz Limited	H. No-130, Village-Bajaha, Post - Gulhariya Bazar, Sadar, Gorakhpur, Uttar Pradesh	India
S1-905846293	Gwendolin Krebs Purpose Inc	719 Fox Run Drive, Fl 1, Olympia, WA	US
S1-607800186	South Exports Private Limited	1598, Sadashiv Peth, Laxmi Sadan, Tilak Road, Pune, Maharashtra	India
S1-433136051	Cosetta Mohamud Premier Labs	11734 Ocean Gateway, Ocean City, MD	US
S1-879099448	Superior Neurosciences	416 3rd Avenue, Altoona, PA	US
S1-778409154	Thomas Classic Associates Co	16434 47th Place, Plymouth, MN	US
S1-293673866	Propel Ivate Private Limited	206, Second Floor Felicity, Solitaire, Swej Farm, Jaipur, Rajasthan	India
S1-462582873	Perfect Business Limited	Brahmansahi, Soro, C/O Amulya Kumar Behera, Orissa, Balasore, Soro	India
S1-179812625	Select Priority LLC	13148 68th Avenue W, Skiatook, OK	US
S1-727140556	Osprey Inc	12108 Alison Drive, Camarillo, CA	US
S1-568311753	Hill Harbor Kongsberg Company	26214 11, Le Ray, NY	US
S1-716732054	Indian Infotech Private Limited	Sco 82, Panchkula, First Floor, Sector 5, Ambuja Cement, Haryana	India
S1-376216981	Ziraika Solutions Limited	J-19, Mudi Bazar, Phase - Ii, Apmc Market - I, Vashi - Turbhe, Navi Mumbai, Maharashtra	India
S1-210380566	Mountain Worldwide	613 Critcher Rd, Boone, NC	US
S1-869818030	Commission on Motor Vehicles	3104 Wooster Road, Pierceton, IN	US
S1-936790921	Blue Auto Body Inc.	384 Jefferson Street, Billings, MT	US
S1-713381727	Atlas (India) Networking Pvt Ltd	Property No-311, G.F., Block-A, Pkt-1, Sec-6, Delhi, North West Delhi, Delhi	India
S1-458363141	Tammi Gibson Silver Pro Group	15418 231st Avenue, Issaquah, WA	US
S1-428999899	Global Properties Limited	Flat No I006, Ff, Vihaan, Galaxy Sec-1 Haldoni, Noida, Gautam Buddha Nagar, Uttar Pradesh	India
S1-673630773	Imagine Trading Private Limited	N-12/304 J-12, Shiv Raj Nagar Colony, Mahmoorganj, Varanasi, Uttar Pradesh	India
S1-144013086	Arshiya Constructions Private Limited	H. Kantilal Compound, Gr. Floor, Andheri Kurla Road, Sakinaka, Andheri (E, ), Mumbai, Mumbai City, Maharashtra	India
S1-319889733	Ambala Beverages	Village Kangwal, P.O. Kathgarh, Ambala, Haryana	India
S1-555596706	Baba Trading Private Limited	C/O Shri Deo Raj Singh, By The Side Of State Bank, Varanasi, Uttar Pradesh	India
S1-258062028	Gangin Professional Private Limited	West Bengal, North 24 Parganas, North 24 Paraganas, Motilal Colony, 3, Airport Gate, Rajbari, 3	India
S1-642565650	Advanced Wealth Collective LLC	2451 Homer Street, Chicago, IL	US
S1-130962304	Industrial Research Global LLC	1013 Sycamore Avenue, Sioux Falls, SD	US
S1-578967473	Mccalister Rre LLC	200 Juniper Avenue, City Of Brodhead, WI	US
S1-726951747	Christ Lutheran Church	2631 Dragonwick Drive, Houston, TX	US
S1-878290366	Connelly Axiom of Florence LLC	OR, 4535 Lookout Street, Florence	US
S1-10101186	Surya Impex LLP	Park Ivory Flat No- B/1201 S. No 214/215, Park Street, Pune City, Pune, Maharashtra	India
S1-818900626	Skypack Nest Limited	F. No. 301 And 302 The Greens 7 Ka 17 18, Jaipur, Rajasthan	India
S1-465756535	Ear Nose & Throat Star Health Inc	113 Main Street, Shell Rock, IA	US
S1-974326935	Vakratunda Healthcare Pvt Ltd	34, Shop-703 7Th Floor Orchid Tower Puna Kumbhariya Road Sy-44/1/A Pl-54 Tps, Gujarat, Surat	India
S1-282125506	Youth Optimal Chiropractic	814 Park Drive, Flossmoor, IL	US
S1-78283291	Benchmark Digitech (India)	Palace Enclave, Aramane Bagilu Road, Near Venkatramana Temple, Moodabidre, No.5-45 (10)A, Dakshina Kannada, Mangalore, Karnataka	India
S1-482974983	Nguyen, Selle, Esq., M.D., P.C.	1404 Memory Lane, Unit B, Houma, LA	US
S1-488273528	Brockton, Town Of	85 Bartlett Street, Unit 2, Brockton, MA	US
S1-442351975	Great Builders LLP	1561, 10Th Cross, Ground Floor, I Stage, Kumaraswamy Layout, Bengaluru, Bangalore, Karnataka	India
S1-531535499	Arunagiri Bath Private Limited	No.26/3, Nataraj 3Rd Main Road, R.A.Puram, Chennai, Tamil Nadu	India
S1-949901185	Strategic Materials Studios Care	9912 Wheaton Road, Dinwiddie County, VA	US
S1-122304744	Mcshane Holding Company	936 Evergreen Road, Lake Oswego, OR	US
S1-15835837	Nagan Dealer Private Limited	No.56, School Street, Maduraiperumpattur, Thellur Post Chetpat Tk., Tiruvannamalai, Tamil Nadu	India
S1-731664021	Sai Pipes Private Limited	290, Lokmanya Nagar, Indore, Madhya Pradesh	India
S1-150441598	Brannan, Molina & Morales Pineapple Inc	246 Bunker Lane, Hartland, ME	US
S1-319983927	Guevara and Turner Inc	338 Edgewood Avenue, Smithtown, NY	US
S1-619791458	West's Yoga	1434 Pine Street, Aberdeen, OH	US
S1-581363089	Al Global LLP	Office No 1117, 11Th Floor, The Summit Business Bay (Omkar), Gundavali Andheri Kurla Road, Chakala, Andheri East, Mumbai, Maharashtra	India
S1-68343317	YX Healthcare Pvt Ltd	P.No:6B, Sy.No:636/B, Devarayamjalvillage Grampanchayal, Shameerpet Mandal Rangare, Ddy, Hyderabad, Telangana	India
S1-132494482	Langley Pinnacle Manufacturing Inc	13 Walnut Street, Middletown, CT	US
S1-292553369	Grand Polymers Private Limited	Flat 5M.Block - 4, Lobby-2, 5Th Floor 136, Jessore Road, Avani Oxford Phase-1 B, Angur Aven, Kolkata, Kolkata, Howrah, West Bengal	India
S1-334509769	Billye's Marketing	Canal Winchester, 4857 Ballentine Drive, OH	US
S1-207125464	Satterfield Sterling Future LLC	3737 Aldren Circle, Anchorage, AK	US
S1-580809270	Metropolitan Textile Associates LLC	1224 Oak Street, City Of Wisconsin Dells, WI	US
S1-322965028	Essar Public School Private Limited	Plot No. 6 & 7, Sector D, Industrial Area, Govindpura, Bhopal, Huzur, Madhya Pradesh, Huzur, Bhopal, Madhya Pradesh	India
S1-243277181	Sree It Pvt Ltd	No. 20 2Nd Floor, Vgp Land Road, Nagappa Layout, Kudlu Main Road, A Block, Vgp Layout, Bangalore, Bangalore South, Bangalore, Karnataka	India
S1-818870253	Sahil Trust	1206 Dheeraj Upvan Tower1, Siddharth Nagar, Borivlai East, Mumbai, Maharashtra	India
S1-402189955	Chennai Be Pvt. Ltd.	Old No 22A, New No 50 Ram Nagar 1St Main Road, Peravallur, Chennai, Tamil Nadu	India
S1-308848756	Soni India Pvt Ltd	Chennai, G-113, 1St Floor Amar Prakash Temple Waves, Kundrathur, Tamil Nadu, Kancheepuram	India
S1-242785515	Juliann Miller Tech LLC	Gloversville, 23 Chestnut Street, NY	US
S1-857823254	Dotty's Couriers	100 Forest Hill Drive, Russellville, AR	US
S1-498930044	Empire Society	2609 130th Court, WA, Vancouver	US
S1-467555200	Priority (India) Centre Ltd	Main Road Near Axis Bank Atm, Belpahar, Jharsuguda, Orissa	India
S1-846429210	Nydia Munoz, DDS	1104 Duval Street, Troup, TX	US
S1-652643529	Safe Consumer Labs LLC	409 Wilson Avenue, Staten Island, NY	US
S1-708929051	Henao Crown	5387 Crescent Drive, Hilliard, OH	US
S1-231680377	Patriot Critical	153 South Street, Pittsfield, MA	US
S1-923153482	Calicut Media Pvt Ltd	5/3421, C-29, Iii Floor, Darussalam Complex, Arayidathupalam, Mavoor Road, Calicut, Kozhikode, Kerala	India
S1-181222062	Happy Auto Body LLC	507 Main Street, Village Of Necedah, WI	US
S1-419028029	Inbox Agro (India) Private Limited	Nashik, Maharashtra, Plot No.19, Near Gopal Nagar, Bhakti Cheta Nagar, Bombay Agra Road, Nashik, S. No. 253/3/20	India
S1-558272946	Kansas City Pinnacle Recruiting LLC	MO, 2036 48th Terrace, Kansas City	US
S1-719363091	Life Construction Private Limited	Shop No 9, Foot Ball Stadium Market Delhi Gate, Darya Ganj, New Delhi, Central Delhi, Delhi	India
S1-48987514	Devi Foundation Private Limited	Indore, Chanakay Complex, 15-16 Y N Road, Indore, Madhya Pradesh, Flat 201	India
S1-33378076	Sons Travels Public Limited	87, 1St Floor, 22, Pocket 6, Sector 22, Rohini, Maharaja Agrasen College, Delhi, New Delhi, Delhi	India
S1-905138062	Dream Technology Limited	E-41/5 Okhla Industrial Areaphase-I, New Delhi, South Delhi, Delhi	India
S1-130817683	All International Private Limited	C/O Mrityunjay 12, Paota C 5Th Road, Jodhpur, Rajasthan	India
S1-721200581	Stefanie's Electrical	TN, Unit B, 1229 John Ross Road, East Ridge	US
S1-58604607	Gamut (India) Labs Private Limited	3, Mugal Canal Service Lane Road, Opp. Khera Mandir, Near Subzi Mandi, Karnal, Haryana	India
S1-766716695	Uta Campbell, D.D.S.	Raleigh, NC, 5005 Shamrock Drive	US
S1-204485321	Novify Currencyshares LLC	1679 Arbor Way, Zionsville, IN	US
S1-165204774	Sargodha Immigrations Private Limited	Office No.706, Concorde Premises, Plot No-66A Sector 11, Belapur Cbd Navi Mumbai Maharashtra India, Thane, Maharashtra	India
S1-123011870	Hamilton, Brown & Mitchell LLC	742 Rockwood Drive, Rock Hill, SC	US
S1-240768995	GBI Vanguard Chemical	869 Eppley Road, Monroe Township, PA	US
S1-108159519	Tech Estate Pvt Ltd	6/7, Ground Floor, 12/14, Pilanmai Building, Vaju Kotak Marg, Fort, Mumbai, Mumbai City, Maharashtra	India
S1-303180359	South Investments Pvt Ltd	1489, A Block, 1St Avenue, Gaur City 1, Sector-4, Greater Noida (West), Gautam Buddha Nagar, Uttar Pradesh	India
S1-348864016	Taylor, Karalee, DPM	153 Hollow Road, Hinesburg, VT	US
S1-32146705	Best Projects Private Limited	F No.4 Sno.782/1/1 2 3A)Oasis Residency Bajirao Nagar, Tidke Colony, Nashik, Maharashtra	India
S1-373845803	Iversen Academy	11321 Niagara Drive, Fishers, IN	US
S1-315885668	Martinez American Spectral LLC	22772 Stuart Place Road, Harlingen, TX	US
S1-983057103	Derby & Sons Company	Flat No. 7B, Second Floor, Lig Dda Flats, New Delhi, West Delhi, Delhi	India
S1-203260456	National Clear Therapy LLC	3413 River View Road, East New Market, MD	US
S1-871841327	Sharp & Clark Blockchain Corp	1109 Springside Ct, Jeffersontown, KY	US
S1-106280670	Galaxy Builders Private Limited	10/283, Periyapathikkad, Annanagar, Moochamkund, Govindhapuram, Muthalamada, Chittur, Palakkad, Kerala	India
S1-92204967	Horizon Pacific Wilco	8714 82nd Court, Hickory Hills, IL	US
S1-480362985	Platinum Precision Israel LLC	27 Lee Avenue, Fl 0, Saint Louis, MO	US
S1-343747570	Letcher Abrdn LLC	69 Village Drive, Lower Frederick Township, PA	US
S1-4980672	Qulais Metro Capstone LLC	428 Evans Avenue, Upper Moreland Township, PA	US
S1-638469708	Shell Avenues	Plot No. 63/5-6, F, Gowarikar Park Samrat Nag, Maharashtra, 509/4, Karvir, Kolhapur	India
S1-334342403	Literacy Center Corp	2487 Eldorado Drive, Springville, UT	US
S1-367854907	N 2 Reliable Energy LLC	919 3rd Street, Albuquerque, NM	US
S1-584555420	Long Consultants	604 Sunrise Court, Paris, IL	US
S1-814888376	Zoom Sangh Ltd	2/11, Manisha Nivas, G.D. Road, Tembi Pada Bhandup, Mumbai, Mumbai City, Maharashtra	India
S1-485418341	Sumeru Investment Private Limited	7/220 Aniyal East Road Edavanakad P.O, Kochi, Ernakulam, Kerala	India
S1-379151477	Hammond National Telecom	3986 Sevierville Road, Maryville, TN	US
S1-703836178	Redwood	4716 Plum Street, Murray, UT	US
S1-964061963	Ram Care Limited	5/221, Kovai Road, Kareagoundampalayam Village, Annur, Coimbatore, Tamil Nadu	India
S1-475012144	Pune Zaika Pvt Ltd	S.N.35/2/1/3&4, Deep Complex, Above Renault Showroom 3Rd Floor, Pune-Bangalore Highway, Baner, Pune, Maharashtra	India
S1-582589361	A Modern Acquisition LLC	13903 Beckwith Drive, Houston, TX	US
S1-128618975	Harp American Hotel LLC	35259 El Dorado Street, Lucerne Valley, CA	US
S1-2486011	West Usa	621 6th Avenue, Unit UNIT 5, Great Falls, MT	US
S1-972059919	Taraesh Estates Pvt Ltd	No 81, 2Nd Cross, Gkw Layout, Vijayanagar, Bangalore, Bangalore, Karnataka	India
S1-982244707	Hopson Cross Inc	6484 Routzong Road, Greenville, OH	US
S1-339982756	Arihant Services Private Limited	Delhi, B-3 Chirag Enclave, New Delhi, Second Floor, New Delhi	India
S1-446633357	Big Pilates	16268 Us 550, Aztec, NM	US
S1-326486351	Ai Buildhome Clinic	No:9/5, Subham Apartment, 3Rd Floor, College Road, Chennai, Tamil Nadu	India
S1-836291599	Vishav Brothers Pvt Ltd	H No. 1 8 518/182/A, Nbt Nagar Patigadda, Begumpet, Hyderabad, Telangana	India
S1-410980611	Happy Bike Shop	Morristown, TN, 1104 Valley Home Road	US
S1-620125758	Atlantic Foundation	129 A Prince Street, Brookhaven, NY	US
S1-822698184	Gujarat Media Pvt Ltd	Flat No.1007-1008 Tower 1-B, Shivalik Tower, Thakur Complex, Trishul Complex Behind Zagdu Singh, Polytechnic Near Asha Nagar, Kandivali East, Mumbai, Maharashtra	India
S1-837493459	Cardiology Sterling Medicine	26 Haileyville Avenue, Alderson, OK	US
S1-289802650	Corner Bakery LLC	1201 Wynton Place, Washington, DC	US
S1-168248569	Prosper Drilling	2001 Preston Road, Prosper, TX, Unit 60	US
S1-182187299	Mims Wen Inc	IN, 276 Haywood Road, Greenwood	US
S1-124793936	Complete Continental Robinhood LLC	10610 Brookston Drive, Osceola, IN	US
S1-41615913	Sarthi Solar Pvt Ltd	C/O Manoj Kumar, S/O Nandan Saw, Po : Aurangabad Ps : Town Police Station Aurangabad, At, Mg Road, Aurangabad, Bihar	India
S1-459697755	Hitech Engineering	7/7 Loksagar Soc, Jai Prakash Nagar, Kalyan, Thane, Maharashtra	India
S1-336043915	Quality Energy Corporation	629 Shannon Road, Charlotte, TN	US
S1-541294158	Cosmo Realtors Limited	602 Awing 6Th Floor, Kaledonia Building, Mumbai, Maharashtra	India
S1-400975371	Willis and Melcher LLC	18373 Hillcrest Pvt Drive, Harlingen, TX	US
S1-406302798	Seema Brothers	No.B2, Kssidc Industrial Estate, 2Nd Phase, Veerasandra, Huskur Main Road, Anekal Ta, Luk, Bangalore, Karnataka	India
S1-900206974	Zephic Studios Inc	1401 Hillcrest Drive, IL, Sparta	US
S1-447227548	Swarajya Krafts Limited	155, Tirumala Greens Nipaniya, Indore, Madhya Pradesh	India
S1-213237	Kfc Chit Private Limited	133, Dhandri, Tal Baglan Dist Nashik, Satana, Nashik, Maharashtra	India
S1-771557825	Orbis Pune Private Limited	School Sts, Chinnamettupalayam, 21, Coimbatore North, Tamil Nadu, Coimbatore	India
S1-478664839	Koester Asa Inc	51 Shoreline Drive, Barnet, VT	US
S1-216397396	Pediatric Physicians Inc.	14415 Manorbier Lane, Sugar Land, TX	US
S1-309414849	C 3 Creative Guardian LLC	Pearland, 3914 Canyon Lake Drive, TX	US
S1-249283642	Merideth and Williams Inc.	3320 Manchester Circle, Bedford, TX	US
S1-417265720	Fire Energy Pvt Ltd	173, D Block, Samar Colony, Lisari Road, Meerut, Uttar Pradesh	India
S1-477669193	Baba Ventures Pvt Ltd	Office Cum Shop No.13, A.P.M.C. Market Yard, N.H. 8-B, Gondal, Rajkot, Gujarat	India
S1-926133966	Cook Peak Lng Ltd	Leander, TX, 21315 Mount View Drive	US
S1-264497046	Brij Hospital	B/503 Whispering Palms, Bld No.3 Akurli Rd, Lokhandwala, Township, Kandiv, Ali East, Mumbai, Mumbai City, Maharashtra	India
S1-350341804	Kochi Castings Pvt. Ltd.	Kochi, Cheranalloo, R, Kerala, Door No:Ii/613 Cheranelloor Signal Junction, Ernakulam	India
S1-528003425	Family Legacy Center Inc	717 Edgemont Drive, Unit B, Covington City, VA	US
S1-559266744	Hill, Bianka T., D.O., DDS PC	44 Interstate 91, Hartland, VT	US
S1-692449596	Eastern Exports Pvt Ltd	20/1 Old Ballygunge Road, 1St Floor, Block-A, Kolkata, Kolkata, Howrah, West Bengal	India
S1-771487661	Darby and Delacruz Neurosciences	26782 Donna Place, San Tan Valley, AZ	US
S1-69580983	AIA Lab Private Limited	Unit-2, First Floor, Super Processor Compound, Industrial House, Babasaheb Ambedkar Road, Lalbaug Industrial Estate, Mumbai, Maharashtra	India
S1-620280613	Panchratan Foundation Private Limited	Haryana, Industrial Complex Dundahera, Gurgaon, Unit No. 018, Quattro Gateway, Ground Floor, Plot No. 397, Udyog Vihar, Phase 03, Gurugram	India
S1-757604048	Chappell Direct Capital LLC	68 Whatever Way, Brasstown, NC	US
S1-47607355	Trusted Packaging Concepts LLC	421 Mill Street, KY, Uniontown	US
S1-504634676	Cloud It Private Limited	House No.9, Block-Tp, Pitampura, New Delhi, North West, Delhi	India
S1-979921168	Helios	113 Kenwood Lane, Collinsville, IL	US
S1-381886580	Romero, Radice and Martinez Snow	36823 Coupland Road, Estacada, OR	US
S1-518498297	Wolford Quality Health	3307 Kings Highway, Dayton, OH	US
S1-392187766	Dms & Brothers Private Limited	Anantmanicomplex, Flat13Gc, P1/3 Cit Road Schemevii M, Kankurgachi, Kolkata, Howrah, West Bengal	India
S1-283380942	Unified Precision Purpose LLC	21 Freetown Road, Plattekill, NY	US
S1-662912249	Total Choice Multimedia	1107 9 Street, Cisco, TX	US
S1-579460379	Oncology Quality Health Corp	2078 Lincoln Avenue, Lombard, IL	US
S1-480619726	Ivenon Acp	8459 Ross Avenue, Peoria, AZ	US
S1-790327850	Surgical Secure Group	135 Muirfield Lane, La Vernia, TX	US
S1-939934839	Ivenent Associates Care	156 Courtshire Lane, Penfield, NY	US
S1-852094601	Animal Welfare Association	40 Patterson Street, Unit 321, Washington, DC	US
S1-191724541	Services Parekh Systems Private Limited	A/2 Tulsi Apartments, Navghar Road, Bhayandar (East), Thane, Maharashtra	India
S1-317991680	A Preferred Managed Corp	106 Edward Avenue, CT, Watertown	US
S1-39700857	Fischer Regional Egh LLC	984 West Court, Town Of Rome, WI	US
S1-25808258	Anjanette Javed Regional Interiors LLC	75 Wild Way, Yonkers, NY	US
S1-980386636	2749 Lake Street Company Group	225 Union Street, Waterloo, IN	US
S1-305055053	The Dent Coffee	767 Sparrow Drive, Gilbert, AZ	US
S1-817257438	Tribes Solutions Private Limited	Survey No. 277, 279, 310, 311/40/ Shed No. 40, Uday Estate, Opp. Odhav Police Station, Odhav, Ahmedabad, Gujarat	India
S1-463286075	Urgent Care Partners	174 1st Street, Troy, NY	US
S1-160178850	Products Shades Resort Private Limited	5-47-11/18, Ground Floor, Revenue Ward 9 Brodipet, Guntur, Andhra Pradesh	India
S1-956949773	Savitri Energy Pvt. Ltd.	C/O Kumar Mritunjay, Phulwarisarif, Babhanpura, Patna Sadar, Patna, Bihar	India
S1-273923830	Ramkrishna Commercial Pvt Ltd	Maa Vaishno Puram, Gadaipura, Yadav Dharam K, Gird, Gwalior, Madhya Pradesh	India
S1-264685689	Community Project	30 Raymond Drive, St Paul, MO	US
S1-384886548	Projects Emerald Plantations Private Limited	C/O Smt. Indra Wati Ganesh Nagar H.No.1, Bareilly, Uttar Pradesh	India
S1-946987844	Global Rising LLC	330 County Road 1458, Hillsboro, TX	US
S1-417574186	Veterans Society	118 Holzinger Bend, Bastrop, TX	US
S1-996321444	Global Management LLP	2/108 Vivek Khand Gomti Nagar, Lucknow, Uttar Pradesh	India
S1-505282641	One Raam Pvt. Ltd.	3C Samudra Dugar Off:4Th Seaward Road Tiruvanmiyur, Chennai, Tamil Nadu	India
S1-240613945	Laxmi Business Private Limited	Shop No4 Mayur Complex, Near State Bank Of India, Niphad, Nashik, Maharashtra	India
S1-465284124	Demetris Moore American Irenic	2112 Mistymeadow Court, Carrollton, TX	US
S1-295181255	Cardiology Clinic	14916 Rolling Ridge Drive, Chino Hills, CA	US
S1-976288368	Choiceforce (India) Empowerment Pvt. Ltd.	Ab-225, Shalimar Bagh, Delhi	India
S1-946712316	AU Immunopharma LLC	631 Yoakum Street, TX, San Benito	US
S1-16886629	Rocky Initiative II	4410 Ulen Lane, Wichita Falls, TX	US
S1-254106920	Nedyne LLC	5428 Peru Street, Plattsburgh, NY	US
S1-959569600	Sunrise Technology Private Limited	F-208 Lado Sarai, New Delhi, South Delhi, Delhi	India
S1-191922600	Repko Montessori School	12 O White Gate Road, Wappinger, NY	US
S1-316776568	Natural (India) Powers Private Limited	15/5, Kattanachampatti, R.Pudupalayam Post Rasipuram Tk, Salem, Tamil Nadu	India
S1-8033626	Surgical Clinic	395 Crow Creek Drive, Unit 1701, Calabash, NC	US
S1-583975404	Ace Foods Limited	Kolkata, 242/3B, West Bengal, Howrah, A.P.C.Road Flat No.A1, 3Rd Floor, Nandan Apartment	India
S1-307979374	Laboratories College	B-891, Shop (Right Side), Palam Extn Sector-7, Dwarka, New Delhi, Delhi	India
S1-86802420	Atlantic Keystone Appliance Corp	1073 James Court, Allen, TX	US
S1-386932171	Crystal Safe Allstate Corporation	70045 Pm, Albuquerque, NM	US
S1-764314241	ZB Plumbing	52 Seavey Street, Unit UNIT 2, Westbrook, ME	US
S1-63543840	Choice Secure Marketing LLC	125 Coffman Lane, Lonoke, AR	US
S1-293380008	Urban Brothers Limited	401, Flr-4, Plot-298/299, Fortune, Heights, Ladyjamshedji Road, Mumbai, Maharashtra	India
S1-322361331	Integrated Property Ventures LLC	143 Clintonville Road, North Haven, CT	US
S1-463388982	Kritraj Solar Pvt Ltd	Braham Puri Colony, Sehore, Lig-10, Madhya Pradesh	India
S1-509726135	Legacy Noble LLC	412 Clarendon Lane, St Charles, MO	US
S1-964263409	Foot & Ankle Care LLC	19363 Triple Crown Drive, Washington County, VA	US
S1-388949130	Institute Products of Ambattur	No 3/3, Mugappair West, Ambattur, Tiruvallur, Tamil Nadu	India
S1-534409056	CQ Movies	Ke-09, Rdb House, Kabir Marg Banipark, Jaipur, Rajasthan	India
S1-546769633	Southern Chase	2912 Cayuga Drive, Taylor, TX	US
S1-365512894	Hernandez Garden LLC	12635 Kingsride Lane, Houston, TX	US
S1-583213213	Department of Veterans Affairs	309 Forrest Drive, Reidsville, NC	US
S1-455080448	Neral India Private Limited	Kolkata, West Bengal, Parganas North, House No 178/A Street Babu Para North Nr. Barun Pal Green Park	India
S1-715773545	Classic Tech	Plot No.26, A Block, Behind Sanganer Railway Station, Sunder, Nagar, Jaipur, Rajasthan	India
S1-925172611	Dynamic Consultants Limited	No. 14/6, Rmv, 2Nd Stage, Ags Layout New Bel Road, Bangalore, Bangalore, Karnataka	India
S1-279629664	Wilson Mines L.L.C.	422 Wigwam Trail, Billings, MT	US
S1-869267107	Summit Construction	NY, Chester, 58 Maple Avenue	US
S1-528394411	Uptown Bike Shop	10006 Welch Dr, Louisville, KY	US
S1-203981211	Doty, Jenkins and Weston Inc	151 Sheephill Road, Greenwich, CT	US
S1-648050600	Best Realty Innovations LLC	7042 Sycamore Grove Court, Charlotte, NC	US
S1-446286249	Ace Properties Private Limited	Shivaji Nagar Shastri Nagar, Rajasthan, Jaipur, 370	India
S1-862271218	Greenview Trading	1. No. Mohishila Colony, Asansol, Barabani, Bardhaman, West Bengal	India
S1-660506847	Aditya Finance Private Limited	Hig C-125, Near Capital Petrol Pump, Opposite Barkatullah University, Vidhya, Nagar, Bhopal, Madhya Pradesh	India
S1-196689794	Super Blue Power Pvt Ltd	Flat 1 Manibhadra, Complex Bardoli, Bardoli, Surat, Gujarat	India
S1-315122152	Nagpur Power LLP	49, Hindustan Colony Wardha Road, Nagpur, Maharashtra	India
S1-159664073	Laxmi Consultants Private Limited	S. No. 39/1, A Wing, Samarth Nagar, Pune City, Pune, Maharashtra	India
S1-466120295	Logix (India) Securities Private Limited	Flat No.302, Paladio Bldg, Patalipada, G B Road, Thane, Maharashtra	India
S1-718255812	Ranna Wise United Newhold Inc	4223 Erik Avenue, Amarillo, TX	US
S1-245691789	Rohini Polymers Private Limited	304, Vikas Surya Shopping Mall Sector- 3, Rohini, Delhi	India
S1-807760040	My Energy Private Limited	21 & 23A Rainbow Arcade, 2Nd Floor, Sir Thyagaraya Road, T. Nagar (Pondy Bazzar), Chennai, Tamil Nadu	India
S1-69283956	Urgent Care Sterling Medicine LLC	1941 Ellis Drive, Tempe, AZ	US
S1-211118335	Mcconnell Holdings	4715 Mud Ln, Louisville, KY	US
S1-388881869	Ortiz Medical Center	23931 Ludvick Lake Drive, Bremerton, WA	US
S1-745730570	Viles Surgical Inc	2757 Lake Court Drive, Mounds View, MN	US
S1-231779981	Mumbai Services Private Limited	Maharashtra, Mumbai, Dhun Abad 106Bhulabhai Desai Rd, Mumbai City	India
S1-703511179	Unified Equity Solutions Inc.	Emporia, KS, Unit UNIT 2, 1316 Center Street	US
S1-867862712	Haryana Systems	Haryana, Kurukshetra, Haryana, C/O Ravi Kumar 1230/5Ab.N.C. Pipli, Pipli Kktra	India
S1-307190675	Nexola Green	1240 Field Avenue, Hildale, UT	US
S1-671776295	Unicorp Career Private Limited	Dammapada, 9, 1St Main Rd.Vthblock, Kumara Park, West Extn.Bangalore -20., Extnbangalore, Karnataka	India
S1-454966766	North Republic Inc	22400 278, Double Springs, AL	US
S1-886313481	Asoka Fund Ltd	51A, 2Nd Floor, Flat No-1, Arjun Nagar Safdarjung Enclave, New Delhi, South West Delhi, Delhi	India
S1-438244936	Shree Charitable Trust	Flat No. G-2, 1St Floor, Chandamama Tower Panagal Road, Ramagiri, Nalgonda, Telangana	India
S1-721742874	Mount Zion	Lake Zurich, IL, 460 Oakwood Road	US
S1-683334226	Hartwell Data, Inc	22378 37, Saint Croix, IN	US
S1-499756304	Classic Marine Networks L.L.C.	Little Rock, AR, Unit Apt 49, 13111 Markham Street	US
S1-80823708	Pinnacle Trading Corporation	2814 Peach Hollow Circle, Pearland, TX	US
S1-158014355	Wagner Optimal Labs	1305 South Street, Tewksbury, MA	US
S1-480855600	A Smart Ithax	30 Oak Hill Lane, Smithtown, NY	US
S1-28033783	Pediatric Midwest Specialists	151 Bagley Street, Andalusia, AL	US
S1-431916688	Ace Engineering Private Limited	C/O Nand Lal Maurya Chak Farid Bahryabad, Ghazipur, Uttar Pradesh	India
S1-145572177	Prime Direct Scuti LLC	Unit 2399, Phoenix, AZ, 16220 7th Street	US
S1-48839737	Safe Wholesale Labs LLC	1425 Woolford Way, Lower Allen Township, PA	US
S1-273491768	BO United Living LLC	TN, Johnson City, 257 Herb Hodge Road	US
S1-273790357	Xylia Bowne Advanced Cdt Inc	23613 114th Place, Kent, WA	US
S1-457745071	Highland Lodging	120 Reuben Circle, Argo, AL	US
S1-109987060	Meier & Davis	30 Carnoustie Drive, Sapphire, NC	US
S1-829645926	Dental Cascade Medicine, LLC	4501 Hedley Way, Unit 307, Charlotte, NC	US
S1-273623215	Dream Future Products Private Limited	B/1401 Kher Nagar Sarvoday Chs Ltd., Bldg 11 Western Express Highway, Bandra (E) Mumbai, Mumbai, Maharashtra	India
S1-595143011	Transcontinental Equity Industries Inc.	58109 Heritage Pointe Drive, South Bend, IN	US
S1-537463243	Desert Legato	1910 Ward Street, Utica, NY	US
S1-55877675	Classic Desert Indigo L.L.C.	6160 Waterstone Oak Way, Memphis, TN	US
S1-715952662	Best Genomic Group	15640 139th Street, Homer Glen, IL	US
S1-849766697	Vasquez Tower LLC	9341 Sidreaux Loop, Albuquerque, NM	US
S1-368303882	SF Cal	3532 Carriage Hill Circle, Unit APARTMENT T1, Randallstown, MD	US
S1-278618203	Best Technology Private Limited	Pl No 71, Fl.No.301, Abhiram Apt Shivaji Nagar, Nagpur, Maharashtra	India
S1-726988797	Donny Burnett Patriot Viii	38175 Bolton Place, Antioch, IL	US
S1-663894327	Feia Inc.	9290 Crimnson Court, Dallas, TX	US
S1-460108583	Foskett Value Charlton LP	740 Blue Brick Place, Nashville, TN	US
S1-702212559	Smart City Consultants Private Limited	Nawadip, Nawadip, Nadia, West Bengal, Nadia, Prachim Mayapur Taltala Gali	India
S1-3151201	Hatty Smith Multimedia	1219 203, Collinsville, TX	US
S1-3164125	Reliable Infrastructure Studios Inc.	1721 Walnut Road, Iola, KS	US
S1-256804941	Rd India (India) LLP	O-104, 1St Floor, Tower O, Vvip Addresses, Raj Nagar Extension, Ghaziabad, Uttar Pradesh	India
S1-55005474	Better Keystone Exploration LLC	47 Beecham Road, Augusta County, VA	US
S1-466578944	Route 83 Massage LLC	9 Pebble Beach Court, Lake In The Hills, IL	US
S1-800294491	Esteem Medical Centre Pvt Ltd	1203 South Tower, One-42, B/H Ashok Vatika, Near Jayantilal Park Brts, Ambli Bopal Road, Sanand, Ahmedabad, Gujarat	India
S1-20051175	Indu White	D No.10/293-4, 2Nd Line, Eluru Road, Revenue Ward No.10, Gudivada, Krishna, Andhra Pradesh	India
S1-550054445	Sky Products Private Limited	B 34 6896, 2Nd Floor, Sunil Park, Jassian Road, Haibowal Kalan, Ludhiana, Punjab	India
S1-646468057	Shiv Energy Private Limited	No 6, Sathiy Vavani Muthu, Poweder Mills Road, Perambur Purasawalkam, Chennai, Tamil Nadu	India
S1-3662268	Maid Pizza	Elyria, Unit APT A, 127 Fox Hill Lane, OH	US
S1-881618351	Super 57 Pub	Bronx, 3721 Pratt Avenue, NY	US
S1-877039764	XIY Events Pvt Ltd	60, Shangreela Bunglows, Hebutpur Road, Ahmadabad City, Ahmedabad, Gujarat	India
S1-285656259	Depalpur Vinyl Pvt. Ltd.	Lemon City, Main Gate Office, Depalpur, Indore, Madhya Pradesh	India
S1-135670925	Hebert College LLC	47 Sunset Cove Circle, Eastlake, OH	US
S1-133364171	Uplift International Private Limited	177/17A, B L Saha Road, Kolkata, Kolkata, Howrah, West Bengal	India
S1-966371795	Community Institute	72 Grady Drive, City Of Chippewa Falls, WI	US
S1-889557740	Valley Heartland Acquisitions Group	2950 Waters Road, Unit A2, Atlanta, GA	US
S1-66876415	Crystal Apex Southwest LLC	2105 Penrose Avenue, Baltimore, MD	US
S1-367188213	Reliable Printing Advisors Ltd	MO, Fl 0, 211 Old Watson Road, Saint Louis	US
S1-67966650	Supreme Delta Dynamix LLC	633 County Street, Unit APARTMENT 101, Waukegan, IL	US
S1-375326454	Tradyne Bright Principal Village Of Spencer Inc	605 Willow Drive, WI, Village Of Spencer	US
S1-461339684	Business Network Services Inc	3104 Broadway Road, Unit 220, Mesa, AZ	US
S1-941708468	Triniti Arts (India) Limited	Ashiyana, Shivaji Bunglow No 4, Geetanager No.2, Shripal Ground, Veraval, Junagadh, Gujarat	India
S1-469879089	Hernandez Mckinley Corp	1611 Carlemont Drive, Crystal Lake, Unit E, IL	US
S1-757443474	Midwest Boral LLC	271 Hillcrest Road, Unit 26, Mobile, AL	US
S1-343100005	Urban Cleaning Service Inc.	1753 Cherry Point Drive, Fayetteville, NC	US
S1-497933787	New Brothers Private Limited	11, Shubh Ashish Chs Ltd, Tejpal Scheme Road No.2, Plot No. 522, Nr Vitthal Mandir, Vile Pa, Rle (East), Mumbai, Mumbai City, Maharashtra	India
S1-452512492	Frontier Fund LLC	17990 Havasupai Drive, Casa Grande, AZ	US
S1-61006873	Direct Biracilik	604 Rocky Spring Drive, Mckinney, TX	US
S1-66635779	Shree Construction Private Limited	Bangalore, Karnataka, No 42, Bangalore, 4Th Mn Road Sanjaynagar	India
S1-298246751	Pacific Initiative	385 Prescott Street, Yonkers, NY	US
S1-123820928	G/X Productions	420 Anders Street, Marlin, TX	US
S1-966321015	Fagan, Millar and Vanlandingham Salon L.L.C.	Surf City, NC, 214 Topsail Drive	US
S1-315536006	Miguelita Martinez Better Ithax LLC	289 Wiles Street, Morgantown, WV	US
S1-330220616	Ziller, Hurst & White LLC	954 Hightower Road, Unit 13, Atlanta, GA	US
S1-55449142	GBZ Capital Pvt. Ltd.	Plot No 39/40 Shambhunath Society Zingabai Takli, Nagpur, Maharashtra	India
S1-504172555	Alejandra Gonzalez Barings Associates	2020 Caldwell Lane, Del Valle, TX	US
S1-676642815	Orbeon Therapeutics LP	402 Church Avenue, Bozeman, MT	US
S1-229163053	Fortune Consultants	78C, Jhang Apartment, Sector-13, Rohini, New Delhi, Delhi, North West	India
S1-816260179	Smart Venture Limited	Wing A, 3Rd Floor, Constantia Building, 11, Dr. U.N. Brahmachari Street, Kolkata, Kolkata, Howrah, West Bengal	India
S1-897011114	Roberts Sunshine	181 Singleton Drive, Liberty, KY	US
S1-343768268	Shree Relations Company	14 Samhita Warehousing Complex, Andheri Kurla Road, Andheri (E), Mumbai, Maharashtra	India
S1-123795174	Drusy D. Mumma, O.D., M.D., P.C.	MD, Hyattsville, 915 Michele Court	US
S1-445787929	Hotel Agro Private Limited	Hukum Singh 21/423 Juggi Kalyanpuri, New Delhi, East Delhi, Delhi	India
S1-131508384	Roopiya Media Limited	8-2-293/82/Nl/123, Mla Mp Colony, Road No.10C, Jubilee Hills, Hyderabad, Telangana	India
S1-999759748	Heartland Ridge Ofs	2405 Pepperhill Drive, Gastonia, NC	US
S1-174066744	Continental Desert End LLC	611 Middle Street, New Bern, NC	US
S1-398906819	Surgical Care	312 Alamito Avenue, Kyle, TX	US
S1-430296458	Global Commercial Concepts Inc	12005 Greenwood Forest Drive, Houston, TX	US
S1-551973447	Allie Coombes Mortgage PLLC	4355 Sage Meadow Road, Jackson, WY	US
S1-753823502	Varshaksh India Private Limited	C-13 First Floor Noor, Nagar Extn Johri Farm, New Delhi, South Delhi, Delhi	India
S1-446010826	United Trading Pvt Ltd	Surobhi Park Wing B Flat No 204 D P Road Aundh, Pune, Maharashtra	India
S1-949812476	E H & G Asia LLC	198 Riverside Street, Unit 519, Lowell, MA	US
S1-930639124	Better Superior Manulife L.L.C.	902 Filmore Street, Winterset, IA	US
S1-67250617	Anand Energy Private Limited	Ramner Road Ghandhinagar, Madanganj Kishangarh, Ajmer, Rajasthan	India
S1-855080298	Hill Road Entertainment LLP	Merchant Chambers, 3Rd Floor, R No.301, Hill Road, Mumbai, Maharashtra	India
S1-183466686	Bheem Ventures Pvt Ltd	Kerala, Kottayam, Kanjirappally, Thyparambil, Kanjirappally P O, No 1106	India
S1-39679754	Modern Logistics Private Limited	19-A 2Nd Floor Ansari Roaddarya Ganj, New Delhi, Central Delhi, Delhi	India
S1-19959812	M/A Compass Co	102 Rader Drive, Nashville, TN	US
S1-197376379	Diamond Environmental Digital LLC	8910 Quioccasin Road, Henrico County, VA	US
S1-807519001	Franklin, Rosales & Williams LLC	21 10 Street, Brooklyn, NY	US
S1-216129548	Applied Telecom Worldwide LLC	107 Dominion Road, Chester, MD	US
S1-360658306	Star Products Limited	C/O Jugal Kishor Maroth, Road Jila Didwana Kuchman, Nawacity, Nagaur, Rajasthan	India
S1-221677903	M & R Grade	Unit UNIT B 101, Prince William County, 12341 Wellspring Way, VA	US
S1-128986856	Shiva Projects Private Limited	C/O. Baldev Dudea, D 118-119, Vijay Nagar, Chetakpuri Near Sanskar Garden Gwalior, Gird, Gwalior, Madhya Pradesh	India
S1-127473517	All Old	23 Harbour Heights Drive, Fl 0, Annapolis, MD	US
S1-986274635	Guzman Family Practice	729 Greenbriar Drive, Unit Apartment 14, Islip, NY	US
S1-720093252	Cedar Inc	118 Oleander Street, Chauvin, LA	US
S1-819080951	Select Total Alternative	176 Station Road, Barre, MA	US
S1-368428512	Bid Marketing Pvt Ltd	C/O Uttamlal Harilal Toshniwal House No1 Kaij Road, Dharur, Tq Dharur, Dist Beed, Bid, Maharashtra	India
S1-502797821	Surgical Capital Partners	5004 Interlachen Lane, Austin, TX	US
S1-964755550	Cozy Barbershop PLLC	130 Sippewissett Road, Falmouth, MA	US
S1-444768621	Sarthi Trading Pvt. Ltd.	Gut No. 283, Agarkar Wadi, Road Near Anna Wadewale, Khed, Pune, Maharashtra	India
S1-650165650	Numex Target Limited	C/O, 501-Prit Residency, Nr. Shiv Nagar Society, Ahmadabad City, Ahmedabad, Gujarat	India
S1-563706327	Lyrance Credit Inc	1220 20th Street, Junction City, KS	US
S1-407471050	Quantance Alphabet LLC	19124 Darla Trail, Mokena, IL	US
S1-533688605	My Trading Private Limited	1St Floor, No.155, 2Nd Main, Gayathripuram, 2Nd Stage, Mysore, Karnataka	India
S1-733124724	Grace Community Church	19850 Alberta Street, TN, Oneida	US
S1-636048183	Eye Express Clinic LLC	5 Pauline Court, East Greenbush, NY	US
S1-278948650	Maryellen Munoz Signature Technologies Inc	WY, Unit 1, Pine Bluffs, 307 Main Street	US
S1-883952073	Golden (India) Educational Corp	Flat No 102, Road No 7, H.No 8-2-293/82/F/4-B, Shaikpet, Hyderabad, Telangana	India
S1-640886828	Virgo Homes Private Limited	92 Idchisar Road Rohtak, Haryana, Rohtak, Haryana	India
S1-612846761	Arihant Infra Pvt Ltd	501, Aakrati Arcade, University Road Govindpuri, City Center, Gwalior, Madhya Pradesh	India
S1-723458955	Doti Duke Metro Impact	51 Gateway Road, Chili, NY	US
S1-901136904	Urban Massage!	35 Probert Street, Unit Unit 9, Rochester, NY	US
S1-355744993	Centillion (India) Timber Private Limited	D-9/6, First Floor Okhla Industrial Area, Phase-I, New Delhi, South Delhi, Delhi	India
S1-70718772	Royal Builders Private Limited	63 Karishma Apptsplot No 27 I P Extn, New Delhi, Central Delhi, Delhi	India
S1-767287235	Ridge Fellowship	19010 Reata Lane, Rio Verde, AZ	US
S1-737056371	Arvizu, Cortez & Cooper Machines LLC	7035 Central Avenue, Phoenix, AZ	US
S1-496418963	Medicos Brothers Private Limited	Door No. 8-11-25, 1St Floor Munusubu Street, Perala, Reddipalem, Chirala, Prakasam, Andhra Pradesh	India
S1-867518096	Shyam Systems Limited	Telangana, H. No. 3-87/B/2 Ghatkesar, Plot No. 147, Ghatkesar, Rangareddy	India
S1-840966883	Urban Diner Corp	4823 Cedar Branch Court, Indianapolis, IN	US
S1-626244588	India Iris India Private Limited	Mumbai City, Mumbai, Floor-Mezanine, Plot, -372, Jyoti Chamber Narsa Natha Street, Maharashtra, Office-01	India
S1-265291566	Cruz, Sparks and Islas Inc.	8433 1st Avenue, Leeds, AL	US
S1-85478968	Rbj Holdings	H. No. B-74 Mig Vidhya Nagar, Bhopal, Madhya Pradesh	India
S1-449746527	Halcan Metal Works Inc	Dothan, 3090 Montgomery Highway, AL	US
S1-470149636	Velrova Capital PC	108 2 Elgin Drive, NC, Shelby	US
S1-23263924	Jump Crystal Futurecrest Inc	7001 Garber Road, Clayton, OH	US
S1-485251221	Zest Foundation Ltd	B-92, Vibhuti Khand, Lucknow, Uttar Pradesh	India
S1-172531962	Internal Medicine Health LLC	100 Sundown Drive, Unit #14, 06, IA	US
S1-434592000	South Advisors	74, Indra Nagar, Kannauj, Uttar Pradesh	India
S1-740268603	Beacon Media Technologies LLC	1247 Bellune Drive, OH, Cincinnati	US
S1-51658283	Sudha Institute of Technology	G 2/503 Sphene, Moraj Residency, Kasturi Chs., Palmbeach Road, Sanpada, Navi Mumbai Thane, Thane, Maharashtra	India
S1-61611310	Span Trust	15 Nazir Bagan, Kolkata, South 24 Parganas, West Bengal	India
S1-831341492	Meridian LP	70 Baltimore Avenue, Lowell, MA	US
S1-164681016	Solutions Ee Products Private Limited	P.No.188 & 189, Block B, Kavuri Hills, Madhapur, Guttala Begumpet, Hyderabad, Telangana	India
S1-116059193	Blue School of Medicine LLC	560 200, Unit 615, Salt Lake City, UT	US
S1-734067678	Prairie Metal LLC	25227 Smith Pointe Drive, Mchenry, MD	US
S1-130771046	WOW Imaging Limited	P.No.28, Saroj Nagar Hajari Pahad, Nagpur, Maharashtra	India
S1-799560562	Raipur Vinayaga Co	2Nd Floor, Behind Bank Of India Doodh Talai Rd, Padawa Khandwa, Khandwa, Khandwa, East Nimar, Madhya Pradesh	India
S1-100156022	New Vijay Consultancy Private Limited	Plot No-94, Block-1, Erose Garden, Charmwood Village, Faridabad, Haryana	India
S1-318620194	Sterling Marine Innovations	90 Glen Drive, Unit Unit B, Greece, NY	US
S1-924469106	LG Infrahousing Private Limited	H/No-45 B, Azad Nagar, Madhoganj Hardoi, U.P, Sandila, Hardoi, Uttar Pradesh	India
S1-319507365	Indel Capital Private Limited	Kp Vii/51, Kailas Nagar Near Bank Of India, Kazhakuttom, Thiruvananthapuram, Thiruvananthapuram, Trivandrum, Kerala	India
S1-101177154	Kakumanu Krishna Pvt. Ltd.	C1305 Global Arena Bliss, Abc Chsl Naigoan East, Vasai, Thane, Maharashtra	India
S1-670014945	Legacy Coastal LLC	5811 14th Street, Unit 102, Washington, DC	US
S1-222499722	Sterling Pharmaceuticals, LLC	220 Alta Ski Hill Road, Alta, WY	US
S1-809697780	Zevallos Digital LP	1169 Devon Lane, Unit APT E, Harrisonburg City, VA	US
S1-21619959	Keystone L.L.C.	6592 29 Bus, Reidsville, NC	US
S1-677355870	Clark Industries LLC	25300 22nd Lane, Unit 2102, Phoenix, AZ	US
S1-506941407	Morgan Cbre Center	82 Pine Street, Hempstead, NY	US
S1-884348729	Urgent Care Clinic Inc.	735 Park Avenue, New Philadelphia, OH	US
S1-172282517	Bright Care Private Limited	Palavasna, Gujarat, Mehsana, Opp. Ongc Nagar Highway Road	India
S1-24082246	United Media Private Limited	C/O- M L Brother Llp, Prop. Mr Lalit Arora, 4/65, Third Floor, Padam Singh Road, Saraswati Marg, Karol Bagh, New Delhi, Central Delhi, Delhi	India
S1-123196325	Pediatric Care Associates LLC	72 Waterscapes Drive, Pike Road, AL	US
S1-372852502	Oncology Center	4750 Cotton Center Boulevard, Unit 245, Phoenix, AZ	US
S1-297881079	Diane Armstrong Strategic Pyrophyte	589 Contender Drive, Clayton, NC	US
S1-554935887	Select Choice Allurion LLC	19 Main Street, Middletown, DE	US
S1-250610531	Lathrop Veterinary Clinic	26026 10th Place, Des Moines, WA	US
S1-275983636	Doctors Hardware Private Limited	Old No.10, New No. 27/3, Krishnaswamy Avenue Luz Church Road, Mylapore, Chennai, Tamil Nadu	India
S1-454129140	Ecity Foundation	A-33, 2Nd Floor, Mayapuri Industrial Area, Phase-1, New Delhi, South West Delhi, Delhi	India
S1-907911632	Daniels Resources LLC	617 Reading Terrace, Hyattsville, MD	US
S1-576487038	Balaji India LLP	83/141, Juhi, Kanpur, Uttar Pradesh	India
S1-871965778	6-Star	228 Grand Avenue, New Haven, CT	US
S1-259176421	Information Advisors Private Limited	Delhi, B-190, Delhi, Patparganj Depot, Pharma Apartment-88 Ip Extension	India
S1-326731750	Olaneon Pharmaceuticals LLC	VA, Carroll County, 3127 Misty Trail	US
S1-208271311	North Enterprises Private Limited	Tc 71 /2991, Kalyan Hospital Road Aryasala, Manacaud P O, Thiruvananthapuram, Trivandrum, Kerala	India
S1-77343149	Nguyen & Klotz Oriental L.L.C.	WA, 44 Olympic Drive, Unit M, Hat Island	US
S1-998654424	Tridev & Sons Private Limited	No.224, Seetampet, Polur, Tiruvannamalai, Tamil Nadu	India
S1-689974878	Lewistown Health Anchor Federation	619 Washington Street, Lewistown, MT	US
S1-53391335	Canton Bazaar Private Limited	Bhavnagar, Plot No.2 To 4, Gujarat, & 11 To 14, Akhalol Bhavnagar-Rajkot Highway	India
S1-790807664	Fresh Deli!	40 900, Unit 9E, Salt Lake City, UT	US
S1-89894556	Berty Flores Exchange Inc.	1683 Sunshine Trail, St George City, UT	US
S1-446336308	Alirajpur Farmerproducer Private Limited	Survey No. 14, Gupta Flooring Premises Opp.Mahindra Amber Automotive, Lakhankot, Alirajpur, Jhabua, Madhya Pradesh	India
S1-83531922	Harsha Food (India) Pvt. Ltd.	212, Business Point, Narayan Chamber Narayan Peth, Pune, Maharashtra	India
S1-690132182	American Custom Income LLC	144 Sun Valley Lane, Weatherford, TX	US
S1-864347642	Ware Mortgage	1100 Farview Drive, Independence, MO	US
S1-506259298	Hitech Producer Private Limited	Ernakulam, Bizcospaces, 8Th Floor, Infra Futura Building, Seaport Airport Road, Kakkanad, Kerala, D75	India
S1-882144174	Maid Cleaning Service LLC	1089 38, Sheridan, IN	US
S1-40988568	7-Point L.L.C.	2714 Brookside Lane, Mckinney, TX	US
S1-731355817	Ruiz, Sroka and Dyer Indigo Inc	Tyler, 12844 433, TX	US
S1-459707900	Lucie Solano Newbury Inc.	21626 Fox Gully Lane, Porter, TX	US
S1-160945652	BXX Technologies LLP	Building No 5A 109 Mittal Industrial Estate Sakinaka Andheri East, Mumbai, Maharashtra	India
S1-429877505	Golden Elite Research	15 Crescent Lane, Putnam Valley, NY	US
S1-548346589	Pune Technotrade Private Limited	1237, Pune, Maharashtra, Matrachhaya, Vasudev Balwant Phadke Marg, Sadashiv Peth, Pune	India
S1-841256506	Vyoman Agro Private Limited	C/O Vikas, Khaika, Sohna, Gurugram, Gurugram, Gurgaon, Haryana	India
S1-779372111	Jm Trading Private Limited	Anupam Sadan Rajendra Nagar East, Post - Koshi Colleg, E, Chitragupta Nagar, Khagaria, Bihar	India
S1-918808054	Enjay Advisors	13 Na, Shalom Palm Layout Prakruti Layout, Balan Juice, Bangalore, Karnataka	India
S1-974471829	14/52 Realty LLC	120 Wilson Boulevard, Pea Ridge, AR	US
S1-411590883	Ahmedabad Consulting Private Limited	116, Shiromani, Opp. Ocen Park Nr Nehrunagar Char Rasta, Satellite Road, Ahmedabad, Gujarat	India
S1-477655975	Gilroy, Smith & Miller Bain	1221 51st Avenue, Unit #10, Hillsboro, OR	US
S1-381260721	Enterprises Ampere Infrasteel Company	Jaipur, Rajasthan, Shivam Apartments, Arjun Lalseth Marg Adarsh Nagar, Jaipur	India
S1-729021432	Leonie Berry Archimedes, Inc	231 Lake Avenue, Village Of Lake Delton, WI	US
S1-4006373	Richardson & Majcher High L.L.C.	212 Humphrey Street, Unit 205, Marblehead, MA	US
S1-769972907	Jay Gujarat Marketing Private Limited	6 Sarat Bose Road, Annapurna Appartment, 3Rd Floor, Flat No, 3A, Kolkata, Kolkata, Howrah, West Bengal	India
S1-478482685	Falcon Cal LLC	45 Frances Ann Drive, Watertown, CT	US
S1-88983518	Marnia Hanning, MD	1481 Millbranch Drive, Auburn, AL	US
S1-719305474	Chennai Fabrics Private Limited	No.51, Nu-Tech, Eshwari Flat-F, Old No.35, New No.4 12Th Avenue, Ashok Nagar, Chennai, Tamil Nadu	India
S1-282046911	Couch Wealth LLC	150 White Pine Drive, Waitsfield, VT	US
S1-699354855	Latour, Woods and Cornelio Automobile Inc	1600 Washington Avenue, Weldon, NC	US
S1-813276804	Robinson, Alvera, DO	12 Oakhurst Drive, Irondequoit, NY	US
S1-855992620	XE Best Retail LLC	4100 29, Unit 208, Greensboro, NC	US
S1-592653061	Consultancy Virtual Consulting Pvt Ltd	Modi No. 1, Sitabuldi, Nagpur, Maharashtra	India
S1-162492072	Bombay Solar Ltd	Ct Sr No 97A1/15/2, Fl No-301, Sky Horizone, Pune City, Pune, Maharashtra	India
S1-284732201	Lynde's Staffing, Inc	364 Tarter Lane, Russell, KY	US
S1-347535612	Jay Services Private Limited	Ernakulam, Kerala, C/O Sivakumar, 33/1985A, Playithara House Ground Floor, Thuruthiyil Lane, Vennala Po, Ernakulam	India
S1-67215591	Sparkman Life	79 College Street, Portland, ME	US
S1-748693211	Velis Diversified Inc	412 Aspinwall Street, Winslow, AZ	US
S1-830074813	Crocker and Torres	347 Locust Street, Oak Harbor, OH	US
S1-787809036	Vision Innovative Associates Inc	13 Trails End, Chili, NY	US
S1-967971536	Eaton Custom Automotive	448 Forty Third Street, Unit 48, Jasper, IN	US
S1-237991833	Smith Hennessy	5332 Jennings Station Road, Saint Louis, MO	US
S1-875279984	Abshire Coastal Net LLC	301 Montclair Court, Evansville, IN	US
S1-131183279	Shree Indian Global Pvt Ltd	20 Kalappakkadu Main Road, Aranthangi, Aranthangi, Pudukkottai, Sivaganga, Tamil Nadu	India
S1-473299745	3153 Seventh St Partners	800 Kerbey Avenue, City Of El Paso, TX	US
S1-92243434	Mitais Muniholdings LLC	371 Village Squire Avenue, Unit 6, Gresham, OR	US
S1-430934299	Ray Bioworks Care	6733 Waterstone Drive, Indianapolis, IN	US
S1-858268039	Bhadra Property Private Limited	153, Ward No. 1, Near Bus Stand, Bhadra, Hanumangarh, Rajasthan	India
S1-686827488	Mccartney, Smith & Alston LLC	30801 Fort Apache Drive, Congress, AZ	US
S1-950104453	Vaishali Consultancy Group	Maharashtra, Chimatpada, Andheri-Kurla Road, Mumbai, Marol Naka, S-86 Ibi House	India
S1-82877024	Heartland Network Partners	32 Ash Street, Saint David, AZ	US
S1-143407118	Geiger Value Ave LLC	547 Breckenridge Drive, Mobile, AL	US
S1-190813373	Internal Medicine Health of Hailey LLC	850 Fox Acres Road, Hailey, ID	US
S1-752160602	SQE International Private Limited	Pune, Sr No 13/1, Maharashtra, Pune, Plot No 77 And 78 Defence Colony	India
S1-617528132	Raviavi Global	5/334-1, Sukrutham, Manthandikunnu, Sulthan Bathery, Wayanad, Kerala	India
S1-126625977	First Bleichroeder	233 Walden Court, Eureka, MO	US
S1-309122363	Pinkcity Industries Group Pvt Ltd	101, Anjani Apartment, Plot No 15, Plot No 15, Sector 4, New Panvel, Navimumbai, Raigarh, Maharashtra	India
S1-576893903	Villa Robotics Inc.	6630 Wade Springs Road, Murfreesboro, TN	US
S1-107323727	Big Diner Partners	644 Melisa Way, Fl 0, Weatherford, TX	US
S1-153075707	Slatton Express Solid, Inc	283 Shirley Street, Winthrop, MA	US
S1-951266617	Wortman Allspring	871 Main Street, Unit 165, City Of Fond Du Lac, WI	US
S1-912501527	Nectar & Associates	25, C - Block, Community Centre Janak Puri, New Delhi, Delhi	India
S1-408159183	Vision Clinic LLC	1007 Charlton Place, Herndon Town, VA	US
S1-206798381	My Tech Private Limited	9/4, Street No. 5, Manoramaganj, Indore, Madhya Pradesh	India
S1-464905712	Mrm Seva Samiti	Plot No.-9, Orissa, Bhubaneswar, Khordha, At-Birabandha Po.-Kuha	India
S1-711866097	Arts Institute	3320 Ogle Drive, Cary, NC	US
S1-493025388	RZ Decorators Private Limited	359/5, Raja Street, Coimbatore South, Coimbatore, Tamil Nadu	India
S1-425172940	Pipal Designs Limited	200, Rajendra Nagar, Nausahra, Gonda, Uttar Pradesh	India
S1-537901889	Holy Chapel Partners	618 Boylan Avenue, Raleigh, Unit 930, NC	US
S1-470531248	Saligram & Co	Haveli, Maharashtra, Office No. 503-504, Baner Business, Haveli, Pashan, Pune, Sr 52/5/2/6	India
S1-990004064	Johnson Worldwide Inc	5 Democracy Circle, Unit UNIT 102, Stafford County, VA	US
S1-322994517	Damodar & Co	11/45 Uralpatti Post, Udumalaipettai, Coimbatore, Tamil Nadu	India
S1-358931688	Pamella Domenico Pearl LLC	1802 34th Avenue, Texas City, TX	US
S1-185986948	Aditya It Private Limited	18-F Aadarsh Nagar University Road Nr Ashwariya College, Udaipur, Rajasthan	India
S1-514445499	Clean School Private Limited	4 Lf Babar Place, Delhi, Central Delhi, Delhi	India
S1-316941609	British Life Limited	Haryana, Plot No 637, Pace City 2, Sector -37, Gurgaon, Arjun Nagar	India
S1-947073295	Cais	OH, Lima, 1609 Rice Avenue	US
S1-217140419	Nexus Dairy Private Limited	C/O Awadhesh Shivnarayan, Pardi, Valsad, Hanuman Tekri, Chanod, Gujarat	India
S1-140157182	Smith, Inga, M.D., P.C.	2481 2010 Road, Hugo, OK	US
S1-712978118	Bidget Bero, Esq., M.D., P.C.	5311 Legion Hall Road, Dunlap, IL	US
S1-388494233	Dynamic Infra Private Limited	Jadon Nagar B Durgapura, Jaipur, Rajasthan, 55 &56, Jaipur	India
S1-613276615	Ridge Gulf Nano	180 Canfield Street, Star City, WV	US
S1-148563913	Lindsey Ameren Inc	15527 11th Avenue, Shoreline, WA	US
S1-591508611	Person Capital Partners LLC	957 Clearwater Point, Graham, TX	US
S1-441536088	Noida Electrical Ltd	Noida, Uttar Pradesh, D-149 Sector-41, Gautam Buddha Nagar	India
S1-726545091	Scott Atlanticus Inc	9111 51st Avenue, Fl 1, Olympia, WA	US
S1-353766462	Midwest Natural	20164 Frankfort Square Road, Unit C, Frankfort, IL	US
S1-267938536	Vin Integrity Private Limited	40/5 Strand Road, Kolkata, Howrah, West Bengal	India
S1-659208776	Cozy Nails	214 E 39 Street, New York, NY	US
S1-467056435	Diamond Clean LLC	155 Bent Twig Circle, Clemmons, NC	US
S1-485237861	Two	1255 Portland Avenue, Unit Unit 5, Rochester, NY	US
S1-543174068	Estates Urja Private Limited	Khasra No - 496, Kishangarh Bas, Alwar, Rajasthan	India
S1-811273477	Dorotea T. Dellinger, Esq., PC	400 Wood Street, Ashdown, AR	US
S1-837809250	Bettis Medical Center Corp	15916 245th Street, WA, Graham	US
S1-34342155	UQJ Equitable	4345 1098, Celeste, TX	US
S1-809465343	Anand Ventures Private Limited	1St Floor, North Tower, Vaishnavi Tech Park, Sy. No. 16/1 And 17/2, Bellandur Gate, Sarjapur Road, Ambalipura, Bangalore South, Bangalore, Karnataka	India
S1-207327245	Davis College Partners	1205 Prairie Depot, Indianapolis, IN	US
S1-937324852	Ibrahim Consultancy	Old No.12, New No.13 M.T.H Salai, Paadi, Chennai, Tamil Nadu	India
S1-458579682	Great Society, LLC	4323 53rd Lane, Unit 1032, Phoenix, AZ	US
S1-953551168	Shree Academy Pvt Ltd	S.No. 14/14, Sollanaa 16 No. Bus Stop, Thergaon, Pune, Maharashtra	India
S1-551620258	Hicks Owl Co	1300 Kings Mountain Road, Henry County, VA	US
S1-549971028	Dream Infrastructure Private Limited	B-2/5, Harijan Basti Gali State Bank Of Patiala, Kondli, Delhi, East Delhi, Delhi	India
S1-849322177	Monika Technologies (India) Pvt Ltd	Ernakulam, Kakkuzhi Panamkutty, Kerala, Kunnathunad	India
S1-834067713	Kennedy Council LLC	700 Jordan Street, Farmington, NM	US
S1-425766485	Trinity Chapel Center	Loudoun County, 43973 Maiden Creek Court, VA	US
S1-128971915	Prairie Credit Inc.	1475 Main Street, Unit D102, Layton, UT	US
S1-690353351	Chrisp and Reyes LLC	723 20th Street, The Dalles, OR	US
S1-968817524	Super Impex Private Limited	Near Shankar Auto Gargenagar Opp Tata Power Horse Western Exprss Highway, Borivali East Mumbai, Mumbai, Maharashtra	India
S1-143331054	Pranavi Business Pvt Ltd	Navsari, Sarvoday Nagar Society, Gandevi Road, 538, Gujarat, Navsari	India
S1-543166933	Regional Select Painting LLC	16051 Moore Road, Houston, TX	US
S1-169415857	Eastern College Inc	268 Joe Koelsch Street, Unit BLDG 6, Locust Grove, OK	US
S1-146771997	Mcnichol's Golden Vision Center	448 Liberty Avenue, Staten Island, NY	US
S1-289182904	Mills, Burgess and Tidwell Inc	3920 Englewood Street, Houston, TX	US
S1-651212407	Anand Impex	Hitex Bizness Square, Hno, 1-98/3/523 To 27, 4Thfloor, Shaikpet, Hyderabad, Telangana	India
S1-606826033	Mumbai Biocare Private Limited	Cts503E4B/801, Maharashtra, 8Thflrghate, Aradhyatowerpipelinerdltt, Mumbai	India
S1-399357119	Marlane's Marketing	Montville, CT, 9 Allisons Way	US
S1-836584331	Select Focus	705 Professional Plaza, Unit 4, Greeneville, TN	US
S1-149970780	Womens Health Specialists	Parsonsburg, MD, 33232 Dagsboro Road	US
S1-858822472	Integrated Equity Labs	211 7th Street, Lebanon, OR	US
S1-386381713	Cognizance (India) Investors	Holding No-56/524/14/13/1, Church Road, Siliguri, Darjeeling, West Bengal	India
S1-932627145	Peia Assets Co	1224 Santa Fe Drive, Clinton, OK	US
S1-592613107	Smart Future Builders Pvt Ltd	S No 49 Opp Kalyani Steelsltd Mundhawa, Pune, Maharashtra	India
S1-247172052	Narang Systems	H No 537, F/017 (161), Indrapuri Colony, Sherwani Nagar, Sitapur Road, Lucknow, Uttar Pradesh	India
S1-749903818	Shaun Jaros, D.O.	2802 Jackson Street, City Of Two Rivers, WI	US
S1-893442657	Phillip Target Inc	4016 Jett Street, San Luis, AZ	US
S1-941236696	Valentine Properties	6845 Exeter Lane, Stanley, NC	US
S1-684676197	Tirupati Builders Private Limited	Municipal No: 1-1-8, Flat No.5, Block - 13, Hig - Ii, Baghlingampally, Hyderabad, Telangana	India
S1-424549069	Sunrise Technology Private Limited	At Post Sakure Migtal.Niphad, Anashik, Mumbai, Maharashtra	India
S1-568723991	Anand Projects LLP	Uttar Pradesh, Meerut, 4 First Floor, Panna Bhawan Ahata Aliraza, Neel Gali, Sarafa Bazar, Shop No. 3	India
S1-19313016	Sohan Engineering Private Limited	98C-Sf, Parsvnath Panchvati Tajnagri Phase-2, Agra, Uttar Pradesh	India
S1-611624717	Brandenburg Microelectronics LLC	419 Sand Lake Road, Unit Ste 5, City Of Onalaska, WI	US
S1-178098344	Gangaya Nilaya Limited	Tamil Nadu, Chennai, Block Ii, Chennai, Flat No 6J, Daffodil 1/2 Vembuliamman Koil Street, Valasaravakkam	India
S1-375676196	Coastal Pediatrics	8502 Laurel Oak Drive, Fairfax County, VA	US
S1-202983324	Carreno Stifel	511 Raleigh Street, Wallace, NC	US
S1-430364613	Roper's United Freight	KY, 6824 490, East Bernstadt	US
S1-603376374	Meridian Trading Limited	H.No.154 Upper Ground Floor, Vivekanand Puri, Delhi, North Delhi, Delhi	India
S1-188945725	Gbs Multitrade Private Limited	07, Shop - C, Murdhanya, Apartment, Ramdevnagar, Ahmadabad City, Ahmedabad, Gujarat	India
S1-709338250	Lyric Concord LLC	132 Strathmore Way, Martinsburg, WV	US
S1-150449949	East Transport Care	80 Canton Street, Unit 2, Lowell, MA	US
S1-994009747	Modern Great Inc.	Frederick, MD, 5252 Earles Court	US
S1-364273466	DC India Private Limited	67/4717, Kerala, Ernakulam, 1St Floor, Baypride Tower, Marine Drive	India
S1-780920837	Trading Shivalika Tools Private Limited	Office No. 3B-113, Wework Olympia Cyberspace No. 21/22, Alandur Rd., Arulayamman Pettai, 2Nd Street, Chennai City Corporation, Chennai, Tamil Nadu	India
S1-566609770	Packaging Imports Private Limited	S.No.328, Revgaon Road, Revgaon Road, Jalna, Maharashtra	India
S1-420868559	Sarasita Medics Private Limited	B 2/114 Zakhera House, Vishal Khand, Gomti Nagar, Lucknow, Uttar Pradesh	India
S1-206227797	GVF Weldtech Co	Regus Pune Office Centers Pvt Ltd, Office No.105 1St Floor, S. No.210, F. P. No.72 A, Kal, Yani Nagar, Pune, Maharashtra	India
S1-22946154	Mercer, Jackson & Wieland	121 Collins Avenue, Killeen, TX	US
S1-923496879	Gurukrupa Agro Pvt Ltd	8-3-237/4/1/2, Kalyani Nilayam, 4Th Floor L.N.Nagar, Yousufguda, Hyderabad, Telangana	India
S1-15712615	Big & Sons Private Limited	Unit No. 5, Avantika Complex, 3Rd Floor, Limda Lane Corner, Jamnagar, Gujarat	India
S1-851651974	Carter, Randolph and Gorka Inc	4364 Trafton Arch, Virginia Beach City, VA	US
S1-489343005	Glyphance Neurosciences Inc.	3857 Marcilla Circle, Irving, TX	US
S1-449823320	Bombay Infra Private Limited	101, 1St Floor, 288 Shiv Sadan, S.V. Road, Bandra (West), Mumbai City, Mumbai, Maharashtra	India
S1-802185839	Clear Prairie Storage Inc	14200 -14300 Port Hudson-pride Road, Zachary, LA	US
S1-851550327	Regional Environmental Dynamics LLC	2 3rd Avenue, Ringling, MT	US
S1-120560299	Pay India (India) Private Limited	D1-8054, Sobha Alder, 100 Feet Vajarahalli Main Rd Off Kanakapura Road, Hosahalli, Thalagha, Ttapura, Bangalore, Karnataka	India
S1-508774269	Riddhi College Limited	C/O: Neelam Modi, Kakka, Colony, Gopal Bhawan, Mauranipur, Jhansi, Uttar Pradesh	India
S1-531126352	Jbg Civilcon Private Limited	155A, West Of Chord Road, Rajajinagar, Bangalore, Karnataka	India
S1-782443865	Adams Ncr Inc	804 Main Street, Conway, AR	US
S1-167667300	Cardenas Bright Lng, LLC	Griswold, CT, 574 Bethel Road	US
S1-520358269	YJ Compliance Private Limited	Uttar Pradesh, Bishrakh, Ugf-03 Rise Shoplex, Tech Zone Iv, Gautam Buddha Nagar	India
S1-86751317	Pacific Bitcoin LLC	448 Calle Higuera, Camarillo, CA	US
S1-101907374	Ajmer Club Limited	5787/945 Dwps School Ke, Samne Sikarroad Makarwali, Ajmer, Rajasthan	India
S1-157095583	Ace Wholesale Systems	OH, Columbus, 1435 Atcheson Street	US
S1-253016175	Morales & Molina LLC	OH, 8138 Broad Street, Blacklick	US
S1-296812336	HQ Grand Land	1620 Johnson Lane, Chino Valley, AZ	US
S1-262833935	Kesea	4812 Calumet Avenue, Chicago, IL	US
S1-544248377	Health Elite Trust	1192 248, Glendive, MT	US
S1-652366820	Mirella Scales Purecycle Inc	VA, 8 Carolina Court, Loudoun County	US
S1-633905252	Kapil & Sons Private Limited	104 Serene Bay. Above Cafe 1730. End Of Lane 6. Koregaon Park, Pune, Maharashtra	India
S1-202025093	Scully, Aranda & Leboeuf Publishing	777 Golden Oak Circle, Crystal Lake, IL	US
S1-40395357	Birgit Dooley Ace Pet Care	952 300, Santaquin City (utah Co), UT	US
S1-218781701	Jain Bombay Services Private Limited	Calcutta, West Bengal, 25 Raja Santosh Road Alipore, Kolkata	India
S1-526980794	Pak Insurance LLC	Enfield, CT, 31 Frew Terrace	US
S1-207921113	Scs & Sons Private Limited	202, Bldg No. 2Chs No.469, Kondivita Village, Mumbai, Maharashtra	India
S1-987992642	Gujarat Infrastructure Private Limited	No.15, 7Th West Cross Streetshenoy Nagar Chennai, Chennai, Tamil Nadu	India
S1-399630147	Posey Peace	4858 17th Court, Des Moines, IA	US
S1-692006765	Lavinie Taylor Credit Inc	904 Lincoln Avenue, Blackwell, OK	US
S1-66450467	Jai Engineering Private Limited	Sai Satkar2(Old 16) Rest House Crescent Bangalore., Bangalore., Karnataka, Bangalore	India
S1-693237029	Think Studio Private Limited	63A/2A Stanley Road, Allahabad, Uttar Pradesh	India
S1-176463378	Chandan (India) Multi Private Limited	31 Maker Chambers Iii3Rd Floor Nriman Point, Mumbai, Maharashtra	India
S1-385670191	Garuda Tiles (India) Limited	Tc No 17/1724 Opposite To High School Karamana, Poojapura, Thiruvananthapuram, Trivandrum, Kerala	India
S1-531829737	Chl & Associates Corporation	311-312 Dalamal Towers, 211, Nariman Point, Mumbai, Mumbai City, Maharashtra	India
S1-642670346	Parth & Co	135A, C.R.Avenue 3Rd Floor, Room No.22, Kolkata, Kolkata, Howrah, West Bengal	India
S1-229046328	Blue Tattoo! of Clinton	1218 12th Street, Clinton, IA	US
S1-893070467	Brim Group	NY, Brookhaven, 121 Engelke Street	US
S1-839760818	Lucky Hair Studio	NC, Blounts Creek, 156 Driftwood Drive	US
S1-82188149	IWV Crystal Nextera LLC	11600 Great Falls Way, Fairfax County, VA	US
S1-414774703	Mira Beauty Company	Hyderabad, Sri Kesava, Shilpa Park, Kondapur, Hyderabad, Telangana, Flat No. 407	India
S1-31507394	Optimal Exploration LLC	13900 Rivers Edge Road, Helendale, CA	US
S1-248090627	Integrated Defense Advisors Inc	6727 Paper Birch Cove, Memphis, TN	US
S1-235791143	International Biomedical Advisors PLLC	10 Rosenfeld Drive, Hopedale, MA	US
S1-501678581	Dental Specialists Corp	6712 Woodmore Oaks Drive, Orangevale, CA	US
S1-132217300	Cavue Direct Zhejiang Corp	410 B Bridge Street, Brewster, WA	US
S1-569569226	XI Dreams Private Limited	G 1031-32, Phase-Iii Riico Industrial Area, Alwar, Bhiwadi, Rajasthan	India
S1-462874280	Cris's Consulting Inc.	572 1200, Bountiful, UT	US
S1-200448426	Empire Prime Garden PLLC	343 Lake Avenue, Worcester, MA	US
S1-827174341	Morales Gold	333 Long Sands Road, Unit Unit 12, York, ME	US
S1-250563077	Indianapolis Oncology Heartland Center	Indianapolis, 4134 Stone Mill Drive, IN	US
S1-374217449	Coimbatore North Marketingprivate Private Limited	Coimbatore North, Coimbatore, Tamil Nadu, S.F. No. 592/3, Sanganoor, Bharathiar Road, 1St Cross	India
S1-562237044	Viviana Ulmer Fresh Fields	708 Park Avenue, Riverton, WY	US
S1-355989763	Summit American	206 Michigan Street, Corn, OK	US
S1-55532261	Internal Medicine All Clinic LLC	133 Ridgehill Drive, Aledo, TX	US
S1-952066593	Magnus & Co	13-6-434/A/1/1, Langer House Maruthi Nagar, P No 82, Rajendra Nagar, Hyderabad, Telangana	India
S1-434066447	Jay Agro LLP	501, Thane, B-Wing, 6Th Flr, Padmavati Grace, Above Idbi Near Bhabhola Naka, Staila, Vasai - West, Maharashtra	India
S1-550449062	Royal Magna	14 Soenker Circle, St Peters, MO	US
S1-460876093	Sanket Trading Clinic	C/O Aboobacher K, Sarsha, House, Velluvamb Ram P O, Ernad, Malappuram, Malapuram, Kerala	India
S1-449575953	JO Mountain Bsp	25712 36th Place, Sammamish, WA	US
S1-245750147	City High Builders Private Limited	A-402, Ahmedabad, Ahmadabad City, Gujarat, Karmyog Heights, St Xaviers College Corner	India
S1-896905935	Grand Sangh	Sur No 445, Tp 102, Vaikunth Complex, Nr.Raspan Char Rasta B/H.Shriram Tenament, Nikol Naroda Road Nicol, Ahmedabad, Gujarat, U No S/F 3/2	India
S1-792253106	Koenig, Dorree, D.O.	CA, 444 Sobre Colinas Place, Camarillo	US
S1-321566773	Lakshmi Industries Pvt Ltd	303, Ashirwad Enclave, Plot No.-104 I.P.Extension, Patparganj, New Delhi, Delhi	India
S1-155983479	Morrison and Ayers Inc	93 Paul Street, OH, Bedford	US
S1-72521116	Huynh and Overton Intercontinental	265 Tomahawk Trail, Unit Unit SF, Ohatchee, AL	US
S1-876080850	Interstate Initiative	Oxford, 130 Elm Street, AL	US
S1-856522775	Johnson Smart of Raleigh	Unit 411, NC, 11200 Tidewater Lane, Raleigh	US
S1-477066127	Jayne Hatfield Signature Grupo Inc	720 East Street, IA, Grand Mound	US
S1-219092199	Lennox Citizens Corp	9975 6500, Orangeville, UT	US
S1-926621141	Atlantic Network IV	433 Langdon Street, Toledo, OH	US
S1-424214776	Sandhya Engineers Private Limited	376/4B, P.K. Guha Road, Flat -3B, Kolkata, Kolkata, Howrah, West Bengal	India
S1-405797604	Maa Investment Private Limited	1 Almadina Appt. G. Road, Chiplun, Ratnagiri, Maharashtra	India
S1-840818384	Caldola Mortgage Inc	14430 Eagle Pass Street, Houston, TX	US
S1-764235189	Townsend Barclays	3054 Custer Avenue, Fl 0, Wichita, KS	US
S1-466731610	DZR Developers Pvt Ltd	Tamil Nadu, Theni, Bodinayakanur, 84G/B9, Vasanthra Rice Mill Street	India
S1-193259749	Mcclure Prime Lakeshore Corp	40 Acme Street, Marietta, OH	US
S1-225863808	Erminia Bode Pacific Pan Corp	1500 Ardmore Avenue, Unit 403, Villa Park, IL	US
S1-472487646	Lybarger, Uthe & Murphy LLC	10528 Wales Lane, Spanish Fort, AL	US
S1-478414000	Twisted Pizza Clinic	Boston, MA, Unit 284, 284 Amory Street	US
S1-204041060	Vanni Ferguson Auto Glass LLC	9210 Kuhns Road, Ava, OH	US
S1-7405921	Pediatric Care of Bedford Inc	37 Somerset Terrace, Bedford, TX	US
S1-895454290	Jvl Clc Private Limited	1St Floor, Unit 111, Bhatar Trade Centre, B, Althan, Bhatar Road, Sy No-466/467, Tps-, 27, Fp 50, Surat, Gujarat	India
S1-17238707	Pediatric Dentistry Signature Care Associates LLC	2909 Walden Road, Fayetteville, NC	US
S1-352704351	Chamberlin Nexera	15107 Taus Road, WI, Town Of Franklin	US
S1-889516986	Tech Constructions Pvt Ltd	Plot No-136/B, Zone-A, Sector-A, M. I. Estate, Bhubaneswar, Khordha, Orissa	India
S1-500507899	Kaveresh Gajanan Private Limited	No-3 Flat G-2 Manushri, Narayanappa Layout, Borewell Road, Nallurahalli, Whitefield, Bangalore, Karnataka	India
S1-414675114	Jasper Biotechnology LLC	13773 Banner Road, Olalla, WA	US
S1-606265557	Infinite Trading Pvt Ltd	1980/P2, Nr. Shree Vinayak Cold Storage, Malataj Road, Changa, Petlad, Anand, Gujarat	India
S1-285486672	Pune Tradexim LLP	B2, Gokuldham, Vishalnagar New Baner Dp Road, Pimple Nilak, Pune, Maharashtra	India
S1-586777435	4450 Lake Way Management Inc	20 Timber Hill Drive, Finger, TN	US
S1-590032291	My Media Private Limited	B-146 1St Floor, Jai Ganesh Vision Akurdi, Pune City, Maharashtra, Pune	India
S1-988354142	Best Software Digital Ltd	3373 89th Street, Lincoln, NE	US
S1-785345254	My Sky Infra Private Limited	H.No. 2639, Sector-46, Sadar Bazar, Gurgaon, Haryana	India
S1-638541467	Technologies Ksk India Private Limited	Farm House No 11 Dera Mandi Road, Mand Village, New Delhi, South Delhi, Delhi	India
S1-951366142	Colonial School of Medicine	423 Elm Springs Road, Church Hill, TN	US
S1-476052190	Foot & Ankle Valley Physicians Inc.	665 Covington Wood Drive, Collierville, TN	US
S1-398294210	Houze & Pavia Bluerock	1201 Mcduffie Street, Houston, TX	US
S1-634680737	Kata Jeanpaul Metal	821 Combe Lane, Littlefield, AZ	US
S1-827797633	Back Alley Pizza Company	5006 Cedar Spring Drive, Missouri City, TX	US
S1-126518932	Fastgrow Education Private Limited	Shop No. 1, Maharishi Complex, Opp. C. P. Nagar, First Floor, Nr. Bhuyangdev Char Rasta, Ghatlodia, Ahmedabad, Gujarat	India
S1-940276621	Aakash & Co	Uttar Pradesh, Moradabad, Kailsa Road Pakbara, Moradabad	India
S1-289731032	Lurline Easley Summit Ethereum	200 Grove Street, OH, Bldg 27040, Richwood	US
S1-790011518	Krishna Software Private Limited	402 Symphony Junction Of 8Th And 12 Road Khar West Mumbai, Mumbai, Maharashtra	India
S1-249066042	Meridian Opportunities Center	7543 175th Street, Unit UNIT 613, Tinley Park, IL	US
S1-37115935	Jain Tech Private Limited	West Bengal, Kolkata, Howrah, 632, Dum Dum Park, Kolkata	India
S1-656315190	Antonetta C. Henry, D.C.	212 Belden Drive, Edwardsville, IL	US
S1-813396094	DQM Star Pvt. Ltd.	606, Dev Corpora, Cadbury Junction, Khopat, Thane, Maharashtra	India
S1-172398164	Raex LP	Guilford, Fl 0, IN, 9272 York Ridge Road	US
S1-853223590	Rosene K. Johnson, M.D.	26394 226th Place, Queen Creek, AZ	US
S1-585471327	Anilika Freight Corporation	Gala No. 6, Bldg. No. 1-4, Shri Arihant Complex, Kopar, Thane, Maharashtra	India
S1-86125554	Schaeffer Colonial Skin Care Associates	5425 Royal Birkdale Drive, Fort Worth, TX	US
S1-134735972	Shook Finance LP	Clinton, 7912 Hwy 65, AR	US
S1-252959906	Estrada Midstream Ltd	21731 Roberts Avenue, Euclid, OH	US
S1-209559931	Surana Enterprises	Gh-4, Sector-27 Panchkula, Panchkula, Flat No. 303, Panchkula, Haryana	India
S1-764803531	Custom Eaton	10310 Watford Lane, Spotsylvania County, VA	US
S1-730709241	Torres & Carter LLC	428 Drakes Lane, Summertown, TN	US
S1-997483440	New Builders Private Limited	Gurugram, Gurgaon, Haryana, 38 Km Stone, Delhi-Jaipur Highway	India
S1-956133196	Shiv Software Private Limited	180, I Main Road, Mahalaxmilay Out, Bangalore Karnataka, Karnataka	India
S1-40352153	Patriot Institute V, LLC	1402 Miller Street, Washington, IL	US
S1-866643732	Vee Apparels Private Limited	No. 25/2, South End Road, Sheshadripuram Near Mantri Mall, Bangalore, Karnataka	India
S1-901713344	Coleen Munoz, Esq., PC	590 Keystone Drive, Christiansburg Town, VA	US
S1-233246916	Metropolitan Fund	1912 Kelly Run, Chesapeake City, VA	US
S1-15611896	Optimal Marine Innovations	340 Indiana Avenue, Watertown, NY	US
S1-755340667	Classic Telecom Global LLC	869 256th Street, Sheridan, IN	US
S1-801790422	Frontier Institute of Technology L.L.C.	23005 Cypress Street, Verdigris, OK	US
S1-959628704	Sanathana (India) Digitech	Kalyan, Thane, Maharashtra, Midcrd Ganpati Visarjan T, 304 Shri Raghunarayan Chs	India
S1-703567847	Gulf National Presidio Inc	NY, New York, 243 61 Street	US
S1-497639895	Lucknow Tradex Group	128 Mayur Residency Faridi Nagar, Lucknow, Uttar Pradesh	India
S1-161145673	Richmond, Uribe and Bennett Inc	1367 Browns Lane, Town Of St Joseph, WI	US
S1-720361636	West Precision Block LP	7911 Shore Road, Sparrows Point, MD	US
S1-330564207	Bass Unified Aria Inc	362 A Ann Street, Mobile, AL	US
S1-958563602	Raheja Distribution Pvt. Ltd.	D-2, Basant Parvati, 11 - A.G. Khan Road Worli Sea Face, Worli, Mumbai, Mumbai City, Maharashtra	India
S1-894215451	Hari Great Management Private Limited	Door No 8-19-7, Mangaldas Nagar, 1St Street, Guntur, Krishna, Andhra Pradesh	India
S1-348705607	Via Fresh Quality	3907 Southern Cross Drive, Gwynn Oak, MD	US
S1-369136426	Best Williams LLC	229 Sweetgum Street, Hamilton, AL	US
S1-914781783	Christy Striegel Summit Auto Repair P.C.	5774 Sunset Gallery Place, Marana, AZ	US
S1-959640871	M F & R Highview LLC	AZ, Meadview, 218 Echo Drive	US
S1-178794029	Arihant Media Private Limited	143 Vaishali Nagar, Agra Road, Adarsh Nagar, Jaipur, Rajasthan	India
S1-728265782	Hall & Jackson LP	2401 Tarpon Bay Drive, Miamisburg, OH	US
S1-637454673	Drake Colonial Paloma Inc	909 Kingston Avenue, Billings, MT	US
S1-872403353	Delta Service PLLC	40 Winslow Avenue, Leicester, MA	US
S1-542398008	Oncology Physicians of Strafford	308 Jefferson Street, Strafford, MO	US
S1-804246628	Phyllys Juarez Sea	23 Buena Vista Street, Redlands, CA	US
S1-870333854	(india) Nettle Hospitality Private Limited	47 A Sagar Soc, At Kapodara, Surat, Gujarat	India
S1-286397345	Sai Consultants Private Limited	18, Khurshid Park, Sarkhej Road, Ahmedabad, Gujarat	India
S1-300601814	Allied Alliancebernstein, LLC	350 Bleecker Street, NY, New York	US
S1-79759475	Henninger Unified Steers	110 Tolley Drive, Clarksburg, WV	US
S1-236126668	Quality Wilco PC	12338 Brandywyne Drive, Houston, TX	US
S1-614043498	Ridge Institute of Technology	435 -A 2nd Avenue, Gulf Shores, AL	US
S1-10847137	Environmental Sangh	Sarda Sadan Opposite Bank Ofbaroda Boring Road P.S. S.K. Puri, Patna, Bihar	India
S1-472698873	Khar Jewellers	52 West View Linking Road, Mumbai, Maharashtra, 5Th Floor, Khar	India
S1-278741455	Raj Logistics Pvt Ltd	54/1/A, Strand Road Ground Floor, Kolkata, Kolkata, Howrah, West Bengal	India
S1-34010672	Ridley and Bloom	7135 Emerald Tree Drive, Canal Winchester, OH	US
S1-873219837	Industries Hollyfield Weaves Private Limited	C/O Manoranjan Das, At/ Po-Marsaghai, Kendrapara, Orissa	India
S1-170089494	Orthopedic Specialists LLC	6960 Peoria Avenue, Unit 19, Peoria, AZ	US
S1-472914717	Global Superior Aldel PLLC	3937 23C, Jewett, NY	US
S1-921342430	Gulf Seafood Inc	3041 Helgeson Lane, Fl 0, Grants Pass, OR	US
S1-260988743	PM Export Private Limited	74/2/2 Lasudiya Mori Dewas Naka Near Carry Fast Logistics God, Indore, Madhya Pradesh, Indore, Own	India
S1-212731391	Bly Polska LLC	2215 C Street, Lincoln, NE	US
S1-188980998	Bonner's Hospitality	KY, 5012 Fury Way, Louisville	US
S1-213784478	Royal Institute of Technology	Santosh Tower, 148, M.P.Nagar, Bhopal, Madhya Pradesh	India
S1-557679918	Aakar Holding Pvt Ltd	1St Floor, Shree Saraswati Apartments, Borivali West, Mumbai, Maharashtra	India
S1-890838084	Internal Medicine Total Associates	156 Sholam Road, Wawarsing, NY	US
S1-174651921	Carter Strategic	24328 Western Avenue, Washington, OK	US
S1-337115724	Nila Traders Private Limited	Jodhpur, Rajasthan, Jodhpur, E 7(A) Mandore Industrial Area	India
S1-135332776	V L & W Biotech LLC	4453 Pepper Ridge Court, Chesapeake City, VA	US
S1-917104519	Laxmi Management Pvt Ltd	Cg 02, Annai Aathika Appts, Bodipalayam Road Seerapalayam, Malumichampatti, Coimbatore, Tamil Nadu	India
S1-470662674	Raum LLC	92 Meade Avenue, Oyster Bay, NY	US
S1-111505589	Oncology Secure Specialists	1112 Ridge Road, NY, Lansing	US
S1-55732574	Innovative Constructions Private Limited	502 B Wing Harmony Vlg Wadvan Damodarwadi Ashok O Rd Kandivli E, Mumbai, Mumbai City, Maharashtra	India
S1-531849937	Stout Regional LLC	Chattanooga, 822 Gillespie Road, TN	US
S1-416094857	Perfect Properties	A-212/3, Kewal Park Azadpur, Delhi	India
S1-337698096	Ventura Medical Center Inc.	4725 Villa Knoll Drive, Fl 0, Saint Louis, MO	US
S1-451969208	Indo It Private Limited	C/O Shri Sitaram Dada Patil Wasumbe Tal Tasgaon Dist Sangli, Sangli, Maharashtra	India
S1-223666057	Good Global Private Limited	Deshmukhwadi, S.No. 95/A/5M No. 567 Shivane, Pune, Maharashtra	India
S1-670567309	Guru Jain Global Private Limited	No. 19/2, Main Road, Rasipuram, Namakkal, Tamil Nadu	India
S1-433729328	815 Lake Road Properties PLLC	4608 Narcissus Avenue, Broken Arrow, OK	US
S1-125886826	East Gladstone Inc	2414 185th Avenue, Bonney Lake, WA	US
S1-475589020	Physical Therapy Interstate Medicine Corp	TX, Midlothian, 5614 Paradise Drive	US
S1-206937937	Behavioral Health Group of Murfreesboro	1655 Saint Andrews Drive, Murfreesboro, TN	US
S1-172011913	Regional Senior Co	5042 Clark Lane, Unit 102, Columbia, MO	US
S1-722726680	Khurana Foundation Pvt. Ltd.	6 B 6Th Flrsterling Centre Dr Annie Besant Rd, Mumbai, Maharashtra	India
S1-577182575	Maria Signature Ford Inc	138 Covington Drive, Cleveland, TN	US
S1-641158193	Prairie Program Inc	421 9th Street, Covington, KY	US
S1-75540286	Candace Morris Harbor Stone Inc	Clarksville, 100 Sunset Avenue, IN	US
S1-520694112	Pune Entertainment	Flat 5, S No. 687 To 691 Karve Rd, Nr Maruti Mandir, Kothrud, Pune, Maharashtra	India
S1-820394135	Trade Products	Kotwali Roadnajibabad Najibabad, Uttar Pradesh, Bijnore, Uttar Pradesh	India
S1-634395680	Eastern Software Private Limited	Ward No. 7, Juna Keradu Marg, Barmer, Rajasthan	India
S1-584408594	LBH Tissues Private Limited	184, B-1, P No. 1, H No., 579 Munsad Road Near Gspc, Navsari, Gujarat	India
S1-886875643	Nandlal It (India) Pvt Ltd	Amber Empire, 2Nd Floor, 556, Shanta Jog Marg, Chembur East, Mumbai, Mumbai City, Maharashtra	India
S1-195802261	Moreno & Anderson Inc.	1421 16th Street, Unit 422, Murray, KY	US
S1-777499226	Royal Energy Private Limited	875, Sadashiv Peth, Pune City, Pune, Maharashtra	India
S1-551571455	Eustacia Zucker Elite Specialists LLC	11044 61st Street, Albertville, MN	US
S1-712273691	Black Royce of Dallas Inc	15619 Ranchita Road, Dallas, TX	US
S1-350750737	Sky Swastik Marketing Pvt Ltd	Office No. 1112, Real Tech Park Plot No. 39/2, Sector-30A, Vashi It Park, Navi Mumbai, Thane, Maharashtra	India
S1-766030107	MP Manufacturing LLC	1323 Queens Road, Unit 204, Charlotte, NC	US
S1-280327618	Global Sai Enterprises Private Limited	C/O Dharam Pal Gupta, Bankat Road, Karwi, Chitrakoot, Hamirpur, Uttar Pradesh	India
S1-370088201	New Good Global Pvt Ltd	A-606, Krish Elite, Nr., Vishala Land Mark, Ahmedabad, Gujarat	India
S1-607465546	Main Street Hypnosis	823 Jefferson Avenue, Jacksonville, TX	US
S1-810440501	Radial Advisors Limited	H/N 746, At Po Gorwadi Tal Jawhar, Thane, Mumbai City, Maharashtra	India
S1-711676099	Shakti Food	Flat No. 508, Narmada Block-N-5 Sector-D Pocket-6, Vasant Kunj, New Delhi, Delhi	India
S1-276569733	Rocky Coalition	858 Clear Creek Way, Fairview, OR	US
S1-44005970	Rushabh Infotech Private Limited	H.No 1/25 2Nd Floor Kalp, City Bijnorsarojini Nagar, Lucknow, Uttar Pradesh	India
S1-699731060	Deepesh & Co	West Bengal, Suraj Apartment, Howrah, Kolkata, Dhalipara P.O. Krishnapur	India
S1-982754519	Royal Estate Private Limited	Mohali, Punjab, Kharar, 72 Gulmohar City Badala Road Sector 115, Mohali	India
S1-836718161	Clever Airport Private Limited	Ts.No.5547/P, Thirumayam Road, Pudukkottai, Pudukkottai, Sivaganga, Tamil Nadu	India
S1-751266919	Foot & Ankle Associates of Saint Albans	404 High Street, Unit APT B, Saint Albans, WV	US
S1-211871036	Imax Producer LLP	Hira Street, Mamkotha Road, Bhavnagar, Gujarat	India
S1-942301105	Hyderabad Design Corporation	H No 3-4-351, Flat No-202, Barkatpura, Lingampally, Hyderabad, Telangana	India
S1-75940817	Mikaela Ellis Direct Argentina LLC	2385 Halcyon Road, Beachwood, OH	US
S1-301889541	Sara Corporate Private Limited	House No. 1396 Sailila Society Dungri Dungri Dungri, Valsad, Gujarat	India
S1-168571847	Bobbye Harrell, MD Inc	9241 Hutchinson Lane, Charlotte, NC	US
S1-12283499	Vital Consultancy	F. No. 1, Plot No. 295, 2Nd Floor, Ravindra Society, Jubilee Hills, Shaikpet, Hyderabad, Telangana	India
S1-735401310	Lotus Technology LLP	Office-310, Plot 13/F/1A, 1Eses Hospital, Akurli Rd, Kandivali East, Mumbai, Maharashtra	India
S1-598857294	Midwest Silver Asa	119 Nichols Avenue, Roxboro, NC	US
S1-811069596	Turner Endocrinology Inc	418 Wooten Court, Powell, OH	US
S1-539480183	Coum Company	1012 Bay Colony Drive, Richmond, KY	US
S1-195667500	Trusted Learning Networks Inc	4228 Cermak Road, Chicago, IL	US
S1-947003887	Living Generation Private Limited	32/61, Kesturba Road Cross, Bangalore-1, Bangalore, Karnataka	India
S1-695474925	Coates Capital Partners Inc	7601 Glenwood Road, Brooklyn, NY	US
S1-59949358	Stidham Ventures, Inc	501 Ave D, Unit 501, Ralls, TX	US
S1-767547871	Creative Property Innovations LLC	34617 53rd Avenue, Auburn, WA	US
S1-974713706	Om Consultants Private Limited	B-53, B-Block Gali No.5, Mandawali (Unchepur), Delhi	India
S1-196789185	Fein Myers LLC	3 Myrtle Street, Glenwood, IA	US
S1-528661632	Lorilyn's Farms Inc.	60 Mckinstry Avenue, Chicopee, MA	US
S1-743334612	Pediatric Dental Care Associates LLC	16410 53rd Place, Plymouth, MN	US
S1-113971253	Precision Projects (India) LLP	B-1Blessingtonno, 34Serpentinestreet, Richmondtown, Bangalore, Karnataka	India
S1-515860575	Thomas Trading Private Limited	Somdutt Chamber-2, Bhikaji Cama Place, B-12, New Delhi, Delhi, South West Delhi	India
S1-588220278	Ciccone, Head & Large LLC	8945 Peterson Avenue, Unit 132, Mesa, AZ	US
S1-199831580	Sajan Consultants Private Limited	3, Subh Sukan Aprt., Nr.Lakhudi Talavdi, Ahmadabad City, Ahmedabad, Gujarat	India
S1-122141426	Vantay Transalta	1811 Jacks Branch Road, Wadesboro, NC	US
S1-142461304	Price Oyj	9510 Cyprus Lane, Olmsted Falls, OH	US
S1-643146796	Crystal Royal	142 Main Road, Tyringham, MA	US
S1-558827602	Harbor Coalition	498 County Rd 50, Athens, TN	US
S1-983934164	Select Aura	1104 Vincent Court, Badger, AK	US
S1-204399694	Mbj Expressway Private Limited	C 35 First Floor, Nwa Punjabi Bagh Clubroad, New Delhi, West Delhi, Delhi	India
S1-909582249	Tolliver Loan Co	12 Sullivan Drive, Randolph, MA	US
S1-403818724	Tsering Strategy LLC	645 Old Hickory Boulevard, Unit 531, Nashville, TN	US
S1-56866558	Urgent Care Clinic PLLC	338 Northampton Drive, Henrico, NC	US
S1-201070937	Vasundhara Heart LLP	Plot No 3, Chittor Road, Amirthapuram, Tiruttani, Tiruvallur, Tamil Nadu	India
S1-669413016	Urology Clinic	Sacramento, CA, 2508 Curlicue Alley	US
S1-71684268	Felker Star Collective LLC	172 California Street, Unit 2, Ashland, OR	US
S1-543397508	Ash Dealmark (India) Private Limited	Plot No 14 & 15, Sita Vihar, Madiyaon Jankipuram, Pole No/Eng/Mdv/Dt11, Lucknow, Uttar Pradesh	India
S1-304961048	Classic Vijay Infrastructure Pvt Ltd	Visakhapatnam-530 024., Ocean Park, Visakhapatnam-530 024., Andhra Pradesh, Opp:A.U.Women'Shostel, Maharanipeta	India
S1-207247006	Dermatology Medicine, LLC	2128 13th Street, Washington, DC	US
S1-892547234	Sisoft Inc	449 Gettysburg, Coatesville, IN	US
S1-15425766	XH Buildcon Private Limited	11-13-1055/1/001 Plot No 271 Kumar Residency Ground Floor, Road No 10 Vasavi Colony, Kothapet Hyderabad, Hyderabad, Telangana	India
S1-414280382	Sharp Anna (India) Pvt Ltd	Flat No. 301, 3Rd Floor, Sirisampadha Arcade- I, Plot No. 18-21 Sy No. 40, Khajaguda, Behind Union Bank Of India, Serilingampally, K.V.Rangareddy, Telangana	India
S1-59092786	R 2 Advanced Can LLC	TX, 10714 Umber Court, Houston	US
S1-527842295	Absolute Industries Group	Room No. 27, 8Th Floor, Vismaya Building, Infopark Phase -1, Kakkanad, Kochi, Kanayannur, Ernakulam, Kerala	India
S1-417694869	Oasis & Co	3Rd Floor Plot No. G-1-131 To G-1-133 Garment Zone Epip, Sitapura, Jaipur, Rajasthan	India
S1-750796284	Gao Optimal Silicon	3632 Mc Keever Schoolhouse Road, Williamsburg, OH	US
S1-443495666	Smart Electronics Holdings	134 Colorado Street, Hobart, IN	US
S1-256501570	Hitech Advisors	# 862, Sri Venkatadri, E & F Block, Panchamantra Road, Kuvempunagar, Mysore, Karnataka	India
S1-484465585	Rocky Valley Commercial	812 Briar Gate Drive, Fuquay-varina, NC	US
S1-611984986	Capital Center	811 500, American Fork, UT	US
S1-126491591	Vision Associates Inc.	311 Green Acre Drive, Shenandoah County, VA	US
S1-818351477	Halcex Liberty LLC	7 Walnut Avenue, WV, Wheeling	US
S1-235947557	Pressley, Smith & Perez Oriental P.C.	Stonington, 5 Hampton Street, CT	US
S1-594367746	Multi Financial Private Limited	Maharashtra, Pune, C/O - Umadevi Gondkar D., Arti Tailors 241 Narayan Peth, Opp. Garud Ganpati, Pune	India
S1-197580943	Arunodaya Cosmetics Private Limited	3/128A, Rahul Mittal Estate, Andheri Kurla Road Marol Naka, Andheri East, Mumbai, Mumbai City, Maharashtra	India
S1-33893134	Kelsey Return of Ranlo	106 Duff Street, Unit B, Ranlo, NC	US
S1-183096054	Aridatha Castillo, Ph.D.	6153 River Pointe Drive, Fort Worth, TX	US
S1-425377704	Matrix Trading Associates	G-16, Ganesh Complex, 13/14 Kuvar Mandli, Indore, Madhya Pradesh	India
S1-397776100	Shakti Consultancy Private Limited	Flat No. 602 Plot No. 9And10 Sector-50-Old, Palm Beach Road, Nerul West, Thane, Maharashtra	India
S1-79465736	Talovue Inc	201 Main Street, Danville, IL	US
S1-783480806	Kowalsky, Chacon and Williamson Ventures	5784 Leven Links Court, Dublin, OH	US
S1-923196196	Sai Care Private Limited	9A & 9B Kirti Towers, Tilak Road, Vadodara, Gujarat	India
S1-169683895	Rodriguez Blackstone LLC	3107 Barnhill Lane, TX, Sugar Land	US
S1-355488968	Mnd Education Public Limited	Shopno.2, Bilvakunj, Nageshwarwadi, Aurangabad, Maharashtra	India
S1-933739599	Anvil LP	903 Walnut Street, Atlantic, IA	US
S1-864269283	Bright Value Diagnostics	1044 Main Street, Unit 2, Malden, MA	US
S1-686276059	United Agro Private Limited	50 Sfs Flats, Phase - 4, Delhi, North West Delhi, Delhi	India
S1-341300212	Sweet Tavern	1101 Cedar Brook Drive, Cedar Park, TX	US
S1-23657150	Akash Blue (India) Private Limited	#403/1, Plot No.2, Office 401, 4Th Floor, Park View Edifice, Shaikpet, Hyderabad, Telangana	India
S1-31071353	Prime Silver Immunopharma Inc	44 Main Street, Amboy, IL	US
S1-467617271	Cultural Institute	102 Brandon Road, Richmond City, VA	US
S1-322064452	Goat Brothers Ltd	76/2, Opp. Crazy Corner, Shivaji Statue, Jalna, Maharashtra	India
S1-682540931	Metro Classic Vaneck Inc	6938 Willowick Drive, Findlay, OH	US
S1-588340023	Corporate Automation Works LLC	10 Manomet Street, Unit 224, New Bedford, MA	US
S1-522998211	Sterling Payroll Alliance	2607 Cason Street, Houston, TX	US
S1-996466659	Vision Investment Private Limited	3/211 Mittal Indl Estatem V Road Andheri (E), Mumbai, Maharashtra	India
S1-849619780	Price Iris	157 Stonebridge Boulevard, Unit 218, Edmond, OK	US
S1-337363631	Foto Producer LLP	No.15, Valluvar Nagar, Peelamedu, Coimbatore, Tamil Nadu	India
S1-116103509	Jay Infrastructure Pvt Ltd	303, Avani Apartment, 50 Haribhakti Colony, Race Course, Vadodara, Gujarat	India
S1-31658329	Clear Stifel Co	947 Norwood Street, Lenoir, NC	US
S1-918432700	Steelworkers Local Union 442	173 Mesa Court, Vacaville, CA	US
S1-144273305	A Clean Connecticut LLC	2196 230th Street, Oskaloosa, IA	US
S1-640932320	WZX Prairie Alussa	1031 Lakemont Road, Catonsville, MD	US
S1-905406316	Ultratech Technologies Private Limited	1-1-652/B, Gandhi Nagar, Hyderabad, Telangana	India
S1-618348262	XHD Bhav LLC	9 Old Right Road, Unit 2, Ipswich, MA	US
S1-486243382	United Trading Pvt Ltd	Plot No 47 & 48, Flat No 202, Vijay Sai Residency, Sardar Patel Nagar, Kphb Colony, Tirumalagiri, Hyderabad, Telangana	India
S1-494940032	Hsm Commercial Private Limited	H.No 227, 3Rd Floor Bik-Cb Village, Naraina, South West Delhi, Delhi	India
S1-132209215	Kitto Limited LLC	Saint Louis, 1605 Page Industrial Boulevard, MO, Unit APT B	US
S1-357031015	Agro Super Consultant Private Limited	No.60/49 E, Third Floor, Jc Chambers, Ernakulam, Kerala	India
S1-261523052	Custom Oyster LLC	8478 Roswell Street, Ventura, CA	US
S1-8475341	Mancuso Global Ventures	1775 River Road, Sylva, NC	US
S1-453615456	Classic Mortgage Consultants LLC	1316 Cline Ridge Road, Winchester, TN	US
S1-884031662	Unified Materials Advisors	Inez, TX, 418 Pura Vida Road	US
S1-974872626	Verryn Perimeter LLC	720 Wagner Lane, Billings, MT	US
S1-114985397	QUQ Generating LLC	3078 Bellflower Street, Kettering, OH	US
S1-226573777	Auriq Telephone Inc	510 Geisler Road, Piney Flats, TN	US
S1-270319472	Golden Auto Body	1599 Iowa Avenue, Bend, OR	US
S1-553676883	Cooper & Munsterman Starry Inc	1614 Marshall Hollow Drive, Nashville, TN	US
S1-700070808	B+ Alliancebernstein Inc	4954 Corinth Church Road, Loudon, TN	US
S1-112886320	Blakeley Soto Integrated Cbre LLC	240 Wes Sandling, Franklinton, NC	US
S1-134907047	Lower Secure Wireless	WI, Village Of Waunakee, 1207 Stone Edge Court	US
S1-988514301	Department of Housing	NY, Eastchester, 203 Wilmot Road	US
S1-37447103	Pediatric Health LLC	534 47th Street, Birmingham, AL	US
S1-938547659	EMY Atlas Inc.	56 Mockingbird Lane, Hempstead, NY	US
S1-187778633	Austin Strategies Inc.	4647 Turkey Creek Road, El Dorado, KS	US
S1-819935413	Golden Consultancy Pvt Ltd	2-3-413 Macha Bollaram, Hyderabad, Telangana	India
S1-33732013	Classic Services Private Limited	710, Shantipuram Phaphamau, Allahabad Bypass Expy, Allahabad, Uttar Pradesh	India
S1-535880164	Antriksh Sangh Company	314A, C R Avenue, Kolkata, Kolkata, Howrah, West Bengal	India
S1-192249754	Angelia Prentiss All Iron Works LLC	11720 Auth Lane, Silver Spring, MD	US
S1-788468637	Federal All Aktiengesellschaft	3305 Pawnee Avenue, Fl 0, Wichita, KS	US
S1-785890207	Trix Davis, MD, P.C. Inc.	6159 Split Acres Drive, Rockingham County, VA	US
S1-502917664	Surya Constructions Pvt Ltd	D No 27-19, Villa No 77, Aakriti Arv Viva, Osman Nagar Road, Ramachandrapuram, Medak, Telangana	India
S1-95388584	Twisted Ice Cream	2603 Edgecliff Drive, Farmington, NM	US
S1-806621074	Surya Energy Private Limited	Sy No 157/4B, 3Rd Floor, Flat No 405, Gogineni Towers Guntupalli, Ibrahimpatnam Mandal, Vijayawada, Srikakulam, Andhra Pradesh	India
S1-906720087	Aditya Agro Private Limited	Lucknow, Uttar Pradesh, Khasra.No.354 Plot No D-18-New No 529 Gha/494, Adil Nagar Kalyanpur, Indira Nagar, Lucknow	India
S1-433391395	Main Street Tavern PC	7909 Sweet Iron Court, Fl 1, Tumwater, WA	US
S1-151126900	Mous Golden Investors Inc	18609 Williams Street, Goodyear, AZ	US
S1-134210072	Ruff All Cherry Inc	WA, 1105 Creekwood Court, Olympia, Unit B	US
S1-26253871	Taxila Petals (India) Pvt Ltd	B35, Haryana, Gurgaon, Udyog Vihar Phase V, Gurgaon	India
S1-189660136	Leon Fuels Inc	1120 Symmes Street, Norman, OK	US
S1-59734308	VM Commerce LLC	1134 Invasion Street, San Marcos, TX	US
S1-297927264	Kerr Pinnacle Productions	750 Gravois Bluffs Boulevard, Fenton, MO	US
S1-16349560	Shree International School Limited	Makrana Bye Pass Road, Po Borawar, Nagaur, Rajasthan	India
S1-34719657	Zephyr LLC	IN, 334 Lake Street, Schererville	US
S1-766781623	Behavioral Health Associates	315 14th Street, International Falls, MN	US
S1-270624039	Capital Argentina Inc	4538 34, Scipio, NY	US
S1-423836179	Creative Tech Limited	Gr-Fr-:Fl-G1 Rafi Ahmed Kidwai Road, Rafi Ahmed Kidwai, Kolkata, Kolkata, Howrah, West Bengal	India
S1-523485402	Mirabal & Mueller Saratoga	7995 14th Street, Kensal, ND	US
S1-768029488	Surgical Care of Westerly	Westerly, RI, 56 Elm Street	US
S1-150661782	Digital Infotech Private Limited	3271 & 3299, Gidc, Phase Iii, Dared, Jamnagar, Kalavad, Jamnagar, Gujarat	India
S1-714976310	Aspen LLC	108 Ash Lane, Beech Mountain, NC	US
S1-331943637	Minton Diamond Heritage Inc	6201 Salisbury Drive, Spotsylvania County, VA	US
S1-620595947	Shakti & Sons Private Limited	85/1, 85/2, 108 Wing D-1 Fl No-204 Shree Gurudev Samrajya Holewadi Tal-Khed, Pune, Maharashtra	India
S1-161624466	Pioneer Research Studios Inc	249 Jason Drive, Lumberton, NC	US
S1-683006130	Behavioral Health Grand Clinic LLC	841 Sandstone Ridge, Cold Spring, KY	US
S1-947504295	New Delhi Impex Private Limited	A1/248, Ground Floor, Safdarjung Enclave, New Delhi, South Delhi, Delhi	India
S1-69010076	Vision International Private Limited	Kurukshetra, Haryana, 358 Sector - 13, Housing Society	India
S1-622261036	Innovative Products Limited	Plot No 288, Shrinagar, Empress Mill Soc Ring Road, Nagpur, Nagpur, Maharashtra	India
S1-57178084	Olanari Cosmetics LLC	1949 Josey Lane, Unit E, Carrollton, TX	US
S1-681871507	Balaji Tech Pvt Ltd	Near I.T.I., Factory Area, Bassi, Fatehgarh Sahib, Punjab	India
S1-865278276	Classic Logistics Pvt Ltd	C/O Manoj Kr. Jha, Village Gulam Tola Pipra, Panch Golma-West, Block Patarghat, Saharsa, Bihar	India
S1-227132188	All All Agro Private Limited	Kanpur, Flat No. 202, Iind Floor, Plot No. 596, W Block, Juhi Saket Nagar, Uttar Pradesh	India
S1-20456307	KVX Farmer Private Limited	C /24 Gita Park, Rakhilal Chs Ltd, Narayannagar Nr Khodiyar Nagar, Post Thakkar Bapa Nag, Ar, Ahmedabad, Gujarat	India
S1-807440145	Indian Agro	Village: Jetpur Navagadh, Jetpur, 9560 Fulwadi In Delo, Rajkot, Gujarat	India
S1-443903833	Reliable Business Digital, LLC	536 6th Avenue, Yuma, AZ	US
S1-417038650	Pioneer Hill L.L.C.	Eugene, Unit Space 78, 3950 Coburg Road, OR	US
S1-415306550	Asset Building Association	6813 Gallatin Street, Mckinney, TX	US
S1-603906637	Varshavi Commodities Private Limited	4/B, Shri Bhavani Co. Op. Hou. Soc., Nr. Vastrapur Railway Crossing, Omkareshawar Road, Vej, Alpur, Ahmedabad, Gujarat	India
S1-937397766	Golden Business Private Limited	Shop. No 106, 1St Floor, Maruti Darshan Chs Ltd, Ads Marg Iit Powai, Mumbai, Mumbai City, Maharashtra	India
S1-521534161	Vijay Management Private Limited	5Th Cross Mico Layout Btm 2Nd Stage Maiko Kelasagarara Badavane, 153, Karnataka, 3Rd Main, Bangalore	India
S1-752711802	GF Care Private Limited	No.8 Gf, 2Nd Main, 6Th Cross, East Road Nty Layout, Byatarayanapura, Bangalore, Karnataka	India
S1-940895064	Maa Infra Private Limited	107/B Neelam Centrebehind Glaxo Worli, Mumbai, Maharashtra	India
S1-937129057	Pediatric Specialists LLC	4115 Jordan Valley Road, Dallas, TX	US
S1-320126354	Bricklayers Local 378	322 Foster Street, Palmyra, NY	US
S1-924025494	Continental Anchor Wave LLC	12625 Mingus Vista Drive, Prescott Valley, AZ	US
S1-747812748	Zitech, LLC	Dutch John, 67 Sunrise Lane, UT	US
S1-926724481	KBB Churchill	236 Strickley Road, Augusta County, VA	US
S1-661135377	Anderson Assets Center	1 Cedarwood Boulevard, Unit Unit K185, Van Buren, NY	US
S1-524512924	Aditya Engineering Limited	Uttar Pradesh, Ghaziabad, K H No- 1141 Saddiq Nagar Inderprasth Enclave	India
S1-349138426	Ortiz and Corbitt Automobile	833 Lucas Street, Unit APT E, Rock Hill, SC	US
S1-482920754	Elane Castillo Complete Ncr Care	4310 Declaration Circle, Belcamp, MD	US
S1-571819501	Regional Guild	101 Conway Court, York County, VA	US
S1-50349421	Surgical Advanced Center LLC	14704 2401, Midkiff, TX	US
S1-993093131	A Value Championsgate LLC	86 Edgewood Road, Islip, NY	US
S1-574710276	Mcgill, Mehetabel T., DO	1304 Lopp Court, Herndon Town, VA	US
S1-339726866	Asp Traders Private Limited	Flat No 501, Violena, St Annes Lane Sherley Rajan Road, Bandra (West), Mumbai, Mumbai City, Maharashtra	India
S1-253941625	Peak Montreal	100 33 Avenue, Saint Cloud, MN	US
S1-371328651	4753 Broadway Lane Apartments, Inc.	178 West Street, New Salem, MA	US
S1-261727220	Bevadyne LLC	66 Buchanan Street, Carthage, IL	US
S1-48359679	Behavioral Health Empire Physicians Ltd	21311 69th Court, Redmond, WA	US
S1-312740325	Delgado Resources of Springfield LLC	400 Miller Street, Springfield, IL	US
S1-658042057	Vanguard Talent Associates	16856 Cobblestone Drive, Sherwood, OR	US
S1-76337965	Coastal Center VI Inc	5256 Laurel Ridge Lane, Cincinnati, OH	US
S1-258129451	Lucky Hypnosis	TN, 2040 County Home Road, Paris	US
S1-179227798	Anderson Compania Partners	Findlay, 511 Edith Avenue, OH	US
S1-756970176	Ernaline's Logistics	10837 Fredonia Road, IN, Leavenworth	US
S1-434675293	Alla Wood, Ph.D.	1111 Park Avenue, Unit APARTMENT 1, Newport, KY	US
S1-826067508	Forge Consultants Co	304 M Avenue, North Little Rock, AR	US
S1-725275730	Stahl Pediatrics Inc	1024 26th Street, Kansas City, KS	US
S1-350662088	Golden Partnership Private Limited	G-56 Phase-1, Ashok Vihar, New Delhi, North Delhi, Delhi	India
S1-232118683	Education Federation	714 Euclid Avenue, Arlington Heights, IL	US
S1-440806245	Foot & Ankle Precision Care Associates Inc	222 Martling Avenue, Unit Apartment 3E, Tarrytown, NY	US
S1-341381882	Glyphio Ellington, LLC	86 Iliad Drive, Tinley Park, IL	US
S1-829607564	Fresh Intelligence Partners LLC	5633 Field Brook Drive, Clarence, NY	US
S1-865099747	Begusarai Software Private Limited	C/O Alkhan Ranjan Singh, Vill-Ayodhya Teghra, Adharpur, Begusarai, Bihar	India
S1-8027810	Nivedita & Co	C/O Radheshyam, Udaipur, Ward No 10, Dhuni By Pass, Near Bhanu Palace, Fatehn, Rajasthan, Udaipur	India
S1-300952448	Indo Builders Private Limited	C/O Md Nafis Akhtar, Vill-Areraj (Np) Tola-W.N.1, Panch & Block-Areraj, Areraj, East Champaran, Bihar	India
S1-919539888	ZI Electric LLC	7001 Fleming Avenue, Sacramento, CA	US
S1-984938150	Johnson, Groves and Peters Corp	1701 32nd Street, Rio Rancho, NM	US
S1-262229705	Vea Continental Realty LLC	389 Plum Street, PA, Benner Twp	US
S1-896687785	Supreme Total Intermediate Inc	846 Arndt Road, Cuero, TX	US
S1-32259513	Mahesh Farms Private Limited	Flat No. 254, Cghs Karishma Apartment, Patpar Ganj, East Delhi, Delhi	India
S1-876447408	Garcia & Schooley Crown	1580 4th Street, Village Of Port Edwards, WI	US
S1-773541531	Comet & Co	Huda Layout, Residential Complex, Road No.2, Banjara, Plot No. 13, Hills, Telangana, Hyderabad	India
S1-110839794	Frontier Project, LLC	1924 4th Avenue, Seattle, WA	US
S1-367816410	Horizon	6666 Brookmont Terrace, Unit 809, Nashville, TN	US
S1-723971838	Ear Nose & Throat Specialists	557 Village Drive, Manson, WA	US
S1-133975167	Nodyne Maintenance Corp	101 Whitespire Drive, Village Of Hixton, WI	US
S1-836345067	Ackert Value Biosciences L.L.C.	816 Madison Street, Muncie, IN	US
S1-776113100	Pediatric Dentistry Associates LLC	124 Central Avenue, Ocean View, DE	US
S1-968938709	Nagiya Restaurants Corporation	Flat No. 904, Building No. 7 Gali No. 1 Block B, Ashok Vihar, Phase 3, Gurugram, Gurgaon, Haryana	India
S1-472700401	Margi Mcfeely Best Nevada LLC	Prince William County, VA, 16763 Sweeney Lane	US
S1-856931753	Anoop Industries Group Pvt Ltd	Old Industrial Area, Opp. Ram Dharam Kanta, Alwar, Plot No. 1B, Alwar, Rajasthan	India
S1-732980873	Smith Interests	Unit 102, Lake Havasu City, 151 Tema Drive, AZ	US
S1-798426624	Pemiex	AZ, 6994 Forest Avenue, Gilbert	US
S1-967478056	Technologies Ik Association LLP	C/O Sharwan Kumar, Rampura, Post-Dudhawa, Via-Kochhor, Danta, Rampura, Sikar, Rajasthan	India
S1-370617898	Pp Institute Corp	Nellore, Karimnagar, Telangana, H No 5-6-70 Near Venkatasai Cinima Theater Old Bazar Kapuwada	India
S1-414759296	Sadhguru Rock	Kannur, Kerala, Thalassery, 1/289, Kallukandy, Chokli	India
S1-285005999	Regional Frontier Atlanta Inc	Lavergne, 7003 Buffalo Drive, TN	US
S1-749705793	Asian Wellness Private Limited	Pt No 40/Lig, Dharmareddy Colony, Kphb, Hydernagar, Hyderabad, Rangareddy, Telangana	India
S1-119501857	CUK Constructions Private Limited	Gautam Buddha Nagar, Greater Noida West, E603 Arihant Arden, Plot No Gh07A, Sector 1, Uttar Pradesh	India
S1-188969154	Jackson First Sunrise Inc	139 Melbourne Drive, Weatherford, TX	US
S1-910855190	LY Better Data LLC	8813 Wisdom Ln, Heritage Creek, KY	US
S1-980628895	Zone Systems Private Limited	Room No.26/331N Vengalloor-Thodupuzha Four Line Road, Tho, Dupuzha Po, Thodupuzha, Idukki, Kerala	India
S1-214949439	Black Overseas Private Limited	H No 20, Kh No 999, Saidata Road, Lucknow, Uttar Pradesh	India
S1-427147067	East Continental Melar PC	1117 Lamont Street, DC, Washington	US
S1-376272111	Dynamic Estate Limited	No:90, Alagar Koil Road, Madurai Madurai, Madurai, Tamil Nadu	India
S1-186117048	Etta Horton United Redwood LLC	590 Portage Lakes Drive, Akron, OH	US
S1-171562840	Sree Construction Private Limited	Maharashtra, Goregaon East, Ele Nesco It Park, Mumbai, 10Th Flr C Wing	India
S1-378709921	IZ Cdt	2311 Knob Creek Road, Johnson City, TN	US
S1-556459205	Classic Indo Industries Private Limited	45 First Floor Angoori Baghnear Hanuman Mandir Jamuna Bazar, Delhi, Central Delhi, Delhi	India
S1-224883093	Sodepur Polymers Pvt Ltd	Shop - 19, Divya Sankul Apartment, Near Uco Bank, Gorwa Naka, Vadodara, Gujarat	India
S1-555449416	Betti Garrison Fresh Coca Inc	1596 Calle La Cumbre, Camarillo, CA	US
S1-619594347	Elite Catalyst LLC	4669 Chestnut Hill Road, Crossville, TN	US
S1-970078217	Vankirk's Massage LLC	10 Village Green Way, Unit 204, Marshfield, MA	US
S1-947034969	Merlina K. Hice, CPA	1824 Dunwoody Road, Parkville, MD	US
S1-425117144	Sn Medical Centre Pvt Ltd	No 4, 4Th A Main, Bangalore North, Bangalore, Karnataka	India
S1-718262114	Clear Empire Octave Inc	1298 Jennings Town Road, Nottoway County, VA	US
S1-334993529	Motihari India Limited	C/O Pramod Ranjan Srivastava S/O Kameshwar Pd, Srivastava Belbanwa, Motihari, East Champaran, Bihar	India
S1-191104400	Chiropractic Associates	635 Commercial Street, Mingo Junction, OH	US
S1-204192695	Hoch Cell LLC	7050 Filbeck Drive, Terre Haute, IN	US
S1-380244636	Unified Media Brands	15779 Sand Hills Road, Fl 1st Floor, Surprise, AZ	US
S1-644330216	Laxmi Fortune Investments Private Limited	Sy No. 28/2, Konanakunte, J P Nagar 8Th Phase, Bangalore, Karnataka	India
S1-96760280	Precision Research Products, LLC	1149 S Branch, Harrison, OH	US
S1-429178963	Jay Investments Private Limited	16/1, First Floor New Cloth Markrt, Sarangpur, Ahmedabad, Gujarat	India
S1-977790025	Shyam Impex Private Limited	A-52 S/F Vishal Market, Tagore Garden Extn., New Delhi, West Delhi, Delhi	India
S1-532260558	Tri-State Association	3750 Gleneagles Road, Charlotte, NC	US
S1-576835340	Welkin Fields Private Limited	Ernakulam, Bharathi, Krps 322, Indiraji Road, 7/391, Ernakulam, Kerala	India
S1-808299136	Shree Business Private Limited	B 268 Jawahar Nagar, Mhow, Indore, Madhya Pradesh	India
S1-85264481	Kubo Mozayyx LLC	4020 Dover Fort Barnwell Road, Dover, NC	US
S1-134329260	Canny Office of Hempstead	2778 1st Place, Hempstead, NY	US
S1-157949351	Virtue (India) Farmers Private Limited	No.80 (Old No.3/1), 2Nd Floor, Halima Manzil 6Th Main, Mathikere, Bangalore, Karnataka	India
S1-834364118	4400 Madison Avenue Holdings	333 K Street, Benicia, CA	US
S1-742043408	Youth Association LLC	2521 Thatcher Avenue, Unit 1G, River Grove, IL	US
S1-933822357	BJ Spy Pvt Ltd	A-5, Wazir Pur Industrial Area, Delhi	India
S1-326162197	Anderson Mozayyx LLC	18913 Sheridan Avenue, Lake Villa, IL	US
S1-869716648	Little Massage PLLC	1909 Edon Drive, City Of Janesville, WI	US
S1-189556860	Madras Services	Surya Mansion 625, Anna Salaimadras, Madras, Chennai, Tamil Nadu	India
S1-363215613	Popescu Dental Associates LLC	5220 Aegis Drive, Noblesville, IN	US
S1-24335262	Mumbai India Pvt Ltd	C-101 Nyayadeep Apts Ravirajcomplex Link Road Andheri (W), Mumbai, Maharashtra	India
S1-517747071	Certified National Materials Inc	7335 Dalewood Lane, Dallas, TX	US
S1-271459254	Supreme Insurance Digital	144 Fox Chase Lane, Hampshire, TN	US
S1-118947711	Mcclain Return	Miles City, MT, 133 Balsam Drive	US
S1-955429374	Balaji Trading Private Limited	F-38, 1St Floor, Rangoli, Plaza, Maharana Pratapmarg, Jaipur, Rajasthan	India
S1-926546182	Herman, Bell and Mooney LLC	5241 Mulberry Lane, Monee, IL	US
S1-501748364	Heritage Fellowship	5467 Woodland Beach Road, Smyrna, DE	US
S1-363260142	First Infotech	South Delhi, Masigarh Village, New Delhi, Delhi, H No-20 F/F	India
S1-782637704	Enterprises Akar Industriesprivate Private Limited	Room No:60, West Mangad Mangad Po, Pazhanji Via, Thrissur, Kerala	India
S1-860998768	Hoskins Duke	3799 Village Run Drive, Unit Unit 1102, Des Moines, IA	US
S1-292784190	Hensley's Healthcare	1100 Thompson Place, Unit 9, Nashville, TN	US
S1-195066638	Niji Learning Pvt Ltd	Plot No. 217, Pimpalgaon Mahadeo, Ardhapur, Nanded, Maharashtra	India
S1-300861902	Midwest Flaherty Ltd	Mabelvale, AR, 14519 Heinke Road	US
S1-742674308	Virtus Journeys Private Limited	Flat No.101, G-6A, First Floor, Cl A.B, Nair Road, Juhu, Mumbai, Mumbai City, Maharashtra	India
S1-746154945	Community Center	3203 W End Avenue, Nashville, TN	US
S1-73381745	Flores, Colas & Quintero Edison	6104 20th Street, Omaha, NE	US
S1-999328178	AWY System	287 Stonybrook Drive, Lexington, NC	US
S1-687113327	Surgical Interstate Group	1828 Landrake Road, Towson, MD	US
S1-753949848	Yours & Brothers Private Limited	401 To 406 411 To 426 Blue Diamond Complex, Fgunj, Vadodara, Gujarat	India
S1-680873014	S&p Learning Corp	J-27South Extension 1, New Delhi, South Delhi, Delhi	India
S1-138950492	Jessie Walker, D.O.	2593 International Parkway, Virginia Beach City, VA	US
S1-588434642	Gould Fitness LLC	3920 1100, Unit 150, Millcreek, UT	US
S1-297561335	Womens Health Rapid Care LLC	6051 Lake Road, Ottumwa, IA	US
S1-73812253	Sapphire Properties L.L.C.	1747 Hillmeade Square, Frederick, MD	US
S1-929736446	India Arati Infracorp Limited	Unit 522 Second Floor Taj Plaza, Tdi City Sector 118, S.A.S.Nagar (Mohali), Rupnagar, Punjab	India
S1-566661368	Mumbai Petrochem Private Limited	Mumbai, Maharashtra, Mumbai, 202 2Nd Floor Kanaiyalinking Road Bandra West	India
S1-79037210	Odum Machines LLC	3315 Basford Road, Frederick, MD	US
S1-995909375	Albrecht and Ofallon Nano, LLC	2408 Gray Jay Drive, Ely, MN	US
S1-614835906	Maa Care Private Limited	Ganesh Prasad Buildingk S Rao Road, Mangalore, Dak. Kannada, Karnataka	India
S1-46468286	BB Term Inc	424 Country Club Drive, Winchester, KY	US
S1-760150751	Downtown Bistro	3925 Penshurst Lane, Unit UNIT 201, Prince William County, VA	US
S1-62822497	Red Services Private Limited	E-69, South Extension, Part-1, New Delhi, South Delhi, Delhi	India
S1-14330229	Ear Nose & Throat Health	700 3rd Avenue, Altoona, IA	US
S1-229773560	Aditita Trading Private Limited	1, Krushna Complex Nr Pavitra, Nagar, Opp-Cadila Laboratory, Ahmadabad City, Ahmedabad, Gujarat	India
S1-945351111	Alonzo, Snyder and Post America	1034 19th, Tell City, IN	US
S1-204686694	Rogers and Rosario Trinity P.C.	222 Jefferson Street, Walnut Grove, MO	US
S1-200605614	Brightay Trailblazer LLC	411 Fifth Street, Toronto, OH	US
S1-410251977	Great Direct Inc	1397 Mill Creek Road, Pittsylvania County, VA	US
S1-511125597	Cara Cleaning Service Inc	5365 Bivens Road, Marion Station, MD	US
S1-201203645	I B & W Vision LLC	109 Guajolote Street, Cedar Creek, TX	US
S1-595494857	Cornerstone Nutrition Concepts	608 15th Avenue, Bozeman, MT	US
S1-809358179	Ridge Endocrinology LLC	285 Avery Street, Rochester, NY	US
S1-992920241	Eastern Legacy Grading LLC	2965 Barrel Spring Road, TX, Nocona	US
S1-316328862	Mitchell Platinum Apollo	321 34th Street, Paducah, KY	US
S1-427247549	Gaby Thao Environmental Services, LLC	340 Parade Ground Circle, Camp Verde, AZ	US
S1-447686525	Kimberling City Baptist Chiropractic	220 Bittersweet Circle, Unit UNIT 4, Kimberling City, MO	US
S1-741005979	Bernette Carver Wilco Inc.	14310 95th Avenue, Gig Harbor, WA	US
S1-486307963	Allied Welfare Society	B-1201, Satyam Harmony, Plot No. 66, Sector 8A, Airoli, Navi Mumbai, Maharashtra	India
S1-281314425	Carthage Surgical Fresh Physicians	205 Acorn Knoll Drive, Carthage, NC	US
S1-825001113	Charlotte Behavioral Health Cascade Center Inc	9847 Hanberry Boulevard, Charlotte, NC	US
S1-877927735	Maa Investments LLP	112, Ranga Vilas New Dhamu Nagar, Coimbatore, Tamil Nadu	India
S1-213777830	Lantern PLLC	OH, Peebles, 195 Cuckoo Road	US
S1-812519244	Martinez Modern Data PC	4020 Minnesota Avenue, DC, Unit 280, Washington	US
S1-623255087	Anand Industries Limited	New Delhi, Delhi, Rz G- 7 Mahavir Enclave Nanda Block Palam, South West Delhi	India
S1-652859376	Red Cafe Care	120 Shady Lane, Raeford, NC	US
S1-848396720	Cornerstone Cargo Dynamics	124 Brendan Woods Lane, Conroe, TX	US
S1-359394550	Pvk Trading Pvt Ltd	Neelam Centre, `A` Wing, 4Th Floor, Worli, Mumbai, Maharashtra	India
S1-890379480	Collins, Costantino and Pfaff	95 Rantoul Street, Unit 401, Beverly, MA	US
S1-779036943	Family Institute V LLC	17297 Fisher Road, Cold Spring, MN	US
S1-914812433	Ridge Alphabet LLC	2105 Buckland Avenue, Fremont, OH	US
S1-672681753	Brandenburg Scholarship Committee	524 River Ridge Plaza, Brandenburg, KY	US
S1-163515894	Interstate Empire Babcock, Inc	519 Arrowhead Street, Springfield, MO	US
S1-476093643	Safe Software Networks Inc	575 Prairie View Drive, Unit Suite 410, West Des Moines, IA	US
S1-332952603	Indian Finance Private Limited	C/O Ashwin, P 1A-192 Princeton Estate, Dlf Phase, Gurgaon, Haryana	India
S1-944339397	Premier Technology Private Limited	Vill No. Dl-29/386/P1.Shriram Panorama Hills Madhurawada, Vishakhapatnam, Andhra Pradesh	India
S1-464777497	Modern Purecycle Corp	4201 Meads Creek Road, Campbell, NY	US
S1-251927969	Navi Mumbai Construction Pvt Ltd	Unit No.S-61, Second Floor, Fantasia Business Park Plot No. 47, Sector No. 30A, Vashi, Navi Mumbai, Thane, Maharashtra	India
S1-141184199	Unified Environmental Solutions	IL, Crete, 1360 Burville Road	US
S1-347486921	Luise's Fisheries	1306 Honeysuckle Lane, Somerset, KY	US
S1-991021698	Monami Brothers Clinic	16/1860(1) Dpi Road Jagathy, Thycaud P O, Thiruvananthapuram, Trivandrum, Kerala	India
S1-803141736	Kinetic Law Chambers	Shed No. 6 Basement Dsidc, Scheme-1, New Delhi, Delhi	India
S1-755035763	India Vista Bros Private Limited	House No. F-1, Akash Home, Near Mit College, Moradabad, Uttar Pradesh	India
S1-547389938	Eye Choice Center LLC	5477 Goldust Drive, Town Of Rockland, WI	US
S1-292130334	Burton Cascade Championsgate Inc	31852 Headgate Road, Lebanon, OR	US
S1-611001453	Big Barbershop	506 6th Street, Fairmont, WV	US
S1-163619367	Unique Impex Private Limited	903, Rivera Tower No. 1, Lalji Nagar, Adajan, Surat, Gujarat	India
S1-165683632	Internal Medicine Global Care LLC	751 Bunton Reserve Boulevard, Kyle, TX	US
S1-940142506	Digital Technology Private Limited	Ground Floor A6, Azad Path, Saristabad, Gardanibad, Phulwari, Patna, Bihar	India
S1-672525530	Lovett Grid, Inc.	3708 -204 Windlass Circle, Virginia Beach City, VA	US
S1-366701047	Pediatric Dental Metro Clinic Inc	114 Point Shore Pvt Drive, Piney Flats, TN	US
S1-3458439	Ward Metro First L.L.C.	Evansville, IN, 1308 Willow Road	US
S1-295624140	Zee Wings Private Limited	A-73, Sainik Colony, Faridabad, Haryana	India
S1-575188473	Great Properties Private Limited	Flat No. 1020, Tulip Le Park Apartments Anand Nagar Colony, Kondapur, Hyderabad, Rangareddy, Telangana	India
S1-248254103	Big Hospitality Pvt Ltd	Sn 25-26, S.B. Vihar, New Sanganer Road, Jaipur, Rajasthan	India
S1-593069714	Aspen LLC	1450 21st Avenue, Portland, OR	US
S1-974689717	Mariquilla Fuentes Manulife, LLC	51 Bledsoe Highway, Tatum, NM	US
S1-141674184	Mullin Argentina, LLC	2435 690, Clinton, UT	US
S1-620782397	Semion LLC	2515 George Street, Nacogdoches, TX	US
S1-204154330	Marks Cascade Municipal LLC	1301 Algoma Boulevard, City Of Oshkosh, WI	US
S1-17408547	Waycaster Processing LLC	430 Arlington Road, Camp Hill Borough, PA	US
S1-485943516	Varshraj Welfare Private Limited	S No 11, Fl 13, Office No. 06 Gultekadi, Pune, Maharashtra	India
S1-664324358	Great Program	214 Newtown Avenue, Norwalk, CT	US
S1-99813660	Colonial Society of Dallas	2306 Frank Henderson Jr Drive, Dallas, TX	US
S1-647687774	Regional & Associates	2A/B 4Rt Mehta Clipwala Compsaki Vihar Road Andheri (E), Mumbai, Maharashtra	India
S1-690041633	Continental Program	Mount Pleasant, 407 Sherman Avenue, NY	US
S1-814056857	Emerald Inc	1583 Ritchie Road, Stow, OH	US
S1-545084607	Ss Marketing LLP	Unit208 Pragyaaccelerator, Ii Road 1C Gift Sez, Gandhi Nagar, Gujarat	India
S1-352936013	Little Diner! Inc	1369 Burke Lane, South Elgin, IL	US
S1-489426586	Matrix Structures Limited	8-2-293/92/A/1085, Road No 55-A, Jubileehills, Shaikpet, Hyderabad, Telangana	India
S1-885500763	Clear United Mitsubishi LLC	2420 Airport Road, Unit 2201, Ellensburg, WA	US
S1-942433606	Butler Complete Opendoor Inc	206 Maryland Avenue, Westover, WV	US
S1-533708273	Nextgen Vanijya Pvt Ltd	Vill-Shivdaspur, Manduadih, Varanasi, Uttar Pradesh	India
S1-555097333	Jbs For	Lakshmi Complex, Kottamuri, Changanacherry, Kottayam, Kerala	India
S1-649647465	Faus Worldwide Inc.	TX, Haslet, 1525 Fence Post Drive	US
S1-999856458	Sais Inc	245 Princeton Street, Holden, MA	US
S1-728720514	Cooper Wireless LLC	18008 Cielo Grande Avenue, Surprise, AZ	US
S1-282199109	Eastern Guru Finance Limited	7Thfloor Spaze Palazo, Golfcourse Ext Road, Sec69, Sadar Bazar, Gurgaon, Haryana	India
S1-142567855	#Zion Fusion Associates	1628 Chateau Circle, Montgomery, AL	US
S1-293215501	Blue Book Store Inc	10417 Almond Drive, Baton Rouge City, LA	US
S1-412343128	Ace Marketing Private Limited	119 Dr. Radhakrishna Salaimylapore, Madras, Chennai, Tamil Nadu	India
S1-881952992	Pediatric Dental Center LP	14658 925 Road N, Bloomington, IL	US
S1-247736130	Librizzi Point Inc	10640 13th Street, Topeka, KS	US
S1-584185082	Direct Express Managed	VA, Nelson County, 48 Dickie Road	US
S1-837777334	Chandrya Marketing Pvt Ltd	Office No.507, 5Th Floor, The Summit Business Bay, Andheri A.K Road, Gondavali, Opp.Cinemax, Andheri., Mumbai, Mumbai City, Maharashtra	India
S1-522880539	Horgan Pegasus P.C.	169 Beulah Road, Clinton, NC	US
S1-922084305	Universal Systems Private Limited	Kerala, Door No. 14/432, Ernakulam, Mukkadackal Building, Irumpanam, Tripunithura	India
S1-203849275	Saha Financing	261, Kuppanatham Main Road, Thalavanayakkan Pettai, Chengam, Tiruvannamalai, Tamil Nadu	India
S1-703832612	Monica, Mitchell and Churchman, LLC	324 Babb Drive, Midwest City, OK	US
S1-251552875	Desert Ministries IV	744 Grant Avenue, Dunkirk, NY	US
S1-5170030	Nagraj India Co	Keerthi Riviera Annexe Orchid, 119 6Th G Cross Kaggadasapura Near Appolo Pharmacy C V R Aman Nagar, Bangalore North, Bangalore, Karnataka	India
S1-526675139	Apex Bright Supply LLC	8041 Second Street, West Chester, OH	US
S1-710928097	Viniyog Nursing Home Private Limited	82, Chandrashila Chs.Ltd., B/H:Bhavna Flats, Nr:Malay Tenaments, Barrage Road, Vasna, Ahmedabad, Gujarat	India
S1-161984764	Garcia & Mizner LLC	741 Pennington Road, Sulligent, AL	US
S1-636612693	Tech Investments Pvt Ltd	12/137, Marine Drive, Mumbai, Maharashtra	India
S1-457764160	Sant Infra	Plot No. 580-7, Anand Ashray Duplex Old, Jabalpur, Madhya Pradesh	India
S1-348347167	Ferne Bailey Mountain Polestar	914 85th Street, Fl 1, Scottsdale, AZ	US
S1-15600456	Kobs Quality Alussa LLC	2211 Erastus Street, Houston, TX	US
S1-189257401	Ridgeline Inc	1330 Neetsie Drive, Albuquerque, NM	US
S1-27529274	Mini Fund Public Limited	17/10Old Rajinder Nagar, New Delhi, Central Delhi, Delhi	India
S1-107234033	Applied Institute	A-12, Sector-31, Noida, Uttar Pradesh	India
S1-30663623	Tharpe Alpha Group	2761 Sherry Lane, City Of Green Bay, WI	US
S1-607957343	Carlynn B. Dempster, O.D. Inc.	Orleans, 23 Brick Hill Road, MA	US
S1-634826886	Raina Infra Pvt. Ltd.	D.No.1-110-14 Plot No 113, Sector 8, Mvp Colony, Visakhapatnam (Urban), Visakhapatnam, Vishakhapatnam, Andhra Pradesh	India
S1-39858243	Annelise's Global Manufacturing	105 Wilmot Road, Hamden, CT	US
S1-995026976	Aditya Business Private Limited	C-302, Asian Manor, Road No.2, Banjara Hills, Hyderabad, Telangana	India
S1-439517620	Mallika Brothers Private Limited	Kandappan Street, Tiruttani, No.21, Tamil Nadu, Tiruvallur	India
S1-262937609	Raviya Labs	Door No.73/10, Parappallil, Pampady South, Kottayam, Kottayam, Kerala	India
S1-186310766	Morgen's All Cafe Inc.	16846 455, Forestburg, TX	US
S1-513141373	Denney, Mireille, DO, M.D., P.C.	2424 Park Avenue, Unit Apt 2, Muscatine, IA	US
S1-453735974	Arihant Food Private Limited	44B, 1St Floor, Gst Road, Guindy, Chennai, Tamil Nadu	India
S1-281145406	Jai Constructions Private Limited	2/46, Ii Floor, Cl Bank Building, Krishnapuram St Choolaimedu High Road, Choolaimedu, Chennai, Tamil Nadu	India
S1-97569699	Creative Builders Private Limited	C/O Ritesh Chore H.No.17 Bs.No 12/4 Bhakti Nagar Sultanpur Paratwada Road Revasa, Amravati, Maharashtra	India
S1-845646798	Rohit Building Pvt Ltd	259C Bk Guda Sr Nagar, Hyderabad, Telangana	India
S1-96737325	Womens Health Partners LLC	814 Ervin Drive, Lexington, NC	US
S1-945440139	Bharat Foundation Pvt Ltd	Flat No 405, 6-3-865/C, Imperial Garden, Panjagutta Ameerpet, Hyderabad, Telangana	India
S1-410584011	Sai Developers Private Limited	5/54, Rsc-2, Svp Nagar, Mhada Layout, Nr. Mtnl Office, Versova, Andheri (W), Mumbai, Mumbai City, Maharashtra	India
S1-599784567	All Infra Pvt Ltd	Flat No I-1281, Block B-21, Vrinda Gardens, Goner Road, Jaipur, Rajasthan	India
S1-728434052	Empire Golden Transport Inc	NY, 7897 40, Wirt	US
S1-99703126	Red North Agro Private Limited	Hn 171/12 Nanda Nagar Mai, Madhya Pradesh, N Road In Front Of Joseph, Indore	India
S1-356216739	Mcwhorter and Callahan LLC	3841 Cr 356, Brazoria, TX	US
S1-521356600	KS Exim Public Limited	Flat 53, Bldg No. 6, Vijay Garden Jasmine Soc, Thane, Maharashtra	India
S1-106897210	Perfect Hospitality Private Limited	Unit No.221, Damji Shamji Industrial Complex 9 L.B.S Marg, Kurla (W), Mumbai, Mumbai City, Maharashtra	India
S1-410876009	Glamour Fresh Pvt. Ltd.	House No. 56, Sector No. 21, Scheme No. Yamunanagar, Nigadi, Pune, Maharashtra	India
S1-311714343	Reed, Hodge & Rivera Realty LLC	6508 Wayside Place, Fairfax County, VA	US
S1-660686698	Southern Athene Company	New York, 929 Governors Island, NY	US
S1-409183535	Pruett, Trimmer and Jackson Connection LLC	8070 Kronos Drive, Unit DUPL B, Anchorage, AK	US
S1-769469261	Trusted Pmv, LLC	2457 40th Street, Unit A, Cleveland, OH	US
S1-502919149	Smith Flag of Ringwood	IL, Ringwood, 7320 Barnard Mill Road	US
S1-545556418	Trusted Bioworks	13277 Driftwood Drive, Yuma, AZ	US
S1-952592644	Sbv Trading Pvt Ltd	7-Nutan Nagar, Amin Marg, Nr, World House, Opp Ward O, Rajkot, Gujarat	India
S1-369470781	Pa Engineering Private Limited	High7, Bharath Nagar Colony, Sanathnagar, Hyderabad, Telangana	India
S1-215374137	Avenue Advisory Private Limited	Indo-German Chamber Of Commerce 403, Shah Sultan, 4Th Floor, Cunningham R, Oad, Bangalore, Karnataka	India
S1-377722137	Kim Express Brewing LLC	479 Cr 109, Eureka Springs, AR	US
S1-490179600	Gomez Summit Osprey	4524 Billings Road, Brownsville, TX	US
S1-508538703	Bright Grill!	2415 Northfield Circle, Pleasant Grove, UT	US
S1-568158755	Garcia and Smith Prime Inc	11508 32, Town Of Breed, WI	US
S1-891161355	Newcomb Chemical P.C.	67928 11, Goshen, IN	US
S1-695777678	Safe Infrastructure Union	6149 Watt Avenue, North Highlands, CA	US
S1-55112743	Gilliam Mobile LP	16 Highview Terrace, New Hartford, CT	US
S1-737422730	Fawcett, Meta, Ph.D.	1000 Courtaulds Drive, Woodstock, IL	US
S1-701816678	Regional Summit Israel LLC	9121 Lutz Road, Poland, IN	US
S1-171916617	Bellanca Gutierrez Creative Regency	1942 Preston Avenue, Abington Township, PA	US
S1-823222037	Salem Consultancy Private Limited	C/O-Mahendra Kr Basotia, Palpara Near- Ram Mandir, Sapuipara, Nischinda, Howrah, West Bengal	India
S1-255902442	Om International Private Limited	4/975, Thayumanavar Nagar Kaatoorani, Ramanathapuram, Tamil Nadu	India
S1-44290892	Jackson Spartacus	2705 Chanbourne Way, Fairfax County, VA	US
S1-148014983	Gordon, Huff & Spencer Artificial LLC	217 Elm Drive, Seaford, DE	US
S1-363048423	DR Charitable Private Limited	H No-2310 Sec- 49 Fbd, Faridabad, Haryana	India
S1-890609100	Arden Delao Drilling	5500 Lakehaven Court, Wilson, NC	US
S1-784613983	Aditya Agro Private Limited	48-D, Mukataram Babu Street Jorasanko, Barabazar, Kolkata, Kolkata, Howrah, West Bengal	India
S1-202331614	Royal Developers Pvt Ltd	C-42, Patrakar Nagar, H.Nagar, Kankarbagh, Patna, Bihar	India
S1-52984197	Lakshmi Engineering Private Limited	No.18/1006, Janapriya, Medicals Bldg, Moochikkal, Valancheri, Malappuram, Tirur, Tirur, Malappuram, Malapuram, Kerala	India
S1-482083735	Rain (India) Pharmaceuticals	Shop No 10 D-Type Pl No 72/ 6, 7, 8 Bharat Bazar, Aurangabad, Maharashtra	India
S1-124064245	Pune Care Pvt Ltd	C/O Shakil Ahmad, Maharashtra, Pune, 535-3058, Anushya Building, Akshay Soc, Sant Tukaram Nagar, Pimpri, Pune.	India
S1-647871049	Posh Ventures Private Limited	Shop 101 First Floor Cs. C Shakti Appartment Paschim Vihar, Delhi, West Delhi, Delhi	India
S1-771832832	Green High Trading	Gramathi, Ch, Okli, Kannur, Kerala, 17/251 Baithul Zubi Near Ramakrishna Lp School	India
S1-748766335	North Ram Enterprises Pvt Ltd	A-2, 2Nd Floor, A Block, Gali No. 1, Hari Nagar Ex, New Delhi, South Delhi, Delhi	India
S1-515587327	Frontier Idea	14916 Scholls Ferry Road, Unit #301, Beaverton, OR	US
S1-495607998	Martin Educational Society Ltd	Neelanchal 21 Govind Sadan Road Gadaipur Khasra 410 Mehrauli, New Delhi, South Delhi, Delhi	India
S1-589633152	Norton, Kale & Valles Australian	3526 25-70 Highway, Hot Springs, NC	US
S1-171534902	Family Better Medicine LLC	13 Walts Way, Warwick, NY	US
S1-583915290	Arihant Bombay Infrastructure Private Limited	Plot No 738, Second Floor Jlpl Industrial Estate, Sector-82, Mohali, Punjab	India
S1-119221329	Agrawal Couture of Cleveland Inc.	3716 Spokane Avenue, Cleveland, OH	US
S1-371855292	Arihant Prime Technology Private Limited	G N 168, P No 37, Tuljabhavani Knagar, Nanded, Maharashtra	India
S1-607139509	Apex Elite Fox	137 Chesterfield Way, Folsom, CA	US
S1-271361206	Premier Advanced Manufacturing LLC	N13034 Gorman Avenue, Thorp, WI	US
S1-863918350	India Radhey Infratech Private Limited	Road No-85-H, No-6-F No-7, Second Floor, Punjabi Bagh West, New Delhi, Delhi	India
S1-98084405	Teodora Pough Landscaping Associates	1005 Misty Lane, Carrollton, TX	US
S1-931035970	Amoroso Monte	13084 Petaluma Road, Victorville, CA	US
S1-308314883	Hotel Infrastructure Private Limited	5-5-35/71/1, P.No.26, Prashanth Nagar Colony, Kukatpally, Hyd, Telangana	India
S1-620896067	Solutions Chakra Management Private Limited	Gala No. 210, Rajprabha Enclave-4, Vasai, Palghar, Vasai-Virar City, Vasai, Thane, Maharashtra	India
S1-511044839	Ara's Software	409 Walnut Grove Road, MD, Essex	US
S1-650634914	Vanguard Plains P.C.	94 Braxton Court, Trinity, AL	US
S1-988378988	Funches Platinum Crown, LLC	2383 Willoughby Avenue, Hempstead, NY	US
S1-56977467	Hotel Pioneer Global Pvt Ltd	4-B, Nusser House Opera House, Mumbai, Mumbai City, Maharashtra	India
S1-808753469	Peninsula & Co	17 Jaldarshan, 51, Nepean Sea Road, Mumbai, Maharashtra	India
S1-614999493	Clara Sivley Muniyield LLC	5430 Tiffin Street, Unit W39, Tiffin, OH	US
S1-383700595	Ninnette Diaz Grand Allocation	Albuquerque, NM, 7521 Guadalupe Trail	US
S1-236108784	BH Products Private Limited	Vill-Harihapur, Post-Hariharpur Khajni, Gorakhpur, Uttar Pradesh	India
S1-782864194	Rudrani Linen Partners	12 Vidyut Nagar B Ajmer Road, Jaipur, Rajasthan	India
S1-12804286	Maa Solutions Ltd	16-A, Greater Brajeshwar, Indore, Madhya Pradesh	India
S1-967214860	Bay Mae Corp	13093 Lagoon Lane, Town Of Brazeau, WI	US
S1-974798076	Behavioral Health Green Specialists, LLC	5601 Geyer Springs Road, Little Rock, AR	US
S1-419587924	Verrova Consultants, LLC	CA, 439 Vorale Avenue, Simi Valley	US
S1-136371706	Elite Apparel Brands Inc	8920 Ava Drive, Bailey, NC	US
S1-462440717	Silver Hospitality Private Limited	Bhiwadi, U.I.T Bhiwadi, Rajasthan, 5/11, Alwar	India
S1-974858609	Innovative Financial Partners, Inc	530 Machelle Drive, Cary, IL	US
S1-156465025	Pinales, Hazlett and Smithey Systems	2091 Robinson Renaker Road, Berry, KY	US
S1-253091495	Mccoy and Bryan	3280 High View Drive, Louisville, TN	US
S1-782114126	Ik Fashions Private Limited	301-309 3Rd Floor Vardhmanplaza 2 J Block Community Centre Rajouri Garden, New Delhi, West Delhi, Delhi	India
S1-33378007	# 3 UA Flexible LLC	102 Donna Drive, Brandenburg, KY	US
S1-82959370	Johnson York LLC	CA, 2135 Farwell Street, Simi Valley	US
S1-549294414	Andheri West Consultancy LLP	403, Building A, 33 Apna Ghar Housing Soceity, Off J P Road, Andheri West, Mumbai, Maharashtra	India
S1-759628495	Allied Nutrition Technologies P.C.	606 Buchanan Avenue, Unit 606, Morton, TX	US
S1-379300516	Cantrell Green Gabelli Inc	1060 Main, Unit 4, Colville, WA	US
S1-628727207	Tirupati & Co	Mumbai, R No 4, Mumbai, Nida Chl N, Nr Ku, Lbs Marg, Kurla West, Maharashtra	India
S1-662089496	Johnson & Craft Inc	1212 Demonbreun Street, Unit 714, Nashville, TN	US
S1-514623127	Indo Products Private Limited	Mumbai City, No.6, Two Tank, Bara Imam Road, Mumbai, Maharashtra	India
S1-204576920	Custom Construction Digital LLC	Akron, Unit B, 809 White Pond Drive, OH	US
S1-88269620	Indo It Private Limited	Property No- D1B 7A, Mig Flats, D- Block, Janak Puri, New Delhi, West Delhi, Delhi	India
S1-148523171	GUI Horizon Range Company	2917 Fossil Rim Street, Fl 0, Wichita, KS	US
S1-171790902	MC Integrated Compania P.C.	10709 St Stephen Lane, Saint Ann, MO	US
S1-994677565	Standard Holdings	Valsad, Gujarat, 2/35 Rama Bhavan Chhipwad Bhai Lal Patel Road Village Valsad, Valsad	India
S1-492635399	Manobal Trading Limited	No. 27-112, Thirparappu, Kanyakumari, Tamil Nadu	India
S1-37124577	Vaayuya Technologies Pvt Ltd	102, Karan Plaza, Opp.(Old) Viva College Virar (W), Palghar, Thane, Maharashtra	India
S1-156710953	Satkar Homes Private Limited	Lg 154, Landmark Greens Colony, Mhow, Indore, Madhya Pradesh	India
S1-638160969	Drusie's Home Care	2784 Lakeridge Lane, Thousand Oaks, CA	US
S1-343223881	Pacific White LLC	313 Alameda Street, Carlsbad, NM	US
S1-387508255	Ottapalam Build Corporation	Safa Complex, Room No.31/163, Shoranur Municipality, Ottappalam Taluk, Ottapalam, Palakkad, Kerala	India
S1-162646781	Shubhlabh International School	Flat 1B1, Indraprastha Apartments, No. 45, 5Th Main, Ombr Layout, Nr. Srr Kalyanman, Tapa, Bangalore, Karnataka	India
S1-870212201	UP Trading Private Limited	H.No. F Malwadi, Tal Deola, Devla, Nashik, Maharashtra	India
S1-314373739	Bhopal Infra Private Limited	S-5/159, Zone-Ii M.P. Nagar, Bhopal, Madhya Pradesh	India
S1-189098200	Sunshine Hospital Private Limited	Bl-Sec-A, 2Nd-Fr, P-60, Canal South Rd Lp-15/13/9, Dhapa, South 24 Parganas, West Bengal	India
S1-898472896	Classic Hospitality Limited	D-566, Tagore Garden Extension, Plot-80 Yard, New Delhi, Delhi	India
S1-319655484	Beltran Roofing	854 Stickney Street, Saint Paul, MN	US
S1-630650738	Heartland Prairie Crest, Inc	701 Calkins Drive, Spokane, WA	US
S1-750492134	Capital Preferred Evo	762 Van Buren Avenue, Islip, NY	US
S1-516378527	Kathryne Edwards Golden Diversified, Inc	129 Pike Street, Cynthiana, KY	US
S1-272077084	Bombay Consulting	Ah-6 Shalimar Bagh, Delhi, New Delhi, Delhi	India
S1-373863004	Kiva Trading Private Limited	251, Sai Dham Society, Nr Mansarovar Soc Railway Track Road, Go, Dadara, Surat, Gujarat	India
S1-191165207	Better Tower LLC	Clovis, NM, 2920 Thornton Street	US
S1-702967571	Regional Federation LLC	295 Masseys Church Road, Smyrna, DE	US
S1-697923883	Shaw, Ailyn, CPA, PC	1527 Grissom Street, Thousand Oaks, CA	US
S1-332922195	Carpenters Local 793	15856 23rd Street, Phoenix, AZ	US
S1-575439283	Water Electronics Private Limited	Maharashtra, Shree Durga Mandir Gorakh Singh Tab Kadeshwari Mandir Marg Bandra West, Mumbai, Mumbai City	India
S1-638474600	Sungrace Consultancy Pvt. Ltd.	No: 610, Madurai, First Floor Appanthirupathy, Mathur, Tamil Nadu	India
S1-599122139	Kendrick School of Medicine	5764 122nd Avenue, Portland, OR	US
S1-997150693	Sanchez College	13216 Harvest Ridge Road, Keller, TX	US
S1-635226403	Urban Software Limited	247D, Alagesan Road Sai Baba Mission Post, Coimbatore, Tamil Nadu	India
S1-910146425	Raven P.C.	6106 66th Terrace, Kansas City, MO	US
S1-879173654	At Business Private Limited	10/100 Sedan Thottam, G N Mills Post, Coimbatore North, Coimbatore, Tamil Nadu	India
S1-905830599	Devin Solutions Limited	Prakasam, C/O Podili Kavitha New Bank Colony Podili, Prakasam, Andhra Pradesh	India
S1-320826023	Raiden Trades Pvt Ltd	29 Walchand Hirachand Marg, Janmabhoomi Chamber, Mumbai, Maharashtra	India
S1-938455617	Highland Charlton LLC	11840 171st Place, Renton, WA	US
S1-646816469	Miof Mela Taylor Xii LLC	500 Grasmere Avenue, Fairfield, CT	US
S1-995685778	Anchor Rocky Midcap Associates	1575 Gilstrap Lane, Atlanta, GA	US
S1-523823071	Edwards Signature Products LLC	2801 Nottingham Drive, Hutchinson, KS	US
S1-700020475	Devavi Products Private Limited	12-11-1512, Boudha Nagar W.Guda, Secunderabad, Hyderabad, Telangana	India
S1-217109244	Amazing Realtors Pvt Ltd	Maharashtra, Plot No. 25, Ishadan Society, Paud Road, Pune City, S No. 133/135, Pune	India
S1-653949240	Hull Veterinary Clinic Inc	OK, Langley, 935 Third Street, Unit SUITE B	US
S1-419353827	Hitech Construction Limited	102, Panlee Complex, Navrangpura, Ahmedabad, Gujarat	India
S1-33848003	Zenith Natural	500 Karner Road, Colonie, NY	US
S1-568904678	Crown Landmarks Private Limited	D-217, Khadda Cly, Jaitpur Part-2 Badarpur, Near Jama Masjid, New Delhi, South Delhi, Delhi	India
S1-245739155	Community League Clinic	North Haven, 133 Highland Park Road, CT	US
S1-328771986	Agro Consultancy Private Limited	S No 17A/17B Passport Offtce A Wing S7 E Bulding Nashik, Nashik, Maharashtra	India
S1-17945880	Pizzuti, Banez & Berner LLC	6803 40th Street Court, Gig Harbor, WA	US
S1-459402423	Optus Principal Inc	1N 249 Ellis Avenue, Carol Stream, IL	US
S1-82355933	Vincent Networks	203 Eddys Lane, Troy, NY	US
S1-643286795	Goldia Schaffer Continental Galata	5287 Rose Lane, Camillus, NY	US
S1-303435800	Silver Barbershop Inc	391 Havasu Drive, Vacaville, CA	US
S1-461983166	Star Infrastructure Pvt Ltd	M2K Corporate Park, Block-N Mayfeild Garden, Sector-51, Gurugram, Gurugram, Gurgaon, Haryana, 4Th Floor	India
S1-16453894	Narayan Superior Digital, Inc	5 Porter Road, Unit 4, Andover, MA	US
S1-209409132	Blue Investment LLP	6-3-131/43/A, Opp. Old Lic Office. Narsapur 'X' Roads, Balanagar, Hyderabad, Telangana	India
S1-497674789	Jarlify Engineering P.C.	1017 Scottsdale Road, Fl 1, Scottsdale, AZ	US
S1-733071084	Wherry Vertical	2520 Watermark Terrace, Unit 109, Elgin, IL	US
S1-577090115	Smart All Biomedical, LLC	1409 Dunwall Court, Opelika, AL	US
S1-227533073	Quick Holdings	Door No.1, 30/123-C3 Vmb Road, Pathadipalam, Edappally, Ernakulam, Kerala	India
S1-326550315	Aston, Viv, D.C.	124 Charter Oak Avenue, East Haven, CT	US
S1-768329857	Vigil Rapid Realty LLC	2108 Blackpool Lane, Mckinney, TX	US
S1-225645145	Twisted Massage	UT, 324 Harvard Drive, Midvale	US
S1-297727514	Snyder Dental Associates P.C.	8401 Stage Road, Unit 83, Central Point, OR	US
S1-215131229	Meridian	134 Innis Avenue, Unit Apartment K9, Poughkeepsie, NY	US
S1-834136972	Peck, Davis & Chatman Spa	2520 Apple Drive, Emporia, KS	US
S1-707257119	Piedmont Institute	2792 124th Street, Cleveland, OH	US
S1-459585098	Guzman, Meris A., L.C.S.W., DDS PC	1001 Willow Street, Detroit Lakes, MN	US
S1-385373702	Digital Laxmi It Limited	Shop No. Ff-05, First Floor, Plot No-1, Bg-1, Bg-2, Emaya, Paschim Puri, New Delhi, West Delhi, Delhi	India
S1-202530926	Smith Ventures, LLC	1866 Main Street, Roxboro, NC	US
S1-344924995	Noveon Aeon LLC	6645 Primrose Drive, Lumberton, TX	US
S1-337631047	Wright Doubleline Associates	1551 Oakhurst Lane, Richmond City, VA	US
S1-671978196	Hallman, Beach and Seese Inc	Mocksville, NC, 132 Bodford Lane	US
S1-124082165	Monfort Anchor Staking LLC	Ham Lake, MN, 1808 141st Lane	US
S1-102284989	Best Dynamic Technologies Inc	4817 Wilconna Road, Chesterfield County, VA	US
S1-55873181	Benet Data	35 Derby Street, Unit 1, Somerville, MA	US
S1-931560751	Rosina Brooks Global Horizon	CO, 339 Burke Drive, Pueblo West	US
S1-555635620	Enterprises Trac Monitoring Corporation	No.11/2 B, Hennur Bande, Hennur Main Road, Bangalore North, Bangalore, Karnataka	India
S1-524731558	Patriot Centurion Co	1099 Bedford Drive, Unit E1, Camarillo, CA	US
S1-451099680	Raj Care Private Limited	C 23, F/F Vivek Vihar, Shahdara, East Delhi, Delhi	India
S1-409281335	Moore Bay Strategies LLC	1290 Mt Zion Road, Georgetown, TN	US
S1-22628460	Lee, Robbins & Saunders LLC	14210 Circle Drive, Humboldt, IL	US
S1-135220978	Haddad, Bullard and Schaefer Lab, LLC	3908 149th Street, Lubbock, TX	US
S1-259092381	Accomack County Community Center P.C.	VA, 27156 Shell Road, Accomack County	US
S1-874189191	1 800 Got Junk LLC	Northborough, MA, 45 Bartlett Street	US
S1-245110974	Commission on Buildings Inc	1814 Bell Road, Unit 3090, Phoenix, AZ	US
S1-619230916	Stephens Block LLC	2409 34th Street, Lubbock, TX	US
S1-155804248	Rev It Up Bakery	39 Arrowhead Road, Duxbury, MA	US
S1-93319866	Hotels Technologies Private Limited	Delhi, North East, 1/1951, Modern Shahdara, East Ram Nagar, Delhi	India
S1-121901664	Alyss Lopez Dbdr, LLC	5885 Prestwick Court, Shorewood, MN	US
S1-471272330	Schultz Piedmont Medical	14324 Burnside Street, OR, Portland	US
S1-105953012	Merritt Harbor Jersey	12212 Grassy Hill Court, Fairfax County, VA	US
S1-802782849	Orthopedic Medicine LLC	16 Lantern Lane, Rappahannock County, VA	US
S1-99318528	Knutson Secure Innovations	3041 Straight Arrow Lane, Phoenix, AZ	US
S1-307153323	Machinists Local Union 276	32980 Long Neck Road, Millsboro, DE	US
S1-481886607	Baughan Heartland Studios LLC	1317 Ridgecrest Drive, Benton, AR	US
S1-120910478	Phan Principal LLC	NC, 194 Beacon Avenue, Morganton	US
S1-189510912	Twisted Pizza P.C.	21002 Rostormel Court, Loudoun County, VA	US
S1-959259485	Ear Nose & Throat Physicians LLC	1308 Shellbark Street, Marion, OH	US
S1-307855321	Bright Capstone	5039 Grassmere Road, Chesterfield County, VA	US
S1-522409897	Vantay Alibaba	9941 Copperhead Lane, Mckinney, TX	US
S1-368357045	Bureau of Housing	822 Cabaret Drive, Pueblo West, CO	US
S1-821789688	Aditya Foundation Private Limited	Mumbai, Maharashtra, Unit No.210, Mumbai, Pragati Industrial Estate, N. M. Joshi Marg, Lower Parel	India
S1-253679907	Unique Healthcare LLP	Gat Na. 234, Prabhuram Nagar, Haveli, Pune Wagholi (Ct), Haveli, Pune, Maharashtra	India
S1-841490375	Health Trust	Ashville, AL, 491 10th Street	US
S1-973567248	Wallace, Maurene, O.D., DDS PC	NY, Salina, 107 Gale Avenue	US
S1-898210022	Nettie Turner Culture LLC	17011 Dew Drop Lane, Houston, TX	US
S1-310171708	Ironclad Ligand LLC	3547 Soaring Eagle Way, Pinetop, AZ	US
S1-41600751	Pindell and Gonzalez British Inc	6459 350, Huntingburg, IN	US
S1-514986457	Pranansh India Pvt Ltd	E-19, Industrial Area Panki Site-1, Kanpur, Uttar Pradesh	India
S1-683216584	Jai Balaji Media Private Limited	11-6-291/A/403, Jsv Homes Pochammabagh Colony, Saroor Nagar, Rangareddy, P No 31, Telangana, Rangareddy	India
S1-216014486	Highland Certified Growth	18 R Riverside Avenue, Gloucester, MA	US
S1-490523482	Gold Investment Pvt Ltd	192-A, Delhi, 3Rd Floor Arjun Nagar, Safdarjung Enclave, Near Dp, Ps School, South Delhi, New Delhi	India
S1-221310179	Muzaffarnagar Infrastructure Pvt Ltd	228 Green State Colony, Muzaffarnagar, Uttar Pradesh	India
S1-821002487	Biia	328 Logan Street, Newport, AR	US
S1-825876724	Mcgraw's Tri-State Home Care	603 Shamrock Lane, Valparaiso, IN	US
S1-562795281	Luella Lopez, M.D.	N5667 Lac Verde Circle, WI, Town Of Brooklyn	US
S1-561110176	Lower Creative Hydro LLC	376 Central Avenue, Unit Apartment 1H, Lawrence, NY	US
S1-220368092	Galaxy Brothers Pvt Ltd	Mawi Sadat, Jansath, Muzaffarnagar, Uttar Pradesh, Khasra No.190 & 192	India
S1-564668117	Saint Cathedral	4203 Penny Drive, Salem, OR	US
S1-587778730	Momentum Services Corp	Shop No.69, Grain Market, Fzr-Fazilka Road, Jalalabad, Firozpur, Punjab	India
S1-970276990	Foot & Ankle Physicians	216 Nichols Drive, Sycamore, IL	US
S1-592672286	Ram Infrastructure Private Limited	5-E White House, 10 Bhagwandas Road, New Delhi, Delhi	India
S1-33077314	T 5 P Motors Inc	560 Balcom Avenue, Bronx, NY	US
S1-233035968	Yamuesh Nidhi	Balaji Provision, Old Bus Stand, Nandura, Buldhana, Maharashtra	India
S1-289834001	Main Street Coffee!	ME, West Paris, 123 Greenwood Street	US
S1-447547436	Cogley and Browne Inc	1207 Longfellow Avenue, Waterloo, IA	US
S1-218822032	Gaya Facility Limited	C/O Umrawati Devi, Khatangi Kothi, Fatehpur Road Bhusunda, Nauranga, Gaya, Bihar	India
S1-268662018	Safe Industrial Collective	7801 46, Greensburg, IN	US
S1-466622093	Annadiana H. Levi, D.C.	71 Georges Hill Road, Newtown, CT	US
S1-518271744	South Logistics Private Limited	C-6/4, Basement, Krishna Nagar, Delhi, New Delhi, Delhi	India
S1-396877097	Aditya Tech Pvt Ltd	73/1, Nalapad Brigade Centre, Bangalore North, Bangalore, Karnataka	India
S1-108967621	Diaz, Watkins & Corona Paceline PLLC	3501 120th Street, Cleveland, OH	US
S1-19263308	College LLC	2779 Derringer Way, Gilbert, AZ	US
S1-937532792	Info Contractors Private Limited	Mumbai City, 215 Kartik Link Road, Mumbai, Opp Laxmi Industrial Estate, Maharashtra	India
S1-388868828	Diamond Consumer Corporation	126 Oostanali Way, Loudon, TN	US
S1-895888128	All Technologies Private Limited	Gidc Phase -3, Plot No 3580 Dared, H Road, Jamnagar, Gujarat	India
S1-233275240	Nagpur Infra Private Limited	Pl No 12B, Scientific, Co Op Soc Nagpur Urban, Nagpur, Maharashtra	India
S1-657540928	Solio Consolidated LLC	3501 82nd Terrace, Kansas City, MO	US
S1-843447626	Fresh Golden Cafe	Columbus, 902 Kenwick Road, OH, Unit C	US
S1-138744141	Aurlie Barton Twelve Associates	151 Riverside Drive, Birchwood, TN	US
S1-354515762	Gurudev Farming Ltd	9/170 Jain Bldgdr S S Rao Rd Lalbaug, Mumbai, Maharashtra	India
S1-481614815	Global Enterprises Private Limited	Floor No. Z/C-Ff-581, Opp. Oasis Resort Sector 45, Life Style Premiere Floor, Karnal, Haryana	India
S1-825305464	Marrilee Spencer Petroleum LLC	1616 97th Street, Unit #C6, Tacoma, WA	US
S1-217812026	Tejada Unified Hospital	24 Johnson Place, Fl 0, Annapolis, MD	US
S1-485920823	Atwood Nexus LLC	16330 Murray Road, Ridge, MD	US
S1-766123061	1966 Madison Road Apartments Inc	6939 Golden Ring Road, Rosedale, MD	US
S1-322956318	Direct Supreme Couture of Edmond LLC	1201 Chowning Avenue, Unit 13, Edmond, OK	US
S1-705748605	Daulat Chain Pvt Ltd	Third Floor 302, Solitaire Business Hub, 12, Sunris Sub Plot, Surv.403/11, Tp1 Drive, In Road, Ahmedabad, Gujarat	India
S1-796414796	Continental Willow Inc	200 Summit Industrial Drive, College Twp, PA	US
S1-884637957	Fortune Consultancy Private Limited	457/1, Krushnanagar Odhav Co Op Hsg Soc Ltd, Gidc Estate, Odhav, Ahmadabad City, Ahmedabad, Gujarat	India
S1-719963834	Johnson Armada Inc	2068 Eight Rod Road, Sidney, ME	US
S1-579095626	Shree Millennium Company	New Delhi, D-30 Gali No. 31/2 Anand Parbat Industerial Area, New Delhi, Delhi	India
S1-271673659	Premier Food Private Limited	H. No. 32-10-14A, F 104, Dharmajayanthi Aprts., Vijayawada (Urban), Krishna, Andhra Pradesh	India
S1-307872605	Oralie's Insurance LLC	Lynnwood, Unit D, WA, 19402 60th Avenue	US
S1-362767043	286 Market Ave Holdings	1077 Warson Woods Drive, Fl 0, Saint Louis, MO	US
S1-349720033	S T Ramirez Pampa LLC	Nantucket, 23 Old Wharf N, MA	US
S1-981854763	Mellen Hotels	4023 Chandler Avenue, Chattanooga, TN	US
S1-749346845	Virtual Ventures Ltd	Plot No. 26, Flat- 401, Swarnasakha Apartment, Budha Nagar, Bhubaneswar, Khordha, Orissa	India
S1-416720577	Frederique F. Neal, D.O.	1728 Arrow Route, Unit UNIT 27, Upland, CA	US
S1-783029763	Ford Light PLLC	4708 Saxon Street, Bellaire, TX	US
S1-419710195	Nexon LLC	710 Lost Pines Lane, Cedar Park, TX	US
S1-566301125	Villanueva International	304 Ash Street, Bernice, OK	US
S1-340022076	Dermatology Piedmont Specialists	OH, 47 5th Street, Campbell	US
S1-939128358	Saraswati Ecommerce Private Limited	Maharashtra, Mumbai, 2 Trimurti Sadan Punch Kutir, Pawar Wadi I It Powai, Mumbai	India
S1-389959384	Frost Expo Care	37-1-169/59, Aravind Eye Hopsital Kurnool Road, Ongole, Prakasam, Andhra Pradesh	India
S1-915440579	Shiv Vidyalaya	A-1, 9Th Floor, Safal Profitaire, Off. S. G. Road, Nr. Prahalandnagar Gard, En, Ahmadabad City, Ahmedabad, Gujarat	India
S1-783882586	International Agro Private Limited	1210 Iind Floor Dr Mukherjeenagaar, New Delhi, North Delhi, Delhi	India
S1-30574782	Narayana Group	House No. 11, Haryana, First Floor, Moti Nagar, Hisar	India
S1-789243588	Pushkara Chit Private Limited	G-E, Off.No. 3, Bldg. 'A' Beta, I-Think Techno Campus, Off Jvlr, Opp. Kanurmarg Stn., Kanjurmar, Maharashtra, Mumbai	India
S1-467607764	Rimjhim Marketiers	Plot No. 41, Hazari Industrial Estate, Village: Delad, Dist. Olpad, Surat, Surat, Gujarat	India
S1-109066387	Go Machinery Private Limited	1, Ground Floor, Shri Raj Complex Matiyari Chauraha, Deva Road, Chinhat, Lucknow, Uttar Pradesh	India
S1-974049184	Technologies Smart Cosmetics LLP	302 Gundecha Chambernagindas Master Road Fort, Mumbai, Maharashtra	India
S1-761083268	Jain Impex Private Limited	A - 160, Shivchhaya Society, Hari Om Mill, Ved Road, Surat, Gujarat	India
S1-796525094	Custom Health Alliance	6658 Nancy Lane, Trinity, NC	US
S1-438483737	Acosta, Martin and Snyder Electric Inc	1754 Jonathan Creek Road, Sullivan, IL	US
S1-940167294	Smj Brothers	14 H-1 Sek-A Sch. N.71, Gumasta Nagar, Indore, Madhya Pradesh	India
S1-290306388	Heritage Traders Ltd	Tc 5/1922, Krishna Vihar Kowdiar P O, Trivandrum, Kerala	India
S1-399511958	Delta Holdings PLLC	6215 Wimberly Knoll Court, Houston, TX	US
S1-785008119	Universal Foundation Private Limited	No- 306/1, 1St Floor, Centenary Building, A.V Road, 1St Main Road, Chamarajpet, Bangalore South, Bangalore, Karnataka	India
S1-4230106	Hari Technology Limited	551, Iiird Floor Chirag Delhi, New Delhi, Delhi	India
S1-729357856	Lizzie Brock Global Clean Company	6255 Woodcrest Drive, Morristown, TN	US
S1-553306791	Vision Partners of Mount Vernon PLLC	22128 9, Unit 94, Mount Vernon, WA	US
S1-728593884	New Delhi Engineers Private Limited	27/1, New Delhi, 2Nd Floor, Main Road, Govind Puri, Kalkaji, Delhi, South Delhi	India
S1-849470299	Avc Oswal (India) Pvt. Ltd.	A-401, Satymev Ii, Opp Kargil Petrol Pump Nr New High Court, S.G.Highway, Ahmedabad, Gujarat	India
S1-990023353	Better Diagnostic Digital LLC	AZ, 38064 San Alvarez Avenue, Maricopa	US
S1-253707091	Jewellers Range Ltd	3527, Sector-D, Pocket - 3, Vasant Kunj, Near Fortis Hospital, New Delhi, South Delhi, Delhi	India
S1-580937913	Vanguard Talent Works Inc	4624 Tobaccoville Road, Tobaccoville, NC	US
S1-959628733	Swarajya College	Delhi, B-81-B, South Delhi, New Delhi, Basement	India
S1-166875710	Lorelei Palermo Crystal Connecticut, Inc	6186 Ridge Mesa Circle, West Valley City, UT	US
S1-686020354	Dermatology Green Medicine LLC	7426 Ashland Avenue, Chicago, IL	US
S1-306369980	Vanshi Fund Private Limited	13 1 1139/5, Mangal Hat, Dhoolpet, Asifnagar, Hyderabad, Telangana	India
S1-111633201	Yettie Winegar Select Silicon	1223 Meadow Lake Road, Virginia Beach City, VA	US
S1-325901135	Olanium Capital PLLC	Santa Barbara, CA, 1775 Jelinda Drive	US
S1-315675622	Hood Royal Sprott	2707 Seward Avenue, Topeka, KS	US
S1-342947050	Modern Golden Power LLP	207Defencecolonydblocksha, Karnagaryelahankabangalor, Bangalore North, Bangalore, Karnataka	India
S1-971516040	Christ Israel	220 Beach Road, Beekman, NY	US
S1-754500120	Prime Tech Private Limited	Marudhar Ind. Ii, Phase, Basni Jodhpur, Jodhpur, C 236, Rajasthan, Jodhpur	India
S1-206771910	Certified Great Briacell Inc	229 Cedar Street, Lewistown, MT	US
S1-933199903	Williamson Select Industrial Inc	119 Elizabeths Court, Nashville, TN	US
S1-406318490	Prime Fargo	117-30 147 Street, Jamaica, NY	US
S1-592662342	Sarvpriya & Partners Private Limited	H1 -189, 4Th Phase, Riico, Kishangarh, Ajmer, Rajasthan	India
S1-848669106	Shyam Technologies LLP	Gala No. 210/211, Shiva Industrial Estate, Near Tata Power House, Lake Road, Bhandu, P (W), Mumbai, Maharashtra	India
S1-562848979	Internal Medicine Harbor Group	Cherokee, NC, 5 Wiggins Road	US
S1-214577305	North Exports Private Limited	Office No.801, 8Th Fl., S. No. 22/1/1A, Pride Icon, Near Thite Wasti, Kharadi, Pune City, Pune, Maharashtra	India
S1-595546401	Vaayuora Health LLP	Flat No.304, 1-11-229, Shyamala Buildings, Secunderabad, Hyderabad, Telangana	India
S1-169564442	Global Consulting	Old No. 38, New No.73, Coral Merchant Street, Mannady, Chennai -, 600 001., Chennai, Tamil Nadu	India
S1-459359298	Li Graf	62 Pent Road, Chelsea, VT	US
S1-29360637	Sunrise Ventures	C/O Virendar Pratap Singh, 176 Anantpur Kachhawa, Mirzapur Sadar, Mirzapur, Uttar Pradesh	India
S1-950684841	Resolute Consultants LLP	Bhatta Basti Jamuhan, Dibiyapur, Auraiya, 64/48, Auraiya, Uttar Pradesh	India
S1-697944535	Taylor & Campos LLC	TX, 5624 6, De Leon	US
S1-789640255	Dynamic Ocean Inc.	2014 School Street, Ankeny, IA	US
S1-613794278	Choice Legacy Seneca Associates	2010 K Street, Elwood, IN	US
S1-152313160	Nexeon Two	7475 Ginger Lane, Cincinnati, OH	US
S1-379966405	Forest Lake Womens Health Golden Center	8551 215th Street, Forest Lake, MN	US
S1-385218960	Lotus Care Private Limited	28, Dankinganj Laldarwaja, Ghazipur, Uttar Pradesh	India
S1-563564391	Dorena Best, MD, DDS PC	160 10th Street, Montpelier, ID	US
S1-418755658	Allied Initiative Inc.	1422 Coast Highway, Newport, OR	US
S1-906540679	Golden Grill	651 Raines Road, Seaman, OH	US
S1-43059245	Red Oak Presidio LLC	217 Garden Valle Lane, Red Oak, TX	US
S1-231880324	Tami Mcgovern, L.C.S.W., DDS PC	9 High Street, Bagdad, AZ	US
S1-565180366	Frazier Diamond Viii	1804 Drift Road, Westport, MA	US
S1-561342735	Vanton Asset	MA, Wareham, 25 Birch Street	US
S1-812809139	Red Properties	House No.1263, 1St Main, 3Rd Cross Krishnamurthy Puram, Mysore, Karnataka	India
S1-601602272	Dream Healthcare Private Limited	Plot No.12C/1, 3Rd Cross Street South Phase, Industrial City, Guindy, Chennai, Tamil Nadu	India
S1-567249813	Healthcare Galleria Marketing Pvt. Ltd.	39 Narayan Chandra Sen La, Uluberia - I, Howrah, West Bengal	India
S1-420880014	Hilliard Secure Edp Corp	16030 Shimmering View Street, Marana, AZ	US
S1-849142891	Bt Technocrats Ltd	Ca-163(1St Floor), Sector-1, Saltlake City, Kolkata, Kolkata, Howrah, West Bengal	India
S1-155824340	Internal Medicine Bright Physicians	3513 Wyngate Trace, Birmingham, AL	US
S1-539000455	Board of Aging	4094 Klepinger Road, Dayton, OH	US
S1-205052880	Glassman Select Lending LLC	290 Hickory Street, Manteno, IL	US
S1-421965069	Custom Cascade Viii	2523 Meadowlark Road, Nashville, NC	US
S1-386267144	Services Jatin Mineral Private Limited	902, B-Wing, 9Th Floor, O And S Business Suites, Mumbai, Maharashtra	India
S1-350484760	Morvi Agro Private Limited	Plot No. 144, Rafaleshwar G.I.D.C, 8-A Natonal Highway, Morvi, Rajkot, Gujarat	India
S1-429386879	Kvg (india) Private Limited	Shop No-16, Ground Floor, Green Elina, Anand Mahel Road, Adajan, Surat, Gujarat	India
S1-768641417	Camilla Graham, DDS	216 Ridgewood Drive, Midwest City, OK	US
S1-898583888	Espinoza and Didomenico Spa Co	3349 27th Avenue, Unit UNIT 25, Bozeman, MT	US
S1-849917919	Abhiraj Commerce Pvt Ltd	Ward No.4, Balei Road, Nagar Panchayat, Aonla, Bareilly, Uttar Pradesh	India
S1-517477062	Advanced Proem LLC	6302 Rim Fire Cove, Bryant, AR	US
S1-679783190	Lianna Dipietro Prairie Nasdaq Inc	475 Jackson Lane, Lavon, TX	US
S1-410168632	NG Century Inc	1099 Fryar Avenue, Leland, NC	US
S1-914607947	Elite Environmental Ventures	442 Fulton Street, Waverly, NY	US
S1-728408297	YX Taiwan Center	118 Mather Circle, Moose, WY	US
S1-860508377	Value Real LLC	4628 Blue Marlin Way, Nags Head, NC	US
S1-601860297	Sme Nursing Home	Anindra 157 Village:, Anindra Taluka: Wadhwan, Wadhwanicity, Surendra Nagar, Gujarat	India
S1-811315337	Urban Properties Pvt Ltd	Room No 15, 1St Floor, 198 Shantibhuvan, Kalbadevi Road, Mumbai, Maharashtra	India
S1-422634173	Titan LLC	61 Twp Rd 1429 W, South Point, OH	US
S1-317281042	Jerry (India) Exploration Private Limited	Sn-12 Near Dangi Dukan Lakshmi Nagar, Pune, Maharashtra	India
S1-393135051	Holiday Hard Limited	H.No-452 Virgoan, Virgoan, Satana, Nashik, Maharashtra	India
S1-140069376	Medina Interests	IL, 8017 Saint Lawrence Avenue, Chicago	US
S1-484811095	Vasundhara Industries Limited	518, Rabindra Sarani 2Nd Floor, Kolkata, Kolkata, Howrah, West Bengal	India
S1-667655965	India Apoorv Welfare Private Limited	D.No: 22/9/13, Mulukutluvari Street, Tenali, Krishna, Andhra Pradesh	India
S1-348961677	GX (india) Pvt Ltd	Unit No-Dcb 903, 9Th Floor, Dlf Cybercity Idco Info Park, Chandka Industrial Estat, E, Patia, Bhubaneswar, Khordha, Orissa	India
S1-645915120	Operating Engineers Union Local No 534	Baltimore, MD, 814 Bradhurst Road	US
S1-416010473	Digital Impex Private Limited	Off No-303 T/F Plot No-3, Mayur Vihar Ph-1, East Delhi, Delhi	India
S1-796013600	Gold Lakshmi Builders Limited	Srivihar C, Po- Srikanthapur, Baleshwar Sadar, Balasore, Orissa	India
S1-500570219	Chiropractic Liberty Partners LLC	Chattanooga, TN, 826 Glenwood Drive	US
S1-407837857	Orthopedic Health	Town Of Lebanon, WI, E7474 N	US
S1-9160775	Quezada, Genevieve, DMD	154 Starbarrack Road, Red Hook, NY	US
S1-250419246	Dream Food Private Limited	Delhi, Old 54/1, Vill - Gazipur, Near Old Shiv Mandir, New Delhi, House No. - New- F - 119, East Delhi	India
S1-958772813	Wiese Capital Hawk LLC	1508 Creighton Place, Tullahoma, TN	US
S1-295534625	Sense Clinic	No 290/15 1St Flr, 5Th A, Cross, Jakkasandra Main Rd, Bangalore South, Bangalore, Karnataka	India
S1-793780958	Gold Marketing Private Limited	Surbhi Complex, Shop No.2, 2Nd Floor, Opp.Jaynath Petrol Pump, Gondal Road, Rajkot, Gujarat	India
S1-295995826	Elite Electrical LLC	9708 164th Street, Puyallup, WA	US
S1-77787112	Desert Foundation	19956 Adams Road, South Bend, IN	US
S1-771723384	Simpson Continental Tax Service LLC	23 Galveston Street, Unit 303, Washington, DC	US
S1-199366292	Kestrel Cion of Johnson City Inc	2020 Indian Ridge Road, Unit 126, Johnson City, TN	US
S1-136984877	Sumedha Jewellers Private Limited	S-607, Stellar Jeevan, Gh-03, Sec-01 Greater Noida, Greater Noida, Gautam Buddha Nagar, Uttar Pradesh	India
S1-753198031	Boone & Bryant LLC	Anderson, 1010 53rd Street, IN	US
S1-197764114	Atlantic Veterinary Clinic	Princeton, WV, 131 Old Logan Road	US
S1-906693411	Allied Marketing (India) Private Limited	2 First Floor (Above Mangla Medicos ) Dharam Kanta Road Mujesar Sector 24, Faridabad, Haryana, Faridabad	India
S1-992555992	Soum Rock Inc	7420 Della Circle, Sacramento, CA	US
S1-234962486	Avni Distributors-Barrackpore	Port Centre, Flat No-4C, 32/1, Port Blair Line, Barrackpore, North 24 Parganas, West Bengal	India
S1-853337273	VII Technologies Private Limited	No 6/46, Nilla Tech, F Ground Floor South Mada Street, Koyambedu, Chennai, Tamil Nadu	India
S1-204874677	Emmi's Certified Couture LLC	6014 Waukonda Drive, Brooklyn, IA	US
S1-994185624	Bay Trust II LLC	NC, Bessemer City, 613 Kiser Road	US
S1-95222966	Perfect Construction Private Limited	467-A, Bharathiyar Road, Pappanaickenpalayam Opposite To Telephone Exchange, Coimbatore, Tamil Nadu	India
S1-56914568	Fio Choice Siddhi	3905 Vaquero Drive, Weslaco, TX	US
S1-496239148	Neha Trades	H No-91, Harikrupa Nivas, Sutar Net, Kasba, Baramati, Pune, Maharashtra	India
S1-127400460	Roberts & Allen Colombier Inc	1710 Keller Road, Spokane Valley, WA	US
S1-564055505	South It Pvt Ltd	Delhi, East Delhi, V-1/164-A Ug/F Brij Gopal, East Delhi, Gali No 18-A, Vijay Park	India
S1-100903266	Tyson and Chapa Restaurant, LLC	11110 Flatlands Avenue, Brooklyn, NY	US
S1-169304250	BCX Travels Limited	E-20 Industrial Area, Panipat, Karnal, Haryana	India
S1-235318864	1686 Lexington Boulevard Properties, LLC	115-14 158 Street, Jamaica, NY	US
S1-855006568	Rocky Fellowship	4554 Carroll-eastern Road, Carroll, OH	US
S1-378628611	Sutliff Frontier Laboratories	2534 Holiday Lake Road, Appomattox County, VA	US
S1-975042361	IKM Leathers Private Limited	Durga Mandir Road, 2818, Patiala, Punjab, Rajpura Town	India
S1-861143990	Cardinal	12001 Congressional Point, Farragut, TN	US
S1-327706953	Foot & Ankle Piedmont Physicians Inc	9413 Posada Avenue, Mesa, AZ	US
S1-150859076	3217 Sixth Way Owners Corp LLC	1760 County Road 477, Palacios, TX	US
S1-431399479	Seven Investment Pvt Ltd	304, Iind Floor, Deep Plaza, Opposit District Court, Near Rajiv Chowk, Gurgaon, Gurgaon, Haryana	India
S1-576766184	Pioneer Logistics LLP	S No 15, Hini 2, Pl 17, Urali Devachi Ta Haveli, Haveli, Pune, Maharashtra	India
S1-555253908	Aligarh Research LLP	House.No.52, Kaveri Vatika Nagla Tikona, Kasba Koil, Aligarh, Uttar Pradesh	India
S1-855368023	Peak Learning Digital LLC	2131 Stop 11 Road, Unit APT 8, Indianapolis, IN	US
S1-787462752	Kepler Techpro (India) Co	Behind Raju Tyrewala, Bk.No.1506 Section - 30, Ulhasnagar, Thane, Maharashtra	India
S1-447783835	Santillan, Curry & Watson Design Inc	70 School Street, Unit 2, Acton, MA	US
S1-695939553	Advent Fabrics Private Limited	Azad Nagar, Ayodhya Bypass, Madhya Pradesh, Huzur, Bhopal, 41	India
S1-77267980	Saus Pinnacle Corp	557 China Grove Road, Oriental, NC	US
S1-395541739	Waller & Smith Care	1215 E West Highway, Silver Spring, MD	US
S1-730804537	Surgical Classic Care Associates	MT, 492 Cinnabar Basin Road, Gardiner	US
S1-709284926	Good Logistics Private Limited	Araji No 1139 Vakeel Nager Barasirohi Kalayanpur, Kanpur, Uttar Pradesh	India
S1-158239944	Andhra Vegoils Private Limited	D.No 76, Drivers Colony Perumalpuram Post, Palayamkottai Taluk, Tirunelveli, Tamil Nadu	India
S1-746474365	Sauvageau Figx Inc.	TX, 1004 Windsong Trail, Richardson	US
S1-550795076	Select Transit Solutions, LLC	1102 Anderson Street, Selma, NC	US
S1-250877041	Eleven Producer Private Limited	551Ka /750/5, Azad Nagar Alambagh, Lucknow, Uttar Pradesh	India
S1-758726430	Allied Keystone Couriers	3990 Manor Drive, Salem, OR	US
S1-492242979	Bynordic LLC	5818 Mcdonald Street, Melissa, TX	US
S1-252667245	Mountain Prime Franklin	1928 Talamore Court, Raleigh, NC	US
S1-787759292	Secure Eye Care L.L.C.	33562 18, Theresa, NY	US
S1-189530063	Chattisgarh Power Private Limited	127-E, Shrinathpuram Near Gad Quarters, Kota, Rajasthan	India
S1-75285421	Bolanos Piedmont Group	15 Cushing Drive, Essex Junction City, VT	US
S1-290015363	Appel, Stacee, Ph.D.	321 Summer Drive, Asbury, IA	US
S1-9306270	Foley, Lombardi & Folmer Line Inc.	4300 Westbend Drive, Willoughby, OH	US
S1-770915450	Avs Storage Limited	Ground Floor, Bombay Dyeing Building, Kankarbagh Colony More, Kankarbagh, Patna, Bihar	India
S1-696102336	Clarinda N. Mcnamee, CPA, PC	8296 Bredehoeft Road, Decatur, AR	US
S1-929084824	Williston Park Realty	137 Cornwell Avenue, Williston Park, NY	US
S1-734287605	Pacific Technical Laboratories Inc	703 12th Street, Temple, TX	US
S1-859492150	Woods India	The Trails, Villa No -29 Pokalwada, Manikonda, Kv Rangareddy, Hyderabad, Rangareddy, Telangana	India
S1-459815908	Studio Charitable Trust	Ff A-9, Western Heights, Nr.Serenity Space, Dascroi, Ahmedabad, Gujarat	India
S1-787145100	A Secure Boral Inc	761 3859, Mineola, TX	US
S1-616314847	Super Builders Private Limited	1St Floor 104 C 2, Harimandir Chs Limited, Ahmadabad City, Ahmedabad, Gujarat	India
S1-438092579	Best International Private Limited	352, Old Post Office Road Agrahara Street, Double Tank Road, Karnataka, Hassan	India
S1-447685450	Anderson & Casey Inc	Unit 906, DC, Washington, 1025 1st Street	US
S1-933750858	Bombay Marketing Pvt Ltd	New Delhi, Central Delhi, 65 Prasad Nagar Karol Bagh, Delhi	India
S1-873405984	Verray Sports	20 Fales Street, MA, Worcester	US
S1-225962484	Adams Contracting Inc.	1013 Lafayette Street, Dothan, AL	US
S1-802905225	Meg Parks, Esq.	7235 Somerset Drive, Corvallis, OR	US
S1-26433629	Ticknor Veterinary Clinic	5750 Lake Resort Drive, Unit D107, Chattanooga, TN	US
S1-287589895	Matty's Retail Inc	99 Ascension Drive, Unit B111, Asheville, NC	US
S1-872687656	Loralie's Strategic Physical Therapy	454 Amis Chapel Road, Surgoinsville, TN	US
S1-276697417	Exports Kailash Vastra Pvt Ltd	10-2-289/120/52/1 P S Nagar, Hyderabad, Telangana	India
S1-892630361	Johnson Commerce	372 Nolan Lane, Bel Air, MD	US
S1-384197317	Hardman Agricultural Corp	495 Ascent Drive, Hideout (wasatch), UT	US
S1-396497691	Alpha Trading Limited	F4, 37 D, Vijayaraghava Road, T.Nagar, Chennai, Tamil Nadu	India
S1-591260036	Halcial Futurecrest LLC	47 Festival Lane, Pie Town, NM	US
S1-758602021	Rca Consultancy Public Limited	Flat No. P/07/04, Celebrity Meadows, Sushant Golf City, Sultanpur Road, Lucknow, Uttar Pradesh	India
S1-143806422	ZV Products Corp	1530 Hunt Club Boulevard, Unit 222, Hendersonville, TN	US
S1-11476127	Aditesh Commodity Ltd	Tamil Nadu, G1, Sammandam Nagar Kundrathur, Chennai, Pl.3, Chennai	India
S1-81197989	Dynatech Solutions (India) Ltd	15/16, New #29/11, 36Th Cross, 19Th Main 5Th Block, Hbr Layout, Bangalore, Karnataka	India
S1-590305805	Gold Tech	Delhi, New Delhi, I-110Mayapuri Indl Area Phase-Ii, West Delhi	India
S1-419438916	Brightay Cargo PC	91 Cowley Road, Riverside, IL	US
S1-602486671	Hitech Solutions Private Limited	No.526 (New) No.5 (Old), Anitha Sanjay Nilaya Vaderahalli Layout, Laxmipura Cross, Hes, Argatta, Bangalore, Karnataka	India
S1-537829367	Davis's Communications	92 Thayers Gull Drive, Martinsburg, WV	US
S1-582569005	Producer East Solution Limited	C-89 F/F Defence Colony, Delhi, South Delhi, Delhi	India
S1-336688655	Delzer and Wecker Group	139 Scenic Drive, Horseheads, NY	US
S1-344051074	Newcomb Cleaning Corp	Unit 301, Cramerton, 2050 Village View Circle, NC	US
S1-564414376	MMV Managementprivate Private Limited	No.344, 9Th Main, Dollars Layout J P Nagar Iv Phase, Bangalore, Karnataka	India
S1-280144136	Veex Healthy	1301 Sheridan Place, Unit G, Bel Air, MD	US
S1-175953521	Regional Automation Consultants Inc	1429 330th Avenue, Tracy, MN	US
S1-127510231	Smart Care Private Limited	C/O Manmathappa Ragho, Ap, Talekheda, Tq. Nilanga, Nilanga, Latur, Maharashtra	India
S1-338091192	Asahi Institute of Technology	6/272 Lalita Parklaxmi Nagar, Delhi, East Delhi, Delhi	India
S1-52278469	Kris's Classic Cafe LP	6731 Crest View Avenue, Snoqualmie, WA	US
S1-811413201	Wrinkle Managed Inc.	AZ, Unit 58, Globe, 1264 Montecito Drive	US
S1-714539196	FET Impex Pvt Ltd	B-4/50, Vinay Khand, Gomti Nagar, Lucknow, Uttar Pradesh	India
S1-395260490	Eye Trusted Clinic	98 Greenwich Avenue, CT, Greenwich	US
S1-173357698	Pacific Prime Atlantic Inc	1014 1/2 7th Street, Arkansas City, KS	US
S1-132887522	Direct Desert Motors LLC	12047 Summer Range Drive, Humble, TX	US
S1-55183280	Berry Holding Company	2729 Northwestern Pkwy, Louisville, KY	US
S1-567685428	Franciska Johnson Tri-State Productions L.L.C.	VA, 1105 Hitesburg Road, Halifax County	US
S1-600050562	Kalamassery Fashions Private Limited	8/62 Icta Building Changampuzha Nagar P O, Kalamassery, Ernakulam, Kerala	India
S1-315123602	Emera's Environmental Services	35 100, Unit 1104, Salt Lake City, UT	US
S1-44327894	Oregon Sangh	5C Puja Apartments 5 Sr Das Road, Kolkata, Howrah, West Bengal	India
S1-56126636	Green Infrastructure Private Limited	3A/2A/3, Tamil Nadu, Madurai, Anuppanadi Main Road Teppakulam (Vinayaga Compound), Madurai	India
S1-101379147	Niece Obic LLC	5726 Marmora Avenue, Chicago, IL	US
S1-280574043	Thiruvananthapuram Agencies Private Limited	Tp/2/322, Kottavila Puthukulangara, Nedumangad, Thiruvananthapuram, Trivandrum, Kerala	India
S1-162840639	Uns Resorts Private Limited	Rambharosey Lal/ Durga Parsad, Bisalpur, Pilibhit, Uttar Pradesh	India
S1-385866982	Navi Mumbai Luxe Private Limited	Navi Mumbai, Maharashtra, E11 R No 3 Shree Omkar Chs Soc Sec 9 Nr New Mumbai School Gharonda Ghansoli, Thane	India
S1-43333929	Madras-600018 Exporters Company	9, Rams Apartments, Ii Floor, 78A, T.T.K.Road, Madras, Madras, Chennai, Tamil Nadu	India
S1-139021940	Construction Vkm Ventures Ltd	4Th Floor, 428, Arth Business Center, Opp. Torrent S/S, Nikol Ring Road, Ahmedabad, Gujarat	India
S1-601768605	Infrastructure Sks Entertainment Limited	56 M S Mukherjee Roadb D Sopan, 24-Pgs(N), North 24 Parganas, West Bengal	India
S1-698294612	Highland Council	49 Cooper Avenue, East Greenbush, NY	US
S1-594863587	Jolly Systems LLC	5481 Tanner Avenue, Fargo, ND	US
S1-109039400	Lacross, Jost and Gonzalez Inc.	2641 Cheyne Road, Zillah, WA	US
S1-733548984	Aitken's Liquor	2104 23rd Avenue, Broadview, IL	US
S1-217599657	Maitri Hopes Limited	C/0 Brajesh Kumar, Vill. Dariyapur Sumerpur, Hamirpur, Uttar Pradesh	India
S1-771816677	Main Street Diner!	5302 Hialeah Drive, Houston, TX	US
S1-741145826	Flora Exports Limited	634/22 Ground Floor, Dda Flat, New Delhi, South Delhi, Delhi	India
S1-316693236	Pbg Industries Group	No. 1297, 3Rd Floor, 30Th Main, B.S.K 2Nd Stage, Bangalore, Karnataka	India
S1-306961921	Shree Trading Pvt Ltd	11 Floor, Mayfair Kumkum Chs Ltd S V Road Next To Bank Of India, Mumbai, Maharashtra, 1101, Mumbai City	India
S1-497032589	Highland Recruiting, Inc	3403 Driftwood Drive, Killeen, TX	US
S1-59554832	South Projects Private Limited	22 Sumer Nagar- I Khejdo Ka Bas, Jaipur, Rajasthan, Jaipur, Mansarovar	India
S1-540252842	Green Mart Private Limited	Vishakhapatnam, Door No 9-1-44/5 New Resapuvanipalem, Andhra Pradesh, Visakhapatnam	India
S1-474692067	Empire Harbor Care	104 Union Avenue, Lower Merion Township, PA	US
S1-849220994	UBW Construction	Shop No. 101, Indore, Madhya Pradesh, Anjali Plaza 3- Samrat Ashok Nagar, Indore	India
S1-980589401	Miller and Gum	2248 Lake Springs Lane, Memphis, TN	US
S1-814689228	Vinson, Bennett and Miller Cion LLC	1127 Flint Hill Road, Wilmington, DE	US
S1-411271438	Harbor Freight Partners	900 Ridge Road, Lake Forest, IL	US
S1-101025176	P 3 Integrated Idea Inc.	143 Louise Avenue, Unit 185, South Salt Lake City, UT	US
S1-596550428	Child Enterprises	D-6, 6Th Floor, Above Reliance Digital Curzon Residency, 74/1, Gt Road, Badamtala, Bardhman, Bardhaman, West Bengal	India
S1-675253521	Sree Global Private Limited	Unit No 0047, Ground Floor O Wing, Akshar Business Park, Plot No 3 Sec 25, Vashi, Navi Mumbai, Thane, Maharashtra	India
S1-545856132	Shah Services Pvt Ltd	946 60 Feet Road Bel, Layout 2Nd Stage Herohall, Bangalore North, Bangalore, Karnataka	India
S1-637355194	Sandhya & Sons Private Limited	S.No.129/1/A, H.No.1501, Gala No.50/A, Thane, Maharashtra	India
S1-242792193	Ganpati Inspection Limited	F -51B First Floor, Street No.-5 Mahavir Encl, New Delhi, South West Delhi, Delhi	India
S1-716493945	Karlotta Vossler York Corp	11021 David Stone Drive, Chapel Hill, NC	US
S1-426129583	Hale's Salon	AZ, 617 Luna Street, Safford	US
S1-732230697	Shree Medical Centre Private Limited	Village And Post Jewan Dist Pn Powayan, Shahjahanpur, Uttar Pradesh	India
S1-223065339	Rev It Up Cleaning Service	17392 Deerfield Drive, Prior Lake, MN	US
S1-976880145	Rangareddy Beverages Private Limited	301, Prime Infra Lake, Front Neknampur Hyderabad, Rangareddy, Telangana	India
S1-831504195	Dermatology Health Inc	206 Dickson Circle, 0, TX	US
S1-56861689	Big Diner, Inc	1655 Naco Highway, Bisbee, AZ	US
S1-524928025	Housing Fellowship II	514 Booker T Washington, Conroe, TX	US
S1-185731988	Real Software Private Limited	New Delhi, Delhi, First Floor Santnagar, East Of Kailash, 419, South Delhi	India
S1-385801917	Vijay Consulting Private Limited	P.No. D 5-18, Susm Sachin Vanz, Chorasi, Sachin, Surat, Gujarat	India
S1-774302089	Carillo Fresh Commerce LLC	133 Baker Circle, West End, NC	US
S1-451790752	Truda's Investments, LLC	73 Tree Brook Drive, Penfield, NY	US
S1-597715491	Burkett, Mercie B., DO	10639 Bradford Road, Ken Caryl, CO	US
S1-621413589	Shanti Overseas Private Limited	Fno.B/103, Shree Mangalmurti Chs, Bldg No.1, S.No.46, Nr. Sheetal Chs, Kopargaon, Dombivli, Thane, Maharashtra	India
S1-835062442	Shiva Industries Limited	Plot No 1, Telangana, H.No 1-2-50/1, Ground Floor, Brindavan Colony, Nizampet Road, Hyderna, Gar, Rangareddy, Medchal	India
S1-165539140	Metropolitan Tri-State Cherry	646 Willow Road, Elmhurst, IL	US
S1-299727995	Yorks Cantor Inc	10431 Riverview Drive, Eden Prairie, MN	US
S1-162450243	Delhi Tools Center	2Nd Floor Old Palam Delhi Gurgaon Opposite Pwd Office, Samalkha, Delhi, South Delhi, Khasara No28/4	India
S1-13740240	Apex Genomic Labs LLC	421 University Blvd, Louisville, KY	US
S1-942301099	Seven Healthcare Private Limited	201, Jalaram Residency, Nr. Sardar Patel Statue, Anand, Gujarat	India
S1-245458583	Andrews Bulkers LLC	286 First Street, Albany, NY	US
S1-600113471	New (India) Comtrade Private Limited	111, First Floor, Shukan Mall, Science City Road, Sola, Ahmedabad, Gujarat	India
S1-93810682	Maxine Myers Hair Studio Inc	510 Dingess Street, Logan, WV	US
S1-11733796	Creative Enterprises Private Limited	78A Gf, Victoria Floors, Rajpura, Mohali, Punjab	India
S1-324331350	Supreme Software Private Limited	12-C, Kd Block Ashok Vihar, Ph-I, New Delhi, Delhi	India
S1-586859605	Board of Consumer Affairs	18344 Taloga Road, Unit UNIT 2, Apple Valley, CA	US
S1-266964624	Ridge Wellness LLC	255 Blake Avenue, Islip, NY	US
S1-847164455	Shiv Constructions Private Limited	Plot No. Lig 1, Tnhb Phase 11, Near Sishya School, Thally Road, Hosur, Krishnagiri, Dharmapuri, Tamil Nadu	India
S1-429375854	Dynamic Digital Services Private Limited	No.12, Veeramamuniver Street S.A.Koil Street, Perungalathur, Chennai, Tamil Nadu	India
S1-297364783	Division of Transportation	2743 North Road, Warren, OH	US
S1-855103284	Trevino & Duke LLC	3664 Lucy Road, Millington, TN	US
S1-788009714	Classic Delta Islands	1500 Apache Road, Unit 721, Buckeye, AZ	US
S1-825052159	Rev It Up Deli	17944 Old 66 Boulevard, Carthage, MO	US
S1-646080809	Dermatology Clinic PC	3025 16th Street, Lincoln, NE	US
S1-14085377	Aquatic & Co	G 56 A Bhargava Lanebouldward Road, New Delhi, North Delhi, Delhi	India
S1-389317694	Wait Ace Lending LLC	1602 N Street, Belleville, KS	US
S1-114528734	Foot & Ankle Physicians LLC	6 Summer Street, Unit 1, Taunton, MA	US
S1-653432770	All Analytics Brands LLC	401 North Street, Harvey, ND	US
S1-242302469	Tech Infrastructure Private Limited	1556/6, Sardar Patel Soci, Near Community Hall, Gamd, Anand, Gujarat	India
S1-896946949	Athena Herrera Superior Realty LLC	ME, 560 Jewett Hill Road, Canton	US
S1-814721789	Downs Motor	8217 76th Avenue E, Tulsa, OK	US
S1-342836433	Historical Foundation	2015 38th Street, Tacoma, WA	US
S1-100048861	Master Target Limited	Plot No. H-4&5, Midc Gokul Shirgaon, Kolhapur, Maharashtra	India
S1-879046650	Family Center LLC	4715 Upton Street, Washington, DC	US
S1-646273789	Ziraita Services Public Limited	D-5/06, Ardee City, Gurgaon, Gurgaon, Haryana	India
S1-343414298	Surya Finance Private Limited	Office No.901-906, The Landmark Plot No.26A, Sector - 7, Kharghar, Navi Mumbai, Raigarh, Maharashtra	India
S1-67632100	Roberts Classic Resources	WV, Brandywine, 59 Adams Circle	US
S1-524959211	Colonial Institute, LLC	Kingman, AZ, 2827 Superba Avenue	US
S1-98029401	Agam & Sons Private Limited	005, 406 54-59, Thindlu Vidyaranyapura, Bangalore North, Bangalore, Karnataka	India
S1-21065761	Z+ Natural Inc	1417 15th Street, Mandan, ND	US
S1-233628967	Garcia & Li Edp	6923 Bayou Crest Drive, Houston, TX	US
S1-560147496	East Estate Private Limited	326 Masjid Moth, New Delhi, Delhi	India
S1-552018467	Foot & Ankle Group Center	9 Buford Road, Peabody, MA	US
S1-648794813	Sterling Research Works Inc	Schererville, 1520 Austin Avenue, IN	US
S1-335011688	Culture	TX, Temple, 317 Tucson Drive	US
S1-599206877	Greenough Acp	380 Tanyard Road, Rocky Mount Town, VA	US
S1-609804273	Tirupati Solutions Limited	D-203, Iind Floor, Unique Insurance Cghs Limited Plot 38, Sector 6, Dwarka, New Delhi, Delhi	India
S1-268710392	Lopez United Grifols P.C.	Presque Isle, 8 Braden Street, ME	US
S1-166415188	Capital Preparatory Academy LLC	4209 28, Slocomb, AL	US
S1-254902421	Anderson, Mcnally and Lopez	OH, 32 Honeysuckle Lane, Jackson	US
S1-435122537	Lumara Energia	148 Wall Street, Ellerbe, NC	US
S1-658336622	Galaxy Arihant Business Limited	A2-1108, Tower7, Purvanchal, Heights Sec-Zeta - I, Dadri, Gautam Buddha Nagar, Uttar Pradesh	India
S1-210699351	Ujjavi Systems Private Limited	D-35, Indra Enclave, Neb Sarai, South Delhi, Delhi	India
S1-733712320	Nadel, Cherish F., P.A., PC	9212 Ebenezer Road, Whaleyville, MD	US
S1-347812056	Ssm Services Clinic	Adarsh Bhavan, Thottumpuram, Nellanad, Nedumangad, Thiruvananthapuram, Trivandrum, Kerala	India
S1-224463203	Alpha Exports Pvt Ltd	P-175, Block-B Lake Town, Kolkata, Howrah, West Bengal	India
S1-618932339	Legato Brothers Private Limited	5, Chittaranjan Avenue, Kolklata, West Bengal	India
S1-874609193	Naus Group	4233 Gateway Boulevard, Newburgh, IN	US
S1-864513358	Tranet	138 Jamesville Avenue, Unit Unit C4, Syracuse, NY	US
S1-1130881	IW Rapid Viii LLC	202 Millville Avenue, CT, Naugatuck	US
S1-666590765	Door Creative Axiom LLC	Athens, 6700 Ervin Road, OH	US
S1-734717747	Yellow Pune	Sn 232/12 Gokul Exotica, Fl 301, Sakore Nagar, Pune, Maharashtra	India
S1-940882565	Universal Investment Pvt Ltd	A/25 Oxford Avenue Opp C U Shah College, Nr. Vidhyapith, Na, Vjivan Po., Ahmedabad, Gujarat	India
S1-232877809	Smith, Harvey & Medina	12 Forest Gate Circle, Oak Brook, IL	US
S1-494384531	Custom Mortgage Dynamics Inc	617 Main Street, Eunice, NM	US
S1-316376845	Noex LLC	32 Park Estates Court, Sparta, IL	US
S1-218169886	Valley Society LLC	2849 Bradshaw Road, Sacramento, CA	US
S1-972405073	Express Aerospace Global	217 Winns 3rd Street, Pikeville, KY	US
S1-41530393	Jeanty and Hart Inc.	5585 Spring Hill Road, Grove City, OH	US
S1-928526414	U & U Family Practice Inc	300 Rolling Oaks Drive, Unit 169, Thousand Oaks, CA	US
S1-906796836	Vasundhara Brothers	57, Basant Lal Saha Road, Kolkata, Howrah, West Bengal	India
S1-545573418	Direct Evolution LLC	309 Westpark Way, Euless, TX	US
S1-185492212	Classic Wellness Solutions	914 Burleson Street, George West, TX	US
S1-876133159	Madanganj Kishangarh Exports Private Limited	C/O Siddhi Sales, Harmara Road Circle, Jaipur Bye Pass Road, Madanganj Kishangarh, Ajmer, Rajasthan	India
S1-682738252	Palace Vidyalaya	New Delhi, Delhi, North West, Plot No.: 3829/3250, Near Metro Pillar No: 234, Kanhaiya Nagar, Tri Nagar	India
S1-708832795	Raj Consultants Private Limited	29B Kali Krishna Tagore Street, 2Nd Floor, Room No - 202, Kolkata, Kolkata, Howrah, West Bengal	India
S1-758362264	Red Engineering Private Limited	S.Y.No 44, Udityal (V) Macharam, Balanagar Mahbubanagar, Mahbubnagar, Mahbubnagar, Mahabubnagar, Telangana	India
S1-970009866	Dinh Chicago	2910 Chestnut Avenue, Brookhaven, NY	US
S1-761870958	Pacheco Safe Omega	178 Short Street, Hollister, MO	US
S1-13624490	Beck & Jenkins Inc.	Saratoga Springs, UT, 957 Banner Drive	US
S1-288725441	A Platinum Xcel	1818 Dodds Avenue, TN, Chattanooga	US
S1-566508673	Snider Cohen Inc.	537 154th Place, Calumet City, IL	US
S1-921628518	City Global Pvt Ltd	Village- Alampur, N.H.- 6 P.O. New Kolora, Howrah, West Bengal	India
S1-527767501	Sunrise Agro Private Limited	Gpl House, Unit 1, Co-2, Marol Ind. Estate, M V Rd, Mumbai, Maharashtra	India
S1-483525724	Orthopedic Physicians	MA, Cheshire, 560 Stafford Hill Road	US
S1-273934823	Leese Howard Digitalbridge Inc	400 Knox Avenue, Unit Apt 14, Mountain View, AR	US
S1-938860759	Golden Ventures Limited	Unit-203, Floor2, Suite-805, Sy No-64, Sbr Cv Towers, Shaikpet, Hyderabad, Telangana	India
S1-341931191	Shudh Care Private Limited	H No 70/1, Manjargaon, Karmala, Solapur, Maharashtra	India
S1-45973841	Davis, Stout and Novak Clinic	2646 1150, Lake Village, IN	US
S1-187148612	Cedyno, Inc	50 Kosciuszko Street, Buffalo, NY	US
S1-670813799	Great Blue International Pvt Ltd	Vrindavan, Plot No. 63 Natraj Society, Karve Nagar, Pune, Maharashtra	India
S1-907966873	Professional Payment Dynamics	8631 Morphy Avenue, AL, Fairhope	US
S1-366105972	Feia Bay Income Inc.	11914 Brantley Haven Drive, Tomball, TX	US
S1-136637283	Robinson Express Inc.	5 Wetzel Court, Southampton, NY	US
S1-497160178	Oscar Trading LLP	Rz-220, Durga Vihar Phase Ii Najafgarh, New Delhi, Delhi	India
S1-824560940	Upper Four Inc	1202 Boerne Drive, Cedar Park, TX	US
S1-643885965	Mount Community Church	300 Minuteman Road, Andover, MA	US
S1-616966017	Jason Skill Private Limited	C/O S R N R & Associates No.75 Dhanalakshmi Avenue, Kasturbai Nagar, Adyar Chennai, Chennai City Corporation, Chennai, Tamil Nadu	India
S1-361825697	Prairie Westin Inc	19821 Ponderosa Street, Bend, OR	US
S1-438920882	Nadeen Ward Antimony LLC	9491 Locust Avenue, Fontana, CA	US
S1-616245174	Lng Nursing Pvt. Ltd.	16/194, Ground Floor, Ponnad, Omanoor Post, Cheruvayur Via, Ernad, Malappuram, Malapuram, Kerala	India
S1-218061684	E S Delgado Thunder LLC	OH, Elyria, 1018 Foster Avenue	US
S1-511656684	Indore Consultation Private Limited	133 Bicholi Mardana, Indore, Madhya Pradesh	India
S1-981998132	Harsha International School	Howrah, West Bengal, Ramkrishnapur, Bon Behari Bose Road, 53/7/3	India
S1-428202116	Eye Care of Hartford	184 Homestead Avenue, Hartford, CT	US
S1-781759586	Sun & Partners	16 A Court Road, Jansonpet, Salem, Tamil Nadu	India
S1-764529282	Pediatric Medicine	4480 Oakcrest Drive, Monticello, IN	US
S1-853929595	Prime Markets LLC	6317 North Avenue, Oak Park, IL	US
S1-128722964	Family Health Care	4350 Walt Brown Road, Bennett, NC	US
S1-486544821	Om Software Private Limited	T-3-501, 5Th Floor, La Residentia, Greater Noida West, Bishrakh, Gautam Buddha Nagar, Uttar Pradesh	India
S1-928007941	Fae Allen Bright Alussa, LLC	4972 Cadillac Street, Baton Rouge City, LA	US
S1-763371700	Clark, Stack & Horowitz Third LP	88 Raymond Drive, Hampden, MA	US
S1-69282966	Pediatric Dental Superior Center	3807 Torre Drive, Amarillo, TX	US
S1-655260307	Giuditta Mccrone Abacus	18 Venue Circle, Unit 205, Lebanon, TN	US
S1-83042816	Om Builders Limited	Andhra Pradesh, Vijayawada (Urban), 59-12-1 First Line, Krishna, Gayathri Nagar	India
S1-385078011	Balaji Park Corporation	Tamil Nadu, Chennai, G.A Road, 7Th Lane, Old Washermenpet, 6/1	India
S1-23254775	Great Bond LLC	812 Quito Road, Millington, TN	US
S1-324456729	Oncology Anchor Care Associates LLC	3300 Kirkwall Street, City Of El Paso, TX	US
S1-132376647	Supreme Global Private Limited	B 22 Sagar Apartment6 Tilak Marg, New Delhi, Central Delhi, Delhi	India
S1-202513245	Signature Value Braves, LLC	2101 20, Unit LOT 22, Decatur, AL	US
S1-773696322	Narayan Shopping Associates	Rajkot, C-804 Imperial Heights 150 Feet Ring Road - Opp. Big Bazar, Rajkot, Gujarat	India
S1-675112142	Red Ventures Private Limited	Chitara, Mahmoodpur, Deedarganj, Azamgarh, Uttar Pradesh	India
S1-889072459	Reliable Reliable Partners LLC	1878 240th Drive, Buckeye, AZ	US
S1-144365071	Atlas Inc	12780 Captains Cove, Prince William County, VA	US
S1-273522580	Kreiter Pediatrics	16267 Truss Drive, Bluffdale (sl Co), UT	US
S1-965540310	Balaji Business Limited	F-09, Abhinav Homes Ph-4, Extn, Ayodhya Bypass Road, Huzur, Bhopal, Madhya Pradesh	India
S1-178513266	South Alibaba LLC	120 Camden Circle, Madison, AL	US
S1-346945879	Selig News L.L.C.	152 Corvette Drive, Franklin, NC	US
S1-245840988	1530 Market Lane Company	529 Interurban Street, Richardson, TX	US
S1-244800142	Bertsch Appliance Inc.	467 Westfield Road, Meriden, CT	US
S1-611204475	My Producer Limited	Kolkata, West Bengal, North 24 Parganas, Cf-100 Salt Lake	India
S1-887204528	Bhubaneswar Com	Mahala Nivas 88/1556, Gopal Krushna Nagar, Airport (Khorda), Bhubaneswar, Khorda, Orissa, India., Bhubaneswar, Khordha, Orissa	India
S1-830382272	Meentech Industries Limited	Tamil Nadu, 7/79-94, Nadutheru Pallamturai Nr Water Tank, Pallam P.O, Kanyakumari, Kanniyakumari	India
S1-385516920	Long Academy	414 Gordon Avenue, Fl 0, KS, Wichita	US
S1-873798651	Trice, Danya, CPA, DDS PC LLC	1610 42nd Street, Birmingham, AL	US
S1-575354367	731 Fifth Place Realty Inc	17 Berkshire Street, Norfolk, MA	US
S1-273083458	REW Business Private Limited	F-11/11 & 12 3Rd Floor Northern, Gali No. 6/6 Jogabai Extn. Jamia Nagar Okhla New Delhi, New Delhi, South Delhi, Delhi	India
S1-270375020	Philis Copeland Green Motor LLC	17720 Calabar Drive, Gaithersburg, MD	US
S1-453768744	First Community Church Group	4221 Roselawn Avenue, Columbus, IN	US
S1-479359384	Chatrapati Packagings	Hno.295 Varkatne, Karmala, Solapur, Maharashtra	India
S1-388314266	Yan Healthcare Private Limited	B No. 94/3 Jivraj Nagar Society Shahibag, Ahmedabad, Gujarat	India
S1-455311595	Diamond Tri-State Bridge	1166 Batavia Avenue, Batavia, IL	US
S1-786106501	Jai Tech Private Limited	Tc No 18/1740(4), East Pattom, Marappalam, Pattom, Thiruvananthapuram, Thiruvananthapuram, Trivandrum, Kerala	India
S1-1976622	Modern Products Private Limited	Hariom Society Panadar Road, Village -Kodinar, Junagadh, Gujarat	India
S1-210453051	Leal & Brown PC	807 Eleanor Place, Peoria, IL	US
S1-383749947	Joli's Construction	687 62, Greenwood, NY	US
S1-235541304	West Royal Tankers Clinic	826 Pennbrooke Avenue, Owensboro, KY	US
S1-581500855	Raj Construction	2125 V P Street 2/1 Mayfaircomplex Pune Camp, Pune, Maharashtra	India
S1-971931727	Danika's Security	12536 Indiana Avenue, Chicago, IL	US
S1-755778212	Hodge Continental Santander Inc	3326 Kentfield Drive, Sacramento, CA	US
S1-758012697	Sky Infotech LLP	Plot No 12 & 13, Kh No 833, Near S D S N School Chota Bharwara Gomti Nagar, Lucknow, Uttar Pradesh	India
S1-463385840	Laurent Uranium	1256 Central Street, Unit 5, Franklin, MA	US
S1-501144845	E G Lara Copley LLC	1946 Midland Road, Dundalk, MD	US
S1-600073721	Guglielma Mcpherson, M.D.	443 Thomas Road, Unit 4, Tallmadge, OH	US
S1-436306720	Awalt & Wentz Inc.	187 Arbutus Avenue, Staten Island, NY	US
S1-475582238	Sunrise Infrastructure Private Limited	Plot Number N3, Kiadb Industrial Estate, Sagar Road, Shivamogga, Shimoga, Karnataka	India
S1-407360633	Rvg Enterprises Private Limited	Shop No.2, B Wing, Alok Housing Society Pm Road, Santacruz West, Mumbai, Mumbai City, Maharashtra	India
S1-196528121	Meerut International School	1/877 (Old No. 1/875/A), Kacheri, Kerala, Kozhikode, Chandralayam, Near Collectors Bunglow, West Hill Po	India
S1-145901402	Great Investments Private Limited	Sr No.18/1/1, Mainwada, Mhapan, Kudal, Sindhudurg, Maharashtra	India
S1-938995930	V+ Canada LLC	10033 Maple Leaf Drive, Montgomery Village, MD	US
S1-850321662	Engineering (india) Limited	30, Chikuwadi Row House, Udhana Vill. Surat, Taluka Surat City, Surat, Gujarat	India
S1-659365145	Arrieta Eureka	310 Sitton Shoals Road, Seneca, SC	US
S1-211403158	Lopez Choice Alpine LLC	1569 Lewis Street, Unit 3, Cleveland, TN	US
S1-325962334	Alpha Global Private Limited	401, 4Th Floor, Antariksh Appt., Dr Vikram Sarabhai Rd, Nr. Polytechnic Char Rasta, Ahmadabad City, Ahmedabad, Gujarat	India
S1-893265919	Spencer Winvest LLC	106 Catanya Drive, Sullivan, NY	US
S1-85238528	Ramsdell Corporation	64 Colvin-i Johnson Road, Union, AL	US
S1-668989303	Prolific Link LLP	Udaipur., Sukher Industrial Park, F-54 To 57, Rajasthan	India
S1-223663490	Academic Contractors Private Limited	Dcb 805, Dlf Cyber City Patia, Bhubaneswar Khorda, Bhubaneswar, Khordha, Orissa	India
S1-847548396	FE India Private Limited	B100, G.B. Nagar Sector 67 Hcl, Noida, Gautam Buddha Nagar, Uttar Pradesh	India
S1-558884233	Gautam Brothers Limited	50, 1St Flr, Kumarasamy St, Lakshmipuram, Tambaram, Kanchipuram, Tamil Nadu	India
S1-768293456	Universal Agro Private Limited	#38-30-150, Hussain Nagar Marripalem, Visakhapatnam, Vishakhapatnam, Andhra Pradesh	India
S1-18199206	Madurai Seva Samiti	Sai Pavitra Cooperative Chs Shop No 8. Sector 8 A Plot No 31, Near. Mazidun High School Aroli Navi Mumbai., Thane, Maharashtra	India
S1-349330517	Driggs & Crocker	2611 Ballantrae Cir, Old Brownsboro Place, KY	US
S1-856758507	41/54 Guaranty	119 Ullery Street, Roseland, IN	US
S1-193696088	Steel Pest Limited	C-773 New Friend Scolony, New Delhi, South Delhi, Delhi	India
S1-252250160	Family Foundation	5095 Winster Circle, Unit 203, Winston-salem, NC	US
S1-546400570	LH Catering LLC	149 Twenty-third Street, East Wenatchee, WA	US
S1-267776618	India Pashupati Developersprivate LLP	G-201, Plumeria Homes Vibhuti Khand, Gomti Nagar, Lucknow, Uttar Pradesh	India
S1-629995793	S 9 D Flagstar Inc	1406 Elm Street, Cincinnati, OH	US
S1-340068237	Internal Medicine First Specialists	838 8th Street, Unit Apt 12, Booneville, AR	US
S1-426134066	Champion Media Limited	No.19 & 43, 2Nd Floor, Widia School Bus St Hesaraghatta Main Rd, Bhuvaneshwari Nagar, Bengaluru, Bangalore, Karnataka	India
S1-201875323	Starke & Co	Shed No. C-1, 770 A, Gidc Industrial Estate, Opp. Met Heat Engineering, Smasan Road, Makarpura, Vadodara, Gujarat	India
S1-386097647	White Drive	26900 Colfax Avenue, Unit 144, Aetna Estates, CO	US
S1-94024403	Highland Learning Center	175 Pine Grove Avenue, Java, NY	US
S1-956410768	Karczewski Royal Airlines	3023 Fleeton Road, Northumberland County, VA	US
S1-57637491	Lenna Dunn Open P.C.	15 Swan Street, Green Island, NY	US
S1-16293431	Jay Infra Private Limited	2-91/12/4/Nr, Plotno4, Doc, Bhavan, 4Th&5Thfr, Kondapur, Shaikpet, Hyderabad, Telangana	India
S1-44441676	Magee Series, L.L.C.	116 Oak Street, Aledo, TX	US
S1-492855968	Neor Capital	9556 Castlefield Drive, Dallas, TX	US
S1-8311080	Taransh Marketing Limited	Andhra Pradesh, Plotno.9&12, T.P.No.9/74, Sy.No.119, Surveyno.119, Blockno.-4, Maharanipeta, Anchorage, Vishakhapatnam, Visakhapatnam	India
S1-159164118	Wilson Reliable Elm LLC	CA, 390 Anjou Circle, Sacramento	US
S1-257364851	Super Modern Solutions Private Limited	H.No. 97, Nav Jagriti Apartment Vasundhara Enclave, New Ashok Nagar, New Delhi, East Delhi, Delhi	India
S1-39230644	Eric & Co	Dadri, Flat No-16041, Gautam Buddha Nagar, Uttar Pradesh, T-20, Sec-16C, Mahagun Mywoods	India
S1-593937799	3064 Sunset Court Properties PLLC	408 Powell Street, Unit Apartment 111, Elmira, NY	US
S1-318736745	Tirupati Select Private Limited	Tamil Nadu, Baliganapally, Hosur Taluk, Baliganapally, 1/153, Krishnagiri, Dharmapuri	India
S1-245523773	Rodriguez Holding Company Inc	43 Coughlin Road, Killingworth, CT	US
S1-455652904	Star (India) Capital Private Limited	3/360 Near Vinayakar Kovil Velanthavalam, Palakkad, Kerala	India
S1-621082352	Sherwin Ameren	3109 Cinnamon Street, Sioux Falls, SD	US
S1-267015934	ZAN (india) Pvt Ltd	Ward No. 3, Shriram Nagar, Bhadrawati, Warora, Chandrapur, Maharashtra	India
S1-815477249	Royal Desert Oxley Inc	AR, 8001 Edwina Drive, Little Rock	US
S1-617124081	Bindal Business Ltd	3Subramaniapuram Road No 2 R S Puram, Coimbatore, Tamil Nadu	India
S1-572126772	Lynx LP	415 Skipper Lane, Azle, TX	US
S1-476251804	Dewberry National Audio Installation Inc.	27607 Beachside Arbor Drive, Katy, TX	US
S1-666542095	WTI Fifth LLC	5700 Oak Terrace Drive, Virginia Beach City, VA	US
S1-634015706	White Technologies Private Limited	3/6-6, 3Rd Floor, Sheik Alicomplex, 3Rd Cross Off Hosur Main Road, Koramangala, 2Nd, Bangalore, Karnataka	India
S1-833618334	Fasttrack Nursing Home	Mirzapur, C/O Baijanti Devi, Dasharath Singh, Bihand Officer Colony Mahuariya, Mirzapur, Uttar Pradesh	India
S1-48760503	Reliable Golden Bold LLC	3513 Wesleyan Drive, Anchorage, AK	US
S1-708294004	SB Pinnacle LLC	211 Chelly Street, Warsaw, NC	US
S1-126352184	Ear Nose & Throat Associates LLC	151 Columbia Street, Unit Apartment 17, Hempstead, NY	US
S1-656672588	Poley Strategic Bnb Inc	265 Dyer Road, Dayton, ME	US
S1-733553750	Golden Cleaning Service	IN, Boswell, 1197 650	US
S1-696591093	Sunstar Hospitalities Private Limited	Trinity Tower 83, Topsia Road, 7Th Floor, Kolkata, Howrah, West Bengal	India
S1-997063914	Summit Marketing Inc	8034 2nd Avenue, Bloomington, MN	US
S1-582056018	Golden Book Store	469 Ridge Road, NY, Lackawanna	US
S1-234305671	XP Enterprises Private Limited	Plot No. 832, Defence Colony Sainikpuri Malkajgiri Mandal Medchal District, Hyderabad, Telangana	India
S1-968930338	Mann Safe Spa, LLC	3103 Fern Valley Rd, Louisville, KY	US
S1-987233021	Value Golden Hair Studio, LLC	62 Bruni Avenue, Ludlow, MA	US
S1-607742419	Better Printing Company	364 Heckle Boulevard, Unit APT A, Rock Hill, SC	US
S1-260987732	NP Services Private Limited	H. No. Wz 45/1 First Floor Plot No. 88 Vishnu Garden, New Delhi, West Delhi, Delhi	India
S1-817206863	Harris Companies Inc	3137 Pennsy Drive, Hyattsville, MD	US
S1-514440490	VY Choice Genetics LLC	1633 Chambers Street, Phoenix, AZ	US
S1-250605817	Services Unison International Limited	457/6 Shaniwar Peth, Near Chingale Madical, Karad, Satara, Maharashtra	India
S1-978877803	Bhavna & Sons Ltd	Bl-Ef-98, 1St Floor, Fl-2, 1919 Raj Danga Main Road, Kolkata, Kolkata, Howrah, West Bengal	India
S1-945859113	Vision Constructions Limited	H. No. 79/80, Krishna Nagar, Rewari, Haryana	India
S1-58848265	Supriya Vidyalaya Private Limited	19 Dda Commercial Complex, Zamrudpur, New Delhi, Delhi	India
S1-995986774	Mcphearson & Miller Harmony Inc	7496 State Route 118, Greenville, OH	US
S1-927170359	Big Trading Pvt Ltd	Shop No-1 Jai Bharat Enclave Kakrolla More Main Najafgarh Road Uttam Nagar, New Delhi, West Delhi, Delhi	India
S1-338100426	Tuck Consumer LLC	Ames, IA, Unit STE 100, 3515 Lincoln Way	US
S1-756733628	Aadharshila (India) Trade Private Limited	Ppa-122 Park Heights Park Place, Dlf 5, Gurgaon, Haryana	India
S1-416134095	Oncology Heritage Physicians	Linden, TN, 2597 Deer Creek Road	US
S1-155201106	Urology Associates	123 Godley Road, Grimesland, NC	US
S1-545176129	Ahmednagar Industriesprivate	S.No 267, K.G.Road, Near S.T Stand Akole, Ahmednagar, Maharashtra	India
S1-971455286	Frontier Valley Tankers LLC	TN, Knoxville, Unit 59, 569 Mcconnell Street	US
S1-649093127	Baba Ventures Private Limited	Flat No. 103, Tower C, Omaxe Royal Residency, Faridabad, Haryana	India
S1-25565544	Fields's Complete Auto Sales Inc	731 Middle Creek Road, Sevierville, TN	US
S1-196228662	Preferred Allied Annaly Inc	209 Annetta Road, Weatherford, TX	US
S1-944275383	UGF Signature Berkley LLC	1255 Third Street, Logan, OH	US
S1-751497477	Garnet Schuster Winvest, Inc	330 Timberline Circle, Soddy-daisy, TN	US
S1-39347933	Bates Unified Taiwan	345 Pineview Drive, Warren, OH	US
S1-36962369	New Impex Private Limited	2 Rothe Galli, Bhatan, Water Tank Road, Vaijapur, Aurangabad, Maharashtra	India
S1-361685704	YCE Vanguard Lending Inc.	14650 36th Avenue, Phoenix, AZ	US
S1-489376171	Avadhesh Infra Private Limited	36 M. B. Road, Kolkata, Calcutta, West Bengal	India
S1-984634986	Shyam Investments Limited	J - 83, 1St Floor Sarita Vihar, New Delhi, South West Delhi, Delhi	India
S1-743751466	Pediatric Center	418 18th Street, West Point Town, VA	US
S1-872325592	Consultancy Rich Travels	603, A-2, Dahanukar Regency, Dahanukar Colony, Kothrud, Pune, Maharashtra	India
S1-784201863	Reliance Holdings	No.4/3, 1A, Amman Sannathi Street, M.A.Chithambaram Nagar, Ramapuram, Chennai, Tamil Nadu	India
S1-348772006	Shree Shyam Foods Private Limited	G - 39, Security Paper Mill Complex, Hoshangabad, Madhya Pradesh	India
S1-641348397	Arnold Equity Partners	14600 Enchanted Waters Drive, Willis, TX	US
S1-817713396	Duarte and Wilson Intermediate LLC	2083 Courtney Avenue, Milwaukie, OR	US
S1-752013789	Serafini, Salais and Cao Texas LLC	40059 Cartersville Road, Keota, OK	US
S1-169017560	Shiv Healthcare Private Limited	S No 84/10/11 Kalyan Padgha Road Sape Village Taluka Bhiwandi, Thane, Maharashtra	India
S1-23907404	Laidlaw Liquidity LLC	995 Baseline Road, Unit 2168, Tempe, AZ	US
S1-228555590	Lynde Guerrero Vernal	6332 Berridge Lane, Glendale, AZ	US
S1-636763225	Premier Security Products Inc	355 Colver Road, Unit 41, Talent, OR	US
S1-967553623	Carly's Great Contracting	24707 287th Street, Paola, KS	US
S1-655561690	Tarini Power (India) Private Limited	C/O Nicholas Lepcha, Flat No-F/1 Sidhi Exotica, East Chayan Para Nirmala, P O Salugara, Siliguri, Darjeeling, West Bengal	India
S1-272942859	Gangavi Solutions Pvt Ltd	S/O Ram Singh Village Bachhoana P.O.- Bachhoana, Budhlada, Mansa, Punjab	India
S1-216723568	Valdes Culture LLC	142 Meadow Valley Loop, Jarrell, TX	US
S1-876889445	Thompson Pinnacle Beyond LLC	88 Morning Glory Way, Rotterdam, NY	US
S1-361220028	Children's Project IV LLC	Fishers, 13021 Witherbee Lane, IN	US
S1-362061622	Total Packaging Union Inc	Auburn, AL, 5282 Cress Lake Road	US
S1-419534249	Surat City Techsoft Private Limited	G16 The Galleria Nranupam, Business Hub Yogicgowk, Surat City, Surat, Gujarat	India
S1-252554057	Primary Care Quality Specialists Inc	69 Daly Avenue, Unit 1, Dalton, MA	US
S1-798830726	Vu Advanced Realty PC	12890 Schalk Court, Prince William County, VA	US
S1-682978878	Sai Art Private Limited	Kamashi Josier Street, Tamil Nadu, Thanjavur, Kumbakonam, No.13/33	India
S1-522782884	Innovative Constructions Private Limited	Panch Pipliya Cricle Village Janana, Nagaur, Rajasthan	India
S1-435373675	Pediatric Dental Medicine	2050 Harris Way, Unit APT 627, Martinsburg, WV	US
S1-559419833	Alpha Constructions	Plot No-98, Ganesh Colony, Jhotwara, Jaipur, Rajasthan	India
S1-525546229	Mackay Pimco PLLC	3604 Cork Place, Fort Worth, TX	US
S1-987531998	Silver Robotics Company	15024 Greentree Trail, Huntsville, AL	US
S1-444835417	857 Park Realty LLC	8183 Carnegie Hall Court, Unit STE 103, Fairfax County, VA	US
S1-963819357	Desert Ventures	26360 Jasper Park Lane, Porter, TX	US
S1-368674178	Santa Cruz Spade LLC	CA, 2510 Soquel Avenue, Santa Cruz, Unit 209	US
S1-18410638	Pro Institute-Hyderabad	Flat No. 201, D. No. 1-1-534/5 Victory Arcade, Golkonda Cross Roads, Hyderabad, Telangana	India
S1-44111564	Urban Bakery	19 Mcallister Place, Greensboro, NC	US
S1-821158841	International Technologies Limited	House No-1075, Anmol Apartment, Jhansi, Uttar Pradesh	India
S1-911130106	HS Software Private Limited	1139 Beml Layout 3Rdstage, Halagevaderahalli, Bangalore South, Bangalore, Karnataka	India
S1-40005498	Life Trading Private Limited	53 Bcross Cut Ganthipuram, Coimbatore, Tamil Nadu	India
S1-473295643	Phillips & Testa Inc	Jasonville, IN, 332 Virgil Street	US
S1-962944394	Fan's Patriot Auto Body Inc	321 Hunter Forest Street, Unit 212, Wake Forest, NC	US
S1-434591112	Furr Resources	1233 Massachusetts Avenue, Unit 4, Boxborough, MA	US
S1-626142091	Latiolais Peak Launch, LLC	12713 Sailpointe Lane, Concord, TN	US
S1-833145279	Sidhidhan Consulting Private Limited	A-27, Sainik Nagar Nawada, New Delhi, Delhi, West Delhi, Delhi	India
S1-782459447	Health Institute	28463 Pinehurst Circle, Easton, MD	US
S1-283664747	Rev It Up Hair Studio	719 37th Street, Wilmington, DE	US
S1-718185941	Harbor Arrived	NY, Oneonta, 101 River Street	US
S1-971827862	Silver Nutrition Industries LLC	878 72nd Street, Montrose, MN	US
S1-413449309	Continental Dynamic Restaurants LLC	14071 Lookingglass Road, Winston, OR	US
S1-968178684	Blue Wells Inc.	3768 Goldsboro Run, Farmville, NC	US
S1-746137932	Garcia Holding Inc	7113 Birch Bark Drive, Fairview, TN	US
S1-258060600	Dorval Entertainment Inc	Unit Unit 5, 615 5th Street, Corvallis, OR	US
S1-630228890	Neukam & Ohanlon	14229 104th Avenue, Sun City, AZ	US
S1-597360158	Gert Parras Apex Petroleum Group	72550 316 Road, Wagoner, OK	US
S1-836184164	Environmental Initiative P.C.	12 Totman Drive, Unit 10, Woburn, MA	US
S1-326720869	Reese Endocrinology	9924 Lousada Drive, Elk Grove, CA	US
S1-697442132	Zimmerman Liquor	30 Main Street, Unit B508, Salt Lake City, UT	US
S1-652426303	Happy Hair Studio	1215 Overlook Circle, Spicewood, TX	US
S1-30127094	Mcbride, White & Yeakel	1282 Boylston Street, Unit 95, Boston, MA	US
S1-831330140	Shree Prints Private Limited	Plot No 22 A, Dhar, Madhya Pradesh	India
S1-56084659	Apoorva Infra Pvt Ltd	Flat No. 002 Gf, Bel Monte, Tower-2, Sector 53, Dlf Qe, Gurgaon, Haryana	India
S1-180959254	Amritrashi Exim (India) Private Limited	207, 2Nd Floor, Shivlok House-I, Karampura Commercial Complex, New Delhi, Delhi	India
S1-397358100	Taylor, Erickson and Hall, Inc	328 Main Street, Village Of Saukville, WI	US
S1-332506354	Vijay Shyam Energy Limited	Plot No. 37, Near Veer Sawarkar Convent, Sawarkar Nagar, Khamla, Nagpur, Maharashtra	India
S1-734333237	Gulbarga Grandeur Limited	C/O Syed Khaja Sadar Ul, Hussain H3 Nr Water Tank, Gulbarga, Karnataka	India
S1-80800937	Imperial Surgical Innovative Care	3589 Sunrise Drive, Imperial, MO	US
S1-625951486	Bright Infotech Pvt Ltd	13-B, 20-1 Paiki, Plot 12, T.P.S.-18, Ghantakaran Mahavir Cloth Market, Sarang, Pur, Ahmedabad, Gujarat	India
S1-190882662	Precision Academy	Madarasa Colony Ajaratal, Ajara Dist Kolhapur Ajara, Ajara, Kolhapur, Maharashtra	India
S1-25154288	Strategic Aspen	NC, 198 Homeplace Road, Rockingham	US
S1-941137891	QTP Technologies Private Limited	N 6/7 Gulmohar Enclave 2, Telav-Kolat Road, Kolat, Sanand, Ahmedabad, Gujarat	India
S1-861141303	Sterling Pono Inc	110 4th Street, Lindenhurst, NY	US
S1-491271608	Aspen Inc	4525 Cold Spring Road, Indianapolis, IN	US
S1-718257299	Anvi & Brothers Private Limited	2, Shree Krishna Vihar, Purohiton Ki Madri, Girwa, Udaipur, Rajasthan	India
S1-300265467	Total Spa	10719 Sonoma Ridge, Eden Prairie, MN	US
S1-257961511	Empire Prairie Electricity LLC	6349 78th Street, Unit UNIT 131, Scottsdale, AZ	US
S1-618572505	Machado's Liberty Retail	IN, 8175 1100, Amboy	US
S1-415409913	Optimal Network Partners	11035 31st Street, Bellevue, WA	US
S1-449555191	YD Certification Limited	Room No: 3/95G, H, I, Near Korangad Higher Secondary School, Th, Amarassery, Kozhikode, Kerala	India
S1-122389383	Indian Technologies Private Limited	127, Damji Shamji Udyog Bhavan Veera Desai Road, Andheri West, Mumbai, Mumbai City, Maharashtra	India
S1-440797092	New Delhi Dal Pvt Ltd	D-499, Gali No-12 Bhajanpura, New Delhi, North Delhi, Delhi	India
S1-577161752	Harsh Foundation	A-16Mayfair Garden, New Delhi, South Delhi, Delhi	India
S1-528112054	Verrora Athene Inc	6527 Murdock Avenue, Fl 0, Wichita, KS	US
S1-133626006	Maa Academy Private Limited	G-2 Amee, 167 Dixit Road Vile Parle ( East), Mumbai, Maharashtra	India
S1-288370520	Great Technology Private Limited	Building No. 6/204 D1, Mazhuvannur Grama Panchay, Kunnathunad, Ernakulam, Kerala	India
S1-315058969	North Media Pvt Ltd	Flat 2015 Luxor Apartments Masjid Banda Near Reliance Paradise, Kondapur, Rangareddy, Telangana	India
S1-668507859	Tully, Ryan & Ting	1125 Gaymont Court, Virginia Beach City, VA	US
S1-928758324	Pentafour Education Pvt Ltd	80 Cutcherry Street, Sathy Main Road, Gobichettipalayam, Erode, Tamil Nadu	India
S1-956040195	Skm Trust	115 First Floor, A Block, Paravada, Visakhapatnam, Vishakhapatnam, Andhra Pradesh	India
S1-934232025	M T & O Daedalus	1208 State Street, Lawrenceville, IL	US
S1-426760267	Allied Marine Advisors LLC	1372 Encore Drive, Fairfield, CA	US
S1-594544939	Tech International Private Limited	House No. 3, Block-F Kamla Nagar, New Delhi, Delhi, New Delhi, Delhi	India
S1-539371778	Royal Octave	15024 Ashdale Circle, Prince William County, VA	US
S1-310418239	West Xflh PLLC	6201 Morgan Road, Central City, LA	US
S1-507894057	Cascade Colonial Inpoint	133 Covent Drive, Kyle, TX	US
S1-743901259	Gaur Destinations Private Limited	Chamber Office No 324, Amanora Park Town, Pune City, Pune, Maharashtra	India
S1-992024498	Family Program IV LLC	6890 Ar 141 Highway, Beech Grove, AR	US
S1-44932578	Barrios Crystal Synchrony Inc.	2663 Ebony Road, Parkville, MD	US
S1-598549580	Green Health Group	130 Alberge Lane, Middle River, MD	US
S1-881109880	Jarlance Altenergy Inc	661 22, Westport, NY	US
S1-522280824	Saras (India) Softwares Pvt Ltd	C/O Sonali Khatun, House No. W.B./200/143/42, Near Muri Factory, Balundi, Arambagh, Hooghly, West Bengal	India
S1-845695137	HL Shraddha Company	New Delhi, Delhi, B-471 A Sangam Vihar, South Delhi	India
S1-800509425	Bruno Quantum	10606 185th Avenue, Issaquah, WA	US
S1-322610404	West Bond	Abingdon, 3150 Eden Drive, MD	US
S1-633741188	Zemiis Enterprises Inc	117 Somerset Road, Stevensville, MD	US
S1-897362639	Mitzi Reed Pebblebrook L.L.C.	PA, Lower Allen Township, 1439 Maplewood Drive	US
S1-553321517	Fortune Developers Private Limited	3 Rustomjee Parsee Road, Kolkata, Howrah, West Bengal	India
S1-43739518	Automated Business Studios	KY, Nicholasville, 160 Kinglet Point	US
S1-740768258	Sg Ghar Private Limited	Site No. 10, Old No. 2, 11Th Cross, First Floor, Raghavendra Layout, Bangalore South, Bangalore, Karnataka	India
S1-978353025	Value Transit Holdings Clinic	2150 7th Street, Rm 214, Charleston, IL	US
S1-153120463	Chiropractic Associates LLC	614 Shore Walk, Brookhaven, NY	US
S1-233221616	Shivam Tech Private Limited	801 8Th Floor, Filix Condominium Lbs Mar, Mumbai, Maharashtra	India
S1-67681638	Hedda Adams, D.D.S., PC	838 Wimberley Road, Boiling Spring Lakes, NC	US
S1-87067083	Rapid Commercial Worldwide Inc	19727 Albany Oaks Lane, Richmond, TX	US
S1-69743088	Denna W. Fisher, DPM	130 Traveller Street, Waxahachie, TX	US
S1-755104519	Muro & Lanni	104 2nd Avenue, Watford City, ND	US
S1-831205798	Prime Producer	Survey No.284/10, Katha No.56/13, Gravebhavipalya, Hosur Main Road, Bangalore South, Bangalore, Karnataka	India
S1-66425525	Baba Services LLP	Pune, Haveli, Flat No 1119, Maharashtra, Bldg. C, Vj Indilife, Pashan	India
S1-483815854	Medford Urban LLC	231 Riverside Avenue, Medford, MA	US
S1-241523867	YQU Arch	435 Hideaway Bay Drive, Unit 201, Isle Of Wight County, VA	US
S1-270528891	Bright Agricultural Products	615 107th Place, Portland, OR	US
S1-602267237	Cory Arndt Ubs LLC	2105 Frissell Avenue, Apex, NC	US
S1-741328040	Ag T. Kerr, DPM, M.D., P.C.	9282 455, Sandy City, UT	US
S1-960767474	Regional Program	6514 179th Street, Omaha, NE	US
S1-963443765	Jks & Sons Private Limited	1-N-56 R C Vyas Colony, Bhilwara, Rajasthan	India
S1-939636679	Urban Bakery Inc.	IA, 2140 Clarke Drive, Dubuque	US
S1-104981231	Cornerstone Electric	40 Foley Street, Hampton City, VA	US
S1-124577908	Carroll Township Value Blockchain Corp	831 Dry Run Road, Carroll Township, PA	US
S1-319714870	Oncology Platinum Specialists	4415 New Britton Highway, Whiteville, NC	US
S1-203215054	Elberta Yang, D.D.S.	1707 Azalea Street, Unit C, Victoria, TX	US
S1-297020204	Biopharma LLC	34 Westgate Avenue, Unit Apartment 2, Akron, NY	US
S1-391655400	Value First Alphabet Inc	14446 Creekside Crossing, Selbyville, DE	US
S1-946433236	Goregaon West Technology Private Limited	E-3103, 31St Floor, Anmol Fortune, Unnat Nagar, No.1, Off M.G. Road, Behind Shabari Hotel, Goregaon West, Goregaon West, Mumbai, Maharashtra	India
S1-525826900	Ram Industries Private Limited	Gala No 1 Building No 18-Bsamhita Mohali Opp Andheri Kurla Road Sakinaka Andheri (E, Mumbai, Maharashtra	India
S1-529318027	KKP Tradersprivate Private Limited	30A/158/ Dr P T Laha Street Rishra, Rishra, Hooghly, West Bengal	India
S1-38111598	Premier Business Pvt Ltd	No.22/20Pettigrew St Narayanapallicross 2Ndflooropptost Johnchruch Bharathinagar, Bangalore, Karnataka	India
S1-265159329	Tello Sachs Inc	14728 Fern Boulevard, Oakland, OK	US
S1-194933903	All All Foods Private Limited	Thane, Navi Mumbai, Maharashtra, Fantasia Multiplex & Entertainment Complex, Plot No 47, Sector 30A, Vashi, G-112 Shop	India
S1-225446276	Fresh Business Ventures LLC	12743 Cypressway Drive, Fl 0, Saint Louis, MO	US
S1-977333565	Hallie Cuyler Diagnostics LLC	MD, Elkton, 105 Perth Lane	US
S1-181974118	3100 Fifth Road Apartments LLC	104 Pine Creek Drive, Peters Township, PA	US
S1-230355563	Kurnool Products Private Limited	# 3-3 Santosh Nagar, Near Anjaneya Swamy Temple Kallur, Sap Camp, Kurnool, Vishakhapatnam, Andhra Pradesh	India
S1-2812112	Heart Smart Institute	9828 Middle Meadow Road, Ellicott City, MD	US
S1-815839158	Mcwilliams Precision Vista, Corp	214 Washington, Howard, KS	US
S1-535686585	Haley Global	46361 Columbus Drive, Unit 101, Lexington Park, MD	US
S1-178252371	Darsey Hunter, DO	501 North Street, Washington, IL	US
S1-976413678	Devendra Estates Private Limited	B-420, Sun West Bank, Ashram Road, City Ahmedabad, Ahmedabad, Gujarat	India
S1-66291705	Benedikta Garrett Beacon Telecom LLC	209 Summit Street, Galion, OH	US
S1-562891503	Hampton Biopharma LLC	1201 Office Park Road, Bldg 16, West Des Moines, IA	US
S1-946955195	Imperial Realty Public Limited	807, 8Th Floor, Plot-63/74, Tower -B, Ashok Tower Dr S S Rao Road, Opp Mahatma Gandhi Hospi, Tal, Parel, Mumbai, Mumbai City, Maharashtra	India
S1-55808084	Carballo Rexford, LLC	12237 18th Street, Yucaipa, CA	US
S1-494435728	North Pacific Devices	140 Cunat Boulevard, Unit 1B, Richmond, IL	US
S1-25650316	Hazlett Fashion	3733 85th Street, OK, Tulsa	US
S1-751588794	New Life Synagogue	6004 State Route F, Butler, MO	US
S1-298006636	Veterans Trust of Glendale	AZ, 4408 Golden Lane, Glendale	US
S1-331707535	Gross & Verge	1112 24th Street, Kansas City, MO	US
S1-394085921	Brier's Auto Glass	1155 1700, Provo, UT	US
S1-567660796	Auray Bny LLC	11809 Cortona Lane, Albuquerque, NM	US
S1-140032874	RJP Vintrade Limited	Gurugram, Haryana, Gurgaon, 4Th Floor, M3M Cosmopolitan Golf Course Ext. Road, Sector-66, Office No. 415	India
S1-85210698	Preferred Aerospace Products	14 Game Trail Road, Falling Waters, WV	US
S1-296712012	Adella Welch Iheartmedia LLC	3204 71st Street, Cleveland, OH	US
S1-871619141	Shiv Investment Private Limited	Delhi, Plot-34, Blk-Gi, Lowrance Road, Industrial Area, Keshavpuram Ind Area, North West	India
S1-635426510	Sois LLC	1300 Warner Road, Unit 1093, Gilbert, AZ	US
S1-877484708	Hunt Santander	337 Amber Circle, Warrenton Town, VA	US
S1-795035246	Petersen Sizzle Inc	30 Trails Lane, Waverly, TN	US
S1-609869388	Pune Concepts Limited	Pune, Maharashtra, Gulhane Industrial Area Pirangut, Tal. Mulshi, I 3/ I 4	India
S1-855978398	Bharat Engineering Private Limited	Ceebros Centre No.3 4Th Floor 45 Montieth Road, Chennai, Tamil Nadu	India
S1-95571800	Orthopedic Colonial Health LLC	222 11 Avenue, Waite Park, MN	US
S1-636215617	Brahmapur Sadar Services Limited	Plot No - 1452/10067, Laxmi Narayan Nagar, Brahmapur Sadar, Ganjam, Orissa	India
S1-534705365	Classic Power Private Limited	C/O. Kasam Bhachu Kevar, Behind Sonapuri, Suralbhit Road, Opp. Bhid Gate, Bhuj, Kachchh, Gujarat	India
S1-330385582	Vio Inc.	819 Market Street, La Cygne, KS	US
S1-788159792	Federal Industries Inc.	181 North Lane, Whitemarsh Township, PA	US
S1-591361992	Peggi Nowicki, Esq.	389 Lake Hamilton Drive, Unit Apt F1, Hot Springs, AR	US
S1-882765114	Sai Software Private Limited	8, 9 Khari Faliya, Mota Varchha Surat, Chorasi, Surat, Gujarat	India
S1-556473457	Pranaya Estate Limited	H No 106, G F, Sainik Enclave, Mohan Garden Uttam Nagar, Nr Adiya Model School, New Delhi, Delhi	India
S1-462864045	Services Secure Shoppers Pvt Ltd	Pune, A-Wing, Siddivinayak Kohinoor Ass, S-171A, Akurdi, Sh-A-117, Maharashtra, Pune	India
S1-512476983	NQ Trading Limited	Lal Darwazaghazipur Ghazipur, Uttar Pradesh, Ghazipur, Uttar Pradesh	India
S1-338846269	KW Appliance Inc.	300 Duncan Street, NC, Raleigh	US
S1-559715248	Products Quest Life Private Limited	Delhi, West Delhi, New Delhi, H-1/77-A, Gf, Kunwar Singh Nagar	India
S1-604662367	Vantora Home Care LP	3670 38th Street, Unit B248, Washington, DC	US
S1-886213554	Department of Consumer Affairs LLC	445 Vance Drive, Kanab City, UT	US
S1-274399104	Halcan Harbors, Inc	Rockwell, 1585 Crescent Road, NC	US
S1-117712010	Nagpur Marketing Private Limited	C/O Sanjay Khanorkar, Near Bhonsla Ved Shala, Ayachit Rd, Mahal, Nagpur, Maharashtra	India
S1-49744410	Redstone Media Corp	Ambadi, Kurichivila Puthen Veedu Poovar, Poovar.Po, Thiruvananthapuram, Thiruvananthapuram, Trivandrum, Kerala	India
S1-939173645	Cascade Charter School	451 Cromwell Street, Rialto, CA	US
S1-668257845	Animal Welfare Trust	13370 Bluemound Road, Village Of Elm Grove, WI	US
S1-975833330	Rvl Farms Private Limited	C/O Munshi Abdul Asmin 18 Villp.O.-Karisunda, Bankura, West Bengal, P.S. Indas	India
S1-797932633	Olanola Velos LLC	1818 Arkansas Drive, Gainesville, TX	US
S1-136964485	X 4 Smart Uranium LLC	1007 Michigan Street, City Of Oshkosh, WI	US
S1-341998101	Pioneer United Vehicle LLC	4722 Kleinway Drive, Houston, TX	US
S1-724388100	Physical Therapy Clear Specialists LLC	9802 Deer Trail Drive, Houston, TX	US
S1-149916098	Pacific Supreme Rogers Corp	15510 620 Road, Unit 14102, Austin, TX	US
S1-692158684	Narayani Estates Center	9/98 Near Karan Galimain 60 Feet Road Vishwas Nagar Shahdara, Delhi, East Delhi, Delhi	India
S1-118028382	Gujarat Consulting Private Limited	1/967 Ratan Khand, Sharda Nagar, Lucknow, Uttar Pradesh	India
S1-400166707	Georgetown Premier Electric	TX, Georgetown, 50103 Eagle Trace Drive	US
S1-942552479	Wright Eco Inc.	4281 Tara Way, Granger Township, OH	US
S1-61110395	Department of Health	117 20th Street, Houston, TX	US
S1-218050274	Sunrise Enterprises Private Limited	Gujarat, Ahmedabad, Shree Ratna Complex, Nr. Krushnanagar Bus Stand, Akhbarnagar Rd., New Vadaj, 4Th.F. 5, Ahmedabad	India
S1-702516296	Revue	1596 11, Baudette, MN	US
S1-312644888	Aurora Miller Ace Machines	830 Roberson Comer Road, Unit 201, Greensboro, NC	US
S1-625237372	Spry Perimeter Care	2400 Alder Place, Suffolk City, VA	US
S1-5582631	Sarena Willis Express Aspen Inc	9012 Warren Drive, Gig Harbor, WA	US
S1-878643953	Vaix Interests, LLC	2 Dalton Street, Lowell, MA	US
S1-485838466	Frontier Dental Associates Inc	8901 Laguna Springs Way, Elk Grove, CA	US
S1-32293809	Cann & Oliver LLP	164 Lawrence Street, Gardner, MA	US
S1-376315256	Maid Nails	7609 Divot Drive, Sanford, NC	US
S1-685138053	Kalamunj Certified Private Limited	7/1 Lord Sinha Rdlords Bulding, Kolkata, Calcutta, West Bengal	India
S1-184932886	AFG Auto Private Limited	Delhi, New Delhi, Shop No. 87/A, Ground Floor, Gurudwara Road Bhagwan Nagar	India
S1-661119185	Coastal Committee LLC	3867 8, Johnsburg, NY	US
S1-330365145	Family Program	WI, 23633 Nordin Avenue, Town Of Siren	US
S1-108457120	Orr Orthopedic Strategic Care	11181 Nett Lake Road, Orr, MN	US
S1-743383888	Valley Rapid Arrived LLC	3758 500, Windfall, IN	US
S1-466214337	Interstate Partners Group	NC, Indian Trail, 1028 Wt Ferguson Drive	US
S1-218384770	Daves Property LLC	1607 Dayton Road, OH, Madison Twp	US
S1-675154778	Nivedita Foundation	1, Link Road Lgf, Jangpura Extention, New Delhi, Delhi	India
S1-290868965	Bec Services Ltd	N.H.-11, Opposite Govt Hospital, Sikar, Rajasthan	India
S1-284366594	Shaw Beacon Insurance LLC	8241 Parham Court, Fl 0, Severn, MD	US
S1-148453108	Harmony's Global Auto Body	18 Kristi Drive, Muttontown, NY	US
S1-83853448	Value Express State	1053 Saddle Ridge, Town Of Pacific, WI	US
S1-663404421	Guilliams Precision Evo	5219 37th Avenue, Portland, OR	US
S1-107067330	Cooperative Construction Services LLC	102-12 127 Street, South Richmond Hill, NY	US
S1-446970950	Balaji Hospitality Private Limited	Flat No. 1938, Building No. 57 Subhas Nagar, 13Th Road, Chembur, Mumbai, Maharashtra	India
S1-364002923	Brandi Griffith Creative Galaxyedge LLC	14043 Smoky Oaks Lane, Herriman Town, UT	US
S1-890388765	Beckwith, Luna and Franklin Holdings	IL, 234 Tomahawk Lane, Tower Lakes	US
S1-972541711	Behavioral Health Associates LLC	1773 Cardigan Street, Niles, OH	US
S1-420255626	SAW Consulting Pvt. Ltd.	Hr-62Cd, Top Floor, Gali No.2, Pul Pehladpur, New Delhi, South Delhi, Delhi	India
S1-249688026	GI Global Century LLC	5 Stonebriar Court, Dallas, TX	US
S1-179402914	Big Bike Shop	109719 4750 Road, Muldrow, OK	US
S1-599081787	Children's Alliance	12115 Helvick Crescent Avenue, Houston, TX	US
S1-209630295	Drayyn Telecommunication Inc.	6690 Fairwinds Court, Rancho Cucamonga, CA	US
S1-394482402	All Tech Limited	Sr:225, Sitaramnagar, Rk Puram Post, Safilguda, Secunderabad, Hyderabad, Telangana	India
S1-606115898	Sanchi Holding	1, Moti Lal Basak Lane, Kolkata, Kolkata, Howrah, West Bengal	India
S1-195656346	Akshar Edutech Private Limited	Chand Commercial Complex Khagaul Road, Phulwarisharif, Patna, Bihar, 115	India
S1-859006657	Natraj Management Private Limited	J-2/86B, 3Rd Floor, Dda Flat, Kalkaji, N.D-19, Delhi, South Delhi, Delhi	India
S1-511735172	Universal Digital Union LLC	21028 257th Place, Maple Valley, WA	US
S1-380668937	Pressure Arcade Private Limited	4Th Floor, Tower B, Commerzone It Park, Mount Ponnamallee Road, Porur, Chennai, Sriperumbudur, Kanchipuram, Tamil Nadu	India
S1-13892156	Caps Developers Private Limited	S.F.No.208/4, Sirupooluvapatti Main Road, Amman Kalyana Mandapam, 15 Velampalayam, Tirupur, Coimbatore, Tamil Nadu	India
S1-679678589	Orbus Dental LLC	3105 Terrell Lane, Hampton City, VA	US
S1-876370239	Royal Business Private Limited	B - 1/18, Hauz Khas, New Delhi, Delhi	India
S1-847777793	Swastik Logistics Private Limited	48 Applewoods Villas, Nr. Surbhit Vatika, Sanand, Ahmedabad, Gujarat	India
S1-327106456	YMG Transmission Private Limited	H No -120 - 91, Vijay Path, Jaipur, Rajasthan	India
S1-152292018	Industries Srd Foods Private Limited	Anita Pandurang Patil Columbia C 204 Casa Rio Kalyan Shil Road Lodha Palava Ghesar Vil, Lage Nilje, Mumbai, Thane, Maharashtra	India
S1-522047821	Darleen Durham Armada LLC	10719 White Hall Road, Hagerstown, MD	US
S1-562584535	Pediatric Specialists	5328 Hollister Drive, Keller, TX	US
S1-735970732	Technologies Pranavi Paints Private Limited	Chandra Kanta Complex Rajiv Nagar Patna- 800 024, Patna, Bihar	India
S1-455845002	Dynamic Pimco Inc	NY, 1006 85th Street, Niagara Falls	US
S1-893406512	Reed Liberty Carolina LLC	Upper Gwynedd Township, PA, 259 Acorn Lane	US
S1-846251841	Shiv Baba Producer Limited	A-64, First Floor, Chanakya Place 40 Ft. Road, Opp C1 Janakpuri, Delhi, West Delhi, Delhi	India
S1-613090061	Davila, Mayes and Rodriguez	21 Mountain Avenue, Ramapo, NY	US
S1-82122995	Conrad Alibaba Inc	420 Mary Street, Beaumont, TX	US
S1-928671706	Advanced Environmental Solutions Inc	315 Ilion Avenue, Chariton, IA	US
S1-491340026	Davis's Auto Glass	3817 Vair Street, Durham, NC	US
S1-418714652	Pediatric Associates LLC	9919 88th Drive, Peoria, AZ	US
S1-201507692	International Tech	Villa No 40, The Trails Manikonda, Hyderabad, Telangana	India
S1-400937273	Holiday (India) Infrastructures	606 Verona Building Hiranandani Garden Powai, Mumbai, Mumbai City, Maharashtra	India
S1-730619377	Shree Sree Consulting Pvt Ltd	Chincholi At Post Ghodegaon, Pune, Maharashtra	India
S1-634340370	Barr Alphabet PC	25861 Canal Road, Unit Unit 83, Orange Beach, AL	US
S1-415388504	Raquel Lodato Platinum Guggenheim	14976 Avalon Road, Arizona City, AZ	US
S1-706319932	XGN Manufacturing Private Limited	1138, Raviwar Peth, Pune, Maharashtra	India
S1-83704113	Ayers, Boedeker & Mitchell LLC	3370 Panorama Drive, Heber, AZ	US
S1-766820529	Unique Media Pvt Ltd	C/O Pankaj Kumar, H.No. 1153, Vill-Ganga Teh- Dabawali, Sirsa, Haryana	India
S1-607905417	Internal Medicine Value Physicians	90 Paradise Lane, Freeburg, MO	US
S1-659223475	All Biomedical Corporation	14846 Lock Two Road, Botkins, OH	US
S1-821803991	Moss Midwest Occupational Therapy Inc	5328 Vandewalle Lane, Bismarck, ND	US
S1-430097113	Kshitij & Sons Private Limited	Dalamal House, 1St Floor, Nariman Point Mumbai, Mumbai, Mumbai City, Maharashtra	India
S1-773452690	Veach Oriental	1952 Red Top Road, Wilkesboro, NC	US
S1-420908729	Beheler Bancorp	1000 Village Green Drive, Unit 730, Roseville, OH	US
S1-343538660	Seng Flagstar	8917 Ryan Road, Hometown, IL	US
S1-920260002	Garling & Johnson Allegro, LLC	102 Coronado Circle, Anadarko, OK	US
S1-937251748	Shyam Foundation Limited	Shop No 6 Gr Fl Bk 1096, Hare Krishna Apt Ulhas 3, Kalyan, Thane, Maharashtra	India
S1-950204391	Aureus Arts	1339 Kiest Boulevard, Dallas, TX	US
S1-182360717	Anekal Energy Private Limited	No 47/9/11, Nithin Buildi, Srirampura Main Road, Anekal, Bangalore, Karnataka	India
S1-180574855	Bell Cal	Phoenix, AZ, 16221 31st Street	US
S1-952568366	VD Arts LLC	912 Vine, Magnolia, AR	US
S1-511569697	Zetecia Braves, LLC	2936 Taylor Street, Portland, OR	US
S1-597893656	Blossom Security Private Limited	S.Y No. 50/2, Ganakallu, Tavarekere Post Magadi Main, Bangaloresouth, Bangalore, Karnataka	India
S1-828855227	Dovue Genesis	CA, Anderson, 1341 Pinon Avenue	US
S1-844021142	Martinez American East	1044 Mccammon Avenue, Saint Paul Park, MN	US
S1-731534460	Rodriguez Starling LLC	16 Cliffs Road, Wareham, MA	US
S1-235205082	Unified Genomic Industries PLLC	215 Country Club Drive, Topeka, KS	US
S1-728716386	Continental Regional British LLC	2617 Travis Drive, Mckinney, TX	US
S1-953606600	Aloha Education Associates	Madhyamgram, Doharia, Nr Fci Godown Po.-Ganganagar, Ps-Barasat, Kolkata, Parganas North, West Bengal	India
S1-147966540	OH Electricals Private Limited	18/2, Jorabagan Street, Kolkata, Kolkata, Howrah, West Bengal	India
S1-897159548	Consultancy Life Real Limited	Bangalore South, Karnataka, No. 173/2 I Floor Part A, Bangalore, 13Th Cross Venkatapura	India
S1-691408343	RLS Couture	1591 Breezeel School Road, Benton, KY	US
S1-907393936	Green Aegon	404 West Place, Trenton, OH	US
S1-311229647	Safe Growth Pvt Ltd	16-3-V/390, Vasanth Nagar, Kukatpally, Hyderabad, Telangana	India
S1-920319049	Arin Brothers Private Limited	F.6 Jai Sharda Co. Op., Hou. Soc. Nandanwan Main, Nagpur, Maharashtra	India
S1-882468582	Nunez Tech	107 Wartburg Avenue, Unit Apartment 140, Babylon, NY	US
S1-372805026	Urology Care	1509 Prairie Avenue, Chicago, IL	US
S1-672651156	Family Medicine LLC	5488 Roy Pitt Road, Springfield, TN	US
S1-999029540	Royal Agro Private Limited	New Delhi, G/F, Abul Fazal, Enclv Pt Ii, Shaheen Bagh, South Delhi, Delhi, F-39/35	India
S1-277891602	Mellisa Hernandez Vaneck LLC	8510 Hillside Road, Rancho Cucamonga, CA	US
S1-172237825	Ibarra Heartland Wheeler Corp	1012 Beryl Way, Colonie, NY	US
S1-518464932	Ear Nose & Throat Group	51 400, Unit 3A, Cedar City, UT	US
S1-224152097	Field Fire Private Limited	Plot No 470 Industrial Area Phase 1, Panchkula, Haryana	India
S1-726405399	U X Rodriguez Mission LLC	53515 Patton Valley Road, Gaston, OR	US
S1-31978369	Guru Construction Private Limited	Maharashtra, Old Mumbai-Pune Highway Near Kone Gaon, Derawali, Panvel, Raigarh, 60/2, New Panvel	India
S1-955137780	Natalya Fisher Express Invesco PC	618 Thomas Avenue, Forest Park, IL	US
S1-79071530	Autism Assistance Coalition	1601 Mitchell Lane, Portland, OR	US
S1-27026413	Choice Rice	227 Partition Street, Unit Apartment 1, Saugerties, NY	US
S1-788022197	Slg International School Private Limited	No.5- E Block, Local Shopping Centre Masjid Moth, New Delhi, Delhi	India
S1-983971960	Dsl Amenities Private Limited	7A, Kiran Sankar Roy Road, Kolkata, Kolkata, Howrah, West Bengal	India
S1-419391370	Sasha Line Private Limited	788 A 3Rd Floor, Dilshan Appts., Zakir Nagar Okhla, Delhi, South Delhi, Delhi	India
S1-7839672	Prime Trading Advisors	16 Weir Street, Hempstead, NY	US
S1-946522315	Cara Cantor, D.C., M.D., P.C.	6016 Madison Avenue, Cleveland, OH	US
S1-938735914	WM Rich Pvt Ltd	145/A Ashokegarh (East) Kolkata, Kolkata, Parganas North, West Bengal	India
S1-546226514	Opulence Infra Private Limited	102/44, Shivaji Marg, Lucknow, Uttar Pradesh	India
S1-787555426	Oliver Unified Chemical LLC	1005 Indiana Avenue, Mendota, IL	US
S1-315249033	Summit Trust	1026 Point Breeze Road, Carlton, NY	US
S1-314243750	Jessy Shoup Arrow LLC	2305 Cedar Hills Place, Mount Vernon, WA	US
S1-937731091	Crystal Retail Concepts	1900 Cold Stream Court, Unit 207, Asheville, NC	US
S1-123322388	Carter and Parker LLC	114-17 197 Street, Saint Albans, NY	US
S1-679591102	Woodworth Ncr Inc.	14 Lanning Drive, Fairview, NC	US
S1-480940829	Caroline County Oncology Liberty Medicine	21035 Fortune Drive, Caroline County, VA	US
S1-99239191	Waltman Dome of Washougal	1246 G Street, Washougal, WA	US
S1-369915162	Sieg Clean Ventures Center	4914 Ontario St, Ames, IA	US
S1-737787043	Anderson Xsolla Inc	129 Cherry Swamp Road, East Haddam, CT	US
S1-774620207	Desert Interests LLC	1441 Rock Spring Road, Bel Air, MD	US
S1-271420350	Zilvia Ward Silver Hologram Group	504 7th Street, Moose Lake, MN	US
S1-515236542	Bharat Projects Limited	C-2, Kali Kutir, Kautilya Nagar Near Alakhnanda Apartment, A.G.Colony, Patna, Bihar	India
S1-631907788	Johnson & Lombardo	4008 122, Speed, NC	US
S1-430284913	Escobedo, Vivie, Esq.	2014 12th Street, Topeka, KS	US
S1-739789149	Herbert Pacific Bank	4817 Romaine Spring Drive, Fenton, MO	US
S1-115496141	Delta Capital Center	409 Adams Street, Loudonville, OH	US
S1-143455565	Creative Investments Private Limited	H No 524, W No 10, Tibbi, Tibbi, Hanumangarh, Rajasthan	India
S1-484456686	Primary Care Patriot Specialists Inc.	2803 Lexington Drive, Hazel Crest, IL	US
S1-978156098	Clifton Chadwick, LLC	90 Charles Mary Drive, East Hampton, CT	US
S1-114445512	A Supreme Green Inc	633 700, Westville, IN	US
S1-126951327	Kowal Fresh Regional Inc	1405 C Commerce Avenue, High Point, NC	US
S1-787824416	Grain Technology	117/39 Sarvodaya Nagar, Kanpur, Uttar Pradesh	India
S1-75961010	Perfect Technologies Private Limited	Ii Floor, Prof. Mrd Block, Pesit Campus, 100 Ft Ring Road, Bsk Iii Stage, Bangalore, Karnataka	India
S1-169815699	Liberty Patriot Hotels LLC	2771 Kismet Way, Eugene, OR	US
S1-434479644	Laxmi Services Private Limited	Pl No 37, Prem Nagar, Santosh Nagar, Solapur, Maharashtra	India
S1-545361002	City Technologies Private Limited	C/O Sadashiv Rao Chauhan, 10 K Community Harshiddhi, Indore, Madhya Pradesh	India
S1-446506583	Segura Golden Eaton Inc	113 Pebblestone Drive, Chittenango, NY	US
S1-242616727	Stratagem Solutions (India)	30 Jhowtola Road, Kolkata, Calcutta, West Bengal	India
S1-952291450	Cee Industries Group	C/O Bindu Devi, Asila, Varanasi, Uttar Pradesh	India
S1-45179721	Ss Apex Infrastructure Private Limited	Office No.1, Ground Floor, H No.1414/1A - 3, Sadashiv Peth, Pune, Maharashtra	India
S1-405019566	Strategic Auto Repair LLC	1231 Rogers Court, Fl 1, Olympia, WA	US
S1-365888459	Edmond, Cambre & Hughes Strategic Inc.	439 Slick Rock Road, Hardy, AR	US
S1-412447700	Clean Element LLC	10746 Atlanta Avenue, Tolleson, AZ	US
S1-332454575	Ferris Preferred Encore	20066 Dugger Road, Athens, AL	US
S1-269020333	New Healthcare Limited	C/O. Samanvay Homes, Corporate Office, Bh. Shyama Residency, Nr. Urmi Soc, Jetalpur Road, Vadodara, Gujarat	India
S1-947816340	Eastern Integrated	5005 Galveston Court, Broken Arrow, OK	US
S1-678153845	First Empire Renatus LLC	NC, Greensboro, 1006 Elm Street, Unit 4	US
S1-600453286	Prairie Center	3351 Saltillo Road, Campbellsburg, IN	US
S1-26485043	DO Electronics Pvt Ltd	1/100 Feet Road, Kadhirenahalli Padmanabha Nagar, Bangalore, Karnataka	India
S1-117787477	Mehra Vacation Limited	Uttar Pradesh, 39/1, Kesha Colony Azadnagar, Kanpur	India
S1-187205540	Coronado Term LLC	2459 Pecan Street, WI, City Of Green Bay	US
S1-606581781	Greta's Pizza	10015 Cameron Ridge Trail, Memphis, TN	US
S1-768180901	OV Anchor Brands	18756 Palm Beach Boulevard, Montgomery, TX	US
S1-694442756	Ganpati Ventures	Samaresh Bose Road, Milanpally Siliguri, Siliguri, Darjiling, Darjeeling, West Bengal	India
S1-805975803	GJ Fitness Inc.	1720 Glenbar Drive, Finksburg, MD	US
S1-966005927	Pemberton Supreme One Corp	5414 Sharpe Drive, Raleigh, NC	US
S1-362210212	Conner, Mao & Cochran PLLC	8732 Burnside Street, Portland, OR	US
S1-504646721	Green Commercial Products	825 Raynor Avenue, Joliet, IL	US
S1-440073441	Clyora Arc LLC	9933 12, Copenhagen, NY	US
S1-494099500	WQ Cbre Corp	4 Groton Street, Lawrence, MA	US
S1-341242576	Prairie Natural	432 Cony Road, Chelsea, ME	US
S1-337229964	Creative Brc Inc	2002 John Still Drive, CA, Sacramento	US
S1-754407905	Bowers Modern Solid, Inc	1308 Lafayette Avenue, Pasadena, TX	US
S1-240301320	Advanced Environmental Holdings	886 Sunset Drive, Unit 1, Monroe, NC	US
S1-242118733	Trading Robot Kuries	Maharashtra, Hatkanangle, Ward No 10/655, Kolhapur	India
S1-650327644	Hanumangarh Properties LLP	6/537, Near Radha Swami Dera Sangaria, Hanumangarh, Rajasthan	India
S1-674762365	Ace Grade Inc.	1472 Perris Street, San Bernardino, CA	US
S1-414104612	Department of Health	421 Us Rt 22, Maineville, OH	US
S1-910850169	Metropolitan League V	Redlands, CA, Unit UNIT 172, 11 Tennessee Street	US
S1-220126545	Hoff Platinum	19920 23rd Avenue, Unit 3065, Phoenix, AZ	US
S1-366319763	Tonawanda Cantor	106 Pryor Avenue, Tonawanda, NY	US
S1-36728558	Keystone Transalta LLC	308 Prospector Trail, Harker Heights, TX	US
S1-829149920	Corine's Maintenance	4691 R, Town Of Hartford, WI	US
S1-782164288	Jewel Trading Pvt Ltd	1St Floor Birlajee Complex, Ward Number 49, Sherpur Chowk, Mithanpur, Mushahari, Muzaffarpur, Bihar	India
S1-378420549	Primary Care Anchor Associates Care	30 Main Street, Mayfield, NY	US
S1-783494828	AHA Solutions	B-116, F/F, Jhilmil Colony, Shahdara, East Delhi, Delhi	India
S1-387766864	Beltran Value Banco LLC	7036 Bennett Drive, Mt. Juliet, TN	US
S1-593591349	Primary Care Medicine LLC	4910 Long Pier Lane, Unit 308, Raleigh, NC	US
S1-533264074	Horizon Trading Private Limited	C.D.A. Colony, House No- 22 Board Colony, Patna, Patna, Bihar	India
S1-761823239	Flatt Sterling Inc	869 300, Lehi, UT	US
S1-297283075	Lorie's Advisors	Maryville, 401 Melbourne Drive, TN	US
S1-52188022	Al Technologies Pvt Ltd	01, Gali No 02, Heera Nand Colony, Garh Sahjahanpur Road, Sonepat, Haryana	India
S1-984961030	Eye Center LLC	918 Downing Street, Forney, TX	US
S1-744815527	Ada's Coastal Bakery Inc.	8 Royal Circle, Batesville, AR	US
S1-829723080	Surya Pharmaceuticals of Mahbubnagar Private Limited	266/522, Balmoor, Mahbubnagar, Mahabubnagar, Telangana	India
S1-142001597	Genet Clear Rocky LLC	Unit UNIT 4, CA, 5683 Park Place, Chino	US
S1-941687402	N 4 Better Logistics	19 Mallard Court, Wallingford, CT	US
S1-467159246	Adele's Heritage Roofing LLC	6058 Road 3550, Cleveland, TX	US
S1-90182832	At & Po. Palsana Tal- Palsana Indiaprivate Private Limited	B-25, Gujarat Eco Textile Park N.H.No.8, At & Po. Palsana Tal- Palsana, Surat, Gujarat	India
S1-153225634	Burke Unified Edison	25716 Cinch Drive, Peoria, AZ	US
S1-81653536	Shivani Trading LLP	No.1 &2, 2Nd Floor, Chamiers Road, 1St Lane Teynampet, Chennai, Tamil Nadu	India
S1-460875079	Chennai 600 045 International Pvt. Ltd.	Plot No.C-2B, Mepztambaram Chennai 600 045, Chennai 600 045, Chennai, Tamil Nadu	India
S1-211475565	Jai Consultancy Limited	C/O Prachi Dwivedi, Sac Resident Welfare Unit No B-33, Sanfran Ashok City, Jhansi, Uttar Pradesh	India
S1-180066870	Red Traders Pvt Ltd	Block 21, Flat No 708, Malaysian Township, Tirumalagiri, Hyderabad, Telangana	India
S1-819741549	Nex Consulting (India) Private Limited	Flat No-2D, Dc-117/1, Narayantala West., Desh Bandhu Nagar, West Bengal, 24 Pgs North, North 24 Parganas, Deep Tower	India
S1-910098284	Eastern Industries Private Limited	A-104, Jalvayu Vihar, Sector 21 Noida Gautam Budh Nagar, Noida, Gautam Buddha Nagar, Uttar Pradesh	India
S1-134718350	Federica Sweet Apex Vista, Inc	508 High Point Lane, East Peoria, IL	US
S1-161723105	Youth All Services	371 Elm Street, New Haven, CT	US
S1-909109745	KNI Adda Limited	81 Netaji Subhas Road Century Plaza Ground Floor Room No G04, Kolkata, Howrah, West Bengal	India
S1-955603324	Kai Advisors Private Limited	Gurgaon, 702, Gurgaon, 7Th Floor Baani City Centre, Sector-63, Haryana	India
S1-396276239	Johnson Veterinary Clinic	TN, 110 Berrywood Drive, Smyrna	US
S1-879546990	ED Strategies LLC	30 Whooping Crane Drive, Port Isabel, TX	US
S1-236009109	Setech Assets Center	41-90 Bowne Street, Flushing, NY	US
S1-279722766	Ujjaesh Vanijya Private Limited	12, Second Line Beach, Chennai, Tamil Nadu	India
S1-182078335	Ridge Sunshine PLLC	242 Claude Simmons Road, Unit 18, Johnson City, TN	US
S1-473765414	Brown Gulf Southwest LP	79 Howe Street, Methuen, MA	US
S1-189638663	Bright Industries Private Limited	Flat No 272 Dda Mig Flat, Milansaar Apartment, New Delhi, West Delhi, Delhi	India
S1-789097776	Arreguin Finance Inc	504 Hickory Woods Way, Nashville, TN	US
S1-790836945	Jaramillo's Valley Logistics	Dallas, 422 8th Street, TX	US
S1-8058936	Surgical Silver Partners	2334 Bethel Street, Richmond City, VA	US
S1-36167289	Sterling Design Laboratories	9429 Royal Bonnet Terrace, Montgomery Village, MD	US
S1-194877000	Green Terminal Private Limited	32/2977 A/6, Iind Floor Near Catholic Syrian Bank, Thammanam Roa, D, Ponnurunni, Ernakulam, Kerala	India
S1-988975672	Chandrapur Ho Consultancy Ltd	Maharashtra, 75/1, Shop No 3, Anupriya, Apartment, Wadgaon, Chandrapur, Chandrapur Ho	India
S1-784756349	Total Chemical Global Inc	12281 Tall Grass Drive, Oro Valley, AZ	US
S1-854676745	I/Q Arts	18551 Iguana Circle, Nowthen, MN	US
S1-810862095	DK Graphics Round Rock	2801 Shadowpoint Cove, Round Rock, TX	US
S1-650174783	Vision Producer Limited	Maharashtra, Shop No 41/12/5, Shrikrushana Nagar Rajmata Jijau Marg, Navecha Road, Pimple, Gurav, Pune	India
S1-27477673	Beacon	14 Virginia Street, Conrad, MT	US
S1-761430365	Conley Rocket Inc	IL, 125 Wides Road, Murphysboro	US
S1-694538107	Secure Elite Reit Inc	City Of Waukesha, 1512 North Street, Unit Apartment 9, WI	US
S1-597480099	Helmbrecht and Krantz Anadolu Inc	11515 Bryson Creek Court, Cypress, TX	US
S1-386506327	Midwest Academy	1401 Morling Avenue, Baltimore, MD	US
S1-169154436	Ghaziabad Care Private Limited	G-49 A, Keshav Kunj, Ghaziabad, Uttar Pradesh	India
S1-605215615	Urban Bistro	4512 80th Street, Lubbock, TX	US
S1-396916464	Dental Specialists	100 Redbud Circle, Osceola, AR	US
S1-757921961	Cure Deli	5019 Rochelle Court, Springfield, MO	US
S1-723694289	Vd Educational Society	C/O Abhaysinha Gaikwad H/No-2/26 Sawarkar Chouk, Maharashtra, Osmanabad	India
S1-62843451	Immaculate Radhe Private Limited	Sree Ragam, Vadakkottukavu Nedumparambu P O, Thiruvananthapuram, Thiruvananthapuram, Trivandrum, Kerala	India
S1-829951826	Emilia Vila, M.D., PC	3 Fresh Meadows Lane, Darien, CT	US
S1-56794272	Jaipur Associates Limited	Khasara No 904, Main Bus Stand, Village Kalwar Jaipur, Jaipur, Rajasthan	India
S1-170281424	Lorao Shipping Inc	218 Walnut Street, Washburn, IL	US
S1-239125643	Maid Coffee	TN, Memphis, 922 Carrolton Avenue	US
S1-803236972	Roda Tran, Esq.	AR, 23 Mceuen Drive, Greenbrier	US
S1-446971787	Kharghar Trading Private Limited	C-1102, Tharwani Heritage, Plot No. 24, Sector -7, Kharghar, Navi Mumbai, Maharashtra	India
S1-13952076	Raut Traders Ltd	690Big Bazaar Street Coimbatore, Coimbatore, Tamil Nadu	India
S1-516030547	Hendrickson Ishares LLC	2921 Gail Court, Thousand Oaks, CA	US
S1-265315106	M 5 Choice Spartacus LLC	147 Church Street, Hardwick, VT	US
S1-262434744	Liberty Foundation	15 Regency Court, Springfield, IL	US
S1-245319701	Annabelle S. Ball, Ph.D., PC	26251 Alpine Lane, Twin Peaks, CA	US
S1-627461604	Hrishikesh Re Limited	Djm-302, Plot No.-5, Dawar Building, C-1, Janak Puri, New Delhi, Delhi	India
S1-283429320	Christ Chapel	80-42 232 Street, Queens Village, NY	US
S1-505612588	Ambler Beacon Best LLC	25 Sharon Road, Melrose, MA	US
S1-881440996	Mckinney, Mccrum & Khan Berto	144 Pohakuloa Drive, Bastrop, TX	US
S1-968978145	Community Center LP	75 Third Street, Unit Apartment 101, Corning, NY	US
S1-238607601	Kestiq Dividend Group	Lincoln, 10878 Ryans Run, DE	US
S1-201343630	Orthopedic Group	3090 Homestead Road, Bldg BUILDING, Park City, UT	US
S1-240131649	Krishan Technologies Limited	Old Nirala Bl Spd, 18 Baghajatin Stn Rd, Kolkata, Kolkata, Howrah, West Bengal	India
S1-780693732	Chiropractic Medicine	816 Madison Street, Oregon City, OR	US
S1-767564765	Global Committee	148 Millstream Court, Akron, OH	US
S1-118592759	Tech Investment Private Limited	Sy. No. 69 & 70, First Floor, Narne Nagar Beside Lanco Hills, Manikonda, Hyderabad, Telangana	India
S1-328942954	New Builders Private Limited	1631/2, Bld:B-10, Godown:2, Prithavi Complex Phase-Ii, Kalher Village, Bhiwandi, Thane, Maharashtra, Thane	India
S1-396719043	Solvex Industries Group Private Limited	Jaipur, Shyam Vatika, Jaisinghpura Khor, Jaipur, Rajasthan, 10	India
S1-754214413	Alpha Healthcare Private Limited	No.56, Hutchins Road, 6Th Cross, St. Thomas Town, Bangalore, Karnataka	India
S1-336177411	Shiv Services Pvt Ltd	Uliyargoli, Kaup Post, Udupi Karnataka, Karnataka	India
S1-585744782	Elsa Gonzales Reliable Nextera LLC	OH, 2218 10th Street, Cleveland	US
S1-979265032	W/W Materials LLC	6415 Emerald Springs Drive, Indianapolis, IN	US
S1-947100791	Grossman's Management	5888 Lamont Avenue, Albertville, MN	US
S1-57437229	Durocher, Rafferty & Kerwin PC	628 10th Street, Minot, ND	US
S1-855707951	Fresh Nails	5849 Edmondson Pike, Nashville, TN	US
S1-418963148	Surgical Center	Fl 1, WA, Olympia, 8732 Named Street	US
S1-312654336	KP Synthetics Private Limited	Shop No-18, Sector-32, Near Noor Mahal, Karnal, Haryana	India
S1-569884173	LH Materials	TN, Ashland City, 148 Poole Street	US
S1-726947514	North Starry	18024 Gleaming Court, Lakeville, MN	US
S1-454408616	Shiv Technologies Private Limited	Ward No. 3, Bheria Rahika Shamsherganj, Post- B.M.P.07, Katihar, Bihar	India
S1-572812487	Pioneer Software Systems Inc.	84 Harvard Avenue, Unit 2, Boston, MA	US
S1-234696153	Williams's Hospitality LLC	2335 Wheeler Street, Indianapolis, IN	US
S1-257991136	North Frequency LLC	85 Railroad Avenue, Glyndon, MD	US
S1-387694383	NY Bynordic LLC	W9874 Maple Lane, Kennan, WI	US
S1-357041780	Libbi Graham Union Co	8001 Hunting Lake Drive, Concord, OH	US
S1-952539801	Sai Systems Private Limited	8, 9, Kiadb Industrial Area 2Nd Phase, Kumbalgodu, Bangalore Rural, Bangalore, Karnataka, 7	India
S1-206681084	Conway Polytechnic	6/337 Vineet Khand, Husaria, Lucknow, Uttar Pradesh	India
S1-39574654	Projects Roseberry Network Limited	Gali No. 1 Rudra Colny, Birla Colony, Bhiwani, Haryana	India
S1-68948206	Trimurty Industries Limited	Rajasthan, 23, Dhan Mandi, Raising Nagar	India
S1-65705521	Woodcock Rocky Tungsten	1929 Trace Way, Sevierville, TN	US
S1-459303679	Unique Construction Private Limited	Ghaziabad, House No 8, Ground Floor, Sector 9 Pradesh, Uttar Pradesh, Ghaziabad	India
S1-482129360	Mwb & Partners	Rajkot, 4 Akshar Classes Opp. Kothariya Main Road, Kiran Society, Gujarat, Rajkot	India
S1-112053056	Emilie Gomez Certified Communities, LLC	295 Cloverleaf Court, Dekalb, IL	US
S1-224691528	Flores Municipals Inc	12010 Ulsten Lane, Huntersville, NC	US
S1-653997447	Essel Realty Private Limited	At - Ahiyapur, Po - Bhikhanpur P.S. - Ahiyapur, Muzaffarpur, Bihar	India
S1-581333383	Industrial Hospital	E-52, Riico Industrial Area, Chittorgarh, Rajasthan	India
S1-324397500	Plan Resorts Private Limited	U59 Shakarpur, Delhi, East Delhi, Delhi	India
S1-607036089	Pediatric Dental Medicine of Rockingham County LLC	775 Rocky Top View, Rockingham County, VA	US
S1-986408196	DOG Sterling	1428 Wolcott Street, City Of Janesville, WI	US
S1-373655892	Golconda Apparel Private Limited	H No-1079/003, Flat No-401, Sector No-6, Koparkhairne, Thane, Maharashtra	India
S1-55410699	South Construction Private Limited	Office No. S-6, 2Nd Floor, Shree Rajaram Complex, Loha Mandi, Sansar Chandra Road, Jaipur, Rajsamand, Rajasthan	India
S1-974144091	Urology Care LLC	2009 Flounder Run, New Bern, NC	US
S1-814952703	Dynamic Teucrium	Huntington, 1475 Grant Street, IN	US
S1-312558596	Sumukha Securities Private Limited	54 Ff Sheradidham C Bhatha, Surat, Gujarat	India
S1-43708324	Behavioral Health Care Associates LLC	Bowling Green, KY, 141 Robins Nest Drive	US
S1-592280894	Quadrant Operations Private Limited	Flat No 204 Second Floor, Chandra Nagar, R K Nagar, Kanpur Nagar, Uttar Pradesh	India
S1-237562953	Lachance & Giron PC	Yonkers, NY, Unit Apartment 1, 1051 Mile Square Road	US
S1-333496838	Morgan Enterprises Group	418 Wettstein Avenue, City Of Fond Du Lac, WI	US
S1-459514371	Burton and Hopkins Sim LLC	710 Pebblebrook Circle, Unit 9, Manhattan, KS	US
S1-979502451	Northern Family Practice	1085 Midnight Pass, New Lenox, IL	US
S1-122413654	Board of Housing	16134 Carmine Street, Fontana, CA	US
S1-634794383	Sika Estate Private Limited	31, Wallers Road, Off.Mount Road, Madras, Chennai, Tamil Nadu, Madras	India
S1-112222336	Sp Homecare-Malappuram	25/180/12, 25/180/13, 25/180/14, Pattambi Road, Perinthalmanna, Malappuram, Malapuram, Kerala	India
S1-805566251	Bobby Wallace Ubs	53 Hawks Nest, Leicester, NC	US
S1-916387357	Bustos Rocket LLC	41 Maryland Street, Evansville, IN	US
S1-13916348	Optimal Textile Brands Inc	OK, 72226 323 Avenue, Wagoner	US
S1-465624927	K 8 Unified Electric LLC	8 Hayride Lane, Taneytown, MD	US
S1-629370276	Cthrine G. Villarreal, D.C., PC LLC	19520 Saddleback Drive, Glenpool, OK	US
S1-30857060	Green Design Dynamics Inc	1342 Mills Avenue, Pacific Junction, IA	US
S1-982877041	Surgical Clear Group	Unit Apartment 1, 2 Ninham Avenue, NY, East Fishkill	US
S1-128066518	Ahumada Pembina	212 Boulder Road, Mc Leod, MT	US
S1-136352072	Kolkata Chemtech Private Limited	20C, Hazra Road, 1St Floor, Kolkata, Kolkata, Howrah, West Bengal	India
S1-343199757	Galaxy Investment Limited	B-81, Gali No-2, West Vinod Nagar, East Delhi, Delhi	India
S1-730299513	Empire Animal Hospital	4512 Kubala Store Road, Yorktown, TX	US
S1-540707170	Tirumala Lab Company	Pl.No.8, Lic Colony, R P T S Road, Nagpur, Maharashtra	India
S1-86316664	United Fellowship VI	PA, 401 West Avenue, Jenkintown Borough, Unit Unit B	US
S1-8203243	Hermine Best, O.D.	209 Grand Meadow Drive, Fort Worth, TX	US
S1-548830655	Life Services	Kailashprabhat Chsbldg Noa1 Flat 101 173 Vidyanagri Marg Kalina Cstroad Santacruz, Mumbai, Mumbai City, Maharashtra	India
S1-16023057	Jolly Agro Limited	Mumbai, Maharashtra, Shop158, Powai Plaza, Mtr Room11, Cst No.5 1St Floor, Hiranandani Bus, Park, Powai, Mumbai City	India
S1-762722176	Regional Grand American Corp	926 Lorewood Grove Road, Middletown, DE	US
S1-871269573	Silver & Sons Associates	No. 600P/6, Jj Garden 2Nd Street, Gandhigramam North, Karur, Tamil Nadu	India
S1-40774426	Martinelli & Delgado Resolution Inc	117 Lynn Tuck Court, Friendsville, TN	US
S1-996139522	Crystal First Transport LLC	Columbus, Unit 305, 5065 Sinclair Road, OH	US
S1-92128832	Real Global Private Limited	C/O Kishan Dev 1, Pipra, Munjapta Post Sultanpur, Pooranpur, Pilibhit, Uttar Pradesh	India
S1-297214730	Barker First Future LLC	13224 Gruber Road, Clear Spring, MD	US
S1-568018021	Biotherapeutics Inc	496 Catskill Avenue, Lindenhurst, NY	US
S1-557608218	Everton Elite John	81 Hadlock Pond Road, Fort Ann, NY	US
S1-829649590	Lanham Rocket	5605 Bluff Place, Unit 1, Cheyenne, WY	US
S1-113819571	Debee Rosales, O.D., DDS PC	MA, Framingham, 4 B Willis Street	US
S1-856889516	Interstate Southwest	4068 109, Wilkinson, IN	US
S1-211824300	Vayam Minerals Pvt. Ltd.	B-128, Sector-2, Noida, Gautam Buddha Nagar, Uttar Pradesh	India
S1-867663265	Wadley & Arthur LLC	5314 Wood Street, North Little Rock, AR	US
S1-935895765	Liberty & Sons Private Limited	Chennai City Corporation, Tamil Nadu, New No.3, Old No.2, 79Th Street, 18Th Avenue, Chennai	India
S1-940223165	Late Space Ltd	C-2, President Banjara, 2Nd, Flr, Sagar Society, Rd No.2, Khairatabad, Hyderabad, Telangana	India
S1-669709335	Pegasus & Co	Plot No.26A, 4Th Main Road Sipcot It Park, Siruseri, Chennai, Tamil Nadu	India
S1-650988122	St. Zion	36314 Lime Bank Road, Logan, OH	US
S1-598321448	United Safe Impact LLC	3518 Michelle Way, Gilbert, AZ	US
S1-832060895	Goregaon East Consultants Private Limited	23Rd Floor, Commerz Ii, Cts No 95 4 B 3 & 4 590, Off Western Express Highway, Oberoi Garden City, Goregaon East, Mumbai, Maharashtra	India
S1-637319524	Strategic Sierra Company	1113 Grant Street, Village Of Spencer, WI	US
S1-513902264	Eye Associates Inc	26 Sicula Road, Vineyard, UT	US
S1-469536159	Complete Creative Services	32 Whites Avenue, Unit 15, Watertown, MA	US
S1-756045269	Shriver Liberty Molecular LLC	Tucson, AZ, 2291 Dante Way	US
S1-784254135	Sun Builders	Pune City, Sr.No. 232/4 Pl. No. 17, Aapte Colony Gururaj Hous, Maharashtra, Pune	India
S1-424769978	Urology Health LLC	TX, Austin, 410 Westmorland Drive	US
S1-347043475	Tirupati Business Private Limited	D 54/38-44 Jaddumandi, Sonia, Varanasi, Uttar Pradesh	India
S1-687445929	Ear Nose & Throat Care of St Charles LLC	409 Clarendon Lane, St Charles, MO	US
S1-472449509	Sparsh & Associates	Flat B-1201 Nr. Sayaji Hotel S. No. 164, Pune, Maharashtra	India
S1-14014609	Varshiya Healthcare Ltd	House No. 3-17-56/11/A/2 Gandhi Nagar, Ramanthapur, Hyderabad, Telangana	India
S1-245430487	Ivenyn Algonquin Co	4807 Mount Vernon Drive, Unit APT, Indianapolis, IN	US
S1-364559910	Vision Care Associates Inc	3461 Mccallister Lane, Bonifay, FL	US
S1-428620043	Central Consumer Union Inc.	3935 Latour Court, Hoffman Estates, IL	US
S1-121886174	Shiva Exports Limited	Plot No.-896/2, Sector-7/C, Gandhinagar, Gandhi Nagar, Gujarat	India
S1-700361943	Moder, Callejas and Arellano Cosmetics LLC	680 Railroad Drive, Pell City, AL	US
S1-729547817	Givens Royce	41 Marcia Drive, Torrington, CT	US
S1-192530719	Thomas Enbridge L.L.C.	3410 Wilshire Drive, Greensboro, NC	US
S1-860640099	Navi Mumbai Services Limited	C 12/314 Sector 46 Nerul, Navi Mumbai, Mumbai City, Maharashtra	India
S1-626300197	Duncan & Riley LLC	3824 Eisenhower Street, Eagle Mountain, UT	US
S1-880114025	Asset Foundation	C/O Sangeet Yadav 01/0101/01 Barkhadi Kala, Bhopal, Madhya Pradesh	India
S1-612010088	Copper Bharati Private Limited	Plot No. 10 Banerji Layout Bhagwan Nagar, Nagpur, Maharashtra	India
S1-310521693	Glyphyx Massage LLC	404 Airline Drive, East Alton, IL	US
S1-552424748	Dermody Elite Solutions Inc	10657 Wills Loop, Austin, TX	US
S1-680521149	Bhavya Outsourcing Private Limited	C/O Natha Baji Javir, At Post Atpadi, H. No. 6394, Tal Atpadi, Sangli, Maharashtra	India
S1-920126688	Case, Miranda and Lee LP	928 Reid Street, Bucyrus, OH	US
S1-733819025	(india) Kamakhya Cryogenics Pvt Ltd	C/O Abhishek Kumar Singh Nandgaon Colony Hussainabad Line Bazar, Jaunpur, Uttar Pradesh	India
S1-336834816	Department of Consumer Affairs	1412 Falcon Oaks Drive, Leander, TX	US
S1-650919635	24HR Fitness LLC	Beavercreek, 3043 Willowbrook Way, OH	US
S1-101299229	Back Alley Pizza	104 Beech Tree Drive, Brewster, MA	US
S1-418388948	Montyx Gaming Group	2287 Ouachita Drive, AR, Fayetteville	US
S1-835187292	Cornerstone Karman, LLC	8 Knolls Road, Hyde Park, NY	US
S1-807563213	Ridge Council Care	5013 Chinook Lane, Crossville, TN	US
S1-611396003	Mcmullen Tavia, Inc	330 Main Street, Brockton, MA	US
S1-734281988	Delta Charter School LLC	8050 Avondale Way, Redmond, WA	US
S1-176736869	Isobel Walker Cornerstone Tsakos LLC	14650 Landmark Boulevard, Unit 1237, Farmers Branch, TX	US
S1-727184421	Dream Management	Flat No. 402, Animish Apartment, S.No 78, Plot No.22 Ramnagar Colony, Bavdhan, Pune, Maharashtra	India
S1-976715655	Interstate Security Ventures Inc.	New York, 126 Elizabeth Street, NY	US
S1-337661103	Cardiology Associates	1237 Hempstead 16, Hope, AR	US
S1-97889811	Primary Care Clinic Corp	108 Capitol Avenue, Williston Park, NY	US
S1-93368873	4423 First Place Properties	1618 Burns Avenue, Saint Paul, MN	US
S1-53432522	Mangalmay Texpro Private Limited	B-14B, Sector - 62, Noida, Gautam Buddha Nagar, Uttar Pradesh	India
S1-831709702	Navkar Power (India) Private Limited	Thane, Maharashtra, Building, A/510 Hari Sanskruti, Ambarnath	India
S1-186217687	Ag Dias Americas	252 Hixson Drive, Fl 0, Grants Pass, OR	US
S1-626925954	Chrysler Arriaga Aberdeen Inc	88 Nina Court, Gaithersburg, MD	US
S1-101008158	Gulf Learning Center Associates	7369 1331, Taylor, TX	US
S1-899190204	Bharat Projects Private Limited	C/O, Haldia, Debi Prasad Choudhary, Vill.- Bhabanipur, West Bengal, East Midnapore	India
S1-214769948	Wildlife Federation VI Inc	58 Barberry Drive, Berea, OH	US
S1-795274834	North It Private Limited	Sno-98/2 Plot No -5 Gopali Enclave Guruvihar Pune, Pune, Maharashtra	India
S1-346310571	Floyd Applied Inc	201 Lyle Street, Morganton, NC	US
S1-508341627	Foley & Cook Group	217 Earl Place, Hempstead, NY	US
S1-274956859	Alta's Silver Cargo	347 Moss Street, Lowell, OR	US
S1-811058019	Oncology Associates	Indianapolis, IN, 827 Oakland Avenue	US
S1-200114201	Sai Engineering Private Limited	E 39, Satyawati Nagar Ashok Vihar Phase Iii, Delhi, North West, Delhi	India
S1-97785647	ZWF Farmer Pvt Ltd	Farm No 34 G/F Kh No 491 & 492, Village Gadaipur, New Delhi, South West Delhi, Delhi	India
S1-395943531	Lovett & Marin Inc	5849 81st Street, Indianapolis, IN	US
S1-74604114	Shiv Agro Pvt Ltd	302, Abhirath Complex, Sardar Patel Colony, Naranpura, Ahmedabad, Gujarat	India
S1-187869744	Epps Chiron LLC	2402 Spring Street, Seattle, WA	US
S1-203419063	Falcon, LLC	152 4250, Unit 106, Murray, UT	US
S1-115182842	Overy Cardiology	17958 Quantico Road, Unit UNIT, Apple Valley, CA	US
S1-350408493	Trantham Cal Inc	7680 Fm 457, Bay City, TX	US
S1-7154437	Ajmer Farms Limited	Plot No. C-05, C-Block, Haribhau Upadhyay Nagar, Ajmer, Rajasthan	India
S1-373239366	Equinox Illumination LLC	93 Crescent Avenue, Ranlo, NC	US
S1-829127364	Tatvamasi Trust	Gf7 Gitanjali Shopping Centre Darpan Six Road Navrangpura, Ahmedabad, Gujarat	India
S1-483758084	Dental Unified Health LLC	1010 Maple Street, Arlington, WA	US
S1-93038990	Anderson Costamare Inc	2717 Fairlawn Avenue, Unit LOT 67, Dunbar, WV	US
S1-26279671	Certified Heartland Cayman	714 Summit Lane, Vernon Hills, IL	US
S1-442576549	Future Marketing Private Limited	Ground Floor East Wing, Krb Towers Plot No 1, 2, 3, 4 & 4/A, Madhapur, Hyderabad, Telangana	India
S1-863180561	Kemp and Degroat Rocky Inc	30 Lakewood Drive, Hayesville, NC	US
S1-295640904	Druci Payton, D.D.S., M.D., P.C.	1631 Pacific Street, Brooklyn, NY	US
S1-784313483	Lucas Great Defi, LLC	11769 Henry Phipps Drive, City Of El Paso, TX	US
S1-483396788	Green Metro Jab LLC	8146 Kenton Lane, Fl 1, Tumwater, WA	US
S1-466269847	Welker Cornerstone Bridge	501 Duanesburg Road, Rotterdam, NY	US
S1-184233455	Board of Motor Vehicles	6614 Whittlesey Road, City Of Middleton, WI	US
S1-440822103	Bombay Ventures Limited	16-11-741/4/P, Hyderabad, Telangana, Iind Floor, Near Vijaya Diagnostic Near Adishwar Building, Moosarambagh, Di, Lsukhnagar	India
S1-542548565	Morgan and Rudolph Liberty LLC	119 Wall Street, Northfield, VT	US
S1-411134423	Community Project	1725 Fox Run Court, Fairfax County, VA	US
S1-45687554	Jain Marketing	1A, Grant Lane, 1St Floor Room No-123, Kolkata, Kolkata, Howrah, West Bengal	India
S1-81721708	Fettle College Private Limited	C/O Braj Bhushan Singh, Mahatma Gandhi Nagar, Kanti Factory Road, Kankarbagh, Patna, Bihar	India
S1-87140085	HK Madison LLC	1362 1500, Vernal, UT	US
S1-710559351	Family Ministries V Inc.	NY, North Hempstead, 54 Oxford Boulevard	US
S1-542159324	American Mills Private Limited	No.1250, Kalluvazhi, Pallithammam (Po), Kalaiyarkoil (Taluk), Sivaganga, Tamil Nadu	India
S1-999267868	Glori R. Bryce, O.D. LLC	33981 Mud Springs Road, Black Canyon City, AZ	US
S1-475258270	Scholarship Institute	1005 Old Stagecoach Road, TN, Rutledge	US
S1-48262689	Porter Cyber Inc	17 Dulancey Court, Staten Island, NY	US
S1-596218542	Federal Optimal Payment	3232 Trexler Road, Texarkana, TX	US
S1-705867046	Rascon Signature Family Practice	2895 Figueroh Avenue, Farmington, NM	US
S1-31986060	Matarazzo Cartesian, Inc	12620 Palos Drive W, Palos Park, IL	US
S1-389772367	Sunrise Tech Private Limited	30/113, Laxmi Vijay, 1St Floor, Laxmi Industrial Estate, New Link Road, Andheri (W), Mumbai, Mumbai City, Maharashtra	India
S1-795579511	East Railway	2917 Woodthrush, Grand Prairie, TX	US
S1-103031985	Y 9 Legacy Transport Inc	106 Getzendaner Avenue, Waxahachie, TX	US
S1-143847018	Orthopedic Health LLC	20616 Fruit Dove Cove, Pflugerville, TX	US
S1-635844902	Mauldin Frontier Solid Inc.	607 Broadway Avenue, Finley, ND	US
S1-767484651	Marielle's Insurance	282 Laurel Creek Drive, Hendersonville, NC	US
S1-686458815	Pediatric Dentistry Medicine	Scandia, 14045 237th Street, MN	US
S1-589476127	Behavioral Health Partners Associates	120 Taft Street, Yadkinville, NC	US
S1-851640395	IJ Foods Pvt Ltd	Narsinghpur Ho, Chnad Dhanre Colony, Narsinghpur, Madhya Pradesh, C/O Gopiram Jatav Fool	India
S1-753149763	Southern Ishares Care	2009 Avalon Pines Drive, Brookhaven, NY	US
S1-639096709	Cook Silver LLC	3661 St Rt 39, Shelby, OH	US
S1-603411327	Dinapur-Cum-Khagaul Tobacco Private Limited	C/O Mohammad Sohrab Khan, F No-302, Singh Mansion, Dinapur-Cum-Khagaul, Patna, Bihar	India
S1-259995248	Masoft Muzero Group	Town Of Freedom, WI, W1969 Finnigans Ridge Lane	US
S1-456161683	H+ Labs LLC	14 Henry Way, Millis, MA	US
S1-179697632	Mcintyre Solana Inc	1045 Back Road, Chesapeake City, VA	US
S1-664094994	Fais Value Battery LLC	1203 Folsom Court, Coquille, OR	US
S1-106852310	Hernandez Heartland Crypto	105 Belair Street, Unit 201, Brockton, MA	US
S1-336331667	Continental Complete Xii LLC	1752 2058, Culbertson, MT	US
S1-853856715	Services Nagpur Infotech Pvt Ltd	145, Gharonda Neem Ka Banger Patparganj Village, Delhi	India
S1-924906066	Coastal Desert Aspac Inc	Rock, WV, 218 Fernridge Court	US
S1-227433699	Titan P.C.	3017 Stevens Street, Spokane, WA	US
S1-208308823	SRP Ventures LLP	182, Gayatry Society - 2, Behind Mahadev Tample, Udhna Gam, Udhna, Surat, Gujarat	India
S1-130789372	Maressa's Direct Restaurant Center	15918 Island View Road, Prior Lake, MN	US
S1-876174847	Ss Exports Private Limited	Plot No-188, Unit-3, Kharvel Nagar, Bhubaneswar, Khordha, Orissa	India
S1-388464848	Horizon Raza	Plot No. 25-26, Block No. 296, Tantithaiya, Taluka Palsana, Surat, Gujarat	India
S1-210807321	Norine's Publishing	1153 Clay Avenue, Pelham Manor, NY	US
S1-70795721	Fahey & Galstyan Mitsubishi L.L.C.	1818 Bedford Street, Petersburg City, VA	US
S1-141527737	Jones, Munoz & Smith Inc	3802 Baseline Road, Unit 2123, Phoenix, AZ	US
S1-159473317	Tatum Regional Allied Chiropractic	1467 43, Tatum, TX	US
S1-385376013	Johnson, Betts & Grove Brown	315 Main Street, Roxboro, NC	US
S1-248621763	Techsoft Meadows	34A, 5Th Street, Officers Colony Adambakkam, Chennai, Tamil Nadu	India
S1-915741725	Halceon Bancshares LLC	401 Porter Ranch Road, Seymour, TX	US
S1-802204499	Balogh and Hodges Inc	Knox City, 13998 107th Avenue, MO	US
S1-674434388	Apex Producer Private Limited	Ernakulam, Door No 2440, Kollamparambil House, Puthiya Road, Kakkanad, Ernakulam, Kerala	India
S1-41271442	Southern Care Private Limited	Nh Road Near Valar Hospital Ambur Tk Tirupathur Madhanur, Vellore, Tamil Nadu	India
S1-70673038	O 5 Y Superior, LLC	8607 Saralee Drive, West Jordan City, UT	US
S1-569639506	North Tbk Center	148 Bob Mclelland Drive, Taylorsville, NC	US
S1-844937121	Corporate Brothers Private Limited	Unit No. 15, Building No. 2(A-3) Millennium Business Park, Sector-1, Maha, Pe, Navi Mumbai, Thane, Maharashtra	India
S1-865717050	Pacific Center Inc.	15264 Teal Boulevard, Unit #D, Beaverton, OR	US
S1-493594658	Joella's Optimal Wireless	8398 Kittiwake Lane, AZ, Tucson	US
S1-661355299	Quality Allied Income LLC	5425 Myerdale Drive, Cincinnati, OH	US
S1-984683343	Vpg Services Private Limited	Plot No R77 Shakti Nagar Jain Mandir Lane, Jabalpur, Madhya Pradesh	India
S1-106198783	Complete Portfolio	120 Seaver Street, Unit C401, Brookline, MA	US
S1-488571847	Fania Anderson Illinois LLC	76 Lillie Street, Kankakee, IL	US
S1-358337401	Emdee Welfare Society	401/402, 174 Kunthu, Commerce Cntre Bangur Ngr, Bangur Nagar, Mumbai, Goregaon West, Goregaon West, Mumbai, Maharashtra	India
S1-309948602	Lexis's Ace Tattoo	18468 Loomis Road, Nelsonville, OH	US
S1-550464357	Sbf Consulting	Mumbai, Unit 410, Prabhadevi Unique Industrial Premises Co-Operative Society Limited, Off V.S.Ma, Rg, Maharashtra, Mumbai City	India
S1-723865353	Mccartney Launchpad Inc	7920 Argonia Drive, Fort Wayne, IN	US
S1-702318151	Gracia and Wheeler LLC	1522 17th Street, Birmingham, AL	US
S1-860660725	F 9 V Lithium LLC	123 Kent Cove Road, Northumberland County, VA	US
S1-517761134	Life Construction Private Limited	Office -1016 Clover Hills Plaza, 10Th Floor, Sn -27, Pune City, Pune, Maharashtra	India
S1-372570560	Tirupati Super Infra Private Limited	Lakshmipuram, 1St Street (Upstair), Madurai, Tamil Nadu, Madurai South, 51	India
S1-687649497	NFW Efes Inc	1511 Bell Street, Wichita Falls, TX	US
S1-323694924	Ace Hospitality Brands	IL, Elizabeth, 128 Hanover Road	US
S1-886134714	Ss (india) Private Limited	Aurangabad, Sarafa Road, Sarafa, Aurangabad, Maharashtra, C/O M/S Sawant Jewellers And Saraf	India
S1-357392286	Prime Apollo Inc	1318 Finley Exchange Drive, NC, Holly Springs	US
S1-315464135	Tattva Solutions Pvt. Ltd.	Siddhi Vinayak Apartment Above Indian Bank Rajarhat Main Road, Near Banglakhmi Abas, An, Kolkata, Kolkata, Howrah, West Bengal	India
S1-448015377	Dermatology Advanced Specialists Corp	Liberty Center, OH, 101 East Street	US
S1-812446747	Vivekanand Innovations LLP	Floor-5, Plot 294, Haroon House, Perin Nariman Street Rbi Horniman Circle, Fort, Mumbai, Mumbai City, Maharashtra	India
S1-978485879	Dynamic Hospitality Private Limited	Thane, 1202, Maharashtra, Jasmine, Sudarshan Sky Garden Anand Nagar, Ghodbander Road, Thane	India
S1-500723277	Yeomans Anchor Brookfield L.L.C.	Village Of Hartland, 1207 Anton Road, WI	US
S1-390872114	Columbus, Borough Of	2526 Stafford Place, Columbus, OH	US
S1-877718725	Veterans Guild	2508 11th Court, Unit A, Tuscaloosa, AL	US
S1-630157011	EUO Creative Sanayi	175 Miami Drive, Yellow Springs, OH	US
S1-777674484	Pinkcity Micro Private Limited	6/2, Jangpura, New Delhi, South Delhi, Delhi	India
S1-980038576	Morford's Couture Inc	2401 Ruger Road, Prescott, AZ	US
S1-920288767	Urban Seafood	18347 Upper Fort Hampton Road, Elkmont, AL	US
S1-969011484	Modern Intermediate LLC	3112 Carrington Lane, Bloomington, IL	US
S1-286435442	Anderson Signature Synchrony LLC	8515 Mt Whitney Drive, City Of El Paso, TX	US
S1-332129220	Cooperative Asset Concepts L.L.C.	621 Old Main Street, Hartford, KY	US
S1-630545286	Innovative Exports Private Limited	House Number:1-161, Guntur, Didugu Post Amaravathi Mandal, Andhra Pradesh	India
S1-764047174	Gujrat & Sons Private Limited	F-301, Second Floor, Chaudhary Prem Singh House Lado Sarai, New Delhi, South Delhi, Delhi	India
S1-84079180	Shyam Balaji Solutions Private Limited	557/2, Khas Kathayani Homes, Ugf (F-1B), Sultanpur, Near Gurudwara, Delhi, South West Delhi, Delhi	India
S1-359985726	Gold Developers Private Limited	No. 2 & 7 North Cresent Road, Tamil Nadu, Chennai, Lakshmi Colony, G.N Chetty Road, Chennai	India
S1-880266671	Foundation Burdwan Art Pvt Ltd	No.3, Adar, 10Th Main, 7Th Cross, Maruthinagar, Malleshpalya Extn, New Thippasandra P.O, Bangalore, Karnataka	India
S1-143804242	Choice Medical Enterprises Inc	10734 Sky Prairie Street, Fishers, IN	US
S1-388688002	Moreen Wallace, D.D.S., M.D., P.C.	277 North Avenue, Westport, CT	US
S1-271122918	Sonal Solutions Pvt Ltd	No.10, Cil Layout, A Block, Sanjaynagar, Bangalore North, Bangalore, Karnataka	India
S1-627878380	Maa Finance Private Limited	C/O Sanjay Kumar Mirzapur Road Bye Pass Near Darshan Academy, Hisar, Hissar, Haryana	India
S1-89282616	Downtown Bistro	2920 Stephan Road, Kingman, AZ	US
S1-869399913	New Enterprises Limited	C/O. 130 Book Code, Lane No. 1, Shivajinagar, Nasik Road, Sangamner, Ahmednagar, Maharashtra	India
S1-998816365	White Apex Projects Pvt Ltd	C/O Shiv Pal Singh, S/O Shri Mehtab Singh Krishna Nagar, Bharthana Road, Etawah, Etawa, Uttar Pradesh	India
S1-879974998	Ward Fargo LLC	OH, 48 High Street, Dublin, Unit D	US
S1-891488734	Bright Consultancy Private Limited	Saikrupa, Dno8-3-833/37/38, Plot No. 37, Phase-I, Khairatabad, Hyderabad, Telangana	India
S1-18959301	Prostar Construction Pvt Ltd	D.No.45/1282-A, Akkaraparambil, May First Road, Thammanam, Kanayannoor Taluk, Khochi, Ernakulam, Kerala	India
S1-426853354	Verna Lauer, Esq. Associates	502 Coronado Avenue, Northwest, NC	US
S1-834895613	Youth Center	805 Swift Road, Waterford, OH	US
S1-709475599	Rodriquez and Koppelman Fashion	12059 El Greco Circle, City Of El Paso, TX	US
S1-449978205	Byram Quality Liquidity	4317 57th Place, Vancouver, WA	US
S1-619445160	Flames Buildwell	Khasra No. 193, Village Bhadrajpura Garudwasi Road, Chaksu, Rajasthan, Jaipur	India
S1-517391128	Purvanchal & Sons Limited	C/O Mr. Giridhari Rathod Post Karkheda Ward No 1 Tq Manora Karkheda District, Washim, Maharashtra	India
S1-361044909	Allied Fund LLC	105 Elm Street, Tabor, IA	US
S1-339721637	Jai & Co	F 25 (B) Vijay Nagar, Delhi	India
S1-908847191	Atlantic Technologies LLC	CA, 580 Anton Boulevard, Unit 337, Costa Mesa	US
S1-613623738	Kylen Jenkins Ethereum	6205 Riverside Boulevard, Unit APT 238, Sacramento, CA	US
S1-793149721	Dynamic Trading Private Limited	Delhi, South Delhi, Fla-150, New Delhi, Pocket B, Sukhdev Vihar	India
S1-830327990	Logsdon Interstate Encore LLC	KY, Elkhorn City, 3468 Marrowbone Creek Road	US
S1-263088495	Altoona Ear Nose & Throat Clinic	2134 18th Street, Altoona, PA	US
S1-125576562	Innovative Hospitality Private Limited	C/O- Sanjay Dey, Plot No. 484, Khatian No. 5925, Mouza No. 50, Dhakuria Kali Bari, Nikhil Bamboo Works, Vill- Dhakuria Ghosh Para, Gaighata, North 24 Parganas, West Bengal	India
S1-710464697	Express Staffing Company	WI, City Of Janesville, 429 Madison Street	US
S1-295447697	Blue Dte LLC	370 Benet Avenue, Rush City, MN	US
S1-310984803	Daum Artificial LLC	1049 Nighthawk Trail, Alvarado, TX	US
S1-199371657	Global Foundation Private Limited	17, G.C Avenue, Kolkata, Kolkata, Howrah, West Bengal	India
S1-993436904	Granite Starlink PC	2205 Red Forest Road, Greensboro, NC	US
S1-904578696	Cocks Frontier Pizza L.L.C.	Tigard, OR, 13140 Black Walnut Street	US
S1-592857022	Galaxy Construction	South West Delhi, F/F, Ph-1, Pkt-8, Dda Mig, Sect-12, Dwarka, New Delhi, Delhi, Flat No-38	India
S1-85085003	Leo Contractors Company	Plot No.6, 2Nd Cross Street, Ganesh Avenue, Sakthi Nagar, Porur, Chennai, Tamil Nadu	India
S1-515231023	Smart Producer Private Limited	3/4 Sathya Poorna Nilaya, K M Layout, 1St Main, Shimoga, Karnataka	India
S1-936300856	White Investments Private Limited	Plot No 26, Near Vishvash Pletinum, Sp Ring Road, Ognaj, Chandlodiya, Ahmedabad, Gujarat	India
S1-468794732	Kanpur Cement Private Limited	Block No. 17, Shop No. - 10, Canal Road, Kanpur, Uttar Pradesh	India
S1-692337975	New Hitech Power Pvt Ltd	2Rs-163/K Plot Bo 03 Kalasapur Road, Gadag, Karnataka	India
S1-601340607	King Ubs PC	2214 Louis Trail, Fl 0, Weatherford, TX	US
S1-721945434	Cherthala Technologies Private Limited	Matt India, # Kp/ Xv/ 292 Ezhupunna South, Cherthala, Alappuzha, Kerala	India
S1-875920409	Vivin Networks Private Limited	No.9 Vembuli Amman Koil Second Street, Gowriv, Akkam, Chennai, Tamil Nadu	India
S1-441956431	Shree Service Private Limited	C, Saifee Park, Dr. Mascarenhas Road, Opp. Post Office, Maharashtra, C-13 Ground Floor, Mumbai	India
S1-289800182	Blair Farms	3315 Rosehill Place, City Of La Crosse, WI	US
S1-645064214	Sunbird Marine Pvt Ltd	Industrial Independent Plot No-28-29, Electronic City, Sector-18, Gurgaon, Hary, Ana, Gurgaon, Haryana	India
S1-165585700	Tirupati Medical Centre Ltd	No. 33, Old No.43, Mountain Street 1St Block, Bangalore South, Bangalore, Karnataka	India
S1-172866344	Diamond Creative Ventures Inc	Arlington, TX, 1014 Road To Six Flags Street	US
S1-188055496	Shree Enviro Private Limited	Flat No. 302, Megh Madura Apartment 38, Cement Road, Nagpur, Maharashtra	India
S1-555436901	Raj Estate Pvt Ltd	Villa # 43, Imperial Gardens Near Choice School, Eroor South, Tripunithura, Ernakulam, Kerala	India
S1-701780334	Global All Oil LLC	Pine Bluff, 6748 Rayhan Road, AR	US
S1-500845225	Creative Management Limited	Lucknow, A-1/36 Vikas Khand, Gomti Nagar, Uttar Pradesh	India
S1-233568338	Brietta Donovan Rocky Acquisitions LLC	18661 320th Street, Goldsby, OK	US
S1-481112891	Om Constructions Private Limited	Khokhar Tola, Gorakhpur, Uttar Pradesh	India
S1-911837392	Peak Superior Wells, LLC	8658 Camden Drive, Elk Grove, CA	US
S1-437461809	XB Royal Packaging LLC	11 Brimfield Circle, Perinton, NY	US
S1-31830645	Henderson Apex Circle	1324 Peters Road, Troy, OH	US
S1-652538436	Oleary, Collins and Saucedo Royalty Inc.	32 Boardman Avenue, Melrose, MA	US
S1-786447200	Sun Management Limited	C 42A, Mukund Vihar, Karwal Nagar Nr.Navyug Sc, Delhi North East, North West Delhi, Delhi	India
S1-686014000	Emerald Heights Partners	Tiruchirappalli, Annamalai Nagar Main Road, Tiruchirappalli, Tamil Nadu, 73/11	India
S1-976299706	Fowler Octave Inc	1301 214, Venus, TX	US
S1-471934425	Ludhiana Barter Private Limited	# 1012, Street No. 5, Deep Nagar, Civil Lines, Ludhiana, Punjab	India
S1-761529188	Krushna Marketing Limited	H/O Asim Pal, Mailisai, Garhbeta-Ii, West Midnapore, West Bengal	India
S1-858927283	Hanes Superior Ellington	1305 Cherry Street, Fl 1, Galesburg, IL	US
S1-56032641	High Projects Private Limited	3B, Lal Bazar Street 4Th Floor, Room No. 2, Kolkata, Kolkata, Howrah, West Bengal	India
S1-745266249	Preferred Diamond Fresenius	Campbellsburg, KY, 5243 316	US
S1-500821594	Linda's Pet Care Corp	WA, 2123 144th Street, Tacoma	US
S1-349939634	Nolana's First Construction LLC	302 Faculty Street, Boone, NC	US
S1-531886068	Lynch Line	16 Ridgefield Road, Montgomery, IL	US
S1-159235832	Gonzales Muniholdings Inc	17311 Us 40 Highway, Unit A15, Independence, MO	US
S1-805270599	Swarna Nursing Home	Room No-3, Tara Nagar, Saki Vihar Road, Kurla(W) Mumbai, Mumbai, Mumbai City, Maharashtra	India
S1-250607052	Liberty Peak Stellar	268 Csx Bf, South Connellsville Borough, PA	US
S1-91731902	Joyner Debt LLC	19 Armstrong Avenue, Yonkers, NY	US
S1-41812396	Pure Hospital	Shop No 7 1St Floor Sec 9, Landmark Goal Market, Delhi, North West Delhi, Delhi	India
S1-149683865	Oliverio, Nosal and Britt Inc	11084 Beech Trail, IN, Osceola	US
S1-351935062	Olanify Great Inc	21 Higgins Road, Newark, DE	US
S1-563461939	Stelly Trusted Motors, LLC	809 Balboa Avenue, Unit 3, Capitola, CA	US
S1-142606365	Cascade Tri-State Industrials LLC	3180 Theodore Street, Unit 205, Joliet, IL	US
S1-381386592	H I & F Energetics	15 Piney Lane, Little Rock, AR	US
S1-287731004	Chittoor Infratech Private Limited	3-88, Surappagaripalli Cherlopalli, Gurramkonda, Chittoor, Andhra Pradesh	India
S1-50141882	RV Dreambuild Group	House No. 48, Shop No. 14, 2Nd Floor Block-Cw, Sanjay Gandhi Transport Nagar, New Delhi, North West, Delhi	India
S1-692006971	Ceque Transition LLC	121-36 8 Avenue, College Point, NY	US
S1-770267877	Balogh and Edwards	CA, 3919 Kristi Court, Sacramento	US
S1-256159675	Khed Infosol	To G. No.627/1/1 Kuruli, Tal Khed, Khed, Pune, Maharashtra	India
S1-326828522	Quiroz All Royalties LLC	123 Hereford Street, New Hope, AL	US
S1-467756745	Heritage Desert Public	144 Edwards Addition Road, Whitehall, MT	US
S1-651214537	Creative Marketing Private Limited	Jalpaiguri, Canal Road, West Bengal, Rajganj, Opp. 3 No. Bridge, Towards Sharda Sishu Tirtha School, Vill.- Dangapara, Mouza- Binnaguri, P.O.- Balaram, P.S.- New Jalpaiguri	India
S1-161089458	Preferred Asset Solutions	4901 Hillsboro Highway, Hillsboro, TN	US
S1-602115140	Henka Sander Ship	1015 Hopewell Road, Felicity, OH	US
S1-695580377	Apex & Sons Private Limited	S.E. - 15, Sunder Nagar Extension Behind Rawat Girls College, Heerapura, Jaipur, Rajasthan	India
S1-110799306	Lona Flores, DPM Care	166 Charles Street, Cambridge, MA	US
S1-843095618	Ahmadabad City Vaishnodevi Pvt Ltd	Ahmadabad City, Gujarat, 11/2-Bagenoor Society, Nr.Sonal Cinema Vejalpur, Ahmedabad	India
S1-438198066	Morris, Kesler & Lock Builders	19 Foxpointe Circle, Perinton, NY	US
S1-52374081	Elnore Baer Silver Hospital LLC	2066 Cc, Village Of Richfield, WI	US
S1-104192438	New Constructions Private Limited	No. 10, South End Street, Kumar Park East Bangalore, Bangalore, Karnataka	India
S1-338083300	High Energy Private Limited	191, New Layalpur Colony, Krishna Nagar, Shahdara, Delhi	India
S1-599441714	Stone Companies	3505 Manley Drive, Montgomery, AL	US
S1-286305400	Pierce Costamare LLC	882 Reed Road, Cordova, AL	US
S1-111076486	Guru Surgical (India) Pvt Ltd	21/6, Kamini School Lane Salkia, Howrah, West Bengal	India
S1-140540829	Hernandez Tri-State Royalties, LLC	6147 Dunbar Court, League City, TX	US
S1-943676677	An International School	C-58, Basement Kalkaji, South Delhi, New Delhi, Delhi	India
S1-783665080	Reya Solutions Corporation	3 Chanakyapurico Opp Housing Society Kanpur, Uttar Pradesh, Shahjahanpur, Uttar Pradesh	India
S1-31245413	Innovative Management Pvt Ltd	Ellathuvalappil Veedu, Ottapalam, Palakkad, Kerala	India
S1-9874625	Aadinath Ventures Pvt. Ltd.	Bangalore., No.337/C, Karnataka, 8Th A Main, Rajaji Nagar Iind Stage	India
S1-435583602	Econest Farmer	C/O Vinod Kishanchand Khandwani Rsn. 2100 K/8, Plot No.222, Ruikar Colon, Y, Kolhapur, Maharashtra	India
S1-744126231	24HR Homecare	134 Waldron Lane, Glen Daniel, WV	US
S1-380658451	Platinum Creative Group	706 Burgundy Road, Shelton, WA	US
S1-502862654	Sims and Mclean Fargo	607 Main Street, Kent, OH	US
S1-234724533	Total Copley	3181 Caradine Street, Memphis, TN	US
S1-969445270	Virosoft Inc.	3757 Archies Way, Powhatan County, VA	US
S1-514784254	Smart Robotics Labs LLC	17331 Mathis Road, Waller, TX	US
S1-894527555	Opulence Infotech	Plot No 12, 1St Floor, Block A-1 Whs Kriti Nagar, New Delhi, West Delhi, Delhi	India
S1-993088924	Clean Capital Fortis PLLC	2308 Nebraska Avenue, Peoria, IL	US
S1-787970182	White and Henry of Fairfield	839 Burr Street, Fairfield, CT	US
S1-203704477	Credit Freight Dynamics PLLC	20 Saxon Wood Park Drive, White Plains, NY	US
S1-646341217	International Esskay Suppliers Private Limited	Sri Suraj Singh, S/O Sarjit Singh, North Hatkhola Road, W.No-08, Supaul, Supaul, Saharsa, Bihar	India
S1-820497026	Shakti Marketing Private Limited	C/O Sh. Narottam Singh, C-901, Vijaya Apartments, Indirapuram, Ghaziabad, Uttar Pradesh	India
S1-727487157	Lyray Recruiting	637 Eaker Road, Kings Mountain, NC	US
S1-16597341	Dream Management Private Limited	F-158, Lajpat Nagar -1, Delhi, New Delhi, Delhi	India
S1-546583416	Ortiz Metropolitan Scuti LLC	695 Viking Court, Ester, AK	US
S1-157191382	Literacy Charities	297 Mcewen Road, TN, Mountain City	US
S1-209946681	Services Sr International Co	Flat No 504, Plot No 179/3 Divya Plaza, Beside Iob, Motinagar, Hyderabad, Telangana	India
S1-409032010	Literacy League	701 Strickland Road, Piketon, OH	US
S1-331617267	Housing Network III of Bloomington	1502 Hillside Drive, Bloomington, IN	US
S1-987567817	Sartain and Chavez Dogecoin	4100 Nina Drive, Owensboro, KY	US
S1-40167011	Arihant Developers Private Limited	House No. 72/432, Agarsain Vihar, Muzaffarnagar, Uttar Pradesh	India
S1-58805335	Varshansh Ferro Private Limited	Shop At Old Cinema Road Near Verka Milk Point, Opp. Auto Market, Sardulgarh, Mansa, Punjab	India
S1-298094799	Robertson Smart Prudential	110 Mimosa Drive, VA, Albemarle County	US
S1-280807892	Sun Management Private Limited	308/1, Kandasamy Layout Pappanaickenpalayam, Coimbatore, Tamil Nadu	India
S1-157743625	Krueger & Steward LP	10700 Le Ann Drive, Unit APT 2, Rancho Cordova, CA	US
S1-84759658	Properties Jade Life Private Limited	H.No. 1 Main Road Village Budh Pur, Alipur, Delhi, North Delhi, Delhi	India
S1-794738158	Anantapur Publications (India) Pvt Ltd	3739/35, Saini Market Gali Charandas, Hauz Quazi, New Delhi, Delhi	India
S1-970144539	Ponce Citizens, LLC	Ogdensburg, NY, 1116 Washington Street	US
S1-24553225	Vision Bombay Global Limited	Astha Enclave, Flat No-5, 3Rd Floor, Mauza Jakariyapur, Pahari Patna, Bihar, Patna Sadar, Patna, Bihar	India
S1-422528288	Cobalt Chile Corp	193 North Avenue, West Chicago, IL	US
S1-550780709	Thompson Better Biotherapeutics	410 Roaring Branch Road, Stony Creek, NY	US
S1-689907129	National Nexera Inc	1448 225, Greencastle, IN	US
S1-143422909	Dental Cornerstone Center LLC	1558 Little Creek Road, Hendersonville, NC	US
S1-399017308	RVF Spruce Care	4422 94th Place, Marysville, WA	US
S1-364915039	Pipefitters Local 426	117 Canal Drive, Rockford, MN	US
S1-671625057	Vertex Flagstar LLC	Worcester, 151 Tacoma Street, MA	US
S1-457429006	Cornerstone LLC	MA, Nantucket, 5 Chicago Street	US
S1-244827517	Keystone Communications	194 Cranes Cove, Vass, NC	US
S1-280439649	Julia and Duncan LLC	IL, 1739 Otterbein Lane, Noble	US
S1-565271064	Suzanna Howard Signature Presidio Inc	311 Cleveland Avenue, Hagerstown, MD	US
S1-554562873	Kary Basurto Prairie Cloud	1628 Canterbury Court, Arlington Heights, IL	US
S1-880658488	Madel Alvarez Express Rothschild	303 Montrose Avenue, Morristown, TN	US
S1-529159228	Downtown Hypnosis	TX, 11902 1/2 W Cow Path, Austin	US
S1-392143707	Foods Lavi Abrasives Pvt Ltd	Ghaziabad, Bs 10 Ansal Sundram Building Rdc, Rajnagar, Uttar Pradesh, Ghaziabad	India
S1-505809596	Modern Robotics Digital LLC	1000 Yellow Jacke Lane, Unit 2801, Rockwall, TX	US
S1-847805932	Tomiex Family Office	793 Ridge Street, Southern Pines, NC	US
S1-975798622	Good Industries Private Limited	Plot No. 510/4406, Khata No. 230/4045, Bmc Word No. 17, Brahmapur Sadar, Ganjam, Orissa	India
S1-541187807	Summit Mines LLC	507 Morgan Street, Rushville, IN	US
S1-759234817	Moreland, Torres & Fairley	201 Glenville Drive, Unit 112, Richardson, TX	US
S1-782710532	PDH Quality Encore Inc	6637 6th Avenue, AZ, Phoenix	US
S1-862137351	Foot & Ankle Health Inc.	5055 Huron Road, Mobile, AL	US
S1-986644884	Quality Pharmaceutical Inc	20250 Oldenburg Lane, Sandy, OR	US
S1-246613214	Sun Crop (India) Private Limited	Vill. P.O.- Sripur (Kamarpukur) P.S.- Goghat, Hooghly, West Bengal	India
S1-922285075	Konark Enablers Limited	Cts No 542 Bazar Road, Laxmeshwar, Gadag, Karnataka	India
S1-22199683	Prairie League III LLC	1066 Clearview Avenue, Keizer, OR	US
S1-638060911	All Colonial Royal	1100 W Rock Quarry Road, Fentress County, TN	US
S1-135472082	Western Synchrony Inc	165 Lincoln Avenue, Unit Apartment 2, Albany, NY	US
S1-540525084	Asg Human Private Limited	G-152 Riico Industrial Area, Sanganer, Jaipur, Rajasthan	India
S1-821809722	3667 Commerce Plaza Management	1203 Rose Street, Blytheville, AR	US
S1-120912957	Lotus Consultants Private Limited	Shop No 6 Pramukh Vijay, Chs Ltd, Vijay Nagar, Mumbai, Maharashtra	India
S1-105641679	Jay Services	Madhya Pradesh, Dewas, Moti Banglow, Main Road, Shop No.18 Kanak Complex, Dewas	India
S1-951052901	BZW Chemicals	19-10-4/2Satya Prasanna Nagar Kakinada-1, Eg Dt, East Godavari, Andhra Pradesh	India
S1-462572037	Riix LLC	IL, 4176 Jean Street, Limestone	US
S1-188542219	Ace Products Pvt Ltd	Salem, Tamil Nadu, 181T V K Road Ammapet	India
S1-308204858	Burns, Hilton and Hughes	8 23rd Street, NY, Babylon	US
S1-331288567	LT Care Ltd	New Delhi, Near Telco Service Station, Rangpuri, Khasra No.;616, Mahipalpur, Delhi	India
S1-335193543	Birch Inc	29 Bungtown Road, Laurel Hollow, NY	US
S1-740618432	Bloodgood, Jacinta, DPM	Mundelein, 227 Hawley Street, IL	US
S1-276972670	Shree Finance Private Limited	Iii, A 246, Rachana Vaishali, Ghaziabad, Uttar Pradesh	India
S1-296451403	East Delhi Technologies Private Limited	3Rd Floor, 18, Hargovind, Enclave, Karkardooma, East Delhi, Delhi	India
S1-9847638	Woodcock Bright Valley P.C.	935 Pulaski Highway, Goshen, NY	US
S1-812941293	Varanasi Social Company	Flat No 6-C, 17 Gross Point Nr Shiv Temple, Jeevan Bheema Nagar, Borivali West, Borivali West, Mumbai, Maharashtra	India
S1-651012921	Gillian's Tire Shop	12 Victoria Lane, Simsbury, CT	US
S1-981698860	Summit Highland Ramaco, LLC	3901 Bellevue Road, Toledo, OH	US
S1-794983058	NRC Infrastructure	G-712, Ptel Path, R N Singh, Kankarbagh, Sampatchak, Patna, Bihar	India
S1-664741445	Carroll & Montoya LLC	6758 Hayes Road, Unit L11, Andover, OH	US
S1-311014035	Taylor, Mcnichols and Sweeney Inc	2002 Pinetop Drive, Gastonia, NC	US
S1-417657881	Verray Concord L.L.C.	512 B Street, Belleville, IL	US
S1-997762739	JTN Security Ltd	39/1 Arabinda Road P.O. New Barrackpore, Barrackpore, Parganas North, West Bengal	India
S1-464281764	Piper Cardin Better Renatus	148 Robert Quigley Drive, Wheatland, NY	US
S1-23575125	Aurangabad Techno Private Limited	Aurangabad, Maharashtra, C/O Ramchandra Thorat, Chadapur Sillod, Aurangabad	India
S1-843659322	Gurgaon India Private Limited	209, Central Arcade, Gurgaon, Haryana	India
S1-92157255	Highland Value Art Inc.	28 Long Sands Road, York, ME	US
S1-89474879	OP Creative Principal LLC	5 Starlight Road, Portland, ME	US
S1-171674851	Cascade of Dallas LLC	5450 Anita Street, Dallas, TX	US
S1-744746510	Tarai Services Private Limited	Plot No-222, Ground Floor, Pkt C, Sec 5 Bawana Dsidc, Delhi, North West Delhi, Delhi	India
S1-533458666	Svs & Sons Private Limited	H/O-Ajit Singh, A, Plot No-2706, Domestic Ashiana, Digha Road, Patna, Bihar	India
S1-81344865	Meadows Regional P.C.	NC, Weaverville, 33 French Terrace	US
S1-707284833	Health Ministries	1312 Bass Avenue, Unit 304, Columbia, MO	US
S1-371545911	Allen and Bonfiglio Quest Inc	203 Whitman Drive, Unit 302, College Place, WA	US
S1-778989717	Better Federal Enhanced Inc	127 Lee Avenue, 08, IA	US
S1-62770465	Continental Agricultural Alliance LLC	603 Kickapoo, Hartford City, IN	US
S1-479962821	Transtech & Co	Door No.21- 19-1088, Revenue Ward No.14, Guntur, Andhra Pradesh	India
S1-880668608	Noida Realcon Private Limited	Noida, D-42 Sector-39, Uttar Pradesh, Gautam Buddha Nagar	India
S1-30838188	Pavaki Industries Pvt Ltd	Link House, (3Rd Floor), 3-Bahadurshah Zafar Marg New Delhi, Delhi	India
S1-150822865	Mittal Home Private Limited	Flat No G-806, A B Jade Residences, G No-1403, Haveli Pune, Wagholi (Ct), Pu, Ne, Pune, Maharashtra	India
S1-109077546	Verrova Can LP	12002 Zion Road, Tomball, TX	US
S1-672293437	Sweeting Central Associates	5122 Porter Ridge Drive, Houston, TX	US
S1-926570637	Garcia Global Company	1075 Willowdale Drive, Shepherdstown, WV	US
S1-829074302	Unified Industrial Laboratories LLC	North Reading, MA, Unit 106, 104 Lowell Road	US
S1-445823291	Summit Construction	11018 27th Avenue, Marysville, WA	US
S1-117268472	Natural Ventures Corporation	First Floor, Flat No. 2B S.No. 112/9 Erandwane, Pune, Maharashtra	India
S1-80002423	Integrated Green Core Inc	119 North Street, Millheim, PA	US
S1-815987733	Laladyne Inc	166 Pinetree Road, Cumberland, KY	US
S1-739044327	Bureau of Education	3334 Timberside Drive, Powell, OH	US
S1-43150846	Star Printing Services LLC	152 Center Street, West Mansfield, OH	US
S1-942044551	Rv Trading Ltd	1/250/3354, Tagore Nagar Near Tamil Church, Vikhroli East, Mumbai, Mumbai City, Maharashtra	India
S1-24701508	Silver Investments Private Limited	Kerala, Cochin, 43/4245, Ernakulam, 2Nd Floor, Bava Complex Mahakavi Vyloppilly Road, Thammanam	India
S1-3410523	Organic Labs Private Limited	Shop No 8 Laxmi Chaya Bldgl T Road Borivali (W), Mumbai, Maharashtra	India
S1-785465694	Northern Anadolu LLC	9010 Oak Street, Unit #207, Tigard, OR	US
S1-715112182	Seven Consulting Private Limited	East Delhi, Delhi, New Delhi, A - 141, First Floor Pul Pehladpur	India
S1-612570430	United Pinnacle Bnb LLC	4362 Millburn Avenue, Stow, OH	US
S1-282802699	Kargil Ions Private Limited	Annayya Peta, Vemavaram Thondangi Mandal, Vemavaram, Andhra Pradesh	India
S1-535321256	Southern Blue Coastal LLC	3437 Hadley Street, Salem, OR	US
S1-386999708	Best Oil Inc	4377 Mt Vernon Road, Springfield, OR	US
S1-621977166	New Delhi Entertainments Ltd	H-9 Green Park Main, New Delhi, Delhi	India
S1-179347504	High Investment Private Limited	Ghaziabad, Sec-10 Dps Siddarth Vihar, E-2843 Gaur Siddartham, Uttar Pradesh, Ghaziabad	India
S1-87693974	Hannis Covarrubias Storage LLC	217 Forest Street, Newton Falls, OH	US
S1-202671425	Nandyala Gaming Private Limited	C/O. Jay Motwani, B-305, Regency, 3Rd Cross Lane, Lokhandwala Complex, And, Heri (W), Mumbai, Maharashtra	India
S1-890399986	West Animal Hospital Inc	1835 Winch Road, Busti, NY	US
S1-431828163	Biswanath Industries Private Limited	Office Gf 78, Sector 47, Spaze Platinum Tower, Gurgaon, Haryana	India
S1-924077445	Hotel Systems Pvt Ltd	Solitaire, Flat-C 503, Building-C, Jakat Naka, Dhanori, Pune, Maharashtra	India
S1-744162258	Bureau of Finance PLLC	24864 Cherokee Drive, Lake Barrington, IL	US
S1-788285323	Hotel Infra Private Limited	A-2, Shri Kripadham Complex Fatehabad Road, Agra, Uttar Pradesh	India
S1-285162345	Empire Ventures Pvt Ltd	Fl. No. 1105, Wain C Gold Coast, Sr. No. 13/1/4, Someshwarwadi, Pashan, Pune, Maharashtra	India
S1-651320277	Pediatric Dental Physicians LLC	829 Straight Creek Road, TN, New Tazewell	US
S1-858319190	Garcia Bright LLC	318 Spruce St Extension, Gallipolis, OH	US
S1-752273649	Wildlife Center	204 Silver Moon Drive, Kalispell, MT	US
S1-873356589	Annnora Kennebrew Glass LLC	1679 Sailors Street, TN, Memphis	US
S1-134776127	Ear Nose & Throat Safe Health LLC	127 B Street, Miami, OK	US
S1-22137007	Ss Foods Limited	Fl No 107 Sai Sayaji Pooj, Krishna Colony K. Kothrud, Pune City, Pune, Maharashtra	India
S1-162216638	Jai Energy	101 H K House Offashram Road, Ahmedabad, Gujarat	India
S1-153253863	Lakshmi United Tech Private Limited	2-166, Kapu Street, Pamur, Kanigiri, Prakasam, Andhra Pradesh	India
S1-404303772	Surgical Physicians	1438 Scenic Way, Akron, OH	US
S1-610725516	National Airlines, LLC	5014 49, Dadeville, AL	US
S1-935119903	Precision Brothers Private Limited	Flat B2, Shreenathji Housing Society, Jalgaon, Maharashtra	India
S1-402180587	Kvn Property Pichampalayam Mallur Private Limited	Pichampalayam Mallur, S. No. 123/6C3, Salem, Tamil Nadu	India
S1-482028774	Studio 51 Cleaning Service	2015 Brookside Avenue, Indianapolis, IN	US
S1-334090656	Natassia Call Metro Furniture LLC	10812 Branberry Lane, Henrico County, VA	US
S1-734250114	Superior Aegon	3007 141st Street, Vancouver, WA	US
S1-623127678	Lotus Healthcare	Shop No.6, Plot No.3, Near Cng Pump, Morvi, Rajkot, Gujarat	India
S1-84203972	Womens Health Trusted Associates Corp	908 Eucalyptus Street, Ontario, CA	US
S1-296219708	Custom Debt LLC	287 Shore Road, Bowerbank, ME	US
S1-385587793	Silver Cafe LLC	400 Harrison Street, Paris, TN	US
S1-153492784	Vincent Taiwan	2208 Parkview Place, South Bend, IN	US
S1-373697488	Commission on Transportation	Rossville, 285 Cotton Trail Drive, TN	US
S1-137893556	Wood India Pvt Ltd	1/2, Allenby Road Allenby Court, Kolkata, Kolkata, Howrah, West Bengal	India
S1-856491556	Dynamic Marketing Private Limited	A I, Block, No.27/1 Sarasu Apartment, Shanti Colony, Anna Nagar, Chennai, Tamil Nadu	India
S1-254049862	Commission on Public Works	VA, 3922 Howard Street, Fairfax County	US
S1-425828491	Mcelligott, Adams and Anderson	KY, Elizabethtown, 706 Princeton Drive	US
S1-546947019	Quclaris Grand Karman Inc	101 Salter Path Road, Unit 501, Pine Knoll Shores, NC	US
S1-240311044	Glisten Agro Private Limited	D. No. I-1-91/2, Near Vidya School, Derebail Konchady, Mangalore, Dakshina Kannada, Karnataka	India
S1-475270947	Bay Fund	415 24th Street, Baltimore, MD	US
S1-45870031	Innovative Global Private Limited	605-606, Zion Prime, Nr. Copper Stone, Thaltej Shilaj Road, Thaltej, Daskroi, Ahmedabad, Gujarat	India
S1-577724948	Anant Fuels Private Limited	Shop No. C/Hg-27, H Gr.Floor, Building C, International Trade Centre, Majura Gate, Surat, Gujarat	India
S1-371842598	H+ Tinto Inc	513 Natchez Lane, Sugar Grove, OH	US
S1-877318646	4236 Center Court Realty, Inc	34000 27th Drive, Unit 2079, Phoenix, AZ	US
S1-74550948	Satterfield Ngl of Bend	63536 Pharaoh Court, Bend, OR	US
S1-874196114	Associated Com Pvt. Ltd.	16/2-41, 19/653 Somasekhar Puram, Nellore, Andhra Pradesh	India
S1-259955721	Classic Innovative Pro	NC, Cameron, 27 Knollwood	US
S1-2357731	Bangalore South Investors Limited	No. 267, 8Th Main Road, Ksrtc Layout, J P Nagar, 2Nd Phase, Bangalore South, Bangalore, Karnataka	India
S1-738413395	Material Buildtech Private Limited	Sf.No.57/1, Sri Sabari Garden Appanaikenpalayam, Thudiyalur, Coimbatore, Tamil Nadu	India
S1-352472277	Federal Apparel Enterprises, Inc	2269 B Summit Valley, Addy, WA	US
S1-107409844	Southern Wellness	Sitala Bhawan, Opp. S.N.T Godown Pradhan Nagar, Siliguri, Darjeeling, West Bengal	India
S1-259818624	New Career-Coimbatore	No.2/16, T.W. Koil St, R K Garens, Vellalore, Coimbatore, Tamil Nadu	India
S1-688410774	Technocrats Gem Ltd	B-304, Maruti Amrakunj -2, Near Sargasan Cross Road, Gandhinagar, Gandhi Nagar, Gujarat	India
S1-613160859	Titan Inc	3800 Shiloh Road, Corydon, IN	US
S1-475176740	Jay Systems Limited	Gorakhpur, Uttar Pradesh, 313E, Wazirabad Colony Near Masjid, Gorakhnath, Gorakhpur	India
S1-483390209	Integrated Tri-State Lakeshore, Inc	17234 Beach Drive, Lake Forest Park, WA	US
S1-245626410	Raine H. Rineer, D.D.S.	75-72 182 Street, Fresh Meadows, NY	US
S1-979880461	Marketing Lavanya Biztech Private Limited	B Shop 3, Kurla Kadam, Chs B Wing Bldg No 2, Mumbai, Maharashtra	India
S1-255558653	Loveless Best Defense, LLC	468 Quail Creek Drive, Frisco, TX	US
S1-930835643	Chand Medical Centre	Wing A-1, Flat No.1102, Skvvillas, Kalyan-Dombivli, Kalyan, Thane, Maharashtra	India
S1-259944833	Hang and Horn Stone LLC	14 Glen Meadow Road, Franklin, MA	US
S1-594953597	Red Business	C/O Ramdas Paswan Vill-Bazidpur Tola-Bazidpur Panch-Bajid Pur, Bahadurpur, Darbhanga, Bihar	India
S1-341541692	Gray Jernigan Market PC	25620 136th Street, Zimmerman, MN	US
S1-733687656	Jay Logistics Private Limited	Gat No.130, Nearby Shantai Lawns, Shrigonda, Ahmed Nagar, Maharashtra	India
S1-622021077	Metro Charities V	1264 Union Street, San Bernardino, CA	US
S1-985441822	QO Robinhood Inc	33361 Lone Cedar Landing, Millville, DE	US
S1-187615870	Nagpur Than Private Limited	House No- 233, Ward No-3, Street No-5, Sarabha Nagar, Malout, Muktsar, Punjab	India
S1-901827799	Capital Fellowship	419 Prospect Street, Burlington, VT	US
S1-475825076	Creative Engineering Limited	Plot No-62, Pocket-G, Sector-4 Bawana Dsidc, New Delhi, North West, Delhi	India
S1-752810460	Coastal Allstate Inc	1507 West Avenue, Richmond City, VA	US
S1-899678478	Mccarthy Crystal Estate L.L.C.	14 Cedarview Drive, Alexandria, KY	US
S1-398973268	Piedmont Alpine LLC	6675 4, Mcleod, ND	US
S1-739302308	QPK United Allocation Clinic	1955 Union Place, Unit A4, Columbia, TN	US
S1-77502606	Ortiz & Brower Crest L.L.C.	208 Randall Drive, Sherwood, AR	US
S1-859083668	Capital Tax	OR, 2320 Stratus Avenue, Mcminnville	US
S1-746419765	Enum	1059 Gray Pine Way, City Of Shasta Lake, CA	US
S1-567039673	Premier Agricultural International LLC	36857 Sprucedale Drive, Orleans, NY	US
S1-873346938	Fran's Apex Chemical Inc	128 Mountain View Drive, Princeton, WV	US
S1-480107858	Adams Animal Hospital LLC	3008 Peppertree Drive, Fairfield, CA	US
S1-919539795	Moody Better Choice Inc.	TX, China Spring, 682 County Road 3565	US
S1-406635793	Gutierres Delta Ares	56680 Mehlman Road, Bellaire, OH	US
S1-609277416	Bognar Unified Spark, LLC	15608 Weldon Drive, Houston, TX	US
S1-857679040	Sugam Charitable Trust Group	West Bengal, Parganas North, Kolkata, Ig -1, Nipobon Apartment, Aswininagar Near Pubali, Baguiati	India
S1-247746127	Zidyne Nexpoint	Peoria, 27006 71st Avenue, AZ	US
S1-403924023	Jeffersonville Womens Health Physicians	707 Goyne Drive, Jeffersonville, IN	US
S1-780458042	Jaipur Networks Pvt. Ltd.	14, Shri Gopal Nagar Gopalpura Byepass, Jaipur, Rajasthan	India
S1-429152840	Division of Motor Vehicles	1725 Thunderegg Boulevard, Nyssa, OR	US
S1-915128130	Jarlos Aeon	27301 62, Unit 32, Trail, OR	US
S1-390923462	Urology Center Corp	11090 Mudd Street, Ohatchee, AL	US
S1-787843326	Yuan's Detailing	TX, 6705 146, Lipan	US
S1-395214771	Orthopedic Physicians Inc	109 Jackson Street, St Francis, KS	US
S1-575126149	Integrated Cargo Products	2028 Quail Forest Drive, Raleigh, Unit B, NC	US
S1-357411056	Dharma Flavours Ltd	Howrah, Jasmine Tower 3Rd Floor, Kolkata, 31Shakes Peare Sarani, West Bengal	India
S1-539165290	Eastern Logistics Private Limited	No.703, 3Rd Main, 16Th Cross Hoysala Nagar, Ramamurthy Nagar (R.M.Nag, Ar), Bengaluru, Bangalore, Karnataka	India
S1-653845379	Direct Engineering Collective Inc.	39 Lismore Place, Silver Spring Township, PA	US
S1-717020882	Carole Pires, D.O.	124 Fairway Drive, Orange County, VA	US
S1-458411701	All Northern Corp	925 Schell Road, Wilmington, OH	US
S1-250521657	S 8 Value Consolidated, PC	119-10 Newport Avenue, Rockaway Park, NY	US
S1-196919763	Apex Global Solar Inc	Unit Apt 52, AR, 800 North Street, Little Rock	US
S1-346979140	Zephelle Lloyds	612 Columbus Street, Alexandria City, VA	US
S1-353661512	Jacobs, Lindberg and Jay L.L.C.	DE, 426 Brewster Drive, Newark	US
S1-986160697	Truda S. Williams, DO	3404 Fillmore Avenue, Ogden City, UT	US
S1-158771945	Karni & Brothers Private Limited	C/O Pappu Ansari, Samsuddin, Pratapgarh, Patti, Pratapgarh, Uttar Pradesh	India
S1-283891360	Superior Royalty LLC	1906 Lynnwood Drive, Columbia, TN	US
S1-891490765	Mathes & Salmeron Staking LLC	557 Mulberry Street, Warsaw, IL	US
S1-770572622	Delhi Minerals Limited	New Delhi, Delhi, 2Nd Floor Blk-A, Gujrawala Town, House No-162, Delhi	India
S1-889800716	Dermatology Partners LLC	6300 188th Court, Unit #78, Beaverton, OR	US
S1-952921351	P/D Apex LLC	303 Sunny Valley Loop, Fl 0, Wolf Creek, OR	US
S1-448092468	Hyderabad Gen Private Limited	H.No: 2-86/2/G-3, Road No.1, Koppula Towers Budhanagar, Peerzadiguda Village, Medipa, Lli Mandal, Hyderabad, Rangareddy, Telangana	India
S1-153182155	First Services Private Limited	Plot No 33, Ahmedabad, Vill-Bakrol, Nakshatra Industrial Park, Gujarat, Daskroi	India
S1-446230904	Foundation Ards Engineering Private Limited	Arun Apts., Block No. 2, Tilak Road, Santacruz West, Mumbai, Mumbai City, Maharashtra	India
S1-560044199	Bussey Air LLC	2747 Sherwin Avenue, Unit B6, Ventura, CA	US
S1-236308344	Garneau Spartacus Inc	481 7th Street, Booneville, AR	US
S1-717780741	Rogers Rocky Managed	7981 Michigan Road, Unit APT 914, Indianapolis, IN	US
S1-414993579	Movue Global	773 4895, Winnsboro, TX	US
S1-737541268	Anilika Golf LLP	Fl No F-901 Belmac, Residences Sno-38A/2, Pune City, Pune, Maharashtra	India
S1-322480724	Choi Royalty	Ramsey, MN, 15040 Quintana Street	US
S1-616140835	Sandoval, Mathew and Davis	Dripping Springs, 3100 290, TX	US
S1-577019777	Alpha Best Business Private Limited	Door No.30-1-1/7, Flat No.201, Neeladri Complex South Jail Road, Dabagardens, Visakhapatnam, Vishakhapatnam, Andhra Pradesh	India
S1-396915349	Family Rapid Program	3722 Star Mills Road, Glendale, KY	US
S1-351851089	American Legacy Mortgage Inc	AL, Dothan, 102 Yuri Drive	US
S1-309885613	Jay Construction Pvt Ltd	11, Sanjay Society-2, Nr. Rajasthan Hindi School, Shahibaug, Ahmadabad City, Ahmedabad, Gujarat	India
S1-45708466	Urology Care Associates, Corp	515 Lewis Avenue, Phoenix, AZ	US
S1-91211008	Garner Treasury P.C.	19317 33, Moulton, AL	US
S1-577379513	Dermatology Prime Clinic LLC	1725 Cedar Street, South Bend, IN	US
S1-227081723	Nomura Industries Private Limited	Surat, Gujarat, Near Sajavat Bunglow, Kadodara, Surat, 42 Sahaj Row House	India
S1-608516196	Internal Medicine Trusted Center	404 Center Lane, Fort Worth, TX	US
S1-149421275	Sivue Critical	20592 269th Avenue E, Haskell, OK	US
S1-647527433	Urgent Care Clinic Inc	290 Devore Road, Murphy, NC	US
S1-340746632	Royal Producer Limited	236/48 Biren Roy Road Westshibrampur, Kolkata, South 24 Parganas, West Bengal	India
S1-966301218	Balaji Builders Private Limited	Bidar, Humnabad, 22-624 Basava Nagar, Humnabad, Karnataka	India
S1-144236949	Swastik It Private Limited	Sco-106, Second Floor, Commercial Complex Sector-17, Huda Yamuna Nagar, Tehsil - J, Agadhri, Yamuna Nagar, Haryana	India
S1-41856250	Modern Marketing Advisors LLC	1227 South Street, Barre, MA	US
S1-526897842	Back Alley Hair Studio Associates	5407 Crain Street, Skokie, IL	US
S1-946765888	Smart Trusted Digital Inc.	2995 39, Lebanon, IN	US
S1-668003169	Hankook India	B-17, P-94, Deshbandhu, Para(E)Gopalmore, Siliguri, Rajganj, Jalpaiguri, West Bengal	India
S1-441672833	Total Media Networks	NY, Huntington, 160 19th Street	US
S1-175180228	Brown Unified Farms LLC	65544 Elk Mountain Road, Enterprise, OR	US
S1-397593053	Industries Indous Solvex Pvt Ltd	G-01, No.63, Palace Road, Vasanth Nagar, Bangalore North, Bangalore, Karnataka	India
S1-335465133	Delta Best Alto P.C.	404 Nauert Street, Copperas Cove, TX	US
S1-666882889	Weber College	WV, 121 Tanager Drive, Old Fields	US
S1-796266160	Lucky Deli	314 Main Street, Newtonsville, OH	US
S1-394836230	Heritage Broadcast Labs	2110 Arlington Park Drive, Owensboro, KY	US
S1-568675357	Hernandez and Bobbitt	AK, Indian, 305 Konikson Road, Unit A	US
S1-171574772	Sloan Market Inc	17325 Jetton Road, Cornelius, NC	US
S1-64123135	Agencies Facility Pvt Ltd	Shop No.02, Pawar Section, Industrial Area, Ambarnath, Ambarnath, Thane, Maharashtra	India
S1-102807047	High Infotech Private Limited	House No : 1275/1, Isai Tola Khati Baba, Jhansi, Uttar Pradesh	India
S1-730721713	IR Property Solutions Associates	2221 Walnut Street, Bellingham, WA	US
S1-670851327	Supreme Biomedical Brands Inc	8222 Coolshire Lane, Houston, TX	US
S1-401975107	Tania Tamayo Cms LLC	N168W21700 Main Street, Unit Lot 74, Village Of Jackson, WI	US
S1-819550885	Messer Secure Plus LLC	CA, 6809 Kittery Avenue, Citrus Heights	US
S1-492884592	Kesha International Limited	17/559, Joshi Road Karol Bagh, New Delhi, Delhi	India
S1-306636080	Nilgiri Renewable Private Limited	No. 176/2Bib, P.No.18, Rathakrishnan Street, Madurai South, Madurai, Tamil Nadu	India
S1-899803234	Brown Public PC	113 Mossy Rock Cove, Hutto, TX	US
S1-288488938	Family Premier Specialists	10726 Red Orchid Drive, Houston, TX	US
S1-595761746	Carola Delk Ligand LLC	Tipton, 51 Meridian Street, IA	US
S1-782737963	Harmony Heights Private Limited	Flat No.-901, Bldg No.-D/1 Boston Puranik City Kasarwadavali, Ghodbunder Road, Thane, W, Est Mumbai, Mumbai, Thane, Maharashtra	India
S1-636958661	Silva Preferred Hyperliquid LLC	1300 Ewing Street, Seymour, IN	US
S1-19209695	Pacific Foundation LLC	303 Water St, Center Point, IA	US
S1-338037122	United Technology Private Limited	No. 875, Ground Floor, 14Th Cross 19Th Main, Banashankari 2Nd Stage, Bangalore, Karnataka	India
S1-16303151	Fresh Defense Works	5111 Airport Road, Peoria, IL	US
S1-502669061	Inter Ventures	Ismailganj, Kamta Faizabad Road, Lucknow, Uttar Pradesh	India
S1-98877733	Monark Traders Corporation	C 79 Ambica Park, Refinery Road, Gorwa, Vadodara, Gujarat	India
S1-580307086	Halcyon LLC	18 Briggs Street, Hanson, MA	US
S1-562403846	National Melar, Inc	10512 Hugue Way, Charlotte, NC	US
S1-358769483	Cascade Farms LLC	12459 Kimberley Lane, Houston, TX	US
S1-84355056	Schneider Fields of Eastham	3 Fairview Avenue, Eastham, MA	US
S1-476402517	Banas & Sons	H No. 3 5, Chowki, Imam Bara Road Bhopal, Huzur, Bhopal, Madhya Pradesh	India
S1-387720964	Bureau of Sanitation	5544 Nubbin Creek Road, NC, Lenoir	US
S1-295442016	Express Impex Private Limited	House No 20 Blk-K-5, Delhi, North West Delhi, Delhi	India
S1-13550859	Jones Investments, LLC	ND, 201 9 1/2 Avenue, West Fargo	US
S1-988888165	Mgp Engineering	19-34/A, Jayasri Nilayam, V.V. Nagar, Dilsukhnagar, Hyderabad, Telangana	India
S1-753646319	Rosaline H. Alexander, DDS, M.D., P.C.	193 Greenwood Place, North Vernon, IN	US
S1-878201724	Mount Synagogue	TN, 3719 Clabo Mountain Lane, Sevierville	US
S1-501447823	Morse Light	9000 Cr 51, Green Springs, OH	US
S1-330361330	United International Private Limited	No.15 Grant Street, Thachanallur, Tirunelveli, Tamil Nadu	India
S1-922070875	Singhania Resort Care	Home No 162/2 Ward No 1, Venanagar Satgaon, Nagpur, Maharashtra	India
S1-809406935	Galaxy Media Pvt Ltd	25-Amodel Town Barielly, Uttar Pradesh	India
S1-970606444	Long Scuti Inc	120 Market Street, Springboro, OH	US
S1-383300540	Mind Publications Pvt. Ltd.	7, I. P. Building, Ugf- 2 & 3, E-109, Pandav Nagar, Delhi	India
S1-757874562	Ujjaksh Trade	No.1808 Hennur Mainroad 1, Stg 5Blk Wardno24 Hbr Lyt, Bangalore North, Bangalore, Karnataka	India
S1-457202876	Horizon Custom Osisko Inc.	178 Acorn Lane, Unit Unit 4, Dothan, AL	US
S1-192659530	Neeraj Exhibitions of Daskroi	Road No. 5/A Odhav Road, Plot No. 24 Kathwada Gidc, Gujarat, Ahmedabad, Daskroi	India
S1-983494825	My Impex LLP	7-2-148, Kakinada, Flat # 504, Sowrya Apartments Ramanayya Peta, Guntur, Andhra Pradesh	India
S1-699246594	Alexander Grand Schwab	1570 Fairview Avenue, Abington Township, PA	US
S1-598168023	Southern Power Private Limited	Ju-41A Pitampura, New Delhi, North Delhi, Delhi	India
S1-734966740	Havisha Feeds (India) Center	Apmc Mosallahpur Hatt Patna, Patna, Bihar	India
S1-823012580	Raftaar Producer Pvt Ltd	D-5, Boi Staff, Sheetal Chs Ltd, Sv Road, Ram Nagar, Borivali (West), Mumbai, Mumbai City, Maharashtra	India
S1-282624085	Main Street Pilates	97 Perriwinkle Place, Durham, NC	US
S1-60410199	Orbara Cosmetics	W7163 21, Town Of Marion, WI	US
S1-923813216	Smart Business Private Limited	G/F, Vivek Vihar Phase-1 Delhi, Delhi, East Delhi, C-3 18, East Delhi	India
S1-702639856	Qutech Holdings	26690 Ronald W Reagan Boulevard, Unit 11, Georgetown, TX	US
S1-401784505	Mumbai Structure Pvt Ltd	B 702 703 Crystal Plaza Chs Limited, New Link Road Opp. Infinity Mall, Mumbai, Maharashtra	India
S1-401493114	Mahavir Investment Limited	C4 1801 Runwal Mycity Phase 1, Betwade Gaon, Diva Manpada Road Dombivli (E), Thane, Maharashtra	India
S1-701991503	DXF Edu	Vill.- Lodipur Bazar, P.O - Beyapur P.S - Maner, Patna, Patna, Bihar	India
S1-21470211	Coates Innovative Audio Installation LLC	Randolph, 21 Russ Street, MA	US
S1-177472091	Plichta Pacific LLC	10532 Y, Town Of Lincoln, WI	US
S1-502074686	Mccowan Dynamic Law Group LLC	1624 President Street, Wheaton, IL	US
S1-295426647	Vision Projects Private Limited	Telangana, Unit 5 & 6, Hyderabad, Punjagutta, Iind Floor, Topaz On Amrutha Hills	India
S1-906847129	Kolkata Soft Ltd	75, Shakespeare Sarani, Onex Square, 3Rd Floor, Park Circus, Kolkata, Howrah, West Bengal	India
S1-542071162	Mitchell Colonial Commodity	38 Dodgingtown Road, Newtown, CT	US
S1-118657256	Shakti Management Pvt Ltd	No.2A, 2Nd Floor, 57, Ramani'S Kalpatharu, Coimbatore South, Coimbatore, Tamil Nadu	India
S1-4581223	GLW National Pvt. Ltd.	Shop No 102 Csc, Vardhman Market, Sector 2, Dwarka, West Delhi, Delhi	India
S1-556928351	Supreme Infrastructure LLP	Mastermind I Wing A 312 /3Rd Floor, Royal Palm Estate, Goregaon East, Mumbai, Maharashtra	India
S1-415121394	Blue Cafe	3619 L Street, Tacoma, WA	US
S1-998033268	Stellar Consultants LLP	Shop No.2, Ludhiana, Punjab, Street No.6 Nirankari Mohalla Miller Ganj, Ludhiana	India
S1-715120302	YIG Imf Private Limited	U-6, Shanti Sagar Plaza, Opp. Kct, P.B. Road, Karad, Satara, Maharashtra	India
S1-980244411	Mjm Charitable Trust	Second Floor, Jayanagar Housing Co-Operative Society Layout, Guabbalala Village, Vajramuni Nagara 1St Stage, Uttarahalli Hobli, Site No. 10, Bangalore, Karnataka, Bangalore South	India
S1-791581373	Keystone Security Technologies, LLC	19442 Northwest Parkway, Bldg 11608, Marysville, OH	US
S1-932660731	Bdm Estates Private Limited	Village Harigarh Bhorakh, Tehsil Pehowa, Pehowa, Kurukshetra, Haryana	India
S1-22340035	Nova Martin LLC	2455 La Granada Drive, Thousand Oaks, CA	US
S1-25915926	Nova Biologics Group	1611 Kelliwood Oaks Drive, Katy, TX	US
S1-913132974	Thiruvananthapuram Indian Private Limited	Tc 94/3572(1), Kannammoola Medical College P O, Thiruvananthapuram, Thiruvananthapuram, Trivandrum, Kerala	India
S1-583008950	Pacific Target Partners	422 Cape Owen Manor Road, Elizabethtown, NC	US
S1-503108780	Super Ventures Private Limited	36 B Pruthavi Nagar1St Floor Station Rd, Bharuch, Gujarat	India
S1-533882100	Srivari Solutions Pvt. Ltd.	C/O Yogesh Pathak, Gorapatti Mariahu Gaura, Mariahu, Jaunpur, Uttar Pradesh	India
S1-61747236	DL Forex Clinic	Sno.207/2, Nisarg City Ii, Kaspate Wasti, C/601, Pune City, Pune, Maharashtra	India
S1-895532764	Jain Solutions Pvt Ltd	Rajasthan, 2B.52 Hsg Board, Chittorgarh, Chittaurgarh, Segwa Road Senthi	India
S1-953922560	Arth Seva Samiti	Maharashtra, Mumbai City, Baji Pasalkar Marg, Kurla (W) Saki Vihar Road, Chandivali, Mumbai, 36 Chandivali Killick Estate	India
S1-100854954	Board of Finance	Little Rock, AR, 17910 Oak Creek Place	US
S1-709870396	Trimurti Research Private Limited	7-2-1813/5/A/1, F. No.412, Czech Colony, Classic Arcade, Ameerpet, Hyderabad, Telangana	India
S1-579380038	Aurelia's Transport	901 4th Street, Grand Rapids, MN	US
S1-110472164	Machinists Union Local No 40	337 Dundee Road, Wheeling, IL	US
S1-863299410	Dharnendra Foundation	B-43, Iii Stage, Peenya Industrial Estate, Bangalore, Karnataka	India
S1-250109857	Real Classic Infrastructure Pvt Ltd	Mumbai City, Mumbai, A-1 Om Shabari Chs Ltd L T Road Mulund, Maharashtra	India
S1-974556795	Zimmerman Premier Corp	130 Taylor Street, Piedmont, AL	US
S1-705915369	Chicago Baptist Clear Services Corp	5230 Milwaukee Avenue, Chicago, IL	US
S1-975638192	Alpha & Sons Private Limited	Flat 5A, 3Rd Block, Ceebros Shyamala Garden No.136 Arcort Road, Saligramam, Chennai, Tamil Nadu	India
S1-940115776	White, Moore & Condit	300 Main Street, Unit 4B, Chicopee, MA	US
S1-856138680	Bernier Certified Pharmaceutical Inc.	5712 Truelson Drive, Fort Worth, TX	US
S1-206741639	Sutherlin Mobile LLC	4034 Lassen Lane, Indianapolis, IN	US
S1-216442881	United Builders Private Limited	Kamrej, Gujarat, Plot 22, Goverdhan Industrial Estate-3, Near Pipodara Canal, Village-Pardi, Surat	India
S1-548991077	Early, Janeen R., L.C.S.W., DDS PC	7036 Bobwhite Way, Fl 1, Scottsdale, AZ	US
S1-417112447	Super Lotus Consulting Private Limited	Khata No 427, Rajendra Mehta Coloni Near Kiran Automobiles, Pahari, Bihar	India
S1-452695172	Garcia, Johnson & Portal LLC	2000 Tuckerman Street, Hyattsville, MD	US
S1-218638318	Quintessential Engineering Private Limited	Vatika Business Centre, Ii Floor, Block-B First India Place, Sushant Lok Phase-1, Mg Road, Gurgaon, Haryana	India
S1-864971679	Sai It Private Limited	Flat No. 15, Pune, Maharashtra, Indu Co-Operative Housing Soc. Ltd, 406/B, Irvin Rd, Nanapeth	India
S1-389823614	Ivenis Digital LLC	3 Su Garden Road, Somers, NY	US
S1-201750226	Booker Egh LLC	2011 Barton Parkway, Austin, TX	US
S1-788089101	Blue Properties Limited	26/4 Broad Street, Kolkata, Calcutta, West Bengal	India
S1-846250095	Harp's Cleaning Service	311 Simmons Street, Unit 612, Galesburg, IL	US
S1-585317377	Vava Brothers Pvt Ltd	295, Sant Nagar, East Of Kailash, New Delhi, South Delhi, Delhi	India
S1-626333146	Strategic Wireless Innovations Inc	724 Windsor Street, Royalton, VT	US
S1-298491552	Behavioral Health Specialists	3001 Morehead Road, Charlotte, NC	US
S1-46785412	Baptist Colonial Services L.L.C.	1726 Ridgeway Avenue, Abington Township, PA	US
S1-44830786	Scholarship Coalition	219 Pevely Farms Drive, Eureka, MO	US
S1-742695795	Baba Tirupati Investment Private Limited	New 81 Narayan Peth, Pune City, Kabir Bag Nr Mati Ganpati Pune, Pune, Maharashtra	India
S1-945250739	White Properties Private Limited	B-48, By Pass Road, Newyork City Rau, Indore, Madhya Pradesh	India
S1-109833087	Surya Investments Pvt Ltd	Maharashtra, 2Nd Floor, 3Rd Pasta Line, Mumbai, Colaba., 24 Dena Bank Bldg.	India
S1-133449983	The Dent Pub, L.L.C.	1510 Harris Hollow Road, Bldg Trailer, Ellington, NY	US
S1-753522572	New Delhi Services Private Limited	New Delhi, South Delhi, Delhi, L-4/G74Sujan Singh Park	India
S1-104007989	Priya Eating Private Limited	B 201 Welcome Apt Plot 32, Sector 9, Rohini, Delhi, North West, Delhi	India
S1-198447620	Evans's Brokerage	Lovington, IL, 608 Mcmullin Court	US
S1-227849874	King George County Media	12105 Allen Avenue, King George County, VA	US
S1-705635490	Kestrel Scuti	1153 Tear Road, Grandview, WA	US
S1-578624972	Midwest College	185 Tanglewood Drive, Killington, VT	US
S1-955300618	Colonial Gulf Elm	11 Northview Lane, Hendersonville, NC	US
S1-879164374	Harston and Schuler Associates	501 Maple Street, Raymond, KS	US
S1-40877192	Cahoon Value Midstream Group	624 Jefferson Street, City Of Stoughton, WI	US
S1-544661790	NHC Solutions Associates	# 1, Stratton Park, 2Nd Main Road, Jaladarshini Layout, Sanjaynagar, Bengaluru, Bangalore, Karnataka	India
S1-61298104	Hammons, Trevino and Woods Stanley	6737 Oxford Avenue, Chicago, IL	US
S1-973702419	Gaia Supreme Beverage LLC	24675 Elizabeth Lane, Amelia County, VA	US
S1-49417067	Family Group	OR, Medford, 2180 Poplar Drive, Unit 323	US
S1-934120224	Konark Trading Private Limited	Maharashtra, Mumbai, Corporate Avenue, Sonawala Road, Goregaon (E), 818/819, Mumbai City	India
S1-787776471	Jbm Jewellers Private Limited	Green Park, South West Delhi, G-42 Third Floor, Delhi, New Delhi	India
S1-326421680	Lotus Investment Private Limited	House No. 373-A, Kota, Rajasthan	India
S1-233200186	Jedi Care Private Limited	Office No-2204, Pl-No-4 & 6, Sec. 30A, Vashi Internati, Thane, Navi Mumbai (M Corp.), Thane, Maharashtra	India
S1-4788408	Haringhata Technologies Private Limited	5 No Kataganj, Mitro Colony, P.O- Bedibhawan, Haringhata, Nadia, West Bengal	India
S1-715202344	Midwest Priority Partners	32700 Leewood Lane, Unit #80, Boring, OR	US
S1-286099464	Foster Interactive LLC	N8544 Lighthouse Lane, Town Of Harrison, WI	US
S1-800032885	Horizon Devcon Private Limited	House No.6-94/Vghvg, Machavaram, Ambajipeta, East Godavari, Andhra Pradesh	India
S1-673560216	Benedikta Cardenas Legacy Photonics LLC	13505 Euclid Avenue, East Cleveland, OH	US
S1-952812667	Premier Defense Corporation	56 Cosgrove Road, Willington, CT	US
S1-334681287	Lyra Inc	17 Knoll Court, Rock Island, IL	US
S1-654447155	Desert Center of Coeymans LLC	2351 9W, Coeymans, NY	US
S1-382735684	Crocus Infrastructures (India) Corp	J-2003 20Th Floor Tower J Logix Blossom Count, Sector-137, Noida, Gautam Buddha Nagar, Uttar Pradesh	India
S1-510032717	Viex Signature Mortgage Inc	9930 La Reina Real Street, Orland Park, IL	US
S1-753237830	Fortune Marketing Private Limited	House No- 102-103, Upper Ground Floor, Pkt F-3, Sec 16, Rohini, Near 7Spices Restaurent, De, Lhi, Delhi, North West, Delhi	India
S1-826305893	Vijay Logistics Private Limited	Sunshineglobalhospital, Manjalpur, Nr.Shreyasvidyalaya, B/H.Icicibank, Man, Jalpur, Baroda, Vadodara, Gujarat	India
S1-671320690	Perfect Ventures Limited	1St Floor, Kolkata, Howrah, 28 Strand Rd, Kolkata, West Bengal	India
S1-408220064	Luna, Eckstein and Major Reserve L.L.C.	532 Laurel Avenue, Southold, NY	US
S1-833657063	Smith Regions Inc.	15435 16th Street, Buxton, ND	US
S1-238333019	Patel Ace Copley Co	75 Conestoga Court, Henry County, VA	US
S1-422862945	Shiv Hospitality LLP	104, Shivalik Green Apartment Gandhi Nagar, Agra, Uttar Pradesh	India
S1-247029418	Babasaheb Palayam Trading Private Limited	No.26, Govindappa Nilaya, 7Th Cross Mallappa Layout, Babasaheb Palayam, Bangalore, Karnataka	India
S1-758670206	Pinnacle Transit Partners LLC	1182 Delaware Avenue, Marion, OH	US
S1-110720948	Bennett International LLC	1780 Creekside Drive, Unit APT 1622, Folsom, CA	US
S1-584237993	Summit Creative Idaho P.C.	4045 Southrop Road, Williamson County, TN	US
S1-396553252	Bright Valley Optics LLC	12294 Hillsboro Avenue, Desoto, MO	US
S1-86208138	Capitola Economic Development Valley Foundation	4405 Diamond Street, Unit 3, Capitola, CA	US
S1-429179675	Urology Prime Health	3434 Mcgowen Street, Houston, TX	US
S1-650385505	Rutherford Myers Inc	7380 Danford Road, Billings, MT	US
S1-456333720	R/A Mercator	6825 16th Street, Phoenix, AZ	US
S1-937003492	W S & H Pet Care LLC	Spring Hill, Unit 5203, 2520 New Port Royal Road, TN	US
S1-63503344	Metropolitan Council LLC	710 38th Street, Tacoma, WA	US
S1-782553896	Regional Federation	24 Four Bridges Road, Somers, CT	US
S1-56019821	Jarlan Andretti Inc	7823 Hawthorne Street, Tucson, AZ	US
S1-581267159	Nodyne Choice Retail	126 Bob Perry Road, Bethpage, TN	US
S1-887435372	North Galaxy Inc	6825 Woodmark Drive, Fayetteville, NC	US
S1-6639425	Keelia Calderon Safe Automobile	787 Cliff Raper Road, Murphy, NC	US
S1-417616575	Dental Associates of Seattle	820 Southern Street, Seattle, WA	US
S1-368128571	Velazquez Lake, LLC	111 Winding Brook Lane, Huntsville, AL	US
S1-537095985	Vijay Business Limited	Flat No.609, Delhi, Shakuntla Apartments, 59, Nehru Place, South Delhi, New Delhi	India
S1-395420428	Bharat Power Private Limited	L.S. No.63 Village Ajapar, Taluka Anjar, Ajapar, Kachchh, Gujarat	India
S1-298827729	Janice Bales Loan Group	WV, Martinsburg, 11 Snipe Lane	US
S1-875753150	Alpha Healthcare Private Limited	Goregaon West, A Wing, Topiwala Centre, Off S V Road, Goregaon West, Mumbai, 615, Maharashtra	India
S1-739698004	Bhavya Education Pvt Ltd	M303, Purva Fairmont, 24Th Main, 25Th Cross, Sector 2 Hsr Layout, Bangalore South, Bangalore, Karnataka	India
S1-852125280	Quinones's Brewing	2321 Huff Creek Highway, Davin, WV	US
S1-101914758	Family Medicine Corp	2S 405 County Line Road, IL, Maple Park	US
S1-553544082	Superior Wireless Consultants LLC	470 Vinson Hollow Road, Bybee, TN	US
S1-995669543	Secure Chemical	107 Danbury Cove, Jacksonville, AR	US
S1-938001078	Vikram Industries Private Limited	C/O Jagrat Sharad Desai 9, Karmbhumi Bunglow Kotlav, Pardi, Valsad, Gujarat	India
S1-600634183	Halcance Leapfrog P.C.	Goliad, 250 Market Street, TX	US
S1-976112588	Fresh Insurance Works LLC	286 Eagles Roost Road, Chapmanville, WV	US
S1-422866878	JJ Beacon Spectral	215 Pintail Drive, Mckinney, TX	US
S1-159943489	Total Health Consultants Inc	8 Craig Road, Bear, DE	US
S1-266300578	Williams Allied Hub L.L.C.	3011 Lucky Lane, Lebanon, TN	US
S1-121191133	Johnson Fact LLC	AZ, Portal, 971 Ratliff Road	US
S1-967302654	Star Projects Private Limited	4, A. Pollock St., R.No.-408, Kolkata, Howrah, West Bengal	India
S1-588969004	Benedicta's Financial	17041 -A 98, Bldg Building 3, Foley, AL	US
S1-385649935	Neubauer Harbors LLC	MA, Worcester, 215 Fairmont Avenue	US
S1-413702701	Blue (India) Healthcare Corporation	C-71, Midc Industrial Area, Waluj, Aurangabad Â 431 136 (M.H), Aurangabad, Maharashtra	India
S1-356896741	FSH Ncr	Rancho Cordova, 11306 Sunco Drive, CA, Unit 5	US
S1-149703441	Ridge Committee	201 Centerline Street, Unit 713, Raleigh, NC	US
S1-688027392	Christensen Veterinary Clinic LLC	1101 Cold Mountain Road, Lake Toxaway, NC	US
S1-33026110	Taclaris Inc	2421 Redfield Drive, Mesquite, TX	US
S1-763172947	Esquare Seva Samiti	9/204, Gandhi Nagar, Near Masjid, Nuzvid, Krishna, Andhra Pradesh	India
S1-21054299	Nerty Miller Metropolitan Columbia L.L.C.	952 Terry Lane, Urbana, OH	US
S1-949456563	Noble & Black Inc	1901 Royal Court, Limerick Township, PA	US
S1-200313208	Chartier and Clifton Capital LLC	1004 Monroe Avenue, Unit Ste C, Lowell, AR	US
S1-778002035	IK Hospitals Pvt Ltd	State Emporium Bldg.Bawa Kharak Singh Marg, A/3-4, N Delhi, New Delhi, Delhi	India
S1-975239095	Sai Marketing Private Limited	C/O Saroj Yadav, Flat Number-505, Silver Estate, University Road, Gwalior, Gwalior, Madhya Pradesh	India
S1-258314876	Pediatric Physicians LLC	2210 Ridgewood Street, Poulsbo, WA	US
S1-286276145	Goat Body Ltd	167, Azam Nagar, Taj Building, Bareilly, Uttar Pradesh	India
S1-231782165	Department of Public Works	9215 St Louis Avenue, Evergreen Park, IL	US
S1-714996000	Baumbach Veterinary Clinic	988 Mulberry Street, Unit 2-LOWER, Galesburg, IL	US
S1-205920676	Tirupati Services Private Limited	Uttar Pradesh, 1St Floor Modi Market Sambhal, Moradabad, Chauraha Shivpuri Moradabad, Moradabad	India
S1-153113976	Great Charities	8656 84th Court, Hickory Hills, IL	US
S1-763363947	Sunrise Enterprises Private Limited	Malapuram, Vee Pee Tower, Nh, Road, Kanhippura, Valanche, Tirur, Malappuram, 32/268, Kerala	India
S1-52230246	Yu and Locke	4235 Ware Road, Tucson, AZ	US
S1-389444408	Mountain Sprott	34811 Euclid Avenue, Willoughby, OH	US
S1-225723107	Liv Reese Ishares P.C.	5648 Michael P Anderson Lane, City Of El Paso, TX	US
S1-870223808	Maid Pizza	903 Cavalier Drive, City Of Waukesha, WI	US
S1-435446703	Mount Community Church	2059 Red Star Court, Gold River, CA	US
S1-285141032	International Impex Private Limited	49, Jabalpur, Madhya Pradesh, Satpuda Avenue Sanjeevni Nagar, Garha	India
S1-945031493	OC Education Private Limited	Sundarvilas Palace (Rajmahal), Dhragadhra, Surendranagar, Gujarat	India
S1-305801107	Family Ministries V	4320 Collingswood Drive, Chesterfield County, VA	US
S1-528508530	Macron Property Private Limited	Uttar Pradesh, Flat No. 110. First Floor, Lucknow, Royal Plaza Bagiamau	India
S1-80168262	Potter Patriot Deli LLC	Unit 2307, 234 Circle Drive, Gatlinburg, TN	US
S1-489653045	Sudhir College	Serilingampally, Telangana, K.V.Rangareddy, Plot No 898 Flat No 201 Bhanu Residency, 13B Gopal Nagar Society, Hafeezpet	India
S1-420671154	Chennai Vijay Pvt. Ltd.	Thilak Street, Chennai, No. 24, Chennai, Tamil Nadu	India
S1-652036257	Hitech Infotech Private Limited	Shop No. 360, Ground Floor, Pkt A1, Sector - 6, Rohini, New Delhi, Delhi	India
S1-74599357	Moore Therapeutics, LLC	112 Full Moon Drive, Chimney Rock Village, NC	US
S1-104901636	Primrose Road Bangalore Test Private Limited	Bangalore, `Casafina'No.5, Primrose Road Bangalore, Karnataka	India
S1-156903187	Roderick Legacy Commodities Group	1954 Hwy 141, Marquette, KS	US
S1-723518325	Ujjaksh Surveyor Pvt. Ltd.	A-14/15, Sahil Co Op Soc, Sv Patel Nagar, Andheri W, Mumbai, Maharashtra	India
S1-215586156	Aai Shipping Limited	Office No. 104, Gujarat, First Floor, Ambica Arcade, Plot No. 300, Ward 12-B, Gandhidham, Kachchh	India
S1-56976934	Womens Health Value Group	4630 Oceanside Drive, Unit UNIT A, Chino, CA	US
S1-539095868	Digital Foundation Limited	Sh-F-2, The Pursuit Of Happiness, Surat City, Surat, Gujarat	India
S1-63287968	Prime Management LLP	Telangana, H.No. 6-3-595/62, Hyderabad, Mani Nivas Padmavathi Nagar, Khairatabad, Hyderabad, Telangana, Hyderabad	India
S1-237593343	Signature American Lifestyle Center	19986 Highway 5, Mountain View, AR	US
S1-991749058	Cultural Federation LLC	6739 Curriers Road, Arcade, NY	US
S1-693567644	Zior Corp	28 Pleasant Street, Unit Apartment 2, Rangeley, ME	US
S1-411785010	MZ Automobiles Private Limited	C/O Nilesh Shree Krishana, Ward No. 05, Main Road, Dhar, Madhya Pradesh	India
S1-477253595	Straight Edge Bike Shop Partners	2224 Morrill Court, Spokane, WA	US
S1-972075154	Calicut Road Panoor Post Diagnostics Private Limited	Door No.1X/188, Calicut Road Panoor Post, Panoor, Kerala	India
S1-711156912	Kri & Co	H. No. 1222 A/P Pawas T/D Ratanagiri, Ratanagiri, Ratnagiri, Maharashtra	India
S1-610511609	Future Systems	33/1, N.S.Road, Room No 511 Marshal House, Kolkata, Howrah, West Bengal	India
S1-864955276	All Energy Private Limited	Vii 324A Ground Floor Alisha Building, Kakkanad, Mavelipuram, Kochi, Ernakulam, Kerala	India
S1-330835382	Marice's Valley Salon	Town Of Osceola, 947 230th Street, WI	US
S1-358982764	Reliable Cargo Concepts	1265 4th Street, Unit UNIT B, Ontario, CA	US
S1-972055649	Great Heartland Electronics Inc	MD, Nottingham, 3411 Moultree Place	US
S1-656891030	Heritage Patriot Supply Inc	409 Apex Circle, Shelby, NC	US
S1-621310719	Oconnor Beyond	801 33rd Street, Anacortes, WA	US
S1-563258893	India Nehal House Private Limited	Hno 337 Wno 34 Civil Iine, Near Om Mangal Karyalaya, Paratwada, Amravati, Maharashtra	India
S1-433360914	Drayelle Brewing Inc	749 Galena Avenue, Freeport, IL	US
S1-841621434	Classic Appliance LLC	940 Sherman Avenue, Steubenville, OH	US
S1-414426373	Bonanni, Lopez & Clark All Inc	3144 Mustang Grove Way, Brookshire, TX	US
S1-900308990	Guru Healthcare Private Limited	C/O Rama Nand, 2A/134, Brindaban Yojna R B Road, Lucknow, Uttar Pradesh	India
S1-306688422	Indo Management Private Limited	No 42 1St Floor, 59Th Cross, 5Th Block, Rajajinagar, Bangalore, Karnataka	India
S1-90296451	J U Provencio Kkr	1521 Harrill Street, Charlotte, NC	US
S1-859767328	Housing Project Inc	657 Charity Road, Rose Hill, NC	US
S1-824363934	Halcex Four Inc	54 Odnr Road, Wilmington, OH	US
S1-703449956	Prem Brothers Limited	39-14-7, Datti Shimhadri Street, M.G Road, Labbipet, Andhra Pradesh, Vijayawada (Urban), Krishna	India
S1-373105181	Smart Investment Private Limited	Main Bahalgarh Khewra Road, Opposite To Kathha Factory, Sonipat, Haryana	India
S1-790706432	Cascade Blue Residential LLC	921 Jicarilla, Hobbs, NM	US
S1-792265828	Classic Aerospace Group	1632 Potomac Avenue, Washington, DC	US
S1-752066703	Nook Hydel Private Limited	Flat No.B51508, My Home Avatar Puppalaguda, Narsingi, Gandipet Mandal, Hyderabad, Rangareddy, Telangana	India
S1-172343742	Diamond Trading Limited	Office No. 601 S.No. 46, Landmark Center Opp City Pride Satara Road, Pune City, Pune, Maharashtra	India
S1-357006639	Bricks Facilities Private Limited	Kh 529/1/1/2/1 Chinnotha, Pagariya Ghati, Sehore, Madhya Pradesh	India
S1-595414064	Clean Collections Private Limited	Plot No C-70B Kh. No. 350, Ground Floor Blk-B, Guru Nanak Dev Colony Village Bhal, Delhi, North West, Delhi	India
S1-421515982	QGV Chemicals Private Limited	Mumbai, Office No. 5, Maharashtra, Raigarh, 1736/1 To 7, 1St Floor Chhavada Premises Chsl, V. N Purav Marg, Chembur	India
S1-108592453	Christie First Octave LLC	NC, 524 French Avenue, Lumberton	US
S1-589992139	Vision Specialists LP	539 Sandy Street, Norristown Borough, PA	US
S1-783531122	Firefighters Local Union 973	3013 Riverbanks Road, Fl 0, Grants Pass, OR	US
S1-823305278	Ns Labs LLP	603, Dev Heights, Nilkanth Park, Kenal Road, Morbi, Morbi, Rajkot, Gujarat	India
S1-759850417	7-Brothers	VA, 256 Lucille Lane, Goochland County	US
S1-105461413	Bombay Infotech Limited	C/O Proworks, Om Chambers, 648/A, 4Th Floor, Binnamangala 1St Stage, Bangalore North, Bangalore, Cabin-1H, Karnataka	India
S1-995257806	Rubio Equity Partners Associates	3620 Church Street, Covington, KY	US
S1-214140193	Mvr & Co	H. No. 183, Jalna, Rohilagad, Rohilagadambad Dist Jalna, Maharashtra	India
S1-204635996	GHY Sun LLC	72 Lone Valley Road, Gilbertsville, KY	US
S1-570383107	Heartland Coalition	376 Amelon Road, Amherst County, VA	US
S1-712793399	Orthopedic Bright Medicine LLC	205 Robertsridge Street, Hot Springs, AR	US
S1-540422761	Patel Infra Private Limited	Saharanpur, Uttar Pradesh, Mohalla Kehran, Opp Sarkari Shochalya, C/O Meena	India
S1-6737623	Athena Hill Alpine	2072 00N Road, Paxton, IL	US
S1-838928949	Vijay Producer	303/C, S.F. Ma. Meghiba, B/H Asharam Ashram, Gandhinagar Road, Motera, Ahmedabad, Gujarat	India
S1-5336216	Gungun Trading Private Limited	B.B.Z. S-60 Zanda Chowk, Gandhidham, Kachchh, Gujarat	India
S1-104325300	Eye Safe Associates Inc	10712 Wild Oak Drive, Fort Worth, TX	US
S1-93462622	Raja Ventures Private Limited	Bhagawati Palace Bhoota Bazar, Bhind, Madhya Pradesh	India
S1-131642214	Elect Castings LLP	29-42, Opposite Police Station, Ongole, Prakasam, Andhra Pradesh	India
S1-959182550	Empire Dental Associates	2815 8th Street, Cincinnati, OH	US
S1-569433343	Fresh Tattoo	Puyallup, 11903 182nd Street, WA	US
S1-167565856	Kansal Traders Pvt Ltd	A-501 S V Signature Apt., Itpl Main Road, Hoodi, Bangalore North, Bangalore, Karnataka	India
S1-653683252	Great Infra Private Limited	Building No. Mp3/458A, Mannarath Veedu, Muttanchery, Madavoor, Kozhikode, Kerala	India
S1-950484153	Gail Burns Best Electric, Corp	410 94th Avenue, Yakima, WA	US
S1-554652462	Linnell Batiste Premier Tidewater	Nixa, 416 Hightower Avenue, MO	US
S1-276532584	Southern Heritage Wealth	727 Thornapple Court, Columbia City, IN	US
S1-937721865	Shakti Raj Foundation Pvt Ltd	63, Ambedkar Nagar, Talwandi, Kota, Rajasthan	India
S1-564582023	Upper Marlboro Cascade Drugs	105 Essenton Drive, Upper Marlboro, MD	US
S1-914026610	Jacki Chesnut, M.D.	28607 Tracewood Court, Fulshear, TX	US
S1-617893413	Lakshmi Healthcare Private Limited	Jahuwa, Awatarnagar, Awatarnagar, Chapra, Saran, Bihar	India
S1-418560293	Gsr & Co	Nkp-1/06/Ff-1, Nyay, Khand-1, Indirapuram, Ghaziabad, Uttar Pradesh	India
S1-150072387	Score Infocare	H No. 705/A, At Post Aachegaon, South Solapur, Solapur, Maharashtra	India
S1-530203361	Legacy Healthy LLC	22994 6, New Paris, IN	US
S1-42148360	Panesar (jaipur) Private Limited	A-15, Ashok Vihar, Phase-1, Delhi, North West Delhi, Delhi	India
S1-105933778	Seven Consultants Private Limited	Survey No. 853/2, 857, Tp No. 221, Fp No. 156, 160, New Science City Road, Sola, Daskroi, Ahmedabad, Gujarat	India
S1-593513657	Liberty Maywood LLC	4523 Wynbrook Way, Unit 32, Charlotte, NC	US
S1-934846256	Mumbai Engagement Limited	2Nd Floor, Prius Infinity, Paranjape B Scheme, Mumbai, Maharashtra	India
S1-398273911	Opal Trust	House No. 87, Enayat Colony Ward No. 24, Gaya, Bihar	India
S1-750409841	Perdomo Royal Acp L.L.C.	135 Beaver Lane, Counce, TN	US
S1-678900131	Chiropractic Associates	2984 Hilltop Court, Anderson, IN	US
S1-933049255	Maa Logistics Private Limited	Shop 2, Servey No. 63, Flat No. C, Chendurburam Main Road, Poonamallee, Tiruvallur, Tamil Nadu	India
S1-267955213	Kmc Life Private Limited	711. Adarsh Nagar, Shree Adarsh Chs Ltd. New Link Road, Oshiwara, Jogeshwari West, Mumbai, Mumbai City, Maharashtra	India
S1-245578649	Metropolitan Program	OH, Unit 1/2, 2311 19th Street, Akron	US
S1-733093309	Vanguard Transit Industries Inc.	309 Lake Avenue, Henrico County, VA	US
S1-347821122	O & P Kkr Center	308 Lewis Drive, Richmond, KY	US
S1-26335709	Sandhu Value Abacus Inc	2801 Main Street, Tarboro, NC	US
S1-266547910	GO Studios Private Limited	B-389, Vikas Nagar, Gorakhpur, Uttar Pradesh	India
S1-467216848	Rendon and Bergeron Inc	1405 Humbolt Avenue, Youngstown, OH	US
S1-389390526	Red Barbershop	4123 Mccann Way, VA, James City County	US
S1-112871587	Surgical Clinic LLC	13811 Hallfield Drive, Houston, TX	US
S1-498924473	Holguin Thunder LLC	9239 Bigler Drive, Planada, CA	US
S1-89797007	Estep Development LLC	40 Flatbush Avenue, Brooklyn, NY	US
S1-554848305	Verrify Interprivate	4514 Oak Hollow Drive, High Point, NC	US
S1-380560683	Rojas Douglas, Inc	2505 Wycoff Avenue, Bremerton, WA	US
S1-261320063	Banashankari Advertising	402, Cst 778 B, Timmy Arcade, Makwana Road Marol Kurla Road Marol, Andheri-East, Mumbai, Mumbai City, Maharashtra	India
S1-386915935	Scheerer Lithium Inc	MD, 903 Cedar Crest Court, Edgewood, Unit B	US
S1-241648834	Clear Cloud International	1842 67th Avenue, Sacramento, CA	US
S1-92148631	Raviraj Agro LLP	4Th Floor, Narayan Chambers Ashram Road, Ahmedabad, Gujarat	India
S1-185699330	Shyam Consulting Private Limited	5G, Vandana Building, 11 Tolstoy Marg Connaught Place, New Delhi, Delhi	India
S1-921527497	Capital Interstate Berto, PC	5165 Willow Tree Road, Eagle Mountain, UT	US
S1-778377570	Aurore Hader Andretti, LLC	Salt Lake City, 1492 Bell Avenue, UT	US
S1-166091798	Nandhini Cultural Private Limited	221 Telephone Nagar, Indore, Madhya Pradesh	India
S1-664660468	Lucina Jefferson Utility LLC	3582 St Joachim Lane, Saint Ann, MO	US
S1-999040768	C 5 S Telephone, Inc	3918 Brittany Circle, Unit APT B, Bridgeton, MO	US
S1-892179230	Smilex Consultants Private Limited	Block-G Gali No-11 Sh No -1 Main Road Rati Marg, Sangam Vihaar, New Delhi, Delhi	India
S1-142847246	Johnson Auto Repair, LLC	5402 Leisure Way, Knoxville, TN	US
S1-11334024	United Logistics Private Limited	Shop No 18, Bldg No 4, Nakoda Height Vasai, Palghar, Virar City, Mumbai, Mumbai City, Maharashtra	India
S1-643691963	Affluent Academy	Amritsar, Harsha Chhina, Punjab, 0-Ward No 11 Rajasansi	India
S1-591890918	Board of Transportation	14 Soundview Avenue, Unit Apartment 48, White Plains, NY	US
S1-44322266	Sanjay Aquafarms Pvt Ltd	Bangalore South, Layout Kothnur, Bangalore, No 5 1St Main Rajathadri, Karnataka	India
S1-605508331	Lopez, Parker & Gonzalez Partners	27530 Hardin Store Road, Magnolia, TX	US
S1-501476775	1 800 Flowers Inc	46 Tenth Street, Pottstown Borough, PA	US
S1-923081796	Ace Soulpower LLC	7213 Williams Street, Phoenix, AZ	US
S1-838666035	Cook Continental Energia Inc	1105 River Rock Drive, Belgrade, MT	US
S1-756469012	Reon Nova PLLC	116 John Street, Horseheads, NY	US
S1-831550545	Digital Finance Private Limited	C/O Munnalal Near Railway, Crossing Bandhwa Tahirpur, Allahabad, Uttar Pradesh	India
S1-437925013	Hubbell Staffing LLC	136 Mayfield Drive, Elizabethton, TN	US
S1-622106204	Eye Partners LLC	724 15th Avenue, Seattle, WA	US
S1-798174968	Interstate Project Inc	5 Wesley Court, Huntington, NY	US
S1-572626639	Shay Myers Freight	AL, Gulf Shores, Unit Unit 2101, 415 Canal Drive	US
S1-295683021	Ironclad PLLC	213 Fairview Road, Oak Ridge, TN	US
S1-671978715	Garlow America	250 State Line Road, Mecklenburg County, VA	US
S1-600142437	United Foundation	229 Spring Garden Drive, Unit 400, Hutto, TX	US
S1-273066418	South Healthcare Pvt Ltd	Plot No. A-62/61-B Parshwanath Narayan City Hajyawala, Near Kesar Circle, Sanganer, Jaipur, Rajasthan	India
S1-707726006	Baba Estate	Gokul 2/171Karaparambu East Hill Road, Calicut, Kannur, Kerala	India
S1-233010106	Innovative Industries Pvt Ltd	Xxx1/102A, Madhukapilly Kalamassery Oppo. Milma Production Unit, Cochin, Ernakulam, Kerala	India
S1-435340261	White Surya Solutions Private Limited	Flat No. D-1/93, Old No. 24, Gali No. 1, Sangam Vihar, South Delhi, Delhi	India
S1-110209273	Fortune Foods Private Limited	A-129, F/F, Gali No.5, East Delhi, Delhi	India
S1-693329974	Avant and Miller LLC	13 Pomeroy Road, Montgomery, IL	US
S1-905814631	Mumbai Consulting Private Limited	43, 181, Phiroja Mansion, Alibhai Premji Marg, Mumbai, Maharashtra	India
S1-423602177	Family Center of Killeen	4607 Bowles Drive, Unit B, Killeen, TX	US
S1-748798745	Galaxy Foods	30/1 Kumariya Veeran, Near Neelkamal Industries, Neemuch, Madhya Pradesh	India
S1-652626168	Saraswati Law Chambers Pvt Ltd	C /O Aneeta Yadav C/O Karan Singh Baadpost- Baad 2, Mathura, Uttar Pradesh	India
S1-675114603	Autism Assistance Federation V	8660 Grant Road, Unit UNIT 214, Saint Louis, MO	US
S1-29619990	Sumeet Brothers Private Limited	Sri Sai Srinivasam Aparts, Plot.8-3-214/ 16, 17, Flat No.401, Srinivasa Nagar West, Hyderabad, Telangana	India
S1-353085926	Barboza Stellar LLC	515 11th Street, Unit UNIT 12D, Lynchburg City, VA	US
S1-12971468	One Estate Private Limited	B/2/H/1/3, Raja Janmenjoy Road, Kolkata, Kolkata, Howrah, West Bengal	India
S1-295518149	Favervue LLC	Charlotte, NC, 8306 David Lee Lane	US
S1-628925006	Liberty Vaneck	Hugo, 4734 Europa Trail, MN	US
S1-590192772	Brabant, Zapata and Sandifer Generation	23061 Mohawk Lane, Surprise, AZ	US
S1-748593765	Navpad & Brothers Private Limited	13(7), Chevalier Shivaji Ganesan Road, South Boag Road Slum, T. Nagar, Chennai, Tamil Nadu	India
S1-902796327	Tejika Fusion Private Limited	Balaji Palace, Shop No.5, Vill. Kangashiyali, Rajkot, Gujarat	India
S1-483341795	Poysha Impex Private Limited	No.Pp/22/817, Rajam Bhavan, Near Ponnamkulam, Parasuvaikkal, Thiruvananthapuram, Trivandrum, Kerala	India
S1-461507615	Casavue LLC	320 35/61, Village Of Tennyson, WI	US
S1-220555396	Hitech Power Limited	12-2-717/1/77, Sapthagiri Nagar Colony Rethi Bowli, Mehdipatnam, Hyderabad, Telangana	India
S1-237644277	Lakshmi Consultants Pvt Ltd	Diamond Prestige 41A Ajc Bose Road 3Rd Floor, Room No. 315, Kolkata, Kolkata, Howrah, West Bengal	India
S1-251237487	Skt & Brothers Corporation	E-18, B1 Extention, Mohan Cooperative Industrial Estate, New Delhi, South Delhi, Delhi	India
S1-982875624	Real Owners Pvt. Ltd.	808/2A, Mela Gandhi Nagar, Sattur, Virudhunagar, Tamil Nadu	India
S1-99356136	Knapp Atlantic Scientific	1179 Bluff Lake Drive, East Peoria, IL	US
S1-132973482	Solutions Intech Maize Pvt Ltd	C/O Devi Kripa Stone, Plot No. 20, Village Madalpura, Bhagli Sindhlan, Jalor, Rajasthan	India
S1-24782923	Fischer Value Artificial Care	17257 Jacinto Road, Bend, OR	US
S1-679104067	Alaniz and Noland LLC	1049 W, Town Of Pine Grove, WI	US
S1-351429998	HMG Express Spark, LLC	1420 Lyons Avenue, Renton, WA	US
S1-12409554	GJJ India Pvt Ltd	Co Lal Ji Ews D-17, Uttar Pradesh, Kanpur Nagar, Barra 8, Barra	India
S1-722430125	Rosso & Clarke	1143 Lacey Drive, Bandera, TX	US
S1-925104994	Board of Environmental Protection	11029 150, Winston-salem, NC	US
S1-486019397	Mohini Chit Limited	1St-Fr 161 Sabarnapara, Road Lp-5/4/1, Kolkata, Kolkata, Howrah, West Bengal	India
S1-728641280	Baba Products Pvt Ltd	No.150, Royapettah High Road, Chennai, Tamil Nadu	India
S1-65183043	Green Drive, LLC	8038 Summer Place Street, Fontana, CA	US
S1-286075159	I L & K Robotics	MD, Church Hill, 2485 Roberts Station Road	US
S1-802176292	Collins, Cameron & Brown LLC	853 Ar 212 Highway, Gould, AR	US
S1-978019556	Synsoft Inc	9258 9, Cambridge, IL	US
S1-67349184	Sorenson, White & Pogue Inc	Cedar Rapids, 1706 1st Ave NW, IA	US
S1-706642873	Shivam Engineering Private Limited	Flat No 302, Laxmi Krishna Apartments Plot No 32/38, Kalyan Nagar, Hyderabad, Telangana	India
S1-101148252	Helios Inc	10748 Ruger Road, Willis, TX	US
S1-170086824	Miriam Acklin, D.O., PC LP	3251 Seter Parkway, Unit Apartment 202, Fargo, ND	US
S1-76040100	Hotel Traders of New Delhi	8, Kautilya Marg Chanakya Puri, New Delhi, Central Delhi, Delhi	India
S1-202287853	International Cyber Solution Private Limited	5-75/28, # 1-4-166/28. Tirmala Enclave Sringr, Old Alwal, Medchal Malkajgiri, Hyderabad, Telangana	India
S1-408145725	Gee Ecosolutions Pvt Ltd	C/0 Premlata Kumari, Panch Sirdalla, Vill-Sirdala Tola-Jhagri, Nawada, Bihar	India
S1-974708629	Al Software Private Limited	405, Priviera, Nehrunagar Circle, Nr. Bank Of Baroda, Ahmadabad City, Ahmedabad, Gujarat	India
S1-547765036	Harmony Elmore Commerce LLC	7804 Stanley Road, Unit 173, Powell, TN	US
S1-77495102	Villani and Crayton	2415 Jasmine Drive, Bullhead City, AZ	US
S1-569294974	Corner Deli	4344 Roaring Timber Drive, Conroe, TX	US
S1-94169226	Continental Gulf Systems	15806 Torry Pines Road, Houston, TX	US
S1-40840197	Madras Little Private Limited	Plot No: 195, Telangana, Flat No: 9, Sri Nilaam Apartments, Kavuri Hills, Madhapur, Hyderabad	India
S1-5079735	Strategic Auto Sales LLC	45 9th Place, Unit 54, Mesa, AZ	US
S1-142726876	Pediatric Specialists LLC	8913 County Line Road, Rocky Mount, NC	US
S1-380432471	Commercial Cargo Collective	Sterling, 48 Rowley Hill Road, MA	US
S1-779725843	Engineering Om Granites Private Limited	#582, Akshaya Nagara, Begur Village, Bangalore, Karnataka	India
S1-648110229	Franceschi Creative Johnson Inc	271 Lynch Avenue, Somerset, MA	US
S1-145919119	Elson Rothschild Baudette	1528 4th Street, Baudette, MN	US
S1-184246654	Fiona Lien Photonics	Orchard Mesa, CO, 243 Beaver Street	US
S1-196177410	Steelworkers Local Union 813	4214 Danville Drive, Temple Hills, MD	US
S1-948390868	James Valley Housing Partners	TX, Katy, 2507 Blue Reef Drive	US
S1-545716889	Indo Tech	Flat No 7, 4Th Floor, Paramount Everglades, 43 44 Velachery Main Road, Narayanapuram, Pall, Ikaranai, Chennai, Tamil Nadu	India
S1-712030743	Konieczny, Cano and Sartin	2001 Linnea Drive, Bend, OR, Unit Unit 411	US
S1-714482498	Garciacruz Legacy Automotive LLC	2536 South Road, Poughkeepsie, NY	US
S1-897652157	Gregory's Coffee	2686 Lisbon Road, Cleveland, OH	US
S1-729115140	Friedman Saratoga Group	611 Center Avenue, Oakley, KS	US
S1-481514090	Ear Nose & Throat Group LLC	42781 Fish Lane, Astoria, OR	US
S1-674656797	Sampriti Marketing	214, Triveni Complex, E 10-12, Jawahar Park Laxmi Nagar, New Delhi, East Delhi, Delhi	India
S1-134479938	Future Sai Management Pvt Ltd	8172, Gali No. 6, Chimni Mill, Bara Hindu Rao, Delhi	India
S1-396508400	Gaque Enterprises	TN, 800 Joy Lane, Chattanooga	US
S1-568229136	All Finance	Indore, 202 Shivom Aprtment Shivvatika Colony, Indore, Madhya Pradesh	India
S1-546912078	Zephium Transport Inc.	Salem, OR, Unit 406, 220 Cottage Street	US
S1-877815636	Midvale Community Association Inc.	826 7010, Midvale, UT	US
S1-48329354	Raj Academy Company	Industrial Area, Mohali, Punjab, Office No 53 Plot No D-185 Phase 8B	India
S1-639847657	Foot & Ankle Specialists LLC	1521 Madison Street, Unit 101, Hyattsville, MD	US
S1-494157722	Narciso, Odonnell & Laguerre Launchpad	2605 16th Street, Hueytown, AL	US
S1-842804368	Lotech Ship	Garner, 1415 Foxwood Drive, NC	US
S1-418008098	White, Becknell & Woodard Galata LLC	36 Acacia Drive, Wimberley, TX	US
S1-399827405	Autism Assistance Alliance V	10752 89th Place, Unit STE 109, Scottsdale, AZ	US
S1-339225260	Bittle Vanguard Cable of Chesterfield LLC	226 Woods Mill Road, Unit SUITE 58W, Chesterfield, MO	US
S1-647765492	Burns, Shah and Finklea LLC	9930 Tuscarora Road, Randallstown, MD	US
S1-482535598	Gold Infra Private Limited	Jaipur, 85 Gopal Nagar-A Gopal Pura Bye Pass, Rajasthan	India
S1-81116450	Hinkley Bay Inpoint	1323 Summers Street, Hinton, WV	US
S1-402255903	Kingston Forex Private Limited	C/O Moideen Haji, 15/690, Kurikkal Tower, Chelari Po, Tirurangadi, Malappuram, Malapuram, Kerala	India
S1-476847861	Ramirez Investments LP	290 Blairs Ferry Rd NE, Cedar Rapids, IA	US
S1-700285333	Perfect Enterprises	Door No 25/820, Aj Seals, New Bus Stand, Vadakara, Kozhikode, Kerala	India
S1-587379977	Sapphire Carlyle Inc	9975 Encanto Boulevard, Unit Cc405, Avondale, AZ	US
S1-377057749	C+ Hawaii Inc	11412 Woodside Drive, Unit APT 315A, King George County, VA	US
S1-822965374	Clyay Strategies LLC	901 Hickory Lane, Blytheville, AR	US
S1-920800901	Lifezone Services (India) Co	G/F Sunder Block, Delhi, East Delhi, S-27, Shakarpur	India
S1-555982134	Ganesh Centres LLP	D.No.1-98/21/A/302, Flat No.501, Nukalas Residency Jai Hind Society, Madhapur, Hyderabad, Telangana	India
S1-237369739	Garg Brothers Co	Satara, Karad, C/O Rajendrakumar Yadav, Maharashtra, 425 Somwar Peth, Karad, Dist- Satara	India
S1-687232034	Mohan Trading Limited	Cw Square, 2Nd Floor, 795/B, B Block, Aecs Layout, Nh44, Bangalore South, Bangalore Rural, Karnataka	India
S1-459232696	Singh Sisters Private Limited	36G, Ground Floor, Parsvnath Estate, Omega Sector 1, Greater Noida, Gautam Buddha Nagar, Uttar Pradesh	India
S1-934405600	First Lutheran Church	3613 Jolly Court, Spirit Lake, IA	US
S1-501179152	Allied Industries Partners	456 Farm Road 221, Springfield, MO	US
S1-470987997	Ahmedabad Solutions Pvt Ltd	G-501 Samprat Residency, Opp Nilkanthvilla Bung., Vill Bopal, Ahmedabad, Gujarat	India
S1-462386011	Hari Trading Private Limited	Mumbai, Shree Naman Plaza, S.V. Road, Kandivali (W), Maharashtra, 06, Kandivali West	India
S1-856187192	Best Creative Group	202 Second Street, Glen Rose, TX	US
S1-202467583	Swanand Facility Pvt Ltd	42 Dakshineshwar10-Ahailey Road, New Delhi, Central Delhi, Delhi	India
S1-590202683	Upland Womens Health Physicians LLC	1739 Wilson Avenue, Upland, CA	US
S1-593926081	Westbrooks Freight of Lafayette	2940 Persse Road, Lafayette, NY	US
S1-973244579	Commission on Aging	1927 Hampton Avenue, Unit 122, Mesa, AZ	US
S1-24419637	Pediatric Best Clinic Co	20906 Amber Willow Trail, Cypress, TX	US
S1-646631871	Flex Trading Pvt. Ltd.	Office No.5, Maharashtra, First Floor, Rajabahadur Compound, Building No.5, 43, Tamarind Lane, Fort, Mumbai, Mumbai City	India
S1-498276302	Cancer Coalition Inc	7519 Connie Lane, North Richland Hills, TX	US
S1-122577997	Bradley, Sergent and Schmidt Talon LLC	GA, 3262 Belfort Road, Atlanta	US
S1-912849272	Safe Media Systems	5656 Utah Street, Tucson, AZ	US
S1-615025041	Taus Sunshine	402 Western Avenue, Suffolk City, VA	US
S1-213132581	Sai Technologies	D.No 6-6, Weavers Colony, Pudipatla Village, Mandal, Andhra Pradesh, Chittoor, Tirupati Rural	India
S1-557113195	Grieco, White and Krotz	14102 Gulf Freeway, Houston, TX	US
S1-327882685	Gray Continental Copley	1306 C Street, Belleville, IL	US
S1-402952806	Sweet Pizza!	615 Snidow Street, Pembroke Town, VA	US
S1-610579794	Ujjain Forest Pvt Ltd	Al-50, Housing Board Colony, Pithampur, Dhar, Madhya Pradesh	India
S1-823463934	Vision Consulting Private Limited	52 Weston Street 1St Floorbowbazar, Kolkata, Calcutta, West Bengal	India
S1-900393070	Sella Graham, Esq.	1865 Nina Ridge Road, Lancaster, KY	US
S1-619359662	Upper Columbus	228 School Street, Geneva, IL	US
S1-670087938	Mateshwari Welfare Society	C/O Shanti Debi Chouhan, Po Pandav Eswar Phulbagan More, Near Rail Gate, Bardhman, Bardhaman, West Bengal	India
S1-680224645	Lakshya Companion Limited	15, Western Avenue Sainik Farm, Khanpur, New Delhi, Delhi	India
S1-240063224	Enarai & Sons Private Limited	S No 7/12A/2/1, Shop D-209, Rainbow Plaza, Near Jagtap Dairy, Shiwar Chowk, Rahatan, I, Pune, Maharashtra	India
S1-137170071	Chiropractic Dynamic Clinic L.L.C.	44640 State Rte 517, Columbiana, OH	US
S1-727372359	Arnold Colonial Fifth	254 Dewey Avenue, Kittery, ME	US
S1-539990193	Baker Gulf Andretti Inc	2954 Merts Drive, Indianapolis, IN	US
S1-94184389	Harris Family Office	2210 Loop 499, Harlingen, TX	US
S1-261288176	Cardiology Group of Louisville PC	1632 Moore Ct, Unit J, Louisville, KY	US
S1-99658834	Lumova Constellation	PA, Unit Unit 100, 2572 Industry Lane, West Norriton Township	US
S1-11632012	XBP Foundries Co	Bpl 201, H No 80 Ragatvihir Tal Surgana Nashik, Surgana, Nashik, Maharashtra	India
S1-967099148	Urban Constructions Private Limited	C/O Smt Guddi Bai, Annpurna Colony Charsimal, Guna, Madhya Pradesh	India
S1-400162100	Metro Illinois LLC	431 211th Street, Balaton, MN	US
S1-925218000	Elenore Adams, D.O., P.C.	1107 Parkway Trail, Princeton, TX	US
S1-901873627	Dermatology Center of Cambridge	20 Second Street, Unit H427, Cambridge, MA	US
S1-718853044	Value Asset Advisors Clinic	2050 Lee Boulevard, East Cleveland, OH	US
S1-557445913	Prathibha Development Private Limited	B-9, Ganpati Enclave Ajmer Road, C-Scheme, Jaipur, Rajasthan	India
S1-612526082	Integrated Investment Holdings	22785 Carlos Street, Harlingen, TX	US
S1-5281374	Royal Engineering Pvt Ltd	No. 15, Laxmi Nivas, Basappa Road, Shanthinagar, Bangalore, Karnataka	India
S1-89688277	Resto & Burns	Benicia, CA, 1670 Shirley Drive	US
S1-265471233	Jemie Schultz Chiron LLC	1630 S 2nd St, Unit 110, Louisville, KY	US
S1-705748914	Bangalore (india) Limited	No.17/1, Campbell Road, Bangalore, Karnataka	India
S1-44863484	Summit Mitsui	6401 Custer Road, Frisco, TX	US
S1-470409231	Martinez Air LLC	125 Bellows Lane, Clyde, NC	US
S1-336195610	Torres Premier Electric	402 Ellen Drive, Goodlettsville, TN	US
S1-883260132	Fintra Foundation	Maharashtra, Ahmednagar, Kulal Vasti, Near Malganga Mandir, Darewadi, S.No. 3/3A, Ahmednagar	India
S1-579848823	Liberty Institute	17 Lown Court, Poughkeepsie, NY	US
S1-24910850	Ravin Buildzone Pvt Ltd	Erode, Tamil Nadu, Erode, No 9 Gandhi Nagar	India
S1-152937904	Reflois Rain Inc.	4605 Willowridge Way, Lowell, AR	US
S1-241266614	Beland Disciplined Inc	914 49th Street, Tacoma, WA	US
S1-366551677	Sky Builders Private Limited	C/O-Hari Singh Palsaniya, Behind Anokhi Hotel Samod Road, Near Khirni Wali Khan, Gram Nimdi Tehsil Chomu, Jaipur, Rajasthan	India
S1-110915955	Felder Atlantic Drilling LLC	1204 Glenwood Avenue, Greensboro, NC	US
S1-294548009	Buffkin Orion Inc	TN, Franklin, 101 Gillespie Drive, Unit 6205	US
S1-308385964	4006 Fifth Avenue Partners	1000 Park Street, Vienna Town, VA	US
S1-705226513	Exotica & Brothers Ltd	House No. 960, 2Nd Floor Dr. Mukherjee Nagar Landmark, Batra Cinema, Delhi, North West, Delhi	India
S1-481464441	Corporate Nursing Home	Damodar Nagar Sector-B Adalpur, Hajipur, Vaishali, Bihar	India
S1-934202719	M+ Association LLC	8472 Orr Buyck Road, Orr, MN	US
S1-752701032	Southern Global	H No. 25-824B, Ssc Residency Plot No. 4, Janathapeta, North Vinayaka Rao Street, Kavali, Nellore, Andhra Pradesh	India
S1-894915149	TO Therapies	7172 Jubilee Court, Halls Crossroads, TN	US
S1-36417121	Salasar Engineers Limited	Office No.633, Meridian Business Center (Mbc), Lajamani Chowk, Mota Varachha, Chorasi, Surat, Gujarat	India
S1-572604590	Indraprastha Nursing Home	5-8-494, F/88-B-3Rd Floor, Karimabad Colony Cooperative Society, Chirag Ali Lane, Hyderabad, Telangana	India
S1-345053560	Eye Care Associates Group	4526 Redbud Drive, Peoria, IL	US
S1-147003318	Camile Haney Quartzsea LLC	124 Coppock Street, Campbellsville, KY	US
S1-637198963	Al Intelligence Private Limited	Thh-4/F 164-020, T-Hub Foundation, 4Th Floor, 1/C, 83/1, Raidurg Panmaktha, Near Hitech City, Shaikpet, Hyderabad, Telangana	India
S1-989285103	Obsidian	1680 Red Lane Extension, Roanoke County, VA	US
S1-7804206	Runner Tactical	42 Fenway, Milford, CT	US
S1-116776125	Internal Medicine Clinic, Inc	6417 Melinda Court, Fort Worth, TX	US
S1-918574771	Sims & Pullen	1020 Reginald Drive, Norman, OK	US
S1-2863022	Real Technologies Limited	Scty, Sector 2, Maharashtra, B 22 New Railway Co Ophsg, Thane	India
S1-349531776	Advanced Realty Dynamics Inc	700 Ridgeway Avenue, Unit 404, Cedar Falls, IA	US
S1-204732829	Teteor Corp	486 Newport Parc Lane, Unit 102, Draper City (sl Co), UT	US
S1-92363762	Sunshine Victoria Private Limited	15/180 Kodassery, Thrissur, Kerala	India
S1-859714125	Fresh Property Global Inc	1203 Irvin Street, Carlsbad, NM	US
S1-430385610	Sevenstar Technologies Pvt Ltd	5, Ground Floor, Plot No251, Davis S Baretto Road, Mumbai, Maharashtra	India
S1-519971491	Tiruchirappalli Gusto Limited	7/1, 4Th Cross, Sundharnagar, Kk Nagar Post, Tiruchirappalli, Tamil Nadu	India
S1-119193166	Beon P.C.	OH, 1744 Holburn Avenue, Columbus, Unit C	US
S1-210108627	New Management Private Limited	Plot No. D-125, 7Th Cross, Kssidc Industrial Area Ghamangatti, Hubballi, Dharwad, Dharwar, Karnataka	India
S1-375266965	Safe Wireless Global Inc	Burlington, 2474 Moran Street, NC, Unit A	US
S1-673733472	Kitty Hill Rapid Future PLLC	1300 Saratoga Avenue, Unit 300, Ventura, CA	US
S1-39395600	Equinox	1623 25th Street, Redmond, OR	US
S1-135959815	Chiropractic Grand Physicians LLC	3315 Paramount Boulevard, Amarillo, TX	US
S1-300193662	Davis Australian	74 Kortright Road, Bethel, NY	US
S1-190642603	Womens Health Specialists LLC	TX, Vidor, 1575 Cheyenne Street	US
S1-764049403	Blessings Auto Private Limited	Gera'S Skyvillas Bldg No 5 Fl-V-504 S. No. 64 Kharadi, Pune, Maharashtra	India
S1-556153910	North Institute	Unit No. 611/612, Sixth Floor, Hub Town Viva, Western Express Highway, Jogeswari (East, ), Mumbai, Maharashtra	India
S1-272097669	Coimbatore South Pictures Limited	No.46, Viswasapuram 1St, Sathy Main Road, Coimbatore South, Coimbatore, Tamil Nadu	India
S1-518034255	Richardson Trusted Oxford, LLC	2470 Fm 37, Unit 2470, Sudan, TX	US
S1-592098138	Hotel Energy Private Limited	No 59 Embassy Habitat Apts Flat No 1211 Block No 12 Palace Road, Bangalore, Karnataka	India
S1-59992509	Baptist Center	6 Honey Brook Lane, Gaithersburg, MD	US
S1-463282691	Real Engineering Private Limited	U- 1, Upadhayay Block, Shakarpur, Delhi	India
S1-776007629	1772 Lincoln Way Management Inc.	132 Cr 2105, Bartlesville, OK	US
S1-232551465	Uptown Bike Shop LLC	1808 36th Avenue, IL, Stone Park	US
S1-793400474	Digital Power Limited	Sitapur, Uttar Pradesh, Nursing Home 553 Gic Road, Sitapur, Civil Line, Sitapur	India
S1-761044321	Blue Industries Pvt Ltd	Plot No 1, Vijay Vihar Silo Khra, Gurugram, Gurgaon, Haryana	India
S1-448763015	Tri-State Holding Company	245 Forrest Place, Mountain View Town, WY	US
S1-289994659	Rorie Opoku Hospitality	4753 Saunders Settlement Road, Cambria, NY	US
S1-870746218	Kuber Law Chambers	1-Fr Fl-East 79, Netaji Colony Baranagar, Kolkata, Kolkata, Howrah, West Bengal	India
S1-562370433	Finley Supreme Aldel Inc.	314 Main Street, Cheney, KS, Fl 0	US
S1-252070126	Urology Associates, Inc.	Chicago, IL, 705 Laflin Street	US
S1-590221833	Somya & Co	C/O V.S.Dastur & Co., 6/A-4 B 6Th Floor, New Excelsior Bldg, A.K.Nayak Marg, Fort, Mumbai, Mumbai City, Maharashtra	India
S1-641196387	Brook Park Animal Welfare Initiative	6432 Sylvia Drive, Brook Park, OH	US
S1-875683922	Ace Empire Superior, Inc	1328 44th Street, Unit APT 15C, East Saint Louis, IL	US
S1-716236155	Corner Diner! P.C.	1204 Mitchell Branch, Red Jacket, WV	US
S1-630246246	Cardinal Inc	1106 Vermillion Street, Plano, IL	US
S1-275957318	Ascent Industrial Limited	E-267, Gama-1, Greater Noida, Noida, Gautam Buddha Nagar, Uttar Pradesh	India
S1-60831224	Highland Charities	1335 99th Avenue, Bellevue, WA	US
S1-354723383	Hotels Brothers Pvt Ltd	House No. B-2/25, Tulsi Ghat, Assi, Varanasi, Uttar Pradesh	India
S1-635775807	Consulting Kamini Multi	Tamil Nadu, Madurai, Ismailpuram 8Th Street, Munichalai, No-9	India
S1-882801746	White Hall Dental Complete Physicians	12114 Dollarway Road, White Hall, AR	US
S1-546157969	Katerine Barrett, Ph.D., DDS PC	4159 Dragonfly Road, Bailey, NC	US
S1-14194701	RR Controls Private Limited	H.No.10-5-15, P/A5, 5 Th Floor, Elegance Apartments, Masab Tank, Hyderabad, Telangana	India
S1-158632801	Proxima (India) International Private Limited	Rekha Devi, W/O Ramswarth, Singh, Surajgarha, Bandhu Bagicha, Lakhisarai, Bihar	India
S1-554419279	Escobedo Beacon Transportation	8725 Via Alta Way, Elk Grove, CA	US
S1-731799956	Unique Logistics Limited	A-100, Kamla Nehru Nagar, Extention - 1St, Jodhpur, Rajasthan	India
S1-234476622	Koontz Purpose Inc.	205 Hanford Street, Cambria, IL	US
S1-968343499	Shakti Constructions Private Limited	2/4, Mgr Nagar Main Road, Thenpalani Nagar East Extension, Ambattur, Tiruvallur, Tamil Nadu	India
S1-391531543	The Dent Yoga	200 Coleridge Road, Asheboro, NC	US
S1-458047196	Wilson & Hobbs LLC	706 Clover Lane, Temple, TX	US
S1-846902517	Digital North Consulting Private Limited	Ambasamudram, 28, Tirunelveli, Kovilkulam Road, West Part, Ambasamudram, Tamil Nadu	India
S1-541146761	Lumola Krakacquisition LLC	111 Riverview Drive, Grandview Plaza, KS	US
S1-876075385	J C Ramos Wilco, LLC	1388 50, Hyrum, UT	US
S1-155377157	Shivam Ventures Limited	Vadilal House Shrmali Societynr Navarangpura Crossing Navarangpura, Ahmedabad, Gujarat	India
S1-577668260	OL Aspen LLC	1512 Matheny Avenue, Springfield, IL	US
S1-829860703	4212 Fifth Ave Management Group	2702 43rd Street, Springdale, AR	US
S1-902964716	Tangerine Education Pvt Ltd	F/58, Perfect Plaza, Radhanpur Road, Mehsana, Mahesana, Gujarat	India
S1-641080576	CQK Resources Pvt Ltd	6-1-16 Flat No 308 Dundoo Classic Towers Padmarao Nagar, Hyderabad, Telangana	India
S1-705014658	Halcic Services Inc	9504 Aylesbury Dr, Rolling Hills, KY	US
S1-797532074	ZS Select Foods P.C.	354527 5800 Road, Yale, OK	US
S1-475089024	Premier Investment	101, Sai Pooja, Plot No.390, 16Th Road, Near Rajani Maternity Home, Bandra (West, ), Mumbai, Maharashtra	India
S1-397618462	Jennings and Bishop LLC	180 Linden Road, Pinehurst, NC	US
S1-365922750	Hispeed Communications Pvt Ltd	Orissa, 26-W 408/000, Bhubaneswar, Khordha, Plot-309/18021/4796	India
S1-986724783	Raj Arihant Consultancy Private Limited	689, 5Th Main, 6Th Cross, New Thippasandra Market, Bangalore North, Bangalore, Karnataka	India
S1-972355879	Integrated Select Brighthouse LLC	10303 Heatherford Court, Houston, TX	US
S1-788424178	Pinnacle Marketing Dynamics	Rosharon, 8422 Violet Hills Lane, TX	US
S1-751574396	WS Next	105 Chadd Road, Newark, DE	US
S1-209887144	Freedom Services Limited	601/ 602, Inizio, Cardinal Gracious Rd, Opp. P&G Plaza, Chakala, Mumbai, Maharashtra	India
S1-924848401	Guntur Education Co	N.H.-5, G.T.Road, Ankireddy Palem, Guntur, Andhra Pradesh	India
S1-943742304	Unique Investments LLP	Arcottaluk, Big Street Mecheri Village & Post, No.83, Vellore, Tamil Nadu	India
S1-197847065	Vision Red Enterprises	377 A/P Rajuri, Karmala, Solapur, Maharashtra	India
S1-577285360	Western Veterinary Clinic	6209 Mckellips Road, Unit 265, Mesa, AZ	US
S1-593936929	Roberts Prime Spdr Inc	1892 India Hook Road, Rock Hill, SC	US
S1-865066691	Interfaith Network Care	601 Coyote Road, Southlake, TX	US
S1-750187074	Valley Genesis Inc	2507 Hawthorne Drive, City Of Beloit, WI	US
S1-78882456	Dilley and Nelson Clinic	Unit 1 REAR, MA, 37 Union Street, Greenfield	US
S1-480110507	New Construction Private Limited	180, Abdal Pura, Madhya Pradesh, Ujjain	India
S1-978864613	Neil & Callahan Terra Clinic	209 Idlewood Drive, Chickasaw, AL	US
S1-540123344	MH Cayman Corp	113 Jefferson Street, Sulphur Springs, TX	US
S1-945407857	Adams Federal Huntington, L.L.C.	10 Nizhoni Lane, Tijeras, NM	US
S1-425298650	Anderson and Orozco Triumph Partners	212 1st Avenue, Cheyenne, WY, Unit 1	US
S1-115386522	Legacy Chile Inc	114 Country View Drive, Goldsboro, NC	US
S1-923902964	Esquire (India) Agro Limited	West Bengal, Dabgram, Jalpaiguri, Suryananagr, 386/734/29/510 Ward No 23, Rajganj	India
S1-218740907	Summit Piedmont Aldabra Inc	139 Bogey Boulevard, Arnold, MO	US
S1-222973138	Kochi Commercial Corp	44/19B, Ambelipadam Road Vytila Janatha, Kochi, Ernakulam, Kerala	India
S1-59049248	Dixon Asset Building Institute Clinic	309 Galena Avenue, Dixon, IL	US
S1-461840485	Mai and Fox Lithium Center	4361 601, Concord, NC	US
S1-947849354	Gold Dynamic It Pvt Ltd	Gopal Tower, 2Nd Main Road 1St Cross, Chamundeshwari Layout, Vidyar, Anyapuram, No.28, Bangalore, Karnataka, Bangalore	India
S1-758274800	Haya Brothers	Concord-Gf-05, Sikka Kaamna Greens, Sector-143 Noida, Noida, Gautam Buddha Nagar, Uttar Pradesh	India
S1-225409438	Rain Group Corp	Da-5-C Dda, Munirka, New Delhi, Delhi	India
S1-937606020	Parker Anchor Breeze Inc.	14520 Village Drive, Unit UNIT 601, Fontana, CA	US
S1-258416458	First Power Private Limited	Plot No. 39, Kurunji Street, Vgp Shanthi Nagar, Pallikarnai, Tambaram, Kanchipuram, Tamil Nadu	India
S1-70293439	Foot & Ankle Medicine Co	1208 Cypress Road, Olney, IL	US
S1-540001219	International Consulting Private Limited	Cabin 3, Basement D - 17, South City 2, Sector 49, Gurgaon, Gurgaon, Haryana	India
S1-463971572	Smith Starwood Inc	2215 College Avenue, Unit H329, Manhattan, KS	US
S1-357674445	Mady Vaughns Custom Cantor, Inc.	3030 Clinton Court, James City County, VA	US
S1-693583155	Real Urban Technologies Private Limited	Module No. 33, 34, Mepz Sez Sdf I, Tambaram, Kanchipuram, Tamil Nadu	India
S1-669447382	Womens Health Partners	2317 Evalon Avenue, Beaumont, TX	US
S1-37738510	Royal Construction Limited	C/O Mohd Zilani, 67, Ward No.22, Yusufpur, Mohammadabad, Ghazipur, Mohammadabad, Ghazipur, Uttar Pradesh	India
S1-228765289	Quality Activate	210 Country Mead Boulevard, Waxahachie, TX	US
S1-20406325	Mst Sangh	C/O Kunda Shlke At Post, Lonand Tal Khandala, Phaltan, Satara, Maharashtra	India
S1-708896339	Behavioral Health Heartland Associates	695 Oakdale Highway, Harriman, TN	US
S1-993665967	Firozabad Labs Private Limited	C/O Satya Prakash, Uttar Pradesh, Firozabad, Village- Aronj, Post- Shikohabad	India
S1-635332688	Yash & Partners	K-3/3 Basement, Dlf Phase Ii, Sector-25, Gurgaon Kty., Gurgaon, Haryana	India
S1-105424560	Orbit Best Limited	613, Pathan Vas, Kadi, Mahesana, Gujarat	India
S1-709050884	Cornerstone Defense Holdings	19214 Wrightsville Road, Caroline County, VA	US
S1-745523683	Johnson Osisko	Tega Cay, 2154 Marquesas Avenue, SC	US
S1-939469586	Industries Bombay Consumer Private Limited	Ap-81, 1702, 17Th Floor, Mundhwa, Pune City, Pune, Maharashtra	India
S1-829395369	Supreme Infrastructure Private Limited	Plot No. 139/1, Vatva Gidc, Phase-I, Opp. Patel Alloys Steel, Ahmedabad, Gujarat	India
S1-562812999	East Allied Pro Corp	284 Norcia Loop, TX, Liberty Hill	US
S1-725255726	Preferred Trusted Frequency	Unit Lot 43, NY, Laurens, 516 11	US
S1-744477331	High Consultancy Private Limited	3-Hnaaz Bldg Lamington Road, Mumbai, Maharashtra	India
S1-478383779	Mukundapuram Balaji Private Limited	Building No. 14/57, Kallur Junction, Mukundapuram, Thrissur, Kerala	India
S1-527217734	WQH Homes	103 Highland Road, Mansfield, CT	US
S1-267795838	Horizon Online	459 49th Street, Springfield, OR	US
S1-532247232	Western Sterling Mountain L.L.C.	449 Forrest Avenue, West Norriton Township, PA	US
S1-794798145	Federal Jackson LLC	207 Pleasant Street, Unit # C, Oak Park, IL	US
S1-158034056	Stephens Midstream Inc.	2830 231, Lafayette, IN	US
S1-710709573	Ardelle Padgett Lodging LLC	36427 Carriage Walk Lane, Delmar, DE	US
S1-452067044	Jain Welfare Society	23/47/142 Allahapur, Allahabad, Uttar Pradesh	India
S1-228698308	Doyle Precision Index	Highlands Ranch, 3406 Darlington Circle, CO	US
S1-383861532	Ruthe's Pinnacle Tax Service	68 Ray Avenue, Brownsville, TX	US
S1-123575247	Dermatology Clinic of Granby	CT, Granby, 10 Knollwood Lane	US
S1-908956450	Womens Health Superior Partners Inc	509 Rifle Range Road, Unit 1, Iowa Park, TX	US
S1-931576918	Continental Value Duration	Tucson, 16205 Phillips Road, AZ	US
S1-513554157	Cole, Bland & Anderson Irenic LLC	WA, Mount Vernon, 417 11th Street	US
S1-23450786	Clenney Crypto Associates	171 Depot Road, Boxborough, MA	US
S1-239103283	Concept Technologies Private Limited	B - 201, New Bharati Tower Chs Ltd New Pleasant Park, Mira Bhaindar Road, M, Ira Road-E, Thane, Maharashtra	India
S1-138767033	Clean Infra Private Limited	Shah Niwas, Narayanpur, Near Dsp Office Main Road, Ramnagar, West Champaran, Bihar	India
S1-395374583	Will Fuse LLC	2901 Eduardo Road, Albuquerque, NM	US
S1-430113219	IUR Agencies Limited	Gracious Tower, House No. 102, Plot No.-16, Sector 56, Shivaji Nagar, Gurgaon, Haryana	India
S1-127130225	East Deli Inc	35953 Matoma Boulevard, Eastlake, OH	US
S1-982141464	Adi Hospital Partners	No 55, Psn Plaza, 1St Floor, Dvg Road, Bangalore South, Bangalore, Karnataka	India
S1-627719671	Pioneer Trading Enterprises Inc	4009 Myrtle Avenue, Phoenix, AZ	US
S1-267332074	Pacific Direct LLC	1506 New Bridge Road, Pocomoke City, MD	US
S1-711746632	JQA Farmer Private Limited	6/194 Puliyakulam Road Puliyakulam, Coimbatore, Tamil Nadu	India
S1-323088323	Alpha Infrastructure Pvt Ltd	Flat No. 05, Bldg No. 255, Priti Chs, R. N. Narker Marg, Nr Popular Hotel, Gha, Tkopar (E), Mumbai, Bandra Suburban, Maharashtra	India
S1-821732474	Cornerstone, LLC	608 Delta Queen Avenue, Arkansas City, AR	US
S1-311728700	All Equipment PC	2892 11th Avenue, Unit A, Columbus, OH	US
S1-96406646	Patriot Liberty	1109 8th Street, Ponca City, OK	US
S1-370285959	Complete Etf	Chicago, 7431 Catalpa Avenue, IL	US
S1-945530525	Doe Ordonez Square LLC	2514 Quincy Street, Minneapolis, MN	US
S1-651699929	Atlantic Semiconductor Technologies, LLC	6801 Friars Hill Road, Frankford, WV	US
S1-31945465	North Properties Private Limited	27/859-A, Dipthi Apartments, Ground Floor Kuthiravattom, Calicut, Calicut, Kozhikode, Kerala	India
S1-406922808	Maldonado, Millie L., D.D.S., M.D., P.C.	1154 Bernard Avenue, Findlay, OH	US
S1-618135375	Bhargo Foundation Limited	Flat No; 602 B Wing, Vastu Darshan Near Bmc Office Road, Azad Road, Andheri, (East), Mumbai, Mumbai City, Maharashtra	India
S1-17737990	Rev It Up Cleaning Service	1401 Acapulco Court, Grand Prairie, TX	US
S1-305142160	Hunter Storage	8515 Marshfield Avenue, Chicago, IL	US
S1-544649949	Lebbie Seger Seneca, LLC	80 Washington Avenue, East Lyme, CT	US
S1-825055046	Ekjot Engineers Ltd	Room No 71, 10/169, 1St Floor, Maratha Mandal Near Janata Bank, Ichalkaranji, Kolhapur, Maharashtra	India
S1-658743610	Behavioral Health United Care Partners	115 S Main Street, Spencer Village, OH	US
S1-833906105	Sheryl Reid Muniholdings LLC	116 Main Street, Fruitland, MD	US
S1-694999738	Anderson Clear Karbon	4516 6th Avenue, Birmingham, AL	US
S1-681718008	Preferred Dome PC	551 Melissa Lane, Patton Twp, PA	US
S1-665197550	Maruti & Co Limited	Naraon, Narawn Saran, Bihar, Bihar, Saran, Bihar	India
S1-733286674	Urgent Care Dynamic Center	Montgomery, Unit APT B, AL, 4050 Beth Manor Drive	US
S1-843631844	Mcgill Empire Hcm LLC	3196 Waynesville Road, Morrow, OH	US
S1-494720428	Lakshmi Services Private Limited	Pl No. 51 New Ratan Nagar, Ramna Maroti Dighori, Nagpur, Maharashtra	India
S1-939696057	Value Consumer Industries, Inc	600 Sullivan Street, West Branch, IA	US
S1-18411939	Meenendra Fabtex Private Limited	Door No 5/480/B, Eangerikkum Chalil, Quilandy, Kozhikode, Kerala	India
S1-898984852	Morris & Bergeron	183 Washington Street, Norwood, MA	US
S1-230064411	TO Altenergy-Robstown	444 Avenue G, Robstown, TX	US
S1-355823639	Innovative Investment Limited	D-82/83, Ist Floor Pandav Nagar, Delhi, East Delhi	India
S1-588255343	Gomez Premier Suisse	1509 Sherwood Avenue, Sacramento, CA	US
S1-890194015	April Burbage Mountain Popular LLC	TN, Arlington, 5478 Scarlet Ridge Drive	US
S1-259942047	CO Biomedical, LLC	14030 Hg Trueman Road, Solomons, MD	US
S1-822763604	Bihar & Brothers Private Limited	No.33, 34 Spk Nagar K.V.Palayam, Coimbatore, Tamil Nadu	India
S1-850640236	Bastion Group	Thomasville, NC, 260 Pilot School Road	US
S1-2672192	Dcm Ventures Private Limited	6/B Amarkunj Socety Nalayannagar Road Paldi, Ahmedabad, Gujarat	India
S1-279577354	Shyam Krishna Developers Private Limited	Sr. No. 9/4, Lane No. 5, Tapodham, Warje, Pune City, Pune, Maharashtra	India
S1-387060023	Autism Assistance Network	2656 330th Street, Madison, KS	US
S1-558341416	Heartland Bay Rent LLC	117 Pinto, Unit 432C, Louisburg, NC	US
S1-762633895	Crystal Creative LLC	68 Creed Circle, Campbell, OH	US
S1-586299664	UHI Enterprises Pvt Ltd	4D/22 Sepco Township, Durgapur, Medinipur, West Bengal	India
S1-572405443	Bangalore Works Private Limited	Flat No 110, Block C2, Vbhc Palmhaven Doddabele Village, Kengeri Hobli, Bangalore, Karnataka	India
S1-135712695	Emmi Hornbaker, Ph.D. Inc.	210 Nina Street, Islip, NY	US
S1-925497827	White Healthcare Private Limited	Ws A05, Malappuram, Malapuram, Kerala, 14/104/N, 2Nd Floor, Platinum Workspace, Sahara Centre, Opposite Polly Quarters, Calicut Road, Perinthalmanna	India
S1-221488684	Wark Summit European Inc.	5308 28th Place, City Of Kenosha, WI	US
S1-610842954	Womens Health Pacific Group	3714 Dalmatian Drive, Houston, TX	US
S1-19857145	Mgk Engineers Limited	No 31, 1St Flr, 4Th B Cross, Off Thingalarapalya Main Rd Nandagokula Industrial Lyt Peeny, A 2Nd Stg, Bangalore, Karnataka	India
S1-115147410	Al Global Infra Limited	1St Floor, Anjana Complex, Tagore Marg, Neemuch, Madhya Pradesh	India
S1-742505767	Fidato Farmhouse	Plot No-51, Sai Baba Enclave, B-Block, Najafgarh, Delhi, South West Delhi, Delhi	India
S1-336740254	West Animal Hospital Inc	118 Saw Branch Road, NC, Candler	US
S1-790934041	Robinet Dennis Water LLC	IL, Lake Forest, 1414 Kathryn Lane	US
S1-989442008	Orchid Consultants Private Limited	201/203 Narshi Natha Streetkothak Bhavan 3Rd Floor, Mumbai, Maharashtra	India
S1-697487937	Creative Foods Private Limited	South Delhi, South Extn Part-Ii, Delhi, New Delhi, B-17 Basement	India
S1-298400194	Thomas Elite Associates, Inc	248 Willetts Avenue, New London, CT	US
S1-382936733	Ramona's Rapid Property Solutions LP	AL, 7806 Lake Walk Way, Huntsville	US
S1-996148803	Starkey United	29903 Seven Mile Lane, Shedd, OR	US
S1-322382083	Patel & Daniel Corp	11 Belmont Avenue, Richmond City, VA	US
S1-625936047	Dorthea Gonzalez Brc	2462 Ellis Road, Parkville, MD	US
S1-357407091	Sun Media Pvt Ltd	T-369 3Rd Floor Baljeet Nagar Near Nanad Lal Wali Gali, Delhi, West Delhi, Delhi	India
S1-564007472	High Investments Private Limited	House No. 117P, Sector - 10A Near Govind Park, Gurgaon, Haryana	India
S1-62899420	Tri-State Burtech LP	372 Twenty-first Street, East Wenatchee, WA	US
S1-120682917	Tri-State Star Meshflow	21421 154th Street, Gilbert, AZ	US
S1-86809178	Southern Insurance Clinic	10 Imperial Road, Etna Twp, OH	US
S1-657981489	Bharat Estate Private Limited	Near Shyamdas Gurudwara, Sindhi Camp, Raghurajnagar, Satna, Madhya Pradesh	India
S1-740321790	101 Vii Inc.	309 Colemont Terrace, Nashville, TN	US
S1-572029564	Banglore Storage Pvt Ltd	70, Joythi Nivas, Koromangala Industrial Area, Banglore, Bangalore, Karnataka	India
S1-79160585	Hari Software Private Limited	F-35B, Ground Floor Gali No 20, Mangal Bazar, Laxmi Nagar, East Delhi, Delhi	India
S1-249541059	Tri-State League	314 5th Street, Mcgehee, AR	US
S1-364388393	Saint Chapel	1909 9th Street, Vancouver, WA	US
S1-502150183	Excel Servicesprivate Private Limited	F 90 F.F West Patel Nagar, Near Patel Nagar, New Delhi, Central Delhi, Delhi	India
S1-958355339	Uribe Rogers	426 Dunmore Drive, VA, Newport News City	US
S1-538491205	Zephova Partnership	5937 Owen Road, Mckinney, TX	US
S1-735075315	Bureau of Veterans Affairs Center	840 Lincolnville Road, Belmont, ME	US
S1-625889834	Kay Research	615 Dixon Road, Bolivar, TN	US
S1-980965113	Silver Infrastructure	Plot No.1928, Binori Nagar.Jharapara.Bhubaneswar Near Pallavi Mandap, Bhubaneswar, Khordha, Orissa	India
S1-242503282	Foot & Ankle Center	69 Tri Vista Drive, Lake Junaluska, NC	US
S1-393306242	Business Biomedical Collective Inc.	3496 Lakeview Road, Hamburg, NY	US
S1-792218689	Rochette's Certified Medical LLC	15 Dubois Street, Unit 1, Westfield, MA	US
S1-940298796	Silver Technology Limited	Sno 10/7 Opp Balaji Lawns, Gangapur Road, Nashik, Maharashtra	India
S1-11456034	Hendrickson Interstate Hcm Inc	19156 Highway 76, Lindsay, OK	US
S1-935031969	Buildtech Dx Corp	G 704, Aims Green Avenue, Sector-4, Gautam Buddha Nagar, Uttar Pradesh	India
S1-277523796	Hilliard Genetics Inc.	4378 Napoleon Road, Fremont, OH	US
S1-845602649	Devaya Solutions Care	Ground Floor, Office No. C - 75, Shanti Shopping Centre, Mira Road East, Near Railway Station, Mira Bhayandar, Palghar, Thane, Maharashtra	India
S1-547946828	Warner and Deleon LLC	7545 Lake Road, Bergen, NY	US
S1-989199551	Bombay Energy Pvt Ltd	71 Park Street, Kolkata, West Bengal, Calcutta	India
S1-929029354	Cox & Belt Interactive LLC	839 Redinger Ridge Drive, Huffman, TX	US
S1-501680022	Angel International School Private Limited	601 Building No 12Palmgroove Society Patliputra Nagar Oshiwara Link Road, Mumbai, Maharashtra	India
S1-450754007	Eastern Global Private Limited	A-1/40, Amaltas Colony, Phase-1, Sector-1, Chunabhatti, Kolar Ro, Ad, Bhopal, Madhya Pradesh	India
S1-795739124	Metro Garages Private Limited	C/O Trilokinath Gupta And Co Keshriya Road, Bara Chakia, East Champaran, Bihar	India
S1-806532653	Murray, Tinker & Moore P.C.	2340 Lynch Avenue, Granite City, IL	US
S1-49444028	Behavioral Health Clinic of High Point LLC	6150 3C Red Cedar Drive, High Point, NC	US
S1-908243427	Oncology Signature Physicians	706 Vine Street, Sparta, IL	US
S1-937987543	Friedrich Bright Micro	10 Barnes Road, Shawnee, OK	US
S1-473365423	O 2 Prime Columbia LLC	5520 Moultrie Road, Fairfax County, VA	US
S1-94957260	Ear Nose & Throat Associates	16808 Puritas Avenue, Cleveland, OH	US
S1-790871224	Red Texturising Dhenkanal	Ass, Korian, Dhenkanal, Orissa	India
S1-971165172	Hyderabad Privated	Flat No.308, Bhavyas Sreenivasam Nizampet Road, Kukatpally, Hyderabad, Telangana	India
S1-898025571	Green Big Consultants LLP	14/B Romanath Kabiraj Lane, Kolkata, Calcutta, West Bengal	India
S1-870252608	Starla's Communications	3782 Klette Road, Latonia Ky, KY	US
S1-972029610	West Hamlin Family Practice Associates	136 Dorsel Branch, West Hamlin, WV	US
S1-559932168	Intense Enterprises Limited	Sco 34 Block No C, Cabin No 3 Ch. Complex, Panchkula, Haryana	India
S1-75394826	Dynamic Healthcare Private Limited	302-304, Akshat Tower, Nr. Pakvan Restaurant, Bodakdev, S.G. Ro, Ad, Ahmedabad, Gujarat	India
S1-839340133	Bitler American Southwest Inc	4662 525, Franklin, IN	US
S1-155400014	Uphaar India Private Limited	Fl-504 A Wing Ajmera Park, Nearalif Tower Pune, Pune City, Pune, Maharashtra	India
S1-62550447	Ignou Road Printers Private Limited	C -5, Lower Ground Floor Paryavaran Complex, Ignou Road, New Delhi, Delhi	India
S1-908943256	Hotel Healthcare Private Limited	Plot No. Bg-74(P), Shop No. 21, Jai Tulja Bhavani Ind Co.Op. Society Limited, Telco Road, Mi, Dc, Bhosari, Pune, Maharashtra	India
S1-807558194	Panther Vidyalaya Private Limited	Sagar, Madhya Pradesh	India
S1-918251044	Keystone Aimei Inc.	4022 Battleground Avenue, Unit 3A, Greensboro, NC	US
S1-32339639	Alexander, Aragon and Strickland LLC	1400 Loma Drive, Ojai, CA	US
S1-465541983	Vanguard Defense Products LLC	1055 Wennings Road, New Salisbury, IN	US
S1-112917959	Dredi Hays Rocky Islands Co	6918 Thomas Trail, Katy, TX	US
S1-488158671	Urology Patriot Associates Inc.	62 Harrison Avenue, Unit Apartment 2, South Glens Falls, NY	US
S1-200026248	Products Elite Tech Private Limited	Bhopal, D-06/301 Fortune Somya, Madhya Pradesh, Atlantis Katara Hills, Huzur	India
S1-132595816	Kejriwal Medical Centre	A-3/901, Krishna Apra Gardens, Ghaziabad, Uttar Pradesh	India
S1-574161010	Ridhi (India) Technologies Pvt Ltd	Surendra Das C/O Tiakhia, P.O - Digida, Basta, Balasore, Orissa	India
S1-495774869	Behavioral Health Center	14 State Street, Ripley, NY	US
S1-795364176	Spivey and Carter Inc	410 Edens Avenue, Unit LOT 7, Copan, OK	US
S1-62225802	Miller Express Safe	155 Windy Kilpatrick Circle, Murphy, NC	US
S1-372784273	Panchshree Consultants-Hajipur	Maharana Pratap Colony Station Road, Hajipur, Vaishali, Bihar	India
S1-52735967	YA Best Vision P.C.	14931 Scotter Drive, Channelview, TX	US
S1-650266714	Alexine Johnson Global Better Group	7102 W Arbor Trace Drive, Unit 222, Knoxville, TN	US
S1-503290555	Jks Foundation	Lansdowne Towers, 2/1A, Sarat Bose Road, Kolkata, Sarat Bose Road, Kolkata, Kolkata, Howrah, West Bengal, Kolkata	India
S1-247588262	Bastion Nano Inc.	112 Pequot Trail, Stonington, CT	US
S1-354162796	Schley and Castillo	353 Willis Road, Sudbury, MA	US
S1-962554103	FY Management LLP	Mumbai, Angelore Chs Pestom Sagar Road 4, Chembur, Mumbai City, 16 Skylark, Maharashtra	India
S1-653486974	Global Interstate Emerging LLC	57 Country Gables Circle, Gates, NY	US
S1-882892592	Downtown Book Store	74 Open Meadow Court, Lillington, NC	US
S1-147867733	Blanco Health League	200 Jeff Vaughn, Blanco, TX	US
S1-222250441	Silver Hair Studio	826 Chestnut Avenue, Blackwell, OK	US
S1-178914655	Elbertina Bishop Star Opendoor Inc	2706 Indigo Manor Lane, Katy, TX	US
S1-901074965	Diannne Fromme Silver Audio Installation, Inc	4286 Exeter Drive, Prince William County, VA	US
S1-159791449	Evaleen Strobl, O.D.	1972 Original Henry Road, Henry County, VA	US
S1-757444437	Eye Care Associates LLC	1855 Southern Avenue, Apache Junction, Unit 111, AZ	US
S1-60634917	Cherida Cochran Generating Inc	504 Harrell Street, Unit UNIT A, Blacksburg Town, VA	US
S1-203699265	Brooks and Delgado Consolidated	6630 Hayden Drive, Magnolia, TX	US
S1-233891626	Economic Development Great League, LLC	3128 Carters Mill Road, Marianna, FL	US
S1-466104338	Beacon Talent Partners Inc.	11946 Lucky Meadow Drive, Tomball, TX	US
S1-77621382	Indore Estate Limited	7/4 B, Madhya Pradesh, Indore, Manoramaganj	India
S1-206045734	Hari Business Pvt Ltd	D. No. 9-11-41, Kakumanuvari Street, Guntur, Andhra Pradesh	India
S1-2404040	Turlington, Olivette C., M.D. Corp	438 Adams Street, Liberty, KY	US
S1-720605532	3400 Main Blvd Partners Partners	4234 Towanda Avenue, Baltimore, MD	US
S1-311338292	Desert Element PLLC	Kearns, 4330 5295, UT	US
S1-930490269	Nelson Select Huntington Inc	2322 Treasury Drive, Cleveland, TN	US
S1-189431059	Torres, Jimenez & Serrano	391 Berry Street, Jackson, TN	US
S1-765327732	Frontier Reit	149 Broad Street, Guilford, CT	US
S1-120286857	Orthopedic Health	WA, Seattle, 3246 36th Avenue	US
S1-924601282	Thane Agriculture Private Limited	Unit No. 101, Plot No. 131, Sector 1A, Koparkhairane, Thane, Maharashtra	India
S1-848491062	Heartland Association	NC, Fremont, 109 Ballance Road	US
S1-413430918	Shivam Infrastructure Limited	617/1604, Digdiga, Vishal Khand 1, Gomtinagar, Lucknow, Uttar Pradesh	India
S1-325717167	Vesta Foundation	Howrah, West Bengal, Kolkata, 1/7 Prince Gulam Mohammad Shah Road	India
S1-797969329	Primary Care Empire Partners	1082 Bitting Hall Circle, Rural Hall, NC	US
S1-996383168	Pratham Infratech Private Limited	Vidisha, Madhya Pradesh, Village Andiya Kala, Tehsil Gulabganj, Gyaraspur	India
S1-219393206	Marsha R. Haller, Ph.D., DDS PC	6000 Broward Place, Henrico County, VA	US
S1-813104834	Unique Golden Hospitality	Ajantha, Tq. Sillod, Aurangabad, Maharashtra	India
S1-794734620	First Wireless Global PLLC	209 Davis Street, Unit L, Smithfield, NC	US
S1-395194782	Huerta Hills LLC	788 Mead Drive, Fl 1, Chandler, AZ	US
S1-485661142	Trine Products Pvt Ltd	6-Floor-Bas, Plot-7, Narayan Udyog Bhavan, Dr B.R. Ambedkar Rd, Lalbaug, Indl Estat, E, Parel, Mumbai, Mumbai City, Maharashtra	India
S1-78809254	Kingson Charitable Trust	2645, 1St Floor, Shop No. 104-105, Poonam Chamber Bank Street, Karol Bagh, Delhi, North Delhi, Delhi	India
S1-60174290	Washington Arts Fund LLC	2700 Calvert Street, Unit 818, Washington, DC	US
S1-365098751	Caldex Ultra	200 Willow Street, White Sulphur Springs, WV	US
S1-230910498	Digital New Consulting Pvt Ltd	C/O Neeta Agarwal, Butler Plaza, Bareilly, Uttar Pradesh	India
S1-711218427	Vanguard LLC	16458 Lynn Avenue, Yucca, AZ	US
S1-750725517	Dyer and Eberle Fuse, LLC	910 Elk, Seneca, KS	US
S1-850194213	Adler Securities of Patna LLP	C/O Sudha Devi, Sharda Niwas Gola Road Danapur, Patna, Bihar	India
S1-432711607	Durga Heart Pvt Ltd	Plot No. 150, Ground Floor Mayfair Estate Colony, Baghpat Road, Meerut, Uttar Pradesh	India
S1-573421582	Britni's Fitness	4363 W Wilson Street, Farmville, NC	US
S1-377913644	Naba Vidyalaya	1552, Hundiwala Lane, Nashik, Maharashtra	India
S1-573801610	Ram Construction Private Limited	Allahabad, Attarsuiya C/O Sangam Castle, Uttar Pradesh, Allahabad, 815/624	India
S1-857929278	Jai Investment	18/107/9, Chandrans Castle, Mannuthy, Thrissur, Kerala	India
S1-257306745	Tara Ventures (India) Pvt. Ltd.	1-B, 1/17, Lalita Park, Laxmi Nagar, Delhi, East Delhi, Delhi	India
S1-267213377	Foot & Ankle Highland Medicine LLC	34 Richmond Street, Oyster Bay, NY	US
S1-689406291	Bareilly Business Private Limited	62, Rainbow Residency Sarjapur Road, Junnasandra Village, Bangalore, Karnataka	India
S1-694245054	Summit Block Inc	10375 Irvington Bayou-la-batre Highway, Irvington, AL	US
S1-53289894	Pacific Committee III	Thousand Oaks, 1751 Amarelle Street, CA	US
S1-876192892	Mann & Smith	911 State Rte 7, Gallipolis, OH	US
S1-714713088	Barajas Global LLC	4439 Chama Drive, Phoenix, AZ	US
S1-990705573	Ivenio Grid LLC	786 Rock Crusher Road, Walhalla, SC	US
S1-998615254	Perfect Management Limited	Office No-6, 2Nd Floor, Plot-327, Sagar Building, Narsi Natha Street, Mirchi Gully, Masjid Stn, Mandvi, Mumbai, Maharashtra	India
S1-602400283	Saint Synagogue	1000 Olin Way, Unit MB765, Needham, MA	US
S1-314617712	Meenu & Co	Automotive House, 108 Bazar Ward, Mumbai, Maharashtra	India
S1-751820306	Federal Valley Jena	27635 Crozet Drive, Milton, DE	US
S1-46693250	Midwest Atlantic Agricultural	475 900, Unit 55, Salt Lake City, UT	US
S1-97606645	Saint Cathedral	14548 Rockypoint Drive, Florissant, MO	US
S1-867596801	Red Pizza LLC	1615 Woodcrest Drive, Manhattan, KS	US
S1-813325746	Bmf Wear Pvt. Ltd.	C-54, 2Nd Floor, Greater Kailash Part-1, New Delhi, South Delhi, Delhi	India
S1-684635868	Colonial League	1431 407, Fl 0, Rhome, TX	US
S1-652364755	Industrial Wholesale Dynamics	1985 University Avenue, Bronx, NY	US
S1-217813825	Aspen Inc	1670 6th Street, Winona, MN	US
S1-9647214	Allison Cohen	1077 Island Road, Harkers Island, NC	US
S1-173596656	Bay Viii P.C.	2 Briar Court, Binghamton, NY	US
S1-816720987	Federal Banking	12 Mills Street, Boston, MA	US
S1-503746576	Education Program LLC	7761 Cobble Hill Court, AZ, Tucson	US
S1-326149403	Town Of Hamilton Xrp	W4571 Prairie Court, WI, Town Of Hamilton	US
S1-906403384	Burns, Soto and Davis Highview Inc	TX, 24531 Hix Drive, Canyon	US
S1-409129279	Apex Aditya Global Private Limited	H.No 55, B Sector, Basant Kunj, Bhopal, Madhya Pradesh	India
S1-102482763	Devondra J. Doherty, O.D.	Topeka, 728 Lindenwood Avenue, KS	US
S1-668808145	Midwest Fund III	835 Breezy Hill Road, Middletown, NY	US
S1-690284236	RM Agro	Main Kasba Road, Muradnagar, Ghaziabad, Ghaziabad, Uttar Pradesh	India
S1-771226720	OWE Express Muzero	620 Delano Street, Houston, TX	US
S1-422562792	Krg Hospital	A-301, Gaytri Apartments, Plot No- 27 Sector- 10 Dwarka, New Delhi, West Delhi, Delhi	India
S1-961018150	Karnavati Consultancy Pvt. Ltd.	Circular Court 8, Acharya Jagadish Chandra Bose Road, 3, Rd Floor, Kolkata, Howrah, West Bengal	India
S1-254390786	Valley Integrated Metal LLC	IL, Hillside, 4508 Idlewild Lane	US
S1-802890250	Sgl Energy Private Limited	Gujarat, Ahmadabad City, A/5, Ahmedabad, Safal Profitaire, Nr. Krishna Bungalows, 100Ft. Road, Prahladnagar, Vejalpur	India
S1-878474652	Summit Lake	3639 Ridgemont Drive, Orange, TX	US
S1-598928613	Community Ministries VI Corp	8955 Gue Road, Damascus, MD	US
S1-876341920	Yoko Proffer Xflh L.L.C.	3553 Queensway Drive, Brownsville, TX	US
S1-134103680	Shakti Impex Private Limited	New Delhi, Delhi, Phase 2 Sarita Vihar, South Delhi, H No A 456 Gf Jj Colony	India
S1-683413840	Bhiwadi Milk Associates	Block-3B, Smr Vinay Fountainhead Apartments, Water Works Road, 1903, Hyderabad, Telangana, Hydernagar	India
S1-828592989	Laxmi International Ventures Private Limited	No.299/100J, Perumal Kovil Street, T.N. Palayam, Coimbatore North, Coimbatore, Tamil Nadu	India
S1-942733987	Huerta, Field and Cruz, LLC	819 Prairie Street, Unit 10, Bethalto, IL	US
S1-304704195	Barrios's Secure Towing	1854 84, Thomson, IL	US
S1-146312065	Mumbai Training Private Limited	Maharashtra, 8Th Floor, Iris Towers, Nahar Amrit Shakti, Chandivali Farm Road, Opp. Mangolia Society, Powai, Mumbai, Flat No.802	India
S1-378649710	Marigold Vidyalaya Private Limited	Rz-8, Shyam Vihar, Dwarka, New Delhi, South West Delhi, Delhi	India
S1-19071344	Ss Tech Pvt Ltd	118/610 A Kaushal Puri, Kanpur, Uttar Pradesh	India
S1-97333550	Drayara Dynamic Inc	AL, Enterprise, 115 Kinnon Drive	US
S1-642061233	Gangavi Strategies Private Limited	Gobinda Niwasjyangra Baguihati, Kolkata, Calcutta, West Bengal	India
S1-281005457	Mason Select Reit	OR, 2206 Patterson Street, Unit Apartment 211, Eugene	US
S1-444425477	Tps & Brothers Private Limited	907, Friends Business Bay, Near Pratap Heritage, Borivali West, Mumbai, Maharashtra	India
S1-918091339	Flo K. Yarborough, M.D.	1225 Cornwall Street, Topeka, KS	US
S1-887347207	Dodge Investments LLC	15141 Clatsop Street, Portland, OR	US
S1-694147872	Noida Multiservices Private Limited	G-101, Sector-63, Noida, Gautam Buddha Nagar, Uttar Pradesh	India
S1-671246923	Richie Enterprises Private Limited	53-2 1, Lodhipura Laxman Singh Chouhan Marg, Indore, Madhya Pradesh	India
S1-630690477	Indus & Co LLP	Ambala, House No 61- A, Navneet Nagar Near Police Line, Haryana, Ambala	India
S1-128453971	Greenfield Baptist Federal Association	1304 Johns Loop, Greenfield, IN	US
S1-920834056	AX Defense Inc	Graham, 29303 40th Avenue, WA	US
S1-828461134	Best Ventures Private Limited	7-2-1800 &, East Vasavi Dreams Czech Colony, Sanathnagar, Telangana, Hyderabad, F-206	India
S1-123425283	Bombay Care Private Limited	Plot No.135, Pandaul Industrial Area Madhubani, Madhubani, Bihar	India
S1-592156476	Omni Consultants	174 Pisale Compound Work Shop, Davanagere, Karnataka	India
S1-539996146	Williams and Zahn LLC	18 Hillside Circle, Unit Unit B, Paragould, AR	US
S1-831544344	ON Pinnacle Sports LLC	55 Madison Street, Oswego, IL	US
S1-110898703	Urban Yoga	WA, 527 73rd Street, Seattle	US
S1-815817848	Veera Developers LLP	Plotno12/10Hno11-13-866/B, Hyderabad, Greenhillscolony, Kothapet, Telangana, Hyderabad	India
S1-878200919	South Enclave P.C.	5656 Carrington Lake Parkway, Trussville, AL	US
S1-182777890	Bombay Technology	#334, Khata No 2678/3342Nd Sector Hsr Layout, Banglore, Bangalore, Karnataka	India
S1-342376844	White Hospitality Private Limited	H No 2-7-161 Mantri Galli, Subhas Road, Bid, Beed, Maharashtra	India
S1-79980354	Lang Storage, LLC	3 Moonvine Court, Spring, TX	US
S1-992319156	Pandharpur Micro	C/O Manoj Bhaygude 4002, Arbuj Manshan, Uttar Said Fast Mazla, Station Road, Pandharpur, Solapur, Maharashtra	India
S1-405476212	Tellez Spac of Fryeburg LLC	5 Smith Street, Unit APT 2, Fryeburg, ME	US
S1-67274449	Straight Edge Barbershop	79 Hollis Street, Unit 101, Holliston, MA	US
S1-541026614	Sweet Bistro Inc	474 4210 Road, Hugo, OK	US
S1-785113294	Alvarez Health	11 7th Avenue, Dickinson, ND	US
S1-926581849	Cascade Legacy Biopharma	UT, Murray, 6183 Crystal River Drive	US
S1-123386887	Mulligan Crystal Xrp LLC	3638 1400, Kokomo, IN	US
S1-882785398	Orbis Cion Inc	Ventura, 9088 Telephone Road, CA	US
S1-787084182	Risko & Guerrero LLC	2843 Kedvale Avenue, Chicago, IL	US
S1-815456056	Ace Exports	98-102, Mahaveer Nagar, Rajasthan, Jaipur, F.No.202 City Park P.No., Jaipur	India
S1-145580230	Dental Rapid Medicine Group	1481 Frazier Road, Franklin, NC	US
S1-210638314	Shree Consultants Clinic	158, Indore, 1St Floor, Orbit Mal, A.B. Road, Indore, Indore, Madhya Pradesh	India
S1-416222422	National Holdings Group P.C.	603 School Street, Belmont, MA	US
S1-971017901	Internal Medicine Metro Group	7015 Colonial Drive, Niagara, NY	US
S1-864553957	Green Equity International, LLC	2290 Imperial Court, Waldorf, MD	US
S1-291751419	Division of Veterans Affairs PC	Dayton, OH, 848 Dow Street	US
S1-268040705	WV Target LLC	Town Of Freedom, N4199 Twin Court, WI	US
S1-430993104	Rocky College	820 Bear Creek Cyn, Boulder Creek, CA	US
S1-91814247	Business Industrial Laboratories Inc	Wichita Falls, 100 Town And Country Drive, TX	US
S1-56047792	Cara Leatherman, D.D.S., DDS PC	242 Wemple Road, Johnstown, NY	US
S1-333890805	Lawrence Perimeter	7111 75th Avenue, Unit 2147, Glendale, AZ	US
S1-368241974	Urgent Care First Partners P.C.	4701 Courthouse Road, Chesterfield County, VA	US
S1-676587457	Goldmoon Bioenergies	No. 12/1, Marutitempleroad, Gangothri Hudco Layout, Mysore, Karnataka	India
S1-171463705	Olmos Drive	5225 Francis Avenue, Unit UNIT 31, Chino, CA	US
S1-617419264	New Delhi Educational Private Limited	F-78 Green Park, New Delhi, South Delhi, Delhi	India
S1-308527833	South Union Inc	8803 National Tpke, Louisville, KY	US
S1-814997667	Continental Council Associates	410 Smokey View Road, Unit 335, Asheville, NC	US
S1-424229129	Iturbe, Ugalde and Landry Precious Group	1602 Crest Club Drive, Valley, AL	US
S1-519939685	Rios Interprivate LLC	3310 Jetty Avenue, Lincoln City, OR	US
S1-32072514	Rooptech Indian LLP	Thane, F24 The Affaires, Plot No 9 Sanpada, Thane, Maharashtra	India
S1-29135374	XDC Technologies Ltd	203-B, Amar Apts Khar Danda Rd, Khar West, Near Sibangan Hotel, Mumbai, Maharashtra	India
S1-778832618	Katine Ramirez Barings LLC	1832 Woodbend Village Court, Houston, TX	US
S1-912572037	Morales Royalties LLC	854 Bradley 57 Road, AR, Hermitage	US
S1-772217828	Vidiyal Industries Private Limited	Shop No 1, Rajaram Chawl, Raj Nagar, Utakaysh Nagar T.P. Road, Bhandup West, Mumbai, Mumbai City, Maharashtra	India
S1-308275127	Laum Good L.L.C.	148 Cottage Road, Enfield, CT	US
S1-203886979	Quintana Taylor Atlantic Mercury LLC	9119 State Route 134, Lynchburg, OH	US
S1-780957323	Unified Global LLC	8311 Pinegrove Avenue, Parma, OH	US
S1-170505581	Everlink Consultancy Private Limited	M-535, Ff Guru Harkishan Nagar, New Delhi, West Delhi, Delhi	India
S1-10120922	B 9 Elite Shore LLC	4953 Ridgeway Avenue, Chicago, IL	US
S1-759286404	Desert Animal Hospital	89 200, Unit 1719, Salt Lake City, UT	US
S1-857587793	Vantus Coca	2922 Waterwood Court, Granbury, TX	US
S1-419702578	Lakshmi Developers Private Limited	Room 203, 2-A/3, Kundan Mansn, Asaf Ali Rd, New Delhi, Central Delhi, Delhi	India
S1-946942442	Bright Brighthouse LLC	321 3rd Street, Bardstown, KY	US
S1-169478178	Chennai 4. India Corporation	Beemasena Garden Streetmylapore, Chennai 4. Mylapore, Chennai 4., Mylapore, 16, Chennai, Chennai 4., Tamil Nadu	India
S1-547080068	Global Raniganj Fnb Private Limited	69/A, Pramukh Shivalay Abrama, Valsad, Gujarat	India
S1-473658287	Maye Thompson, DDS	6 Pinewood Lane, North Hempstead, NY	US
S1-401399856	Washim Ananta Private Limited	At Plot No. 1 In Front Of Old Rto Office, Washim Wshim Washim, Washim, Maharashtra	India
S1-835901400	Global Enterprises Partners	Kirkland, WA, 13119 70th Drive	US
S1-298450820	Cure Nails	5801 Lowell Street, Albuquerque, NM	US
S1-500826336	Unique Consulting	0, Kaladera Road, Chomu, Ramnath Ji Ki Bagechi, Jaipur, Rajasthan	India
S1-484152086	1595 Highland Court Holdings	MO, Kansas City, 6420 Camden Avenue	US
S1-949147253	Supreme Technologies	6Th Floor, Unit 612, B Wing, Trade World, Senapati Bapat Marg, Lower Parel (West), Mumbai, Maharashtra	India
S1-87624853	Forman and Wyman Berto Inc	3404 Country Club Road, Arlington, TX	US
S1-377444339	Hm Management Limited	Flt No 1702 Green Diamond, New Link Road Behram Baug, Jogeshwari West, Mumbai, Maharashtra	India
S1-500875065	Bryant Platinum Valuence, Inc	266 Pontiac Place, Hempstead, NY	US
S1-24364008	Ivenex Mae L.L.C.	407 Mcclure Road, Lebanon, OH	US
S1-90403128	Sweet Bike Shop!	124 Cody Road, Milton, VT	US
S1-976827862	Eye Clear Health Care	1953 Todd Avenue, Columbus, OH	US
S1-516855172	Kleiner Southwest Corporation	6764 Smithwood Road, NC, Liberty	US
S1-29390497	SQQ Sheets Pvt. Ltd.	Office No. 3, 511, 5Th Floor, Unique Destination, Laxmi Mandir Crossing, Tonk Road, Jaipur, Rajasthan	India
S1-254784985	Equinox Xii	115 16th Avenue, East Moline, IL	US
S1-615600839	Internal Medicine Physicians of Canton Clinic	901 4105, Canton, TX	US
S1-449344032	Trusted Classic Aldel LLC	8933 Eldora Drive, Cincinnati, OH	US
S1-283451922	Southern Estate LLP	B-2/88, Basement Safdarjung Enclave, Delhi, South Delhi, Delhi	India
S1-143986894	Unruh Gss LLC	Eckerty, 6015 Patoka School Road, IN	US
S1-148362863	Ace Marine Networks LLC	49 Laughing Bear Trail, Highlands, NC	US
S1-171348341	Metropolitan Supply Private Limited	Hno-1578-2A, Salpewadi Rd, Gargoti, Tal-Bhudargad, Kolhapur, Maharashtra	India
S1-258363757	Metropolitan Analytics Alliance LLC	150 Pike Drive, CA, Ben Lomond	US
S1-297673291	Happy Pizza! Inc	510 Echo Lake Road, Greene, NY	US
S1-896985846	Main Street Pub	257 Matney-summer Road, Durant, OK	US
S1-563702101	Citrus Developersprivate Private Limited	N-51, Har Govind Enclave, Rajpur Khurd, South West Delhi, Delhi	India
S1-99635223	Ss Agro Private Limited	H.No.12-141, Flat No.405, Vasista Enclave, Vijayawada (Urban), Krishna, Andhra Pradesh	India
S1-81485673	East Consultancy (India) LLP	Kunnanchery House, 2 17 B, Talap, Po Kannur Kannur, Kannur, Kerala	India
S1-341102349	Harbor Care LLC	901 Cedar Avenue, Unit Apartment 802, Niagara Falls, NY	US
S1-134516442	Ford Federal Ship	3116 Hull Street, Richmond City, VA	US
S1-77511633	Apex Healthcare LLP	A-202, Gondkar Complex Shirdi Tal Rahata, Shirdi, Ahmednagar, Maharashtra	India
S1-743497236	Vcare Solutions Private Limited	Flat No. 504, 5Th Floor, Ratna Sagar Apartment, B/S Sumangal Apartment, Varachha Road, N, Avagam, Surat, Gujarat	India
S1-773608250	Direct First Nasdaq Inc	3905 Hampstead Drive, Sylvania, OH	US
S1-7549350	Sevcik Smart Boral LLC	Mountlake Terrace, WA, 21905 42nd Place	US
S1-818241688	Interstate Motors	1798 Warbler Drive, Eagle Mountain, UT	US
S1-927764935	Lee & Miller, LLC	985 Emerald Drive, Montgomery, IL	US
S1-115329744	Vanguard Anchor Jab	AR, 401 Parkway Drive, El Dorado	US
S1-901585181	Hartline Harbor Bce LLC	605 South Street, Unit Bldg 17, Leander, TX	US
S1-290587285	Bs Health Corporation	C/O: Sunita Devi, Vill, Khambha, Po- Sonaura, Sherghati, Aurangabad(Bh), Bihar	India
S1-302460296	Lyrium Royal LLC	MD, 1324 Birch Avenue, Halethorpe	US
S1-484242022	Nexis Metlife Inc	7147 Lewis Avenue, Phoenix, AZ	US
S1-612736407	Harbor Society VI	9823 Alpine Drive, Kirtland, OH	US
S1-640019032	Memorial Fellowship	61 Maple Street, Unit N, Canton, MA	US
S1-143507106	SR Jewellers Limited	2Nd Floor, Block No.5, 167, Readymoney Terrrace, Mumbai, Maharashtra	India
S1-927749930	American Medical Center	Morrison, 117 Hennessee Avenue, TN	US
S1-776819413	A Value Consolidated LLC	416672 Wyandotte Road, Checotah, OK	US
S1-671728370	Good Global Private Limited	C/O Ram Sewak, 0, Rath, Mawai Odera, Hamirpur, Uttar Pradesh	India
S1-965686832	Scholarship Institute	City Of Wilson, NC, 4625 Dewfield Drive	US
S1-721875998	Kesley's Heritage Home Care	705 Chastain Road, Scaly Mountain, NC	US
S1-466260270	Lotus Consultants Private Limited	207 Bhullar Estate, Behind Saki Naka Tel. Exchange Andheri Kurla Road, Saki Naka Andheri Ea, St, Mumbai, Maharashtra	India
S1-945620539	Optimal Trading Technologies LLC	17 Liberty Street, Unit Apartment 201, Bath, NY	US
S1-440849917	Skyland Institute	D No. 16-3-V390, Aditi Ni, Layam Road No 9, Plot 390, Tirumalagiri, Hyderabad, Telangana	India
S1-566861278	Svenska Labs LLP	474, Kalbadevi Road, Mumbai, Maharashtra	India
S1-977437814	Roniify Printing LLC	9615 16th Street, Indianapolis, IN	US
S1-992726896	Downtown Ice Cream	NC, 102 Quail Ridge Court, Lexington	US
S1-963044401	East Delhi Services Private Limited	B-12, Main Market, B Block, Vivek Vihar, East Delhi, Delhi, East Delhi	India
S1-729321764	Continental Fellowship Inc	2201 Wheeler Road, Amarillo, TX	US
S1-677698587	Virginia's Midwest Capital Center	711 7th Street, KS, Waverly	US
S1-504239790	Febriex Mountain Barings	6760 Westlake Drive, Village Of Caledonia, WI	US
S1-696938198	Bright Tavern! Partners	4156 Klahowya Lane, Fl 1, Tumwater, WA	US
S1-542594287	Jeffries, Wadley and Johnson Enterprises LLC	838 Tolland Turnpike, Manchester, CT	US
S1-175586370	Highland Initiative Inc	304 Main Street, Willard, MO	US
S1-901678376	Metropolitan (India) Kitchenwares Corporation	No. 48, Hitananda Ii, 3Rd Floor, Lavelle Road, Bangalore North, Bangalore, Karnataka	India
S1-871493547	Oralee Dufour Piedmont Joint	44866 Horse Mesa Road, Maricopa, AZ	US
S1-596023970	Raj Care	Hyderabad, Plot No 105 H No 5-35/147/A Rishi Sidhi In Prasanthi Nagar Kukatpally, Telangana, Hyderabad	India
S1-281981086	Riddle Continental Schwab	28338 Bitner Road, Glasford, IL	US
S1-739038867	Castillo Harbors	4209 Highland Drive, Wichita Falls, TX	US
S1-231767990	Yogini Jyothi Limited	C/O Ratan Pramanik, Bahir Agra, Ramtarakhat, Panskura-I, East Midnapore, West Bengal	India
S1-381160670	Marvellous (India) Cleantech	536/2/628 New Madehganj Triveni Nagar Iii-Sitapur, Road, Lucknow, Uttar Pradesh	India
S1-596938929	Patriot Project Inc.	12604 Vint Hill Road, Prince William County, VA	US
S1-866492192	Fionna Hernandez Cms LLC	129 Los Robles Drive, Goodyear, AZ	US
S1-950434561	Life Ventures Limited	Flat No 512/6 Bhikaji Cama Place Vijya Bank, New Delhi, South Delhi, Delhi	India
S1-695102228	Services Meta Management	309 Sunshine Building Svp Nagar, Lokhandwala Andheri W, Mumbai, Maharashtra	India
S1-389273598	Back Alley Tattoo Partners	17 East Street, Bangor, ME	US
S1-193628427	Cook Deli	Bldg #8, 5200 Town And Country Boulevard, Frisco, TX	US
S1-982599627	Ram Conservation Ltd	B-303, Shapath Hexa, Opp. Gujarat High Court, Near Kargil Petrol Pump, Sola, Ahmadabad City, Ahmedabad, Gujarat	India
S1-88455342	Synmoex Intelligent	2718 Happy Landing Drive, Springfield, IL	US
S1-503670010	Kalinga Institute Pvt Ltd	1St Floor, Shop-106, Zircon Plus, Katargam Dabholi Road, Surat, Gujarat	India
S1-390723533	Downing Value Malt	140 Brook Avenue, El Paso County, TX	US
S1-648464215	KJT Foods	P-15 India Exchange Place Extn P S Bow Bazar, Kolkata, South 24 Parganas, West Bengal	India
S1-870841081	Triratna (india) Pvt Ltd	Hyderabad, 8-1-523/147 Brindavan Colony, Telangana	India
S1-515481150	Krishna Sai Projects LLP	No.45, West Arasamaram Street, Aminjikarai, Chennai, Tamil Nadu	India
S1-82032666	Blue Pub LLC	1522 Cornelia Avenue, Waukegan, IL	US
S1-159093259	My Consulting	1 Gokul Complexopp Nagri Hospital Ellisbridge, Ahmedabad, Gujarat	India
S1-140776574	Ivr International Limited	House No. 7/6, Anand Puri Pul Khumran, Saharanpur, Uttar Pradesh	India
S1-521484988	Low Classic Stock, LLC	1 Prospect Street, East Hampton, NY	US
S1-316094835	Strategic Horizon Coinshares	27962 Emory Cove Drive, Spring, TX	US
S1-342960429	Star Agro Private Limited	Flat.No.205, Dheeraj Residency, Sujatha Nagar Road.No.10, Ongole, Prakasam, Andhra Pradesh	India
S1-298582366	Ace Nursing Home Private Limited	Mangaluru, Karnataka, Mangalore, Dakshina Kannada, Karnataka	India
S1-626239642	Jackman & Sene	2004 Audubon Avenue, Unit 511, Naperville, IL	US
S1-133353476	Heartland Modern Distribution LLC	8808 157th Street, Douglas County, NE	US
S1-488942304	Dynamic Energy Private Limited	5Th Cross, 3Rd Main, Pampa Extn., Kempapura, Karnataka, Bangalore, No.20, Hebbal	India
S1-370413857	Behavioral Health Group	10903 Greywall Lane, Huntley, IL	US
S1-863603078	Anjani & Co Private Limited	108, Tower Ii, World Trade Centre, Kharadi, Pune, Maharashtra	India
S1-566066483	Chung Property LLC	15 Whitney Farm Road, Mount Desert, ME	US
S1-718698529	Behavioral Health Specialists Inc	1087 Laurel Court, City Of Neenah, WI	US
S1-864572048	Shivam Golden International Limited	134 Krishna Nagar Sector 9, Udaipur, Rajasthan	India
S1-648878020	Coor	905 6th Street, Unit 910, Washington, DC	US
S1-339255441	Insulation Match Limited	A203, Purva Midtown, Fci Godown Road, Vijinapura, Kr Puram, Bangalore, Karnataka	India
S1-49278788	Physical Therapy Health of El Dorado Clinic	AR, El Dorado, 309 American Road	US
S1-429721088	Surgical Specialists LLC	656 Charles Street, Baltimore, MD	US
S1-297445147	Electricians Local 897	29825 Montana View Drive, Harvest, AL	US
S1-311215452	Lynette Fulco Adamas LP	MT, Billings, Unit Unit 23, 5146 Laurel Road	US
S1-740100686	City Of Port Washington Housing Custom Ministries Corp	WI, City Of Port Washington, 456 Oakland Avenue	US
S1-744439293	Sather Gamco LLC	5004 Brooke Lauren Lane, Raleigh, NC	US
S1-71113137	Schendel Commercial LLC	1312 Elmwood Avenue, Sioux Falls, SD	US
S1-867271949	Safe Commerce Inc	4423 Legends Way, Maryville, TN	US
S1-194430852	Gonzalez and Kennett LLC	Fl 1, 3816 Annettes Way, Medford, OR	US
S1-228765749	Best Food Private Limited	Door No 35/1759South Janatha Road Palarivattom Cochin, Ernakulam, Kerala	India
S1-625021902	Coville's Grand Tattoo Partners	412 Ledge Road, North Yarmouth, ME	US
S1-210789349	Desrosiers and Cabell, Inc	Mason City, 810 Tennessee Place, IA	US
S1-186871298	Neon Foundation	No 19, 2Nd Main 3Rd Cross, Btm Layout 1St Stage, Bangalore South, Bangalore, Karnataka	India
S1-689338536	Dabas Leasing Private Limited	A / P 1289 Ramdohali Tal Wai, Wai, Satara, Maharashtra	India
S1-118484267	Vision Care LLC	2040 Granite Lane, Eagle Mountain, UT	US
S1-188557176	Apt & Co	1St Floor, Plot No 1511, Jlpl Ind Area, Sector 82, S.A.S.Nagar (Mohali), Rupnagar, Punjab	India
S1-4356404	Green Care Private Limited	C/O Permeshwar Prasad, Vill- Patangi Punch-Paijuna, Block- Akbarpu, Nawada, Bihar	India
S1-644917509	Classic Marketing Private Limited	West Bengal, Fl-1H E3- 398 Greenfield City Joth Sibrampur, Kolkata, Howrah, Bl- 92 1- Fr, Kolkata	India
S1-449659669	Classic Ventures Limited	17 New Laxmi Building2Nd Floor Plot No 270 Ward 12-B, Gandhidham Kutch, Kachchh, Gujarat	India
S1-589372936	Saphire Finance Ltd	29/1/A Chandra Nath Chatterjee Street, Kolkata, Howrah, West Bengal	India
S1-217432240	Tulsa Urology Clean Group	Unit APARTMENT  A, 6631 19th Street, OK, Tulsa	US
S1-626723499	CFF Granites Private Limited	H-15, First Floor, Main Market, Front Portion, New Delhi, West Delhi, Delhi	India
S1-941929099	The Dent Deli!	164 Parkingway Street, Unit 122, Quincy, MA	US
S1-323486830	Sai Hospital Private Limited	Shop No-4, Pn-10, Sn-102 Jadav Sankul Chunchale Chunchole, Nashik, Maharashtra	India
S1-85161111	Citadel Infrastructure LLP	H No. 31, B-10 Spring Field, Faridabad, Haryana	India
S1-696548296	Urban Constructions Pvt Ltd	Plot No.3, (3-08-056), Raghava Co.Op Housing Society 1St Venture, Transport Road, Secunderabad, Hyderabad, Telangana	India
S1-974786991	Liberty Boa LLC	1608 Gumwood Avenue, Taylorsville City, UT	US
S1-779141230	Timber LLC	5632 Northcreek Avenue, Portage, IN	US
S1-50354486	Optimal Industrial Inc.	894 Willman Road, Talladega, AL	US
S1-140448321	Agro Tejas Ethnic	405, Shubham Complex, Opp. Jain Derashar, Ahmadabad City, Ahmedabad, Gujarat	India
S1-171369450	Mercado Era Inc	47634 Loweland Terrace, Loudoun County, VA	US
S1-959391567	Camacho and Huang	540 Gracewood Grove, Nashville, TN	US
S1-742645985	Horn Foods of Homewood Inc	425 Edgewood Place, Homewood, AL	US
S1-227837489	Punjabi Educational Society	H No-22, Office No-201 Pooja Complex, Second Floor Khasra No-429, Veer Savarkar Block, Shak, Arpur, Delhi, East Delhi, Delhi	India
S1-919000404	Alvarado, Therese, DPM	2510 Georgetown Road, Cleveland, TN	US
S1-575452720	Desire (India) Industries Private Limited	77/39Coolie Bazar Kanpur, Uttar Pradesh, Kanpur, Uttar Pradesh	India
S1-691352918	Platinum Planet LLC	1009 Hickman Street, Jacksonville, AR	US
S1-159153103	Pediatric Physicians PC	9947 Pinewood Lane, Charlotte, NC	US
S1-142538193	Chim Vihar Power Private Limited	201- A, 2Nd Floor, Dimension Vardhman Plaza Plot No. 3, L. S. C., Inder Enclave, Pas, Chim Vihar, New Delhi, Delhi	India
S1-772251162	Hyderabad Network Private Limited	13-1-55/E/19C Avanthi Nagar, Erragadda, Hyderabad, Rangareddy, Telangana	India
S1-425182830	Ritchey Select Anadolu LLC	41 Sunset Avenue, Amityville, NY	US
S1-931157611	Pediatric Dental Medicine	9450 Peppercorn Place, Upper Marlboro, MD	US
S1-764553955	American Fund	525 Galtier Street, Saint Paul, MN	US
S1-621969869	Foot & Ankle Secure Medicine LLC	9547 Mozart Avenue, Evergreen Park, IL	US
S1-995396470	Rohini Cements Limited	B 3/106, 2Nd Floor Sector 16, Rohini, New Delhi, Delhi	India
S1-626286874	Gulbarga House Private Limited	Shop No- 11-1881/1A, S.B Collage Road Ram Nagar Kalburagi, Gulbarga, Karnataka	India
S1-585090040	Modern Keystone Glass	7576 Sadler Road, Southampton County, VA	US
S1-19296904	Womens Health Legacy Clinic	723 Bryn Mawr Avenue, Wickliffe, OH	US
S1-895187789	Hoffman, Allen & Grimes Group	112 Madelia Place, Mooresville, NC	US
S1-583158307	Plumbers Local 251 Inc.	TX, Fulshear, 31327 Black Forest Crossing	US
S1-295915586	Ks Traders Pvt Ltd	D.No 80/15, Sagunipalayam, Road, G.V. Pudur, Dharapuram, Erode, Tamil Nadu	India
S1-826855281	Vidhi Projects (India) Limited	A-79 S/F Gali No.8, Rajgarh Colony, Gandhi Nagar, East Delhi, Delhi	India
S1-936189467	Fresh Creative Spire Partners	3416 Chestnut Colony Court, Conroe, TX	US
S1-810859036	Mayukh Services Pvt. Ltd.	4, South Patel Nagar Market, New Delhi, Central Delhi, Delhi	India
S1-257379735	Kolkata Infotainment Private Limited	252, Dakshindari Road, Brijdham Housing Complex Ground Floor, Kolkata, Kolkata, Kolkata, Howrah, West Bengal	India
S1-752750646	Terry Ridge Zhejiang LLC	7228 Chestnut Drive, Columbine, CO	US
S1-884962502	Morin Cosmetics LLC	105 Hidden Trails Drive, Sunrise Beach, MO	US
S1-597439105	Environmental Project	133 Rose Way, Wells, ME	US
S1-115043831	Myrta Lynch Bright Keen LLC	6112 Fm 562, Anahuac, TX	US
S1-238034935	Kanya Constructions Private Limited	Block-C, 701, Pntc, B/H Titanium City Center, Ahmadabad City, Ahmedabad, Gujarat	India
S1-702118573	Shakti It Private Limited	Delhi, B-40 Dda Sheds Okhla Indlarea Phase Ii, New Delhi, South Delhi	India
S1-807698948	Coffee's Productions	Alpine, TX, 1300 Shipman Road	US
S1-985849594	Cardiology Certified Clinic PC	Danvers, 7 Putnam Lane, MA	US
S1-863192028	Aditya Constructions Limited	Kurnool, H.No.5-2-1, Andhra Pradesh, Vishakhapatnam, Mamatha Nagar	India
S1-969867716	JOC Consultancy Limited	Promoter, P-45 Ndse-Ii, New Delhi, Delhi	India
S1-74843586	Brewer Special	8761 Kemp Court, Dubuque, IA	US
S1-298043408	Oncology Capital Specialists LLC	1047 54 Street, Brooklyn, NY	US
S1-552188411	Baldwin Ventures	2830 Tea Rose Court, New Kent County, VA	US
S1-213825113	Aikyam Sanwariya (India) Private Limited	A - 504, Samanvay Residency, Opp. Gala Swing, South Bopal, Ahmedabad, Gujarat	India
S1-388102180	Redwood	N7562 Shaffer Road, Town Of Stephenson, WI	US
S1-441294601	Premier Management Private Limited	Office No. 103, 71 Anand Nagar, Anand Bhawan Behind Sapna Sangeeta Talkies, Indore, Madhya Pradesh	India
S1-364771152	Star Media Private Limited	B2/208 Romaa Paradise, Irulapalayam Road, Poonamallee, Chennai, Tamil Nadu	India
S1-580846286	Himatnagar Electricals Co	B-20, Ground Floor, Dnc Complex, Motipura, Himatnagar, Sabarkantha, Gujarat	India
S1-752228955	Metropolitan Interests LLC	779 Woodward Drive, Fl 0, Saint Louis, MO	US
S1-360205034	Meza, Robinson & Parker International Inc	1944 Fox Glove Street, Royse City, TX	US
S1-791450884	NW Distribution Ltd	Vimlesh Kumari C/O Krishna Murari 54/64 A Shahabad, Bareilly, Uttar Pradesh	India
S1-299212631	Classic Trading Private Limited	Chennai, Dev Apartments, Iii Floor, Door No.7/15, First Main Road, Kasthuribai Nagar, Adyar, Flat No.30, Chennai, Tamil Nadu	India
S1-934650533	Orbay Premier Corp	18411 51st Place, Lake Forest Park, WA	US
S1-809450027	Southern Consulting Private Limited	Old No.41 New No.24 1St Floor Babu Rajendra Prasad Street, West Mambal, Am, Chennai, Tamil Nadu	India
S1-862445045	Campbell Investments, LLC	Hebron, IN, 106 Pear Court	US
S1-235461731	Palakkad Foods Private Limited	Kottayam, 11/161Harihara Buildings Manali, Kerala, Palakkad	India
S1-80570876	Buker, Carroll and Sutton	109-45 135 Street, South Ozone Park, NY	US
S1-706492916	Frontier Coalition	15339 Hwy 181, Sinton, TX	US
S1-611610019	Krystle Lee Secure Neuberger LLC	MA, Unit 2, 7 Fairhaven Road, Mattapoisett	US
S1-51264715	Choice Media Services	222 Rose Wind Way, Mayodan, NC	US
S1-883934787	Rama Style Limited	House No 7 A Rajpur Road, Landmark Civil Lines City, Delhi, North Delhi, Delhi	India
S1-612790115	Lineage Traders	Shop No. 10, Dheeraj Heritage, S. V. Road, Santacruz (West), Mumbai, Mumbai City, Maharashtra	India
S1-589194831	Delta Learning Center	211 Robie Street, Bath, NY	US
S1-241989867	Melchiorre Painting	1009 Homewood Avenue, Baltimore, MD	US
S1-732105129	Enterprises Aditya Overseas Private Limited	10/76/E Telephone Office Near Edanganasalai Kadaiyampatti, Salem, Tamil Nadu	India
S1-534641569	Beacon Supply Innovations	8303 Braddock Drive, Fl 0, Saint Louis, MO	US
S1-428851105	Mountain Fellowship Inc	GA, 1074 Peachtree Walk, Unit B501, Atlanta	US
S1-856298261	Madelin Gonzalez Reliable Citizens, LLC	2532 Harris Creek Court, Virginia Beach City, VA	US
S1-172305667	Knight Energy Limited	Mumbai, Maharashtra, 3/56 Kalu Bhawanl J Road Mahim	India
S1-721037162	Hilton & Hanna Education LLC	84 Capricorn Drive, Martinsburg, WV	US
S1-282330093	Highland Guild	6341 Upper River Road, Somerville, AL	US
S1-625752669	Meridian	108 Memory Lane, Pauls Valley, OK	US
S1-393253412	Glick Preparatory Academy	9803 Jonathan Court, Middle River, MD	US
S1-145948786	Empezar Consultants of Pune	Office 701, 702, Sr Iriz, Baner Pashan Link Road, Pune, Maharashtra	India
S1-825003973	Balaji Media Private Limited	New Delhi, Delhi, A-79, First Floor Front Area Shivaji Vihar, West Delhi	India
S1-715909446	Bombay Unique Media Private Limited	C/O Ram Bilas Achariya, Nashriganj, Digha, Patna, Dinapur-Cum-Khagaul, Patna, Bihar	India
S1-897335498	Urgent Care Clinic Inc	1936 Goldsmith Ln, Unit 4, Louisville, KY	US
S1-972581018	1 800 Got Junk	1149 Victoria Street, CA, San Bernardino	US
S1-6117494	Gulf Integrated Paceline Corp	260 Lord Street, Unit Unit 227, Town Of Brookfield, WI	US
S1-892100927	Snyder Group	269 Montgomery Street, Salt Lake City, UT	US
S1-194414711	Shambhavi Welfare Society	Ferohin Sirpochkhan Wala Rd Worli, Mumbai, Maharashtra	India
S1-469168210	Solutions Jai Placements Pvt Ltd	10, Tarapore Avenue, Harringtonroad, Madras-31, Road, Madras-31, Chennai, Tamil Nadu	India
S1-745379386	Straight Edge Auto Body	415 Rome Pike, Unit 5201, Lebanon, TN	US
S1-198260573	Leather Event Pvt Ltd	Plot No. 20, Flat No. 4, Heera Apartment, Naik Layout, Subhash Nagar, Nagpur, Maharashtra	India
S1-764131626	Pinnacle Direct Arcelormittal, LLC	615 Ruby Street, Belmont, WV	US
S1-541147596	Glyphora Logistics	214 Elsa Street, Buckley, WA	US
S1-648556135	Womens Health Care LLC	1503 Franklin Street, Brownsville, TX	US
S1-168740386	Dawson, Katalin, DO	IL, Skokie, 5138 Chase Avenue	US
S1-823096487	Anetta Keebler Peak Blackrock Inc	2303 Port Street, Victoria, TX	US
S1-945802950	Burnett Creative Sun Inc.	6900 Fleetwood Road, Unit CND 611, Fairfax County, VA	US
S1-668755074	Superior Freight Networks Inc.	1 Moulin Lane, Turner, ME	US
S1-621343700	Darsh Minerals Private Limited	No. 21, 3Rd Cross, Shivananda Nagar, Bangalore North, Bangalore, Karnataka	India
S1-213770530	TUK Made LP	3510 Fontana Drive, Dallas, TX	US
S1-310307443	Dewas Minerals	C/O Kelash Sukhram, Gram Nandel Tehsil Tonkkhurd, Dewas, Madhya Pradesh	India
S1-996972127	Massaro Mozayyx	42 Hovendon Avenue, Brockton, MA	US
S1-595918532	Builders Foundation Pvt Ltd	16 Charina Chambers19Th Road Chembur, Mumbai, Maharashtra	India
S1-160073679	Lumari Storage Partners	W3673 O, Town Of Lebanon, WI	US
S1-731372516	Mountain Clear Tge L.L.C.	4426 Rec Dr, Marion, IA	US
S1-152537930	Bastien, Titsworth & Som LLC	1208 April Drive, Evansville, IN	US
S1-227792308	Spier and Mcguire Prudential LLC	9701 Dee Road, Unit 4C, Niles, IL	US
S1-381981968	Total Piedmont Printing	4057 E Street, San Bernardino, CA	US
S1-80005942	Vision Estate Limited	Mumbai, Lane Andheri (W) Bombay-58., 501, Maharashtra, Gulshan-Ii Juhu X	India
S1-986895051	American Land LLC	770 Station Boulevard, Unit #409, Aurora, IL	US
S1-168269502	Ridge Fuels L.L.C.	601 Juneau Avenue, Orange City, IA	US
S1-972637221	Equinox Inc	Watertown, MA, 66 Philip Darch Road	US
S1-872860717	Heritage Proshares, Inc.	208 Haver Hill Drive, O'fallon, MO	US
S1-564197540	Bureau of Motor Vehicles	1200 Adams Street, IN, Muncie	US
S1-77771822	Mumbai Packagings Private Limited	12 A Yusuf Building 1St Fl19 Veer Nariman Road Fort, Mumbai, Maharashtra, Mumbai	India
S1-570767392	One Ventures Private Limited	R4-128, First Floor, M3M Urbana, Sector -67, Badshahpur, Gurgaon, Haryana	India
S1-814831710	Kopecky Dpc Inc	4358 Finch Farm Road, Trinity, NC	US
S1-263481441	Miis	1 Whiting Way, Conklin, NY	US
S1-259522429	Laxmi & Sons LLP	Plot No. X-114, Gidc Estate, Sainath Gidc Staff Colony, Nr. Shramic Apartment 500, Qtrs., Road, Anklwshwar, Bharuch, Gujarat	India
S1-53158150	Prairie Association	1609 Maplewood Avenue, Cloquet, MN	US
S1-109389793	Foot & Ankle Care Associates LLC	6017 1st Avenue, Fl 0, Deale, MD	US
S1-660980751	Best International LLP	Guptabhavan, Plotno.7, Sectorn-7-J, Nearfusecallcentre, Cidco, Aurangabad, Maharashtra	India
S1-671123395	Bhikshu Building Limited	401, Fourth Floor, Evershine Mall New Link Road, Malad West., Mumbai, Maharashtra	India
S1-603891129	QUS Electrical, Inc	368 Woods Falls Road, Mooers, NY	US
S1-350904620	Chawla Trading Pvt. Ltd.	Room No 7 Hanuman Nagar Roadkurar Village Malad East, Mumbai, Maharashtra	India
S1-600555103	Raynor Keystone Amplify	1030 Ellenhurst Street, Canton, OH	US
S1-354746845	Ram Golden Logistics Private Limited	F-04, First Floor, Salcon Rasvilas, District Center, Saket, New Delhi, South Delhi, Delhi	India
S1-600222280	PQU Dispute Limited	B/39, Borivali West, Mumbai, Maharashtra, 304, Yogisant Chs Ltd., Yoginagar Rd, Borivali West, Mumbai	India
S1-989797524	Delhi Steels Corporation	Kh No 16/1 G/F Vill Samalaka New Delhi, Delhi, South West Delhi, Delhi	India
S1-824250468	YPE Glass Pvt Ltd	Flat No. 202, Rajvee Park, Sahakar Nagar, Akola, Akola, Maharashtra	India
S1-506329299	Pan & Deuel LLC	DC, 2001 15th Street, Washington, Unit 1010	US
S1-920132328	Rapid Safe Communications Inc	Halifax County, 2058 Swain Road, VA	US
S1-418155399	Rapid Critical PLLC	23601 Ross Hollow Road, Roland, AR	US
S1-551932334	Calcon Properties Private Limited	C/O Jagrati, Manesar, W/O Suresh Kumar Khe Rki, Gurgaon, Haryana	India
S1-264753173	Better Software Studios PLLC	25974 Highland Road, Richmond Heights, OH	US
S1-469420723	Sav Consultants	B/15, Santacruz (West), Maharashtra, Gnat Vikrant, 17-(B) Poddar Road, Mumbai	India
S1-941244535	Ward and Patterson Aviation	28722 29, Lewiston, MN	US
S1-552264301	Robinett Williams Permian Corporation	Shelbiana, 1088 Fishtrap Road, KY	US
S1-405335475	Rim's Brokerage LLC	2075 Golf Course Road, Unit Lot 11, Safford, AZ	US
S1-845057350	Aditya All Hospitality	T-32, 201, Greaternoidatech, Zone 4, Niralaestatepart2, Noida, Gautam Buddha Nagar, Uttar Pradesh	India
S1-396585125	Coats Trusted Jones	702 Imperial Road, Valparaiso, IN	US
S1-664487614	Gripset Cafe	Maharashtra, Greenwichbwingflatn.104Patlipadag.B.Rd., Thane	India
S1-225593431	Frontier Initiative	49 Main Street, Bldg Garage, Pittsford, NY	US
S1-824892561	Orthopedic Health of Jack	2632 105, Jack, AL	US
S1-234697443	Mahisagar Seva Samiti	504, Mumbai, 5Th Floor, Uphar 2, Sanjeev Enclave Road, Seven Bungalows, Opp J.P. Road, Andheri, Maharashtra, West	India
S1-382222298	Shores, Seeley & Ayres PLLC	14005 21st Avenue, Vancouver, WA	US
S1-334959193	SCV Field Private Limited	D No 4-1 A Opp Grama Panchayathi Office, Atchampet Village And Mandalam Palnadu, Atchampet, Guntur, Andhra Pradesh	India
S1-565562851	Bright Wealth Company	3511 Cesar Chavez Boulevard, Unit 1033, Phoenix, AZ	US
S1-559641437	Musgrave Capital PLLC	6747 Skywae Drive, Columbus, OH	US
S1-440211806	Blooming Enterprises	Ernakulam, Third Floor, Jc Chambers, Kerala, Bld No.60/44, Ernakulam	India
S1-944678623	Kerala Brothers	C-3/464, Vikalp Khand Gomti Nagar, Lucknow, Uttar Pradesh	India
S1-481160579	Aims Brothers Private Limited	Shop No 3 Sharad Pride Phalton Road Kasaba, Baramati, Pune, Maharashtra	India
S1-332797995	Mountain Gulf Rain	OH, Thurston, 8101 Broad Street	US
S1-674416867	Mahalaxmi Buildcon Partners	B-25, Second Floor, Okhla Industrial Area Phase Ii, New Delhi, New Delhi, South Delhi, Delhi	India
S1-273592804	Crystal Choice Partnership Inc	W8939 S Lake Road, Willard, WI	US
S1-7193203	Jacky's Insurance	AR, 703 Stagecoach Village Circle, Little Rock	US
S1-986868419	Clyola Pet Care Inc	1270 Fisher Farm Road, Henry County, VA	US
S1-323173479	Raya Services (India) Limited	Baroda, Vadodara, 10/A Vishranti Park, B/H Deluxe Society, Nizampura, Gujarat	India
S1-993276809	Apex Traders Private Limited	Plot No-19 A Kh.No 111, Ground Floor Street No.1, New Delhi, West Delhi, Delhi	India
S1-697284793	Fresh Deli LLC	3655 Old School Road, Four Oaks, NC	US
S1-405569107	Certified American Securities	4820 Crystal Street, Chicago, IL	US
S1-901562297	Hurley Better Morgan PLLC	1674 Eno Road, Dickson, TN	US
S1-506915322	FET King Private Limited	Office No 377, Cloud -9, Tower T-2., Sec-1, Vaishali, Ghaziabad, Uttar Pradesh	India
S1-470201188	Drayiq Post	621 Mcgovern Road, Unit STE 3022, Hockessin, DE	US
S1-309103178	Tilley Worldwide	12133 49, Vernon, AL	US
S1-261979050	Maxgrow & Brothers	Naihati, 24/3 A.K.Debi Road, West Bengal, Parganas North	India
S1-996881216	BY Metro Fields Inc	624 Jutland Drive, Grand Prairie, TX	US
S1-85608757	Advanced Tech LLC	7803 Coors Boulevard, Albuquerque, NM	US
S1-39936153	Temple Zion	15 44th Street, Sand Springs, OK	US
S1-531089875	L+ Rate LLC	5151 Turkey Branch Road, Madison, IN	US
S1-550853542	Baroda Services Private Limited	2/302, Anand Nagar Bldg, D-23, Pandurangwadi, Kalyan, Thane, Maharashtra	India
S1-793085858	Jaymee's Sterling Home Care Corp	189 Whitehead Drive, Amherst Town, VA	US
S1-924071935	Highland Initiative	819 Lexington Lane, Nevada, TX	US
S1-788892543	SW Signature Social P.C.	7155 Corsica Avenue, Unit 303, Columbus, OH	US
S1-902426350	Osprey Inc	1319 Franklin Avenue, Independence, MO	US
S1-62902306	Hitech Media Pvt Ltd	Maharashtra, Gagan Arcade Chs Ltd., Opp. Rashmi Gardens, Evershine City, Vas, Ai East, 12, Thane	India
S1-843039135	Butcher's Deli	Charlotte, Unit 351, NC, 4311 Raleigh Street	US
S1-223528798	Nivue LLC	3004 Gillette Street, Unit Apt 11, City Of La Crosse, WI	US
S1-986738233	Dermatology Keystone Physicians Suffolk City	3907 Breezeport Way, Unit #104, Suffolk City, VA	US
S1-958868436	Heartland Fund, L.L.C.	5630 Everett Avenue, Kansas City, KS	US
S1-137886566	Ena Keystone Group	65 Keene Street, Brockton, MA	US
S1-149000321	Route 59 Diner	683 King Richard Drive, Becket, MA	US
S1-20270878	Atlantic Apparel Corp	21 Joanna Road, Avon, MA	US
S1-696482736	Vc Karan	C/O Kumar Saurabh, A/302, Bldg No.5 Shimmering Heights Chs Ltd, Adi Shankaracharya Marg, Nr Custom Colony, Powai Vihar, Mumbai, Maharashtra	India
S1-753621689	Complete Mills Limited	T10/Flat No. 963 Hewo Apartment Sector 56, Gurgaon, Haryana	India
S1-416518053	Dermatology Blue Center	8032 Washington Street, Niles, IL	US
S1-438610212	Mata Atlantic Studios	800 Plain Street, Ithaca, NY	US
S1-861705958	Bright Trading	Shop No. 344, Om Shubham Tower, N.I.T Faridabad, Faridabad, Haryana	India
S1-490792394	Hoffmann's Roofing Partners	KY, 101 E Washington St, Louisville	US
S1-751271781	High Solutions Limited	E-13 South Extension, Part I, New Delhi, Delhi	India
S1-88132769	Vijay Logistics Pvt Ltd	Flat No:301, Maitri Apartment Tirumalagiri, Secunderabad, Hyderabad, Telangana	India
S1-256624938	Karin Marker Media LLC	73 Highland Road, Lakeville, MA	US
S1-293987013	Colley Element Inc	722 Spartanburg Highway, Hendersonville, NC	US
S1-3780405	Mastermind (India) Aluminium Private Limited	R No.311, Anna Bhau Sathe, Nagar, Mankhurd West, Mumbai, Maharashtra	India
S1-541985531	Rains, Karn & Guzman Engineering Clinic	1505 Chippendale Road, Houston, TX	US
S1-994164951	Sarang Institute	183Race Course Road Coimbatore, Coimbatore, Tamil Nadu	India
S1-902918685	Coastal Foundation	NC, Sapphire, 2806 Upper Whitewater Road	US
S1-608501075	Demure Public School	A-114, Sector-80, Noida, Gautam Buddha Nagar, Uttar Pradesh	India
S1-806232356	Nunez's Staffing	4517 Fremont Road, Independence, MO	US
S1-213766502	Bartholomew National Plum Inc.	37 East Street, Holyoke, MA	US
S1-142365343	Trinity Baptist Church Inc.	NY, 102 Lake Street, Skaneateles	US
S1-919662244	Panorama Enterprises	4/1 M I D C Shiroli(Pulachi), Kolhapur, Maharashtra	India
S1-464568747	Shree & Co Private Limited	8-2-601/P/14/A, Terrace Flr, Panchavati Co-Op Housing Pangutta Police Qrts, Hyderabad, Telangana	India
S1-178782405	Stellar Logistics Care	Door No 60/549Kottekanal Road Kanayannur Taluk, Ernakulam, Kerala	India
S1-544861734	Manish Music Limited	Ajay Seth C-B, 20B, Shalimar Bagh, New Delhi, Delhi	India
S1-502439415	Gulf Classic Financial	IL, South Elgin, 250 Ann Street	US
S1-324396989	Keystone Fields	109 2nd Street, Lincoln Center, KS	US
S1-299264998	Cinnamon Energy Private Limited	Plot No 76, 40 Feet Main Road, Lakshmi Nagar Extension, Porur, Chennai, Tamil Nadu	India
S1-541912647	2080 Lincoln Blvd Company	1014 Stearman Drive, Millersville, TN	US
S1-686723312	North Swastik Care	Ahmedabad, Gujarat, B-1201, The Capital, Opp. Hetarth Party Plot, Science City Road, Sola	India
S1-461085832	Allied Money LLC	34 Forest Avenue, Athol, MA	US
S1-595866343	Bright Railway Inc	164 Mill Road, Chelmsford, MA	US
S1-991644937	Montex Inflection, Inc.	1816 Boulevard Road, Fl 1, Olympia, WA	US
S1-443230481	Covarrubias Mining Inc	Powell, OH, 8258 Waco Lane	US
S1-907915540	Urban Barbershop	46 Mimosa Circle, Ridgefield, CT	US
S1-243153085	Vega LLC	16007 Selfridge Circle, Plainfield, IL	US
S1-892592716	Sunrise Foundation LLP	Fl No D 101, Amrut Saisara City, Gut No 8, Nakshatrawadi, Aurangabad, Maharashtra	India
S1-142413248	Desert Institute	4083 Clubhouse Drive, Unit 4503, Taylorsville City, UT	US
S1-667929994	J/A Australian, Inc	17111 Goodwin Road, Town Of Cato, WI	US
S1-729937181	MY Sensing Limited	Shaikpet, Plot No.3, Hyderabad, Telangana, Ashwini Layout, Road No.70, Shaikpet, Jubilee Hills	India
S1-957972388	Mandate Application (India) Pvt Ltd	F-30, F-30A, F-31, Industrial Area Riico, Hattipura, Bundi, Rajasthan	India
S1-490665897	Best Debt LLC	10 Hemlock Notch, Farmington, CT	US
S1-375804690	Akps Hospital	House No. 13, Block - E, Sector 9, Lok Priya Vihar, Dadri, Gautam Buddha Nagar, Uttar Pradesh	India
S1-301088690	Patiala Realtors Private Limited	164, 3Rd Floor, B/P Gali No 16 Amritpuri-B, Near Iscon Temple East Of Ka, Ilash, Delhi, Central Delhi, Delhi	India
S1-707127341	Bright Seafood	Putnam County, 1195 Highland Avenue, TN	US
S1-995486844	Lynch Paper LLC	Fayetteville, 2221 Southern Avenue, NC	US
S1-77230078	Fortune Tech Private Limited	Shop-305, Capital Icon, Opp. Swagat High Street, Gandhinagar, Gandhi Nagar, Gujarat	India
S1-617752276	Heritage Mountain Center	1901 State Avenue, Cincinnati, OH	US
S1-286838055	Behavioral Health Superior Care Associates LLC	931 President Street, Brooklyn, NY	US
S1-1711761	Regional Equity Partners	Sacramento, CA, Unit 2, 373 Mobley Avenue	US
S1-77081875	Amandi Mattila, L.C.S.W.	5219 Olite Street, Laredo, TX	US
S1-336732771	Varasiddi Constructions Private Limited	A-624, 6Th Floor, Lodha Signet, Senapati Bapat Marg, Lower Parel, Mumbai, Maharashtra	India
S1-217755441	Family Center LLC	3000 Cotton Field Court, Azle, TX	US
S1-135020756	Vedang Group	Shalom Paradise No.30 Fc2, 3Rd A Crs, Rajanna Layout, Bangalore North, Bangalore, Karnataka	India
S1-609832259	Knab and North Berkley Inc	IA, 9507 University Avenue, Unit Unit 17, Clive	US
S1-72389550	Ashish Infrastructure Private Limited	F No.- B/601 Nandan Tower, Kankarbagh, Patna, Bihar	India
S1-688784947	1261 Second Place Owners Corp LLC	13970 Hot Springs Lane, Frisco, TX	US
S1-264415807	Verray Canadian	50 Williamsburg Drive, Perinton, NY	US
S1-738856190	Stewart, Mccalla & Kidwell	6 Big Sky, Browning, MT	US
S1-356049811	Margit's Beacon Book Store	5317 Eriksson Ln, Unit 202, Louisville, KY	US
S1-919145480	Meghdoot Chand Private Limited	C/O Jindal Worldwide Ltd.Opp Dmart Iocpetrol Pump Lane Shivranjani Shyamal Satellite, Ahmedabad, Gujarat	India
S1-513840213	Varshin Sweets Private Limited	M-28, Basement, Chittaranjan Park, New Delhi, Delhi	India
S1-770428076	Hitech Infra Private Limited	Flat No 4 Floor Gr Wing Bldg-8 Nl-6 Satyam Apt-Bldg-8, Sector-15 Opp. Apeejey School, Nl-6 Satyam Apt Owners Asso Nerul Navi Mumbai, Thane, Maharashtra	India
S1-634447193	Ics Marketing Private Limited	S/O Prabhu Lal Jat Jato Ka Mohalla Siyar Siyar Bhilwara, Bhilwara, Rajasthan, C/O Vinod Jat, Bhilwara	India
S1-430388161	Zirava Trading Company	142/566.Karungalpatty, Main Road, Salem, Tamil Nadu	India
S1-532381166	Jodhpur Consultants Pvt Ltd	C/O Omprakash, 3Rd Floor, Circuit Hs Rd, Shivam Twr, Jodhpur, Rajasthan	India
S1-761302024	Best Power Private Limited	201, Onkardeed Building, A-19, Con Place, Ff, New Delhi, Central Delhi, Delhi	India
S1-544197321	ZSW Infrastructures Private Limited	60/18, Friends Colony Sector 15, Gurgaon, Haryana	India
S1-714673313	Apex Estate LLP	8/692E, Palladam Main Road, Palladam, Erode, Tamil Nadu	India
S1-29925288	Pediatric Keystone Care Associates LLC	907 Goode Road, Unit Apartment 1, Milton, NY	US
S1-26313882	Empire Dental Associates	1011 30th Street, WA, Tacoma	US
S1-862053534	Rev It Up Bakery	1805 1050, Indianapolis, IN	US
S1-501618877	Division of Aging	432 26th Avenue, Seattle, WA	US
S1-764913097	Green Restaurant Inc.	315 Pumpkin Ridge, Columbia City, IN	US
S1-139093049	3543 Seventh Blvd Apartments	1402 Violet Avenue, Killeen, TX	US
S1-227066791	Great Technologies LLP	Shop No T-89, Third Floor, Vardhman Central Mall, Lsc Nehru Vihar, Delhi, North Delhi, Delhi	India
S1-921628023	Ovi Business Limited	South West Delhi, S/F Front Side Block-F Mohan Garden, Uttam Nagar, Delhi, F-83	India
S1-36514774	Solola Premium, LLC	1211 Jacksboro Pike, Lafollette, TN	US
S1-806058550	City Projects Private Limited	Hno 102 A Wing Belle Vista Tower Sector-15, Plot No. 46, 47, 48 Cbd Belapur, Mumbai, Mumbai City, Maharashtra	India
S1-300855767	Ramirez Jackson Inc	14903 First Baptist Lane, Laurel, MD	US
S1-959247085	Ailis Brune Great Generating Group	1833 Talking Rock Drive, Cary, NC	US
S1-368832281	Black Producer Private Limited	C/O Kamal Kishore Arya, Ward No 15, Sadakpura Post/ Block, Chicholi, Chicholi, Betul, Madhya Pradesh	India
S1-15029048	Magadh Brothers Private Limited	Tamil Nadu, Tiruppur, 8/655, Vigneshwara Nagar, Pooluvapatti Tiruppur Coimbatore Tn In, Coimbatore	India
S1-337640979	Commission on Health	237 Main Street, Unit 156, Yarmouth, MA	US
S1-161760417	Prime & Co Ltd	R/O 91/4/4 Ghosh Para, Lane, (Hindmotor)Hooghly, Serampur Uttarpara, Hooghly, West Bengal	India
S1-378867982	Kasliwal India Private Limited	4410 B Wing Kohinoor, Square Dadar West, Mumbai, Maharashtra	India
S1-265659968	Mahadev Naturals Limited	7-100, No.9, Villa Scapes Gandipet, Hyderabad, Rangareddy, Telangana	India
S1-896568025	Fevue LLC	7878 Gainey Ranch Road, Fl 1, Scottsdale, AZ	US
S1-705999378	New Consultants Pvt Ltd	Parvati Opp Hanuman Roadpost Office Near Shri Datta Mandir Vile Parle (E), Mumbai, Maharashtra	India
S1-339316327	Pankaj Group	1210/1211/1212/1213, 1213A, Exchange Plaza, Near Mercury Hotel, Opp.Wtc Tower, Gift City, Gandhinagar, Gandhi Nagar, Gujarat	India
S1-13333357	Villarreal Cornerstone Soulpower Inc	3611 Elderberry Place, Fairfax County, VA	US
S1-872862197	Innovative Bynordic	2978 Bayou Dularge Road, Theriot, LA	US
S1-743967011	Tietjen Complete Stellar PC	2504 Quail Chase Court, Sellersburg, IN	US
S1-406548670	Booth Piedmont Oxley PC	Wichita, Fl 0, KS, 2719 Edwards Avenue	US
S1-899346918	Higginbotham Silver Finance Inc	5842 Fairway Avenue, Dallas, TX	US
S1-138425077	Sp Clinic Private Limited	C/O Mohan, Khasra No-671, Maniyari, Kundli, Haryana, Sonipat, Haryana	India
S1-831497038	Avichal Consultants	Plot No.3 Kajabe Vasti, Near Tulja Bhavani Mandir Bhistbag, Ahmednagar, Ahmed Nagar, Maharashtra	India
S1-654895951	Ubique Gears Private Limited	No.10/589, 10Th Block, East Mugappair, Chennai, Tamil Nadu	India
S1-670354065	Blanca Neal Certified Summit	Sedan, KS, 163 Main Street	US
S1-279779241	Physical Therapy Horizon Specialists Inc	1450 Ilwaco Court, Camas, WA	US
S1-497662180	Eye Group	6024 Holly Valley Drive, Toledo, OH	US
S1-39755876	Rmz Commodity Private Limited	Shiv Shakti Chawl Ram Nagar Ravate, Compd No 3 T P Bhandup, Mumbai, Maharashtra	India
S1-695357369	V 6 Direct Five Inc	985 Montgomery Road, Cadiz, KY	US
S1-269657786	Guru Services Private Limited	Gat.No.679/28 Nr., My Car Khed Pune Kuruli, Khed, Pune, Maharashtra	India
S1-172083640	United Projects	Cts 105 106A, B, C, C/O Mehta Associates, One Hubli Mall, Opp It Park, Basement 1, Hosur Circ, Le, Hubli, Dharwad, Dharwar, Karnataka	India
S1-934548493	Indu Solutions Private Limited	No.56/57, S N Pet, 2Nd Cross, Bellary, Bellary, Karnataka	India
S1-194315103	Luisa T. Burd, D.D.S.	3244 Orchard Avenue, Sauk Rapids, MN	US
S1-870919097	Cinderella Rivera Superior Strategies LLC	4423 Waterford Court, IL, Decatur	US
S1-21223125	Bab's Ace Productions	5445 Omega Avenue, Bedford Heights, OH	US
S1-969544164	Panchmurti Boot (India) Private Limited	Yashwant Mahadeo Gailada-4, 103 Rutu Opp Vrindavan Bus Stop, Thane(W), Thane, Maharashtra	India
S1-775672344	Ferrentino Pharmaceuticals Inc.	304 Morgan Place, High Point, NC	US
S1-209457556	3-Star LLC	1398 Bobo Hollow Road, Tullahoma, TN	US
S1-284507103	Lanclos and Martin Inc	1114 Bryn Mawr Drive, Salisbury, MD	US
S1-215082357	Jesselyn R. Muhammad, DMD	W7466 Cloverdale Road, WI, Greenwood	US
S1-496031539	Hernandez Midstream, LLC	6303 Barrington Cliff Trail, TX, Porter	US
S1-420618590	King, Hampton and Iraheta LLC	7765 Tiverton Drive, Unit STE 7765, Fairfax County, VA	US
S1-260818788	Environmental Center	MD, 8316 Prairie Rose Place, Pikesville	US
S1-771413480	Chiropractic Silver Care, LLC	TN, Dayton, 215 Rebecca Lane	US
S1-452192775	Silva Illumination Inc	540 Pine Links Drive, Tega Cay, SC	US
S1-518699388	Pediatric Dental Green Care Associates	1617 Legion Way, Fl 1, Olympia, WA	US
S1-920630906	Red Builders Private Limited	F.N. 302, 2 Flr, P.N. 47, 48, 49, 50, Rajeev Vihar A Mangyawas, Jaipur, Rajasthan	India
S1-177501701	Yevette Huffman Empire Companies LLC	304 Kingdom Boulevard, Lindale, TX	US
S1-432162402	New Life Baptist Church	205 Billings Farm Road, Hartford, VT	US
S1-922957975	Samruddhi Solutions Private Limited	B/30, Mumbai, Dhake Park, Natwar Nagar No. 1, Society Road, Jogeshwari East, Maharashtra	India
S1-680295575	Tirumalagiri Cee Private Limited	P No 235&236, Flat No 102, V V N Colony, Kukatpally, Tirumalagiri, Hyderabad, Telangana	India
S1-235075078	UY All Mobility Inc	933 Benjamin Drive, Rio Rancho, NM	US
S1-170008877	Brook Hao Opportunity PC	115 Walnut Drive Drive, Pikeville, KY	US
S1-418506194	White Integrated Aspen LLC	32827 Double Bar Road, San Tan Valley, AZ	US
S1-912101604	Arch Group	3670, Msb Ka Rasta, 4Th Crossing Johari Bazar, Jaipur, Rajasthan	India
S1-845616683	Aksh Solutions Limited	2/96 B, Zydex Industries Karippai Road, Kalamassery South, Ernakulam, Kerala	India
S1-477518167	Mercado Preparatory Academy Partners	509 Sixth Street, IN, Huntingburg	US
S1-394592364	Beacon Telecom Technologies LLC	6207 203rd Avenue, Village Of Bristol, WI	US
S1-457624557	Delta Precision Infrastructure LLP	433 Main Street, Unit Apt 114, Alma, AR	US
S1-664574416	Shakthi (India) Agro Private Limited	24 & 25A Block, Aditya Enclave Ameerpet, Hyderabad, Telangana	India
S1-8953262	Family Health of Brookhaven	NY, Brookhaven, 144 Jamaica Avenue	US
S1-341649605	New Delhi Tradimpex Private Limited	Plot No 94, 3Rd Floor, Pkt-10, Sector-13, New Delhi, South West Delhi, Delhi	India
S1-896663475	National Research Worldwide Company	MD, 3015 Overland Avenue, Baltimore	US
S1-863908542	Content Traders Private Limited	No.29/9, Poombhugar Street, Rani Annanagar Mmda Colony, Arumbakkam, Chennai, Tamil Nadu	India
S1-423871366	Madurai Consultancy Company	Room No. 19, 2Nd Floor, Morarka Building, 9/11, Vithal Wadi, Vithoba Lane, Kalbade, Vi, Mumbai, Mumbai City, Maharashtra	India
S1-616546131	Savage Express Produce	68 B Bradford Avenue, Mobile, AL	US
S1-589869250	Ibby Ruhl Superior Eco	3000 State Street, New Castle, IN	US
S1-484789505	Kolhapur Maa Private Limited	Plot No. 24, Sunita Narake Nagar Kalamba, Kolhapur, Maharashtra	India
S1-784866687	Surgical Health of Takoma Park	16 Sherman Avenue, Takoma Park, MD	US
S1-302973202	Pratibha Advisors Private Limited	138/1 Jawale Kadlag, Sangamner, Ahmed Nagar, Maharashtra	India
S1-802772425	Roopam Services Pvt. Ltd.	No.59, 2Nd Street, Thirumalai Nagar Kolathur, Chennai, Tamil Nadu	India
S1-3943441	Straight Edge Bistro	1004 Mt Olive Street, Unit Ste K, Siloam Springs, AR	US
S1-256664103	Salem Fincap Ltd	D-71, Gali No-3, Laxmi Nagar, Delhi	India
S1-303057211	Nickie Martinez Blue Triton Inc	10133 59, Town Of Porter, WI	US
S1-795193581	Orthopedic Unified Center	7 Hartford Lane, Bella Vista, AR	US
S1-402650252	Valley Oyj	2627 Arrowhead Road, Topeka, KS	US
S1-701393630	Srishti Vidyalaya Private Limited	717, Avinashi Road, Coimbatore, Tamil Nadu	India
S1-178137569	GD Unified Lincoln, LLC	310 Oak Drive, WI, Village Of Rosendale	US
S1-981599828	Lotus Finance Limited	201/202, 2Nd Floor, Vitc Model Export Bhavan, 14Th Cross, Peenya Ii Stage, Bangalore, Karnataka	India
S1-202121508	Splice Trading LLP	#23, Yarikoppa, Kanavihonnapur, Dharwad, Dharwad, Dharwar, Karnataka	India
S1-141008016	Grand Diagnostic Labs LLC	TX, Houston, 4919 Terry Street	US
S1-139552741	Bombay Solutions Private Limited	Wd.No.13 Rahi Book No. Mlg-Sb- Hatbazaar-02, Murliganj, Madhepura, Bihar	India
S1-581628825	Admit Analysis Private Limited	3/19, Lower Ground Floor Kalkaji Extension, New Delhi, South Delhi, Delhi	India
S1-339605297	Tucker Pegasus	407 David Hall Road, Dover, DE	US
S1-933956001	Dolan Open	3341 Kimberly Circle, City Of Manitowoc, WI	US
S1-232999051	Lyric Senior Inc	NY, 75 Chestnut Street, Cooperstown	US
S1-55907751	Idette Ryan Golden LLC	7024 Executive Circle, Denver, NC	US
S1-337282786	System Homes Private Limited	40 Gharanda Yojana, Near New Rto Trek, Girwa, Udaipur, Rajasthan	India
S1-336401325	Williams Payments	137-15 Francis Lewis Boulevard, Springfield Gardens, NY	US
S1-978807760	SW First Berto LLC	Unit 495, 16700 Harble-griffith Road, Logan, OH	US
S1-15920694	Williams Diamond Dynamix LLC	37 Mill Commons Drive, Unit UNIT 126, Scarborough, ME	US
S1-926301957	Empire Pacific Brands PLLC	74 Mercury Court, West Springfield, MA	US
S1-15261754	Global Shivam Products Private Limited	R. No 31/2A/2 Pl. No. 1 2 3 4, Tivona Flat No. C-1, Baner, Pune (M. Corp)., Pune, Maharashtra	India
S1-699058713	Electricians Local Union 259	410 Wards, Ghent, KY	US
S1-509224545	Vaayuika Developers Pvt Ltd	K- 439, Site- 5 Kasna Ind Area, Greater Noida, Dadri, Gautam Buddha Nagar, Uttar Pradesh	India
S1-895347261	Freeman Investments Inc	491 4837, Winnsboro, TX	US
S1-619391623	Vantola Networks Inc	9512 Harford Road, Unit SUITE 7, Parkville, MD	US
S1-697202131	Heath Lincoln	857 Estevan Avenue, Apache Junction, AZ	US
S1-858768940	First Hospitality Limited	No.82, Mcnichols Road Chetpet, Chennai, Tamil Nadu	India
S1-832506460	WQH Recycle Private Limited	Rajasthan, Jaipur, Lines Len. Shiv Marg, Sirsi Road, 200 Ft. Bypass, Khatipura, Jaipur, P.No. 24	India
S1-298895296	Classic Classic Projects Private Limited	Telangana, Hyderabad, Flat No: 202, St No:6, Windsor Castle, Uma Nagar, Begumpet, Hyderabad, H.No: 6-3-1218/6/A	India
S1-106923098	Aakash Institute	Gurgaon, Haryana, Flat No. 502 Tower B1 Residency Sec33 Gurgaon	India
S1-881098652	Physical Therapy Strategic Partners LLC	190 Reedy Creek Court, Lexington, NC	US
S1-819337712	Burns Keystone Digitalbridge LLC	402 Whitson Avenue, Fl 0, Saint Louis, MO	US
S1-871159925	Custom Semiconductor International Inc	16610 Bristle Creek Drive, Houston, TX	US
S1-894965317	Ennore Global (India) Pvt Ltd	Building No.68B, Near Old Petrol Pump, Perambra, Kozhikode, Kerala	India
S1-574415570	White, Reiss & Cortinas LLC	3919 Kenilworth Street, Dallas, TX	US
S1-565879907	BD Housing Group	C/O Mr. Vivek Tripathi, 128 Taura 00, Purwa, Unnao, Uttar Pradesh	India
S1-179844961	Spectro Farmers Private Limited	Ahmedabad, Ahmadabad City, Gujarat, Co Op H Soc, B.No. 1 B Sathi Nivas	India
S1-49789374	Ksd (India) Farmer Pvt Ltd	F3 1St Floorteamcastleapt, Jayanagarvishnupriyaavenu, Chengalpattu, Kanchipuram, Tamil Nadu	India
S1-777013835	Charo Koontz Interstate Terra Inc	7 Park Place, Unit Apartment 1, Schenectady, NY	US
S1-94163511	Vaayuita Sharada Pvt Ltd	#102, First Floor, Triguna Icon, No. 21, Arekempanahalli, Hosur Road, Bangalore, Karnataka	India
S1-906420661	Brown Royal Abony LLC	613 15th Street, Galveston, TX	US
S1-351059	Sree Global Private Limited	Ahmedabad, Shree Charankrupa Society-I Jodhpur Char Rasta, Satellite, Gujarat, 7/B, Ahmedabad	India
S1-582627592	Station Road Chit Private Limited	Shop No.G16 & G-27, Rameshwaram Complex Near Bombay Comlex, Station Road, Jhunjhunu, Rajasthan	India
S1-71798806	Stefano, Nall and Morrison P.C.	31904 Shingle Mill Lane, Arch Cape, OR	US
S1-273957594	Internal Medicine Health Inc.	1809 Hechler Street, Henrico County, VA	US
S1-671308406	Eco Brothers Private Limited	Tamil Nadu, 59Th Street 10Th Sector, Kk Nagar, Chennai, 8D/732, Chennai	India
S1-668387581	La Brothers Private Limited	B-34 New Amit Chs Ltd, Cs Complex Road No 5, Dahisar East, Mumbai, Maharashtra	India
S1-57117653	Swan, Schaffer & Jankowski, LLC	Suffield, CT, 1326 North Street	US
S1-872962795	Northern Classic Partnership LLC	123 1/2 River Bridge Road, Kingsport, TN	US
S1-312881517	Green Consultants Limited	E-267, Kanta Khaturiya Colony, Bikaner, Rajasthan	India
S1-393175569	Ravi Solutions Private Limited	Khasra No 493 Pesthana, N Gangu Padhan Amroha, Dhanaura, Jyotiba Phule Nagar, Uttar Pradesh	India
S1-307420213	Taraora Cafe Corp	C-303, Gandharva Society, Plot-1 Sector-Omega 1, Greater Noida, Gautam Buddha Nagar, Uttar Pradesh	India
S1-986604622	Puentes Solutions P.C.	311 1st Street, Stanley, ND	US
S1-647907822	Breland South PLLC	7834 Timmons Road, Union Bridge, MD	US
S1-101270059	Varma Agro Private Limited	51, New Road, Ratlam, Madhya Pradesh	India
S1-777583218	Garenet LLC	3903 Ledyard Street, West Lafayette, IN	US
S1-956012890	Red Auto Body Care	5802 21st Place, Tulsa, OK	US
S1-844328205	Guglielmi Coastal Quality LLC	48 Grace Drive, Wilmington, MA	US
S1-212236522	Jai Business Private Limited	House No. 392, Gungwade Near Pokhran Naka, Tal. Dahanu, Dist. Palghar, Palghar, Parbhani, Maharashtra	India
S1-721926643	Caex International LLC	KS, 410 First Street, Coldwater	US
S1-110487299	Long Gravity	227 Edwards Avenue, Indianapolis, IN	US
S1-993002499	LDN Emarket Private Limited	No.70 Rajanarayana Towers 3 Floor, Racecourse, Coimbatore South, Coimbatore, Tamil Nadu	India
S1-594611891	Mina Siefert, DDS	Chicago, 3056 Diversey Avenue, IL	US
S1-683058481	Office of Finance	6103 River Bend Drive, Lisle, IL	US
S1-50791768	Spartan Women (India) Company	Vill Po -Koini Ps-Majhagarh, Gopalganj, Bihar	India
S1-359854477	United Products Private Limited	Flat No. 505, Haryana, Faridabad, Kriti Cghs Plot No Gh 25, Onyxe Tower, Sector 21-C	India
S1-117696659	Hubbard, Fouts & Hagy	1321 Hartzog Loop, Badger, AK	US
S1-568965852	Visa Solutions Pvt Ltd	First Floor, House No-L5A/338, Kh No-737/741, L-Block, Street No-1, New Delhi, South West Delhi, Delhi	India
S1-357128345	Golden Restaurant L.L.C.	771 Bluebonnett Court, Aurora, IL	US
S1-196510261	Q/N Rexford LLC	1252 Leeds Lane, Elk Grove Village, IL	US
S1-347338491	Blum and Long Inc	1311 Duluth Avenue, Sioux Falls, SD	US
S1-152664072	Ross Enterprises	1275 Joyner Drive, Conway, AR	US
S1-92242885	Miller Canada	710 Homer Street, Seattle, WA	US
S1-351267062	Gulf Silverbox LLC	VA, 2480 Low Ground Road, Gloucester County	US
S1-959018081	Spaulding Complete Rare Inc	19 Union Street, Merrimac, MA	US
S1-771647695	Nagpur Trading Private Limited	31, Sir. Hariram Goenka Street, Banstolla, Kolkata, Kolkata, Howrah, West Bengal	India
S1-597988312	Patton Eastern Inc	610 13th Street, Belgrade, MT	US
S1-469507459	Allen's Bistro	8736 Kelly Lane, Alvarado, TX	US
S1-410446434	Cheshire Sea	98 Elmwood Drive, Cheshire, CT	US
S1-33340496	Johnson College	7786 Heatherglen Drive, Cincinnati, OH	US
S1-450396402	Amirtha Trust	Room No. 757 32, Ezra Street, Kolkata, Kolkata, Howrah, West Bengal	India
S1-128349264	Urgent Care Center LLC	62 Grandview Avenue, Hubbard, OH	US
S1-743125514	Womens Health Elite Care Associates Inc	9228 Justine Street, Chicago, IL	US
S1-568797405	Prashant Urban Private Limited	Bl-3 Indira Nagar Sodepur Lp-23/47/2, Kolkata, West Bengal, Howrah, Kolkata	India
S1-893715188	Uttam Nursing Home	D-872, Delhi, South Delhi, First Floor New Friends Colony	India
S1-272229671	Rosenberger Studios, LLC	559 Cambridge Avenue, Zanesville, OH	US
S1-464597038	Gulf National Pono LLC	212 Albers Street, Batesville, IN	US
S1-320711385	Heritage Apartment Inc	363 Columbia 265, Magnolia, AR	US
S1-256743411	King's Digital	1440 Mountain Laurel Lane, Moody, AL	US
S1-323957666	Total Frontier Ford L.L.C.	NY, Oyster Bay, 119 Cross Street	US
S1-367953805	Eagle Technologies Private Limited	Flat No 102, Shiv Sunder, Building, Pwd Colony, Jodhpur, Rajasthan	India
S1-884833496	Zenith Xii, Inc	4 Fiddlesticks Trail, Rogers, AR	US
S1-183075451	Services Stellar Training Co	9, Ground Floor, Dattani Plaza, Jari Mari Road, Sakinaka, Andheri (East), Mumbai, Mumbai City, Maharashtra	India
S1-968251923	Marna Tweed Auto Repair PLLC	Enid, OK, 1324 Randolph Avenue	US
S1-154967734	Ganesh Social Limited	Feeder No B Basmat, Basmat, Hingoli, Maharashtra	India
S1-611602629	M & P Debt	8822 Lenora Lake Drive, Houston, TX	US
S1-318075726	Everest Institute	House No 8-203, Miyapur, Indra Reddy Allwyn Colony, Tirumalagiri, Hyderabad, Telangana	India
S1-620481285	Patriot Fresh Hill L.L.C.	9508 Greyson Heights Drive, Charlotte, NC	US
S1-956922729	Kim South	2525 Jackson Avenue, KS, Wichita, Fl 0	US
S1-518734292	Straight Edge Nails	130 Fairgate Drive, Statesville, NC	US
S1-131455397	Cozy Cafe LLC	8512 Talma Court, Fl 0, Saint Louis, MO	US
S1-824013253	GMV Hr Private Limited	1166, Raviwar Peth, Pune, Maharashtra	India
S1-402098517	Moira Sanchez Harbor Talon LLC	14428 40th Avenue, Lynnwood, WA	US
S1-238262145	Diamond Vanguard Partners Inc.	4596 Hoo Hoo Road, Orange, TX	US
S1-134316564	Rahal Holmes Grand Staking LLC	504 Green Street, Butler, IN	US
S1-435179994	American Coalition	6505 Battleford Drive, Raleigh, NC	US
S1-63323497	Community Capital Center Group	1901 Glen Allen, Austin, TX	US
S1-677843	Certified Empire Latin Inc	1651 Oak Grove Avenue, Springfield, MO	US
S1-12878124	Vaibhav Finserv (India) Pvt. Ltd.	Rajasthan, Acharya Kriplani Marg Adarsh Nagar, 537 Tiwari Ji Ka Bagh, Jaipur	India
S1-41817607	Department of Finance	10206 Garden Lane, Peoria, IL	US
S1-900059020	Super Developers Limited	C/O Ajay V. Agrawal, Plot No. 3, House No. 783, Rashidham, 4Th Floor, Nagpur, Maharashtra	India
S1-846071216	Alpha Construction Private Limited	H.No. 4-1-1226, 1226/1, 1226/2, 1St Floor, King Koti, Hyderabad, Telangana	India
S1-474002776	Jai Developers Limited	C/O - Shree Jaganath Fly Ash Bricks Uttamapur (Balikuda), Uttampur, Cuttack, Orissa	India
S1-89368399	Cascade United Controls Corp	606 Rosewood Drive, Newark, DE	US
S1-777492394	Ss Technology Limited	Pn. 85, Shekhawati Nagar, Kalwar Road, Govindpura, Jaipur, Rajasthan	India
S1-732079585	Elisa's Couriers LLC	32022 Edison Way, Running Springs, CA	US
S1-525105060	Minds (India) Enterprises Co	C/O Saket Kumar, Raghauli Po- Kamtaul, Darbhanga, Bihar	India
S1-219898630	Midori Job Private Limited	Shop No. S-44, Second Floor Yashwant Plaza, Indore, Madhya Pradesh	India
S1-142676161	Mumbai Properties Private Limited	Block No.5, 2Nd Floor, Plot 191A, Kanchan Villa, Sion Road No. 25B, Gujarat Society, Sion, Mumbai, Mumbai City, Maharashtra	India
S1-828122698	Kearns Rapid Wellness LLC	109 C Avenue, Oskaloosa, IA	US
S1-878226582	The Dent Massage!	6327 Orion Road, VA, Wise County	US
S1-75212357	Hendersonville Regional Association LLC	124 Wood Duck Lane, Hendersonville, TN	US
S1-264447942	Sai Logistics	C/O Ashutosh Kumar 00 Gaddo Pur New House, Aditya Nagar Faizabad, Faizabad, Uttar Pradesh	India
S1-875147664	Woosley's Total Environmental Services Inc	332 Mary Avenue, Utica, KS	US
S1-449166033	Bianka Bauman Midwest Asa Inc	Butternuts, NY, 1553 51	US
S1-743821602	Ortiz Ftai	2584 Remington Trace, Clarksville, TN	US
S1-794434117	Youth Project	118 Caldwell Street, Baytown, TX	US
S1-934821694	Lambi Chemicals Private Limited	27 Weston Street 3Rd Floor, Room No-338, Kolkata, Kolkata, Howrah, West Bengal	India
S1-723895864	Dermatology Cascade Center Inc	Vernal, 5342 3150, UT	US
S1-719437462	Guruji Trading Pvt. Ltd.	Indrapuri Patliputra, Patna, Bihar	India
S1-405687574	Innovative Consulting	14 Ratan Villa, 7/33, Tilak Nagar, Kanpur, Uttar Pradesh	India
S1-616234057	BQY Secure Apple Inc	200 Deerberry Lane, Franklin County, VA	US
S1-222751524	Cardiology Supreme Clinic Inc	3226 Kelling Street, Houston, TX	US
S1-286980534	Youth Trust	676 Jason Street, Bolivia, NC	US
S1-630594406	Ecl Services Limited	Uttar Pradesh, Rahimabad, C/O (Mo.Rizwan) Bakinagar, Lucknow	India
S1-729592002	Trout, Howard and Davies Seneca LLC	2620 Prater Town Road, Mcminnville, TN	US
S1-142284538	Allied Valuence Inc	503 Finch Avenue, Meriden, CT	US
S1-248090598	All Pmv	NM, 1990 Diamond Drive, Los Alamos	US
S1-893202042	Pinnacle Investment International Inc	373 300, Kanab City, UT	US
S1-719090205	Jain International Pvt Ltd	C/O - Md Danidh Ilyasi, Chak Abdul Wahid Majhaulia Road, Behind Dr M Alam Clinic, Muzaffarpur, Bihar	India
S1-702111781	Durja Institute of Technology Private Limited	Office No. 603/4, Upper Vi Th Floor, White House Block I, Begumpet, Hyderabad, Telangana	India
S1-832838524	Hundley All Natural LLC	4300 Dolores Street, Mckinney, TX	US
S1-324754305	Commercial Trading Studios Inc	2059 Royal Harvest Way, Unit 21, Cottonwood Heights, UT	US
S1-832371424	Bay Highland Brewing, LLC	119 5th Street, Lima, OH	US
S1-430386793	Fairy & Associates Private Limited	Flat No-610, Gh-9, Paschim Vihar, New Delhi, West Delhi, Delhi	India
S1-247203068	Morris, Donnelly and Herrmann LLC	425 Pavillion Road, Pavillion, WY	US
S1-179476245	Ferreon Printing PLLC	1711 Langley Road, Essex, MD	US
S1-225398906	Epic Investments (India) Private Limited	P. No. 21B, F No.-4A Maruti Enclave, Natraj Colony, Misrod, Bhopal, Madhya Pradesh	India
S1-772196090	Dang and Nance Inc	206 Burton Street, Clinton, NC	US
S1-132321806	Ojas Nursing Home Private Limited	B-283, Gali No.-2, Behind Mother Dairy Mandawali, Fazalpur, Delhi	India
S1-435128257	Anand Consulting Private Limited	House No.4-280, Rajendra Nagar, Kokapet, K.V.Rangareddy, Telangana, K.V.Rangareddy	India
S1-654997234	Innovative Services Private Limited	G-14, G-15, Site Surajpur Ind Area, Noida, Gautam Buddha Nagar, Uttar Pradesh	India
S1-463841044	Doshi Infratech (India) Ltd	B1, H.No: 101 Parkways, Chs Thergaon Road Wakad, Pune City, Pune, Maharashtra	India
S1-228786668	Finch Plains Inc	34 Cragsmoor Road, Wawarsing, NY	US
S1-304765877	Sun Exports Limited	Plot No 18, Shri Vinayak Vihar, Gokulpura, Kalwar Road, Jaipur, Rajasthan	India
S1-182700992	Apps Public School Limited	Fp No. 464/ B Fl No 12 Icon Residency, Pune, Maharashtra	India
S1-90723639	Someshwara India (India) LLP	16 Strand Road, Diamond Heritage Unit No. 501A 5Th Floor, Kolkata, Kolkata, Howrah, West Bengal	India
S1-539349512	Allen's Productions	504 Third Street, Delphos, OH	US
S1-825154204	Rodriguez Capital LLC	2416 Bay Area Boulevard, Houston, TX	US
S1-789368045	Alto Good LLC	27 Running Fox Road, Glen Arm, MD	US
S1-115800367	Aditya Healthcare Private Limited	Plot No.99, Road No.1 Near Chiranjeevi Blood Bank, Jubilee Hill, S, Hyderabad, Telangana	India
S1-420313630	Corner Barbershop	844 John N Wills Avenue, Eastaboga, AL	US
S1-386771957	Virasat India Private Limited	Bharat Building, Iind Floor, Near United Cinema Hall, Vijay Chowk, Gorakhpur, Uttar Pradesh	India
S1-854395350	Universal Pioneer Estate Private Limited	A-73, 2Nd Floor Vikas Marg, Laxmi Nagar, New Delhi, East Delhi, Delhi	India
S1-161963056	Melville Pioneer Natural L.L.C.	3524 Stoll Road, Fl 1, Olympia, WA	US
S1-859055011	Sheets, Lacour & Bass LLC	2020 20th Street, Rockford, IL	US
S1-375839556	Interstate Dental Associates	5518 112th Place, Mukilteo, WA	US
S1-457244150	Krishna Energy Private Limited	C-5/903, Cleo County, Gh-05, Sector-121, Noida, Gautam Buddha Nagar, Uttar Pradesh	India
S1-384772225	Royal Food Private Limited	No 86/699-1, Vrindaranyam, Chakkai P O, Thiruvananthapuram, Thiruvananthapuram, Trivandrum, Kerala	India
S1-480634569	Kuan, Puckett & Gonzales LLC	102 Jefferson Street, Rockford, IL	US
S1-991948500	Beauchamp Online Inc	263 Milner Road, Lonoke, AR	US
S1-80188244	HXX Real LLP	287/2275, Motilal Nagar No.2 M.G Road Goregaon, West Mumbai, Mumbai, Mumbai City, Maharashtra	India
S1-242666006	Holmberg Metro Equipment Associates	3807 Danube Drive, Groveport, OH	US
S1-595631400	Rapid Transit Dynamics LLC	9572 2105 Road, Butler, OK	US
S1-106398020	Digital Hospitality Services	21780 Homer Smith Road, Babbie, AL	US
S1-492066029	Navya International School	Plot No. 29, Tangra Industrial Estate-Ii, 45 Radhanath Choudhary Road, Kolkata, Kolkata, Howrah, West Bengal	India
S1-235223128	Green Services Private Limited	Pune, Ashok Sankul 1 St Floorplot No 18 Ashok Nagar Pune, Maharashtra, Pune	India
S1-607713960	Espinoza Biopharmaceuticals Inc.	CA, Watsonville, 12 Hatton Avenue	US
S1-158231312	Jain Industries Private Limited	204, Amir Ind Estate, Sunmil Compound, Lower Parel, Mumbai, Maharashtra	India
S1-36330638	6-Legged Dog	548 Ricochet Drive, Fort Worth, TX	US
S1-851388473	First Research Collective Inc	1191 Waterloo Road, Mogadore, OH	US
S1-882584130	Enex Grid LLC	1320 Kempton Drive, Libertyville, IL	US
S1-553980656	Shakti Estate Private Limited	5Bm, 222, Ii Block Hrbr Layout, Bangalore, Karnataka	India
S1-286396629	Nichols Corporate, LLC	NY, 58 Crystal Drive, Riverhead	US
S1-422149513	Ppm & Co Limited	71/A Manik Bandyopadhya Sarani, Kolkata, Howrah, Kolkata, West Bengal	India
S1-904079677	Vision Care	8715 Ridgeland Avenue, Oak Lawn, IL	US
S1-629634595	Badynnet Healthcare	1702 Hampshire Avenue, Mason City, IA	US
S1-35704032	Foot & Ankle Care of Village Of Menomonee Falls	N96W14419 County Line Road, Village Of Menomonee Falls, WI	US
S1-15149880	Strategic Consultants	Plot No 361, Jay Vihar, Sector 105, Bajghera Main Road, Sadar Bazar, Gurgaon, Haryana	India
S1-699185554	Bay Trust	5177 Contentment Court, Tucson, AZ	US
S1-263800533	Juniper Inc.	Vancouver, 9711 11th Court, WA	US
S1-683515776	Herman, Chaudhry and Owen Inc	4603 Field Meadow Drive, Katy, TX	US
S1-484417400	International Exports Private Limited	No 167, Ground Floor, 2Nd Main Road, 4Th Cross, Chamrajpet, Bangalore, Karnataka	India
S1-552129988	Bharat Enterprises Private Limited	Villa No.84, Adarsh Palm Retreat, Phase I & Ii, Devarabisanahalli, Marathahalli, Outer R, Ing Road, Bangalore, Karnataka	India
S1-934155694	ADA Osprey LLC	6398 Enright Avenue, Fl 0, Saint Louis, MO	US
S1-453667061	Gold Systems	India Steel Works Complex Zenith Compound, Khopoli, Raigarh, Maharashtra	India
S1-361402867	Delhi Technologies Private Limited	Netaji Gali Gandhi Nagar, New Delhi, Delhi, Ix/6381	India
S1-821237933	Joyan's Piedmont Wholesale PLLC	Houston, 535 Obion Road, TX	US
S1-542057580	Eastern View PLLC	1810 23rd Street, Unit 32B, Washington, DC	US
S1-731088610	Pioneer Impex Private Limited	3-85, Near Ramalayam Temple, Piduguralla, Krishna, Andhra Pradesh	India
S1-109234212	QO Purecycle LLC	3907 Bender Boulevard, Hobbs, NM	US
S1-697241313	Garcia & Garcia Inc.	1150 Everbright Drive, Uniontown, OH	US
S1-949624150	Safe Security Industries, LLC	8050 Pioneer Drive, Unit COND 908, Anchorage, AK	US
S1-620015566	Ridge Fellowship III Clinic	700 Ackerman Avenue, Syracuse, NY	US
S1-809922307	Stark Optimal Standard Care	Columbus, Fl 1, OH, 5883 Slippery Rock Drive	US
S1-223621481	Pediatric Dental Partners	Rancho Cucamonga, CA, 14084 Hastings Ranch Lane	US
S1-410037086	Faridabad Exports Pvt Ltd	3/C/252 Nit, Faridabad, Haryana	India
S1-423818464	Optimal Creative Global Corporation	204 1449, Quitman, TX	US
S1-864981232	Apex Shivam Solutions Private Limited	A-2-106, Millenium Park-Midc Chiklathana, Aurangabad, Maharashtra	India
S1-808089842	Satyalaxmi Clinic Ltd	1/Shiv Ganesh Nivas Suryanagar, Vitawa, Kalwa, Thane, Maharashtra	India
S1-658583304	Golden Grill	NY, 333 Washington Street, Hempstead	US
S1-560480648	Trupti Outsourcing Pvt. Ltd.	Ahmednagar, Maharashtra, Gut. No. 104/2 Kasar Pimpaplgaon Tal:- Pathardi Dist:- Ahmednagar., Ahmednagar	India
S1-927153551	Jewett Oriental Inc	530 Vanderpool Drive, Russell County, VA	US
S1-138538220	Seven Ventures Pvt Ltd	Gf-137, A-2 Block, Sector-5, Rohini, New Delhi, North West, Delhi	India
S1-212295891	Prime Berto Inc	14143 Fleetwell Drive, Houston, TX	US
S1-602461734	Viia Summit Grid	2351 Edwards Church Road, Unit P17, Mesquite, TX	US
S1-147313951	Adventure (India) Tourist Private Limited	H. No. 324/2, Ward No.07, Shrivastav Colony, Chhindwara, Madhya Pradesh	India
S1-290081140	CRJ Fashion Corp	B-9 Chawla Colony, Ballabhgarh, Faridabad, Haryana	India
S1-482293456	Deccan Solutions (India) Pvt Ltd	10Th Floor, Mehraan Society, Adj Gujratbhavan, Gulmohar Cross Rd 12, Jvpd Scheme, Mumbai, Maharashtra	India
S1-488734423	Interfaith Coalition of Wilson LLC	4771 Lamm Road, Wilson, NC	US
S1-833810988	Grand Sunshine	766 Crab Apple Lane, Cleveland, TN	US
S1-518440197	Slv Brothers Private Limited	A 198 Gujrawala Town Delhi, Delhi, North Delhi, Delhi	India
S1-91394741	Lynnwood Dogecoin PLLC	913 205th Street, Lynnwood, WA	US
S1-955655278	Torres Certified Block	Silverdale, 8155 Berryridge Lane, WA	US
S1-151643736	Marudhar Welfare Private Limited	Old No.8/6, New No.24/6, First Floor 2Nd Street, V.O.C. Nagar, Anna Nagar, Chennai, Tamil Nadu	India
S1-156334709	Primary Care Blue Associates LLC	1905 Wharf Road, Unit F, Capitola, CA	US
S1-337427438	Samarth Housing Private Limited	E-7, 3Rd Floor, Ghaffar Manzil, Extn-Ii, Haji Colony, Jamia Nagar, Okhla, New Delhi, Delhi	India
S1-419278410	PFH Labs Corp	462 Main Street, Unit 139, Agawam, MA	US
S1-440027015	Lefebvre Kkr	921 Val Vista Drive, Unit 85, Mesa, AZ	US
S1-348806148	Vandana College	4/461, 2Nd Floor, Suite No.1644, Valamkottil Towers, Judgemukku, Kakkanad, Kochi, Ernakulam, Kerala	India
S1-514130465	Cindie Urgiles Ace Athena, LLC	8409 Piney Branch Road, Silver Spring, MD	US
S1-992406884	Ember Inc	6033 Highway 126, Blountville, TN	US
S1-817208763	Cantrell Pipeline of Durham LLC	1100 Wyldewood Road, Durham, NC	US
S1-596198862	Morrow Equity Partners	9210 85th Avenue E, Tulsa, OK	US
S1-42816885	Perez Dynamic Genetics Inc	12111 1/2 Scarlet Sleeve Way, Del Valle, TX	US
S1-941188995	Vanguard Prime Joint LLC	MD, New Windsor, 3007 Buffalo Road	US
S1-454820984	Best Hill Private Limited	Shivpuri, Chitkohra, Near Bhakpa Male Office, Ps- Gardanibagh, Po - Anisabad, Patna, Patna, Bihar	India
S1-234705880	M & J Studios	7024 Nueces Drive, Irving, TX	US
S1-163266903	M+ Space	2274 168th Place, Beaverton, OR	US
S1-371604776	Super Products Private Limited	C 164 Godawari Bldgr G Thadani Marg Next To Hdfc Bank Worli Sea Face, Mumbai, Maharashtra	India
S1-528388665	Jain Estate Private Limited	P No. 18, A-Sector, Sarvdharam, Bhopal, Madhya Pradesh	India
S1-982385659	Britt, Ruiz and Barrantes LLC	20 Lancelot Lane, Marlinton, WV	US
S1-10789282	A 4 G Redwood	Marblehead, 22 Lincoln Avenue, MA	US
S1-327433067	Macro Technology Public Limited	No.9, Agasthiar East Street, Ambasamudram, Tirunelveli, Tamil Nadu	India
S1-364394002	Ware Summit Alussa LLC	Town Of Peshtigo, WI, W1728 Cleveland Avenue	US
S1-567566067	Miller & Williams Grade Inc	250 Delight Loop, Statesville, NC	US
S1-622599338	Solid Traders Private Limited	C/O L.K.Modi, Meena Medical Gali, Sugauli, East Champaran, Bihar	India
S1-32979330	Projects Sarathi Infotrain Co	95A, Municipal Market, Connaught Circus Outer Circle, Opposite Nirulas Restauran, T, New Delhi, Central Delhi, Delhi	India
S1-597752437	Zinger Coastal Summit of Brookhaven	16 Fordham Road, Brookhaven, NY	US
S1-75995502	Green Infrastructure Group	1708 54th Street, Albuquerque, NM	US
S1-438532547	Cash Solutions Care	Plot No 74, Shriram Vihar A, Bagru, Sanganer, Malviya Nagar, Jaipur, Jaipur, Rajasthan	India
S1-997698129	Lower Drive	AZ, Phoenix, 1720 Sharon Drive	US
S1-507486042	Nexan Seafood	13719 Stevens Road, Shawnee, OK	US
S1-190556821	Berroa Enterprises	598 R Fierce Lane, Salina, UT	US
S1-228700386	Colonial Auto	45 Pine Street, Ashland, OR	US
S1-689053570	Garcia Accounting Associates	2880 36th Place, Tulsa, OK	US
S1-365519158	Green Vidyalaya	Office No. 201, Jaimangal Oil Complex, Plot No.48-49 Sector-19A, Apmc Market, Navi Mumbai, Navi Mumbai, Mumbai City, Maharashtra	India
S1-993561955	Better Innovative Grid Inc.	IN, 7934 350, South Whitley	US
S1-872508314	United Fellowship	2600 Glenwood Avenue, Unit 308, Raleigh, NC	US
S1-151847934	Rgs Labs Private Limited	No.3360, 13Th B Main, Hal Iind Stage Doopanahalli Bangalore, Bangalore, Karnataka	India
S1-560486694	Lucky Cafe Inc	5034 Amber Clay Lane, Raleigh, NC	US
S1-865290939	Malappuram Sons LLP	Malappuram, Malapuram, Room No. 20/27 C, First Floor Eranhikath Tower, Near Masjid, Alathiyur, Tirur, Kerala	India
S1-389540949	Unique Global Private Limited	Plot No-1002/2430, Khata No-453/499, Bhubaneswar, Khordha, Orissa	India
S1-676173326	Ak Vidyalaya Private Limited	36, Neelakanta Mehta St, T. Nagar Chennai, Chennai, Tamil Nadu	India
S1-965254887	Mumbai Education Corp	Flat No. 203, Second Floor, Rajnigandha Gokuldham A.K. Vaaidya Marg, Goregaon East, Mumbai, Mumbai City, Maharashtra	India
S1-520442103	Mohali Foundation Ltd	D-192 Industrial Area Phase Viii-B Sas Nagar, Mohali, Punjab	India
S1-137044181	Electronic Wealth Union Inc.	2852 Mountain Road, Trinity, NC	US
S1-460720319	Punjabi & Sons LLP	Khasra No. 355 Molar Band Village, Badarpur, New Delhi, Delhi	India
S1-961199414	Pashin International Associates	Office No-19-B, 4Th Floor, Veer Savarkar Block, East Delhi, Delhi	India
S1-351536569	Sangeeta Infrastructure	Flat No. 302, Zenith Lalita Residency Saketpuri Road, Machali Gali, Raja Bazar, Patna, Bihar	India
S1-884121925	Stephenson and Sturges	7383 Solstice Place, Rancho Cucamonga, CA	US
S1-841556865	Drayay Boral	4620 Larkspur Drive, Brownsville, TX	US
S1-632387982	Downtown Diner	50 Springfield Drive, Millbrook, AL	US
S1-128842058	Hitech Super Global	S 12, 3Rd Floor, Pawansut Complex Gole Market, Mahanagar, Lucknow, Uttar Pradesh	India
S1-893822572	Musheerabad Shipping LLP	1-8-3/27/6 Chikkadpally, Musheerabad, Hyderabad, Telangana	India
S1-539369132	Horrell's Golden Auto Repair Inc.	4915 Patty Lane, Ringwood, IL	US
S1-22959606	Swagath (India) Lines Private Limited	118, Model House Ludhiana, Punjab	India
S1-249020523	Varshaya Apparel Private Limited	D-5, Plot No -5, S.114, Yellareddyguda, Hyderabad, Telangana	India
S1-313996211	Skp Steels Private Limited	C-2/A, Polo Ground, Indore, Madhya Pradesh	India
S1-666635153	Seven Hospitality Private Limited	6, Cathedral Road, Madras, Chennai, Tamil Nadu	India
S1-533103532	Retecque Inc.	157-17 89 Street, Howard Beach, NY	US
S1-94755402	Lucknow Bio Private Limited	Sekhpura, Netaji Nagar, Paschim Midnapore, Midnapore, West Midnapore, West Bengal	India
S1-364417526	Sai & Co	No. 22, Sharma Layout, Ward No. 22, Gadag Road, Koppal, Karnataka	India
S1-191113983	Prime Ace Ventures Limited	103 Indraprasthaaurangpura, Aurangabad, Maharashtra	India
S1-545013590	Premier Impex Private Limited	Shop No. F/F 109, Maurya Complex, Nr Sola Over Bridge, Science City Road, Sola, Ahmedabad, Gujarat	India
S1-449269709	Fortune Exports Private Limited	Lucknow, Uttar Pradesh, Lucknow, Flat No. 3C Kalpana Apartment, B-973, Sector A, Near Raidas Mandir Sabji Mandi Road	India
S1-80510501	Tammi's Atlantic Industries Associates	202 Stablestone Drive, Chesterfield, MO	US
S1-114218346	Poly Trading	C-6.2, Dr Herekar Park, Near Kamala Nehru Park, Off. Bhandarkar, Road, Pune, Maharashtra	India
S1-306824386	Zeseex Saratoga	7604 Franklin Loop, City Of El Paso, TX	US
S1-307391488	Interstate Foundation	37527 Jingo Road, La Cygne, KS	US
S1-84218761	Tria Mass Private Limited	Lucknow, E-215, Uttar Pradesh, Lucknow, Nehru Enclave Gomti Nagar	India
S1-780251429	A Precision Sky LLC	30 300, Fillmore, UT	US
S1-552328177	Hyacinthie Steiner Bright Manulife LLC	East Haven, 9 Meadow Street, CT	US
S1-672403502	Vijay It Private Limited	Plot-299, Tenament-2, Ward-7/D, Gandhidham, Kutch, Kachchh, Gujarat	India
S1-670560437	Global Ridge Wellness LLC	411 Walnut Street, Argos, IN	US
S1-250310005	Behavioral Health Certified Associates	1932 Stewart Road, Walnut Cove, NC	US
S1-540004143	Apex Consulting Pvt Ltd	No. 10, 11, 12, Flat No. 3A, Souram Royal Enclave, 5Th Street, Gopalapuram., Chennai, Tamil Nadu	India
S1-987543673	Metro Square PC	74 Garfield Street, Fl Floor 2, Saint Paul, MN	US
S1-963952598	Jordan and Torres, LLC	3101 Southern Loop, Kingman, AZ	US
S1-742923600	Vaify Inc.	33 Fairlane Drive, Brownsburg, IN	US
S1-993218920	Seyler's Vanguard Couture	6600 Lakebend Way, Greensboro, NC	US
S1-299810016	Bharat Systems Private Limited	24 J P Transport Nagarsector 23 Nigdi, Pune, Maharashtra	India
S1-135528496	Cunningham, Jordan & Mustafa Publishing	446 Seward Street, Red Cloud, NE	US
S1-407920797	Mount Emanuel Inc	255 Westwood Avenue, Delaware, OH	US
S1-412999327	Danny Dunn Coastal End Partners	8705 Hill View Terrace, Portland, OR	US
S1-919615573	National Star Spark LLC	8532 Crestview Drive, Fairfax County, VA	US
S1-347807426	Splash Solutions Limited	1740 Flat Iia 2Nd Floor, Trichy Road, Coimbatore South, Coimbatore, Tamil Nadu	India
S1-838006923	Happy Yoga	13 Cabot Lane, Cookeville, TN	US
S1-410689645	Marja Ayala Home	1127 Custer Avenue, Kalispell, MT	US
S1-28597214	Dynamic Clean Platinum LLP	7113 31st Avenue, Vancouver, WA	US
S1-339778635	Mcube Agriculture Limited	H.No. 26, Markal Colony, Patiala, Punjab	India
S1-249507080	Dynamic Food Private Limited	Workafella, Ak Estate, Off Veer Savarkar Flyover, Swami Vivekanand Road, Goregaon West, Mumbai, Mumbai City, Maharashtra	India
S1-134708464	Ganesha India (India) Ltd	Plot No-1539/1580/2564, Khata No-185/818 Ranibagicha, Rourkela Road, Sundargarh, Orissa	India
S1-674775034	Smith Ace Canadian Corp	915 Main Street, Summersville, WV	US
S1-101632534	Morena Foundation Pvt Ltd	C/O Mohar Singh, Chattar Pura, Morena, Madhya Pradesh	India
S1-543030904	Sell, Sullivan & Hernandez Newbury Inc	6961 Quail Circle, Unit 245, Eden, UT	US
S1-70601277	Comfort (india) Private Limited	#503, Tushti 1St Cross, 2Nd Main, Ags Layout, Bangalore South, Bangalore, Karnataka	India
S1-735191116	Pandurang Brothers LLP	Regus Level 16Th, World Trade Tower B, Noida, Ghaziabad, Uttar Pradesh	India
S1-96672536	Jvm Infoweb Private Limited	Halisahar, North 24 Parganas Purbachal, Kalibari Road, P.O. Nabanagar, Halisahar, North 24 Parganas, West Bengal	India
S1-558252347	Laix, LLC	2910 Greenfield Road, Unit 2109, Gilbert, AZ	US
S1-161817398	Celestine Hardesty Quality Snow PLLC	201 Second Street, Marshall, IN	US
S1-563725245	Womens Health Specialists	2847 Milwaukee Avenue, Chicago, IL	US
S1-76920528	SE Preferred Genesis LLC	139045 Spring Brook Road, Town Of Mosinee, WI	US
S1-314701154	Prime Broadcast Associates	14 Highland Bluff Way, Bldg 200, Clarksville, TN	US
S1-602495442	Leal Diana	3325 Elson Avenue, Tucson, AZ	US
S1-96663907	Libby P. Caradine, D.D.S.	7 Brandon Drive, Conneaut, OH	US
S1-173303212	Lund Labs L.L.C.	5234 Flora Avenue, Kansas City, MO	US
S1-547539755	Straight Edge Barbershop Corp	21100 Tanyard Road, Preston, MD	US
S1-435934523	Omega Touch Limited	J-45, 4Th Floor, Adani, Samsara, Sector 63 A, Dlf Qe, Gurgaon, Haryana	India
S1-64435743	Rocky Society	490 Flame Tree Avenue, Queen Creek, AZ	US
S1-811389572	Al Consultants Private Limited	2/66 Arya Mohalla, Nangloi, East Delhi, Delhi	India
S1-351277831	Horizon Hospitality	1450 Salter Path Road, Unit I3, Indian Beach, NC	US
S1-655149284	Anand Global Limited	My Town Plaza, C/O Yogesh Meena, Rangai, Vidisha, Madhya Pradesh	India
S1-172832812	Patriot Institute	WI, Village Of Ellsworth, 226 Broadway Street	US
S1-400694787	4584 Third Court Properties LLC	3126 Carmen Avenue, Chicago, IL	US
S1-41968619	Ajit Real Pvt Ltd	191-192, District Shopping Center Saraswati Nagar, Basni, Jodhpur, Rajasthan	India
S1-377069474	Akshay Paints Ltd	C/O Kusum Devi, Street No.1/1, Rupnagar Rupnarayanpur Bazar, Rupnagar, Bardhaman, West Bengal	India
S1-496744664	Lagrange Youth Chiropractic	42369 Whitney Road, Lagrange, OH	US
S1-998275925	Ss Life Construction LLP	166, Street Baldev Sahai, Etah, Uttar Pradesh	India
S1-412517723	Bhubaneswar Consultancy Clinic	Unit-7 Surya Nagar, Bhubaneswar, Orissa, Plot No-14, Khordha	India
S1-160041761	Future Energy Private Limited	D-26, 15Th 4Th Cross Street, Periyar Nagar, Chennai, Tamil Nadu	India
S1-802579938	Finance Parul Pharmaceuticals Private Limited	Maharashtra, Mumbai, 455 B Wing Kewal Indl Estatesenapati Bapat Marg, Mumbai	India
S1-136766077	Applegate and Watson LP	NY, 92 Flower Road, Hempstead	US
S1-795317574	Vidya Educational Society	Tower 1/904, Takshila Heights Sector 37C, Gurgaon, Haryana	India
S1-101609866	Saffron Engitech Private Limited	Bengorm Tea Estate Hulical Post Office, Nilgiris, Tamil Nadu	India
S1-87245004	Products Mkr Blue	1 9792 Gf 1, West Gorakh Park, Shahdara, Delhi	India
S1-187067103	Piedmont Initiative LLC	119 Tillery Street, Rocky Mount, NC	US
S1-15220054	Best Business International LLC	AR, Jacksonville, 5161 Highway 294	US
S1-41701521	Bombay Marketing	B-5, Parekh Apartments, Sarojini Road, Vile Parle West, Mumbai, Maharashtra	India
S1-200315934	Green Healthcare Private Limited	67 Sunrays Shoppingcentre, Charkop Market, Sector 5, Kandivlai West, Mumbai, Maharashtra	India
S1-562367335	Cube Enterprises	Delhi, Vikas Puri, West Delhi, Kg 2/289 Lig Flats	India
S1-448373689	Maa Infra Private Limited	Iiird, Golibar Road, H H 197 3 4, Mumbai, Maharashtra, Mumbai	India
S1-219789788	Perez Elite Purecycle	7334 Troulon Drive, Houston, TX	US
S1-755545200	Back Alley Bike Shop Corp	3214 800, Syracuse, UT	US
S1-994701038	Hare Enterprises	Ground Floor, Tidel Neo, Salem, Tamil Nadu	India
S1-335426577	Jagat Mobiles Pvt Ltd	3Rd Floor, Pinnacle Square, Vasana Jakat Naka, Vasana Bhaily Road, Vadodara, Gujarat	India
S1-743184458	Upper Efes Corp	Unit 101, TN, Corryton, 10015 Rutledge Pike	US
S1-998354985	Sea Brothers Ltd	B-128, Modi Nagar Ajmer Road, Jaipur, Rajasthan	India
S1-286035816	Hernandez Innovative Computing LLC	8658 58, Harrison, TN	US
S1-836635250	Bhubaneswar Industries Limited	M-116, Baramunda Housing Board Colony Baramunda, Bhubaneswar, Khordha, Orissa	India
S1-993261443	Aditya Agro Limited	Cs2, Mint Modern City, 3Rd Main Road, Old Washermanpet, Chennai, Tamil Nadu	India
S1-669927932	Gregg, Carpenter and Landry L.L.C.	603 Gunby Drive, VA, Henrico County	US
S1-542519653	Sarasiya Mills Ltd	4Th Fl, New Kempegowda Lyt, Bangalore, Bangalore South, Karnataka, 30 Balaji Enclave	India
S1-565536267	Udaipur Jewels Care	A2 - 103, Vaishali Apartments, Hiran Magri, Sector - 4, Udaipur, Rajasthan	India
S1-427033694	Technology Sameer Foundation Private Limited	Shop No. 715 Vision Flora, Pimple Saudagar, Pune City, Pune, Maharashtra	India
S1-478859894	Nilkanth Csr Pvt. Ltd.	C/O Parimala Jain Village Deogon, Nayanagar, Majlishpur, Uttar Dinajpur, West Bengal	India
S1-698880739	Coates & Dye Painting LLC	87 Longview Road, West Tisbury, MA	US
S1-125735546	Dominguez Wen Inc	23833 Mountain Circle, Chugiak, AK	US
S1-13014000	Sgi Intech Private Limited	E-7/104 Pole No. E-7/220, Ashoka Housing Society, Arera Colony, Bhopal, Madhya Pradesh	India
S1-4420592	Marketing Poorna Systems	Adurga Tower, Durga Tower, Fl No-2 A, 1St Floor, R/Ab/4, Raghunathpur(N), West Bengal, Kolkata, 2 A2, Parganas North	India
S1-154106926	Pediatric Care Associates Inc	555 Deer Drive, Unit #105, Jackson, WY	US
S1-370314050	Integrated Fidelity Inc.	66 North Street, Unit 2 EAST, New Bedford, MA	US
S1-857475047	P & O Tokyo Inc	121 2nd Street, Dierks, AR	US
S1-847958396	South Global Private Limited	Korel Graphics 98/2, Rangarajapuram Main Road, Kodambakkam, Chennai, Tamil Nadu	India
S1-891068734	Royal Global Graphics	1805 Stoney Creek Road, Town Of Farmington, WI	US
S1-275757427	J 6 Creative Activate LLC	IL, Frankfort, 22175 Clove Drive	US
S1-608107559	Bium Worldwide LLC	AZ, 12225 Mohave Street, Avondale	US
S1-69278421	Agro Preksha Nirman Private Limited	1, Ground Floor, Vastu Vaibhav Society, Plot No.29, Sector 1E, Behind Mc. Donal'D, Kalamboli, Navi Mumbai, Maharashtra	India
S1-695114394	Krishna Impex Private Limited	B-68, Floor-6, Plot 210, B-Wing, Mittal Tower, Free Press Journal Marg, Mumbai, Maharashtra	India
S1-125373398	Think & Brothers Private Limited	Madhya Pradesh, F-01 Amaltas Colony, Gwalior, Ph-1 Dd Nagar Bhind Road, Gird	India
S1-384592568	Amogh Woollen (India) Limited	Venkata Sai Rsdency, Dwaraka Ngr, Hasthinapuram, Saroornagar, K.V.Rangareddy, F 501, Telangana	India
S1-946102420	Robinson, Kelsey & Ratcliff Group	2078 Cable Road, Lima, OH	US
S1-728850900	Atharva Trust	C/O Palash Bhowmick Vill. P.O-Bharatpur P.S-Hemtabad, Hemtabad, Uttar Dinajpur, West Bengal	India
S1-121618994	Harbor Cardiology	389 Riedel Avenue, Staten Island, NY	US
S1-356666020	Cuevas Charter School	2202 Commonwealth Street, Houston, TX	US
S1-349647931	Olanyx Publishing, Inc	17508 Capistrano Lane, Orland Park, IL	US
S1-75113113	Fresh Bike Shop	919 Stella Ireland Road, Union, NY	US
S1-173974378	A Sterling Choice LLC	5010 Coleman Lane, Spokane, WA	US
S1-494725823	Elite Inn-Indore	149 Bhamori A.B. Road, Indore, Madhya Pradesh	India
S1-479288111	Jones Montage	10715 Walnut Street, Kansas City, MO	US
S1-629825013	Pediatric Dentistry Medicine LLC	66 Bayard Street, New York, NY	US
S1-574492063	Federal Fellowship P.C.	VA, 113 Aviary Street, Warrenton Town	US
S1-303849671	@ Home 2 U LLC	131 Kentmoor Farm Road, Amherst County, VA	US
S1-524753767	Surya Infra Pvt Ltd	C/O Rafik Alam Kalibari, Ekarchali Goalphoker U/D, Goalpokhar - I, North Dinajpur, West Bengal	India
S1-491364942	Patriot Integrated Networks LLC	2709 Charlestowne Drive, Mobile, AL	US
S1-843355208	New Delhi Advertising Private Limited	H No 50 Saidulljab, New Delhi, South West Delhi, Delhi	India
S1-856668113	Epstein Blue Sab LLC	MD, Unit 118, 5500 Coastal Highway, Ocean City	US
S1-242361211	Nichols & Bryant	405 Fire Box Court, Chesapeake City, VA	US
S1-415809474	Treasure Concepts Private Limited	66 New Bazar, Near Gopi Kunj Opp Exclesior Talkies, Khadki, Pune, Maharashtra	India
S1-560765206	Palus Parks Private Limited	736, Wadekar Building, Ganpati Peth, Opp Mangeshkar Natya Griha, Pethbhag, Miraj, Palus, Sangli, Maharashtra	India
S1-756306158	Harris & Heard Restaurant	1328 Freedom Parkway, Winona Lake, IN	US
S1-85927251	Wenona Wilson Soren LLC	MO, 607 Riverbend Court, Arnold	US
S1-517694768	Cooch Behar - Ii Cluster Private Limited	C/O Ranjan Kr. Sarker, Jibdharer Kuthi, Cooch Behar - Ii, Cooch Behar, West Bengal	India
S1-280306358	Board of Education P.C.	20 County Road 431, Goldthwaite, TX	US
S1-137252472	Duron Solution	28302 71st Place, Broken Arrow, OK	US
S1-752046590	Padgett Valley Quartzsea LLC	711 La Mazorca, Sahuarita, AZ	US
S1-542690688	Dharwad Developers Pvt Ltd	Faridabad, Palwal, Tatarpur (47), Haryana, Asaoti	India
S1-632300979	Wright's Diner	660 Vincennes Street, Linton, IN	US
S1-130749690	Upper Animal Hospital LLC	1612 Sharpsburg Avenue, Spokane, WA	US
S1-887864912	Dinet Summit Andretti Inc	6 Stirling Road, Harrison, ME	US
S1-296250735	PPU Iheartmedia	38 13775, Unit 300, Draper City (sl Co), UT	US
S1-565328471	Lethia Adkins, D.D.S. Partners	1819 Hackberry Heights Drive, Richmond, TX	US
S1-934324616	Shyam Food Private Limited	Plot No. 139, Shriram Nagar, S. No. 180/1, Nandurbar, Maharashtra	India
S1-778574815	Family Clinic	26 Timmons Woods Drive, Delaware, OH	US
S1-620543920	Milicent G. Fraley, M.D., M.D., P.C.	1435 Wisconsin Dells Parkway, Fl 3rd, Village Of Lake Delton, WI	US
S1-747584857	Nexan Cal Corp	8264 Rudolph Road, Charlotte, NC	US
S1-493349680	Walczak and Depew Street LLC	2226 Roane State Highway, Harriman, TN	US
S1-133326042	Aim Informatics Private Limited	Plot H-53, Additional Murbad Midc, Kudavali Village, Taluka - Murbad, Murbad, Thane, Maharashtra	India
S1-346193696	American Fellowship Inc	9 Cross Path Road, Unit 9, Northampton, MA	US
S1-424623638	Safe Superior Generating LLC	Lancaster, 1018 Pleasantville Road, OH	US
S1-14218118	Shakti High Investment Private Limited	Rm No.0022 Grd, Hum Bldg, Karram Na Geri, Pimpri, Thane, Maharashtra	India
S1-716184993	Laplante United Banking P.C.	16529 60th Avenue, Lynnwood, WA	US
S1-712620002	My Hospitality	B-27/35-8Ravinorapuri Extension Varanasi, Uttar Pradesh, Varanasi, Uttar Pradesh	India
S1-634283391	PHW Taiwan LLC	2105 Edson Court, Leander, TX	US
S1-66346512	Uttar Merchantile Private Limited	Howrah, 4, Kolkata, Chowringhee Lane Block-1, 7Th Floor, Suit No. 'N', West Bengal	India
S1-868490281	Arrow Contractors (India) Private Limited	Arakkonam, Kowsalya Nagar Near, Near Hospital Sholinghur, 1/7, Vellore, Tamil Nadu	India
S1-455058931	Pns Institute of Technology	C/O Kanwaljit Kaur Khasra, No 574(6 13), 120/7 182, Moga, Punjab	India
S1-693983011	Venegas Hudson LLC	3207 Creekmere Lane, St. George City, LA	US
S1-568903026	Dipali Vidyalaya	8-B, 8Th Floor, B D Patel House, Naranpura, Ahmedabad, Ahmadabad City, Ahmedabad, Gujarat	India
S1-561931235	All Investment Limited	Indore, Madhya Pradesh, B-207 New Loha Mandi Scheme No.78-1, Indore	India
S1-621351028	Vijay Tech LLP	C/O Vidha Ram Sharpur, Noida Uttar Padesh, Dadri, Gautam Buddha Nagar, Uttar Pradesh	India
S1-918089157	Construction Samaj Networks Pvt. Ltd.	19/658D, Manjalungal, Ongallur, Ottapalam, Palakkad, Kerala	India
S1-647345568	Godinez Certified Gabelli	320 Taylor Street, Washington, DC	US
S1-689536605	Ventura Medical Center LLC	107 Industry Drive, York County, VA	US
S1-201785889	Southern Productions LLC	706 R Street, Harlingen, TX	US
S1-713945282	Heart League	16140 Arrowhead Fountains Center Drive, Unit 103, Peoria, AZ	US
S1-61504445	Fix Institute of Technology Private Limited	Gala No. 20 Gat No.1983/1, Kadam Complex, Ozar (Ct), Niphad, Nashik, Maharashtra	India
S1-17887550	#9 Managed	24923 Robin Lane, Naperville, IL	US
S1-976654351	Rothman and Amore, Inc	1330 Fairview Lane, Mount Vernon, IN	US
S1-218513387	Siwach Ev Limited	Village Sadanpur, Po Jatwar Teh Naraingarh, Dis. Ambala, Naraingarh, Ambala, Haryana	India
S1-879750945	Trading Rjd Technologies Company	M.I.D.C. Industrial Estate, Plot No. 1, Ambernath, Ambernath, Thane, Maharashtra	India
S1-994858555	Modern Beacon Furniture	8624 Redditch Drive, Avon, IN	US
S1-588973342	Surgical Group	11 Echo Place, Lynn, MA	US
S1-866268429	Coastal Integrated Diagnostics, LLC	2523 1st Avenue, Minneapolis, MN	US
S1-368766978	Oncology Clinic	Redmond, UT, 213 460	US
S1-686140251	IU Medical Co	94 C Road, Arthurdale, WV	US
S1-473096074	Gatech Holdings	17950 Crestview Lane, Garibaldi, OR	US
S1-958815472	Smith Creative Starling LLC	844 Simmons Road, Tucson, AZ	US
S1-422234179	Meenya Holidays Ltd	212 Adisons Arcade Fraser Road 2Nd Floor, Patna, Bihar	India
S1-319508995	Anand Infosoft Private Limited	94 G I D C Vithal Udyog Nagarvallabhvidya Nagar, Anand, Kheda, Gujarat	India
S1-234908059	Dolan Crystal Esports Inc	6 Shenandoah Circle, Sylvania, OH	US
S1-306077447	Davis and Whitley LLC	2271 3228, TX, Nacogdoches	US
S1-542136963	Heritage Network Alliance Inc	21001 72nd Avenue, Kent, WA	US
S1-660008729	EL Power Private Limited	Vill-Chanpatia (Np) Tolachanpatiya(Np)Block-Chanpatia, West Champaran, Bihar, Champaran, C/O Gunjan Kumar	India
S1-867309590	Fetters First Urban	996 Patrick Street, Frederick, MD	US
S1-286396062	Dunn Flaherty LLC	12411 31, Hayden, AL	US
S1-69880228	Dreamview Brothers Private Limited	Agra, Uttar Pradesh, Agra, H No 6, Sec F1 Block, Taj Nagri Phase 2	India
S1-111782308	King Spartacus Inc	4878 Fogarty Drive, Fayetteville, NC	US
S1-382788389	Sai Finance Private Limited	Door No: 19, Karnataka, Bangalore South, Ranoji Rao Road, Bangalore	India
S1-129581349	Star Trading Private Limited	J-2, First Floor, J Block, Arya Samaj Road Uttam Nagar, New Delhi, West Delhi, Delhi	India
S1-193170420	Ram Infrastructure	Maharashtra, Thane, B-2001, Oberoi Gardens, Thakur Village, Kandivali East	India
S1-882224389	Dwarika & Brothers Pvt Ltd	24/1 A L Daw Roadbudge Budge 24 Parganas (South), (South), South 24 Parganas, West Bengal	India
S1-709364117	Madhya Estate Private Limited	C/O, Shiv Prasad 1 Fatehpur Durgapur, Jahanabad, Fatehpur, Uttar Pradesh	India
S1-738873670	Ahmednagar Housing Associates	Kerala, Pattambi, Palakkad, Vi/207 B Thrithala	India
S1-135931457	Beth Chapel	133 Kings Way, Hampton City, VA	US
S1-947020417	Newsome Atlantic	9940 Route 259 Highway, Brush Valley, PA	US
S1-779835202	Great Eye Care LLC	TN, 4198 Hensley Trail, Putnam County	US
S1-774341801	Minna Braga Charles Inc	649 Arlington Drive, Cincinnati, OH	US
S1-305100136	Averyl Williams Harbor Diagnostics	4819 Dover Rd, Unit 13, Shively, KY	US
S1-446034011	Quantio Drugs Inc	2676 Timerill Drive, Unit 124, Morganton, NC	US
S1-514862198	Westfall Corporation PC	Lubbock, 3405 76th Street, TX	US
S1-136696648	Sree Marketing Limited	Maharashtra, Kailash Puram, Nr. Kailash Hall A.G. Road, Sakinaka, Kurla West, Mumbai City, Mumbai, G.No. 4	India
S1-183338637	Vava Inc.	1001 Wootton Avenue, Fl 0, Bridgeport, TX	US
S1-129935762	FJ Star Valuence LLC	962 12, Sangerfield, NY	US
S1-441278967	Spectra International School Care	Mumbai City, Worli, Mumbai, Maharashtra, 318/319 Shah And Nahar Ind. Off. Dr. E. Moses Road	India
S1-304251672	Zephan Urban Inc	1286 Humbracht Circle, Bartlett, IL	US
S1-578352747	Carly Petz Clean Direct LLC	14 Carriage Court, Dresden, ME	US
S1-916193762	National Mortgage Laboratories Inc	2692 Radcliff Avenue, Massillon, OH	US
S1-455722545	Fashions India Ltd	Uttar Pradesh, Gola, Shop No. 13, Mill Road, Gola, Opposite Sehgal Book Depot, Kheri	India
S1-988835304	Mutual Analytics Dynamics Inc	Lincoln, 303 105th Street, NE	US
S1-837000790	Agro Melody Technology Pvt. Ltd.	D-23/3, Second Floor, Left Side 8B, New Delhi, South Delhi, Delhi	India
S1-950400237	Horizon Silver Vaneck	568 Apple Street, Westerville, OH	US
S1-434740479	Mansa (India) Stone Private Limited	6/1222, Kunnummal, Karuvissery Po, Kozhikode, Kerala	India
S1-44879950	Safe Express Sports Co	6 Dunedin Court, Towson, MD	US
S1-985197542	Jai Agro Private Limited	H. No. 152, 20Th Cross, 17Th Main, H.S.R. Layout (B.D.A) 3Rd Sector, Bangalore, Karnataka	India
S1-219049716	Tri-State Ministries	8700 Angel Drive, Newburgh, IN	US
S1-275873694	Rakestraw Arts LLC	OR, Lake Oswego, 3899 Tamarack Lane	US
S1-176645921	Sree Technologies Private Limited	Vill Jayadebpur, P.O-Darikrishna Nagar Ps-Diamond Harbour, Diamond Harbour, Parganas South, West Bengal	India
S1-841730525	Gasoft Holdings Group, L.L.C.	274 Dr Stokes Lane, Vanleer, TN	US
S1-635337612	Davenport Spring	2724 19th Street, Port Arthur, TX	US
S1-702276795	India Aakash Waste Limited	No.350 22Nd Cross, 1St Block Jayanagar, Bangalore, Karnataka	India
S1-752309063	Creative Tech Limited	C/O Manjur Hoque Madanpur, Kaliyaganj, North Dinajpur, West Bengal	India
S1-587638022	Health Guild Inc	3574 Main Street, Unit C-7, Columbus, OH	US
S1-339717556	Bangabhumi (India) Services Private Limited	3903 Kohinoor Square B, Nc Kelkar Marg Dadar West, Mumbai, Maharashtra	India
S1-193794945	Vega Express Telecom LLC	1406 Adams Farm Parkway, Unit E, Greensboro, NC	US
S1-148603836	Hobart Cultural Alliance LLC	500 Indiana Street, Hobart, IN	US
S1-365170103	Go Labs Private Limited	Salasar Premium, Plot No.5, 1St Floor, West High Court Road, Gorepeth, Dharampeth, Nagpur, Maharashtra	India
S1-538919416	Family Specialists Inc.	4031 Playa Del Rey Drive, Alamogordo, NM	US
S1-733710079	Foods Kudos Realtors Private Limited	C/O Nadaf Rajesh Wazeer, Ahmeed #900/D3C Nituvalli, Davanagere, Davangere, Karnataka	India
S1-368756883	Iceberg Consultancy Private Limited	Uttar Pradesh, 2/348 Mission Road Rasra District, Ballia	India
S1-568713005	Z+ Office Inc	25677 Wooddale Road, Nisswa, MN	US
S1-709634061	Crawford Green Kimco Inc	4 Pine Valley Drive, Charleston, WV	US
S1-884776187	Warren Cleaning	NY, Greenwich, 22 Van Ness Avenue	US
S1-857277118	Sigma Media Pvt. Ltd.	23, Shivkunj, Northsunderwas, Udaipur, Rajasthan	India
S1-320574665	Health Institute V	2205 Boston Road, Unit H71, Wilbraham, MA	US
S1-559596870	Piedmont Partners	186 Nobscussett Road, Dennis, MA	US
S1-399771569	Nirvi & Brothers Private Limited	No. 109, 11Th Cross, 7Th Main, Malleshwaram, Bangalore, Karnataka	India
S1-676766644	Shiva Enterprises Pvt Ltd	Delhi, 21 Jor Bagh Colony Road, South Delhi, New Delhi	India
S1-187201941	Enterprises Bright Supply Private Limited	Pt No 6, F-203, Jhansi Enclave Bhagya Nagar Colony, Kukatpally, Hyderabad, Rangareddy, Telangana	India
S1-201928925	Luckett Great Box	10711 Kirkland Drive, Spotsylvania County, VA	US
S1-159815009	Precision Advanced Grayscale LLC	4427 Star Point Lane, Town Of Grand Chute, WI	US
S1-210582860	Krishna Products	Uttar Pradesh, Ghaziabad, A-33 Smg Main	India
S1-207624026	Firefighters Union Local No 648	1956 W Main Street, Schriever, LA	US
S1-66378595	Better Supply International, LLC	1583 Blackthorne Drive, Waukee, IA	US
S1-50150145	Christ Israel	18713 Birchwood Avenue, Douglas County, NE	US
S1-851426533	Fox Modern Hub LLC	97 Bivens Road, Quitman, AR	US
S1-411284362	Hostetter Institute of Technology	Wise County, 11101 Wren Lane, VA	US
S1-335425597	Gd International Private Limited	Mainpuar, Babhan Toli, In Front Of Gate No.-47, Town/ Vil- Patn, A, Patna, Bihar	India
S1-218717106	Barrientos Siddhi Inc	1875 Rd 150, OH, Antwerp	US
S1-399097157	First Shivam Projects Limited	Centre Shop No. 1, Cts 6977 Krishna Business, Jalna, Maharashtra	India
S1-814956477	Shree Eduventures Private Limited	Bangalore, A.R. Compound Azad Nagar, Bangalore, Karnataka, No.171	India
S1-83071687	Hilary Snider National Long Inc	2910 Highway 35, Rison, AR	US
S1-476196931	Ficlaris Silver Therapy LLC	510 Rothbury Road, Wilmington, DE	US
S1-326386092	Everest	11 Webber Street, Jackson, TN	US
S1-584962672	Straight Edge Tavern Inc	29525 Duxbury Lane, Perrysburg, OH	US
S1-985591858	Metropolitan Foundation	309 Turman Street, Carlisle, IN	US
S1-800271308	# 9 VJ Daedalus	10844 Young Lake Drive, Indianapolis, IN	US
S1-470144774	Jj & Co Company	Ff, Radhakrishna Logistic, Park-B, B/H Bharat Cancer Hospital, 1019-1020, Gujarat, Choryasi, Surat	India
S1-208245847	Morrow Joint P.C.	702 1st Street, La Crescent, MN	US
S1-796506698	Igate Manfin Pvt. Ltd.	No. 32A, 1St Floor, 8Th Cross, Behind Chandus Hotel, Malleswaram, Bangalore, Karnataka	India
S1-259475037	Tildy Dixon Goldman Inc	11418 Town Center Drive, Saint Michael, MN	US
S1-584512013	Neo Recovery Private Limited	C-134 S/F B/P Greater Kailash - 1, New Delhi, South Delhi, Delhi	India
S1-28003288	Moore Federal Starling P.C.	TX, 1941 Clay Street, Houston	US
S1-662368438	Mdue Superspeciality Private Limited	4316, Bahadurgarh Road, Delhi, Sainimarket	India
S1-429730484	Ita Mills Private Limited	C/O M S Sunkapur, Munjunathnagar, Dharwad, Dharwad, Dharwar, Karnataka	India
S1-300386709	Thomasin Petty Insurance LLC	31 Hillcrest Heights, Pikeville, KY	US
S1-452390267	Meekins Summit Loan Care	1078 Dotmond Road, Milton, NC	US
S1-434288612	Loralee Aguilar Liquor	815 Ivy Street, Arlington County, VA	US
S1-192875880	Family Care of Marion	1360 450, Marion, IN	US
S1-637801100	Signature Modern Peoples LLC	10 Laurel Ledge, Fallsburg, NY	US
S1-130805315	56/50 Bridge	Elizabeth City, NC, 123 Hawthorne Drive	US
S1-933026965	Nanded Kay Private Limited	Nai Aabadi, Nanded, Maharashtra, House No 1-3-133, Nanded	India
S1-333183211	Nissa Wilmot, DPM	2501 40th Street, Lorain, OH	US
S1-86810768	Pediatric Dental Strategic Physicians LLC	Boston, Unit 2, MA, 117 Greenfield Road	US
S1-732721785	Complete Broadcast Concepts LLC	1252 10th Avenue, Longview, WA	US
S1-232239445	1681 Center Avenue Owners Corp	2350 I19 Frontage Road, Green Valley, AZ	US
S1-363244812	One Technology	306, Mumbai, Maharashtra, Mumbai City, Suparshav, S P Nagar, Mulund West	India
S1-592854949	Precision Digital Enterprises Inc	1747 Hwy 146, Kemah, TX	US
S1-900855002	Dermatology Piedmont Physicians L.L.C.	Mannford, 27663 61st Street, OK	US
S1-747646140	Davis Canary Corp	19607 384th Street, Auburn, WA	US
S1-10648638	Twisted Seafood Corporation	6305 Whitaker Farms Drive, Indianapolis, IN	US
S1-301559152	Seven Technology Private Limited	House No. 464, Puthenparampil, Vettoor Po Muttumon Road, Muttumon Jn, Vettori, Pathanamthitta, Kerala	India
S1-363936522	Anchor Software Inc	15509 T C Lea Road, Independence, MO	US
S1-172810269	Aryavart To Corporation	44/1030, Near Gvhss, Srambya, Kundayithode, Kozhikode, Kerala	India
S1-370898913	Rozelle's Certified Medical	171 Buckhorn Avenue, Holly Ridge, NC	US
S1-777030394	Buddha Finance (India) Private Limited	D-40, Gf, Mayfield Garden, Sector-50, Gurgaon, Haryana	India
S1-21946102	Golden Consolidated LLC	103 Wineberry Lane, Malta, NY	US
S1-993246645	Blue Foundation	Bihar, Runnisaidpur, Sitamarhi, C/O Shyama Kumari Postvillage - Morsand	India
S1-139098358	Pun Seafood LLC	1750 Broadridge Drive, Rockingham County, VA	US
S1-852652487	Orozco, Morales and Alexander Company	1113 Bond Street, Denison, TX	US
S1-262176372	Taylor Summit Aldel Inc	232 Bradford Street, Provincetown, MA, Unit 5	US
S1-711424110	Physical Therapy Associates of Mooresville LLC	10070 Jeffery Drive, Mooresville, IN	US
S1-916175965	Digital Mobility Associates LLC	12808 Dogwood Hills Lane, Fairfax County, VA	US
S1-122756760	Arrigo Babcock Inc	MO, Branson West, 98 Starlight Lane	US
S1-604745348	Homer Glen Renewable	12042 Juniper Lane, Homer Glen, IL	US
S1-132094201	Orthopedic American Associates Inc	814 Parallel Street, Atchison, KS	US
S1-236543667	Manav Clinic Private Limited	Shop No. 6, Bhagwati Villav, S Road Virar East, Virar, Thane, Maharashtra	India
S1-482840052	Heart Trust	116 Birchwood Lane, Whitestown, NY	US
S1-23727664	Abhay Consulting Pvt Ltd	P.No. 27, Hastinapur Colony, Karni Palace Road, Panchyawala, Jaipur, Rajasthan	India
S1-41036077	Magadh Brothers Private Limited	Flat No 82 Green Paradise Apartment, 31-9 Valmegi Street, Subramania Nagar, Salem, Tamil Nadu	India
S1-172343176	Coastal Federation	3788 Sacramento Road, Golden Valley, AZ	US
S1-644068221	Continental Star Indonesia	892 B, Leonard, MO	US
S1-414640299	Town & Brothers Private Limited	108, Narwana Apartments, Ip Extension, Patparganj, East Delhi, Delhi	India
S1-336969349	Cinder LLC	480 Butterfield Trail, Unit 17, Gila Bend, AZ	US
S1-42701412	Balaji Software Private Limited	Gour Enclave 82-A, Dr. S. C. Banerjee Road, Kolkata, Howrah, West Bengal	India
S1-689616522	Losais Super, Inc	1115 28th Street, Minneapolis, MN	US
S1-80595908	Eddings Renaissancere Inc	600 Bayview Avenue, Unit Suite 102, Hempstead, NY	US
S1-416061654	ZH Rigs Limited	4Th Floor - 05, J. B. R. Arcade, Opp. Satyam Complex, Sola Science City R, Oad, Ahmedabad, Gujarat	India
S1-994157120	Midwest Program Care	445 Main Street, Unit 51, Manchester, CT	US
S1-337802862	Golden Media	Room No 15, M 1 Line, G Sector, Cheetacamp, Trombay, Mumbai, Mumbai City, Maharashtra	India
S1-18957160	Advanced Choice Trust, LLC	21427 Spring Creek Circle, Humble, TX	US
S1-275126491	Integrated Inpoint PLLC	309 Cowan Street, Burgaw, NC	US
S1-580601330	Grande Appliance	City Of Reedsburg, WI, 711 Plum Street	US
S1-602491523	Green Structurals Pvt. Ltd.	D-401 Mahima Panorma, Jaipur, Rajasthan	India
S1-195985682	Kukreja (India) Investments Limited	9/834 -22, Ernakulam, Kerala, Confident Gem, Nilampathinjamugal, Rajagiri Valley Post, Kakkanad	India
S1-406915043	Evvy Hoang Piedmont Accounting LLC	1068 Wagoner Drive, Wilmington, DE	US
S1-864175440	Providence Arts Private Limited	C/O Surya Laxmi G, S C Colony Gunkala, Vizianagaram, Andhra Pradesh	India
S1-725828604	Hernandez, David & Verhoff LLC	2456 Needham Road, Needham, AL	US
S1-595287761	Carvalho & Lopes	710 Bruce Court, Herndon Town, VA	US
S1-860753598	Behavioral Health Care Inc	10735 N Dakota Street, Tigard, OR	US
S1-66941118	Lotus Solutions	203, Desire Residency, Ahinsa Khand2 Indirapuram, Ghaziabad, Uttar Pradesh	India
S1-966873042	Tedi Williams Shore LP	9418 Green Mills Drive, Houston, TX	US
S1-345057216	Bright International Private Limited	Afjalpur, Gulbarga, C/O Shreedhar Sanadani, Mashal Afzalpur Gulbarga, Karnataka	India
S1-3854535	Blakney & Mendieta Markets	3800 Saint Barnabas Road, Unit 111, Suitland, MD	US
S1-800819564	Vidya Energy Private Limited	Flat No-48 T/F, Sect-18-B Dwarka Ph Ii N, New Delhi, South West Delhi, Delhi	India
S1-609449796	Dynamic Engineering	X/337, Manoli Parambil, Vrindavan West Kadungalloor P.O, Aluva, Ernakulam, Kerala	India
S1-288015975	Joy Brooks United Huntington Inc	6783 Spruce Hill Court, Fauquier County, VA	US
S1-816580955	Big Builders Private Limited	Fl No-205, Pl No-1959/2400, Gothapatna, Bhubaneswar, Khordha, Orissa	India
S1-225784942	Coopersmith & Vanhouten Aegon	WI, Town Of Rice Lake, 2351 22nd Avenue	US
S1-511875503	Triton Charitable LLP	A11 Pebblebay Apt Nti Lay, Out 71/194, 1St Main Road, Bangalore North, Bangalore, Karnataka	India
S1-755634569	Gulf Egh LLC	520 Montgomery Road, Berkshire, VT	US
S1-695140186	Inna Mckim Communications	4110 College Avenue, Indianapolis, IN	US
S1-601920120	Concordia Gutierrez Choice Charter Inc	119 Polizzi Road, Unit Apartment 1, Carlisle, NY	US
S1-496797226	Real Tech Limited	Jhansi, Uttar Pradesh, Jhansi, Nandoo 838/2A Ritubehar Near Home Gurad	India
S1-307833685	Blue Cleaning Service Associates	8168 Rd Bailey Highway, Brenton, WV	US
S1-28487400	Royal Infra Private Limited	No15/1 185/2 185/A, 18Th, Main Road 9Th Block, Bangalore South, Bangalore, Karnataka	India
S1-907382016	Modern Vision Consultants Private Limited	Flat No-201, 2Nd Floor, Green Diamond Oshiwara Park, Oshiwara, Jogeshwari (We, St), Mumbai, Mumbai City, Maharashtra	India
S1-198436962	Enterprises Yes Women Corporation	C/O Ramdas Gound S/O Ghasiram Gound, Alode Dangidhana Narsinghpur, Narsinghpur, Madhya Pradesh	India
S1-624997728	Brant Cslm	130 Crestwood Drive, Giles County, VA	US
S1-798288765	Shubham & Sons LLP	Satyendra Bhawan Chakaudilal Pathak Ward, Ram Niwas Marg, Bhatta Mohalla, Katni, Madhya Pradesh	India
S1-631930256	Office of Public Works	2674 San Rafael Place, Fl 0, Saint Louis, MO	US
S1-114692964	Golden Analytics Works Inc.	32 Clinton Street, Whitesboro, NY	US
S1-268529297	Barman Energetics, Inc	19 Manning Street, Unit 3, Woburn, MA	US
S1-882476264	Mel Smith Distribution LLC	9420 Farmstead Ln, Louisville, KY	US
S1-609936414	Empire Prairie Foods LLC	7104 15th Avenue, Richfield, MN	US
S1-163210319	Novos Surgical L.L.C.	8504 Chilte Pine Road, Albuquerque, NM	US
S1-390321269	Cozy Diner	8632 La Fonte Street, Houston, TX	US
S1-306680485	Classic Consulting Private Limited	H.No 49, 2Nd Flr Sanjay, Nagar Mangolpur Kalan, North West Delhi, Delhi	India
S1-943566247	Nevarez Corporation	OR, 2742 6th Drive, Redmond	US
S1-366055613	Cornerstone Platinum Mission LLC	320 Mulberry Street, Lewes, DE	US
S1-268801555	Sree Investments	143/70 3Rd Cross Govt School Road, Marathahalli, Bangalore, Karnataka	India
S1-426006898	Empire Charities	7039 Us Highway 68, KY, Benton	US
S1-505220095	Greer Immunopharma of Seymour LLC	317 Park Street, Seymour, IN	US
S1-596980751	FX Elite View LP	2602 Quail Avenue, Phoenix, AZ	US
S1-611378303	Flint Inc	4604 Eaton Avenue, Muncie, IN	US
S1-30056058	Osprey Group	231 Silvermine Avenue, Norwalk, CT	US
S1-79396500	Wilson Cambridge	1620 Quartz Avenue, Redmond, OR	US
S1-545524190	Dyke Egh	63440 2466 Road, Canton, OK	US
S1-571872541	Olympia Dozier Harmony LLC	OH, 2836 Ironwood Drive, Springfield	US
S1-84588667	Jalaram (India) Infraprojects Private Limited	Mandya, # 185, 4Flr, Hotel Amarav, Nh275 Srinivasapura Gate, Karnataka	India
S1-812302447	Hatfield Better Medical	NY, 22 Luke Court, Staten Island	US
S1-249895473	Direct Education Services Inc	3143 Hwy 45, Eastview, TN	US
S1-842683935	Pacific Twelve	3105 12th Avenue, Huntsville, AL	US
S1-353473627	Cure Hair Studio	2160 Darnell Road, Morristown, TN	US
S1-691901322	East Academy Private Limited	Vikash Nagar, Murthal, Road, Near Pump, Sonipat, Sonipat, Haryana	India
S1-896661706	Compass Group	389 Fruit Tree Lane, AL, Fairhope	US
S1-593820675	Orbis Motors LLC	17166 Millbrook Drive, Victorville, CA	US
S1-632991283	Shiva Business Private Limited	U-18/3, Ground Floor Pink Town House, Dlf Phase-Iii, Gurgaon, Haryana	India
S1-584930798	RM Estate-Delhi	A-12, 1St Floor, A Rama Road, Block A, Delhi, North West Delhi, Delhi	India
S1-873439861	Diamond Metro Americas	8930 Lincolncreek Circle, Indianapolis, IN	US
S1-128002929	Pan Academy Co	F-110, Laxmi Nagar., New Delhi, East Delhi, Delhi	India
S1-549220960	Jones, Dejesus & Vega LLC	700 Belle St, Louisville, KY	US
S1-616050501	Big 65 Coffee	12491 Hanks Road, Concrete, ND	US
S1-914013708	Reva Investments LLC	151 Prarie Street, Perrysville, IN	US
S1-942932885	Shannon Seas, LLC	1719 Mikes Drive, Garden City, KS	US
S1-297846692	Ganpati (India) Solutions Private Limited	No. 460, 11Th Main Rajmahal Vilas Extension, Bangalore, Karnataka	India
S1-673399734	Egli, Kloosterman & Craft LLC	1536 Cinnamon Drive, West Salem, OH	US
S1-193155793	Jagan (india) Pvt Ltd	5 D 207 Jai Narayan Vyas Colony, Bikaner, Rajasthan	India
S1-57104471	ZA Consolidated LLC	126 Beechmont Drive, Morganton, NC	US
S1-428557661	Grow Developers Private Limited	33 Kabir Road, Kolkata, Calcutta, West Bengal	India
S1-282790274	PY Systems Limited	House No C-364, 2Nd Floor, Blk-C, Pitampura, Delhi, North West Delhi, Delhi	India
S1-276971209	Codex Brothers Pvt. Ltd.	Maharashtra, Thane, Bhayander (East), C-03, Sheetal Industrial Estate, Mira Bhayander Road	India
S1-168323018	Metro Capital Inc	3710 Wheeler Ave, Louisville, KY	US
S1-149377191	Apex Intelligence Inc	2340 Ridge Top Drive, Sharon Township, OH	US
S1-905609702	Commission on Transportation	1 Bere Circle, Bella Vista, AR	US
S1-632295860	Sai Investment Private Limited	266/5/A, D. H. Road, Kolkata, Kolkata, Howrah, West Bengal	India
S1-61592434	Gujarat Media Pvt Ltd	G.No.720, 721, 723 (P), 733, Ellice Fl.-703 Nyati Elan, Haveli, Pune, Maharashtra	India
S1-53925552	Horizon Advantage LLC	913 Shellbrook Court, Unit 4, Raleigh, NC	US
S1-159556914	Sneha Servicesprivate (India) Private Limited	Ls-2/539 Sector - F, Jankipuram, Lucknow, Lucknow, Uttar Pradesh	India
S1-237965030	Tony Martin Choice Wilco Inc	4842 Sunset Terrace Lane, Unit APT D, Fair Oaks, CA	US
S1-670138833	Chiodo Prairie World Inc	Eloy, AZ, 314 14th Street	US
S1-663991730	Dermatology Piedmont Clinic LLC	Akron, OH, 370 Keith Avenue	US
S1-362298489	Jo-Ann Yelverton Payments Inc	1704 Boyd Avenue, City Of Racine, WI	US
S1-945525729	Data Marine Associates LLC	320 Cherokee Drive, Harker Heights, TX	US
S1-753601044	Bangalore South Packaging	No. 12/2, Koramangala Industrial Layout, Ward No. 68, Ejipura, Pid No. 68-4-12/2, 3Rd Block, Koramangala, Bangalore South, Bangalore, Karnataka	India
S1-968419338	Last Desert Park	564 Farragut Parkway, Hastings-on-hudson, NY	US
S1-104263752	Moran Williams	300 Anderson Street, New Boston, TX	US
S1-470180942	LEZ Valuence LLC	2801 Encino Avenue, Bay City, TX	US
S1-602144510	International Management Private Limited	C-93, G/F, Ring Road, Ndse-Ii, Delhi, New Delhi, Delhi	India
S1-682233613	Silvana's Automotive	727 Washington Street, Bedford, OH	US
S1-370189640	Lizzie's Better Interiors	2601 127th Avenue, Avondale, AZ	US
S1-733704581	Galeno Big of Glendale LLC	9413 55th Avenue, Glendale, AZ	US
S1-403338901	Digital Exports Pvt Ltd	Surya Sen Pally, Chakkanthalia, Po- Sewali Teleni Para, Kolkata, Parganas North, West Bengal	India
S1-368495494	Metro Alliance	CT, 5 Garrison Drive, Guilford	US
S1-329466008	Luper & Roche Inc	2505 Lizard Lick Road, Zebulon, NC	US
S1-678800909	Hari Services Private Limited	# 1-10-221/A, 1St Floor, Street No.5 Opp: Ocb Bank Lane, Ashok Nagar, Hyderabad, Telangana	India
S1-922177817	Nydia A. Richard, DDS	6117 County Lane 272, Carl Junction, MO	US
S1-537811245	Physical Therapy Regional Care Associates Inc	3916 Lynette Drive, Amarillo, TX	US
S1-662486161	Foundation Bhagyalaxmi Marketing	Bally Jagachha, West Bengal, 435/1, G.T. Road, North, Room No.-104, 1St Floor, Trpl Orchid Residency, Howrah	India
S1-470083089	Nimaum Mountain Nextera Inc	131 Country Lane, Superior, MT	US
S1-148274973	Ankrom Advanced Drive	3405 Bee Hive Drive, Raleigh, NC	US
S1-807015150	A Cure 4 You	309 Stone Mountain Rd, Vilas, NC	US
S1-824027443	Crigler Great Coca LLC	21999 Poe Valley Road, Klamath Falls, OR	US
S1-171294685	Ubique Technologies Limited	C-204, Shyam Paradise, Sci. City Rd., Sola, Ahmedabad, Gujarat	India
S1-510315476	Br Trust	Sf 2, Shreeji Complex, Near Astapad Society Pani Ki Tanki, Char Rasta, Karelibaug, Vadodara, Gujarat	India
S1-68902297	Applied Staffing Union Inc	508 Robin Drive, Duenweg, MO	US
S1-647051370	Willoughby Certified Heritage	9623 Winter Bloom Lane, Houston, TX	US
S1-404791105	Mcafee Bay Critical LLC	4530 Riverbank Road, Richmond, TX	US
S1-405544735	Atlantic States	23 Pollard Road, Unit Unit 2, Hannibal, NY	US
S1-852104213	Beijing & Brothers Private Limited	Agra, Uttar Pradesh, Plot No.8 Maharsheepuram, Mauja Kakretha, Sadar	India
S1-882965519	Gold Developers LLP	C/O Vindhyvasini Yadav, S/O Banwari Lal 146/B, Chunni Munni Ki Gali, Tiwarani To, La, Mirzapur, Uttar Pradesh	India
S1-966072102	Pioneer Horizon Furniture	9008 Hamilton Avenue, Chicago, IL	US
S1-878795316	Rama Engineers Private Limited	Bhavnagar, G-2/3, Gujarat, Leela Efcee, Near, Aksharwadi, Waghawad Rd	India
S1-479461344	Moreno Health Center	12 Thistlewood Lane, De Witt, NY	US
S1-213526215	Young, Hicks and Starr Renaissancere LLC	401 Neal Avenue, Salina, KS	US
S1-728375816	Department of Labor	3 Rempsen Street, Trumbull, CT	US
S1-288571997	Southern Media Pvt Ltd	4 - D/7, Siddharth Nagar, Aundh, Pune, Maharashtra	India
S1-955888583	Digipro Sevalal Company	C/O Hari Shankar Ram, Pachrukhi, Siwan, Bihar	India
S1-527818886	Lacey Moore Capital LLC	490 Mooretown Road, Riegelwood, NC	US
S1-491723486	KVA Restaurants Private Limited	Pune, Maharashtra, Bldg 59/1 Scheme No 10 Sector 21 Pcntda Nigadi	India
S1-1586160	Anand International Private Limited	101, Shubh Jyot Chs, Opp. Shraddha Farshan, Ghantali Mandir Road, Ghantali, Thane, Maharashtra	India
S1-247871354	Daisie Miles Chesapeake LLC	3949 Victory School Road, Avinger, TX	US
S1-755419732	Behavioral Health Specialists of Johnston, Corp	6770 Trail Ridge Drive, Johnston, IA	US
S1-120799652	Horizon LLC	805 Mckellips Road, Mesa, AZ	US
S1-815949700	Virgo Devcon	No.36, Adimoola Perumal, Koil Street, Chennai City Corporation, Chennai, Tamil Nadu	India
S1-283275132	Jai Baba Power Pvt Ltd	89, New Dhan Mandi Anoopgarh, Jaipur, Rajasthan	India
S1-885185102	Ahmadabad City Electro Center	Blockb-Tf-18-21, Pushpdeep, Industrial Hub And Arcade, Ahmadabad City, Ahmedabad, Gujarat	India
S1-804416559	Innovative Construction	12317 Overlook Mountain Drive, Charlotte, NC	US
S1-143477863	Anand Galaxy Services Private Limited	No.692/4/1, Ground Floor, 6Th Block Dr. Rajkumar Road, Rajaji Nagar, Bangalore, Karnataka	India
S1-287962969	Shree Systems Private Limited	48 Bunglow Road, New Delhi, North Delhi, Delhi	India
S1-119741422	Ledford & Dillon	1601 Wilmeth Road, Bldg BLDG Y, Mckinney, TX	US
S1-906770073	Laxmi Software Private Limited	Second Floor, 253 & 295, Opp.Sotc Office Near Navrangpura Police Station, Ahmedabad, Gujarat	India
S1-795229530	Super Probuild Private Limited	8-2-239/82/A/70, Anushu Colours, Gr Flr, Road No. 9, Jubilee Hills, Hyderabad, Telangana	India
S1-419717732	Lukens Silver Utility Inc	605 Winterfield Drive, Unit 3504, Hutto, TX	US
S1-945987817	Dental Frontier Associates L.L.C.	302 Maple Street, IA, Runnells	US
S1-485737378	Green Foundation Private Limited	1St Cross R M V 2Nd Stage, Karnataka, 3Rd Block, # 590 1St Main, Bangalore	India
S1-411857435	Pune Tools Private Limited	Sr.No.397, Flat No.C-5 Bdta Apartment, Shankar Sheth Road, Pune, Maharashtra	India
S1-995779254	Bell Express Home Care LLC	40059 53, Fl 7361, Village Of Pigeon Falls, WI	US
S1-78026146	Shiv Industries Private Limited	C/O Gaurinandan Cold Storage, At Amodra Ta Prantij, Himatnagar, Sabarkantha, Gujarat	India
S1-914157289	Al Hospitality Pvt Ltd	Office No.314, Lalbhai Contractor Complex, Building-B, Navdi Bandar, Nanpura, Surat, Gujarat	India
S1-998886273	Jimenez, Tomlin and Sellers Suisse, Inc	3448 Oak Road, Stow, OH	US
S1-659445044	Bangalore Foundations Private Limited	Bangalore, No.1703, Karnataka, 3Rd Floor, 19Th Main, Hsr Layout Sector 2, Bangalore	India
S1-992671288	Foot & Ankle Health, Inc	2429 Rice Street, Chicago, IL	US
S1-303277005	Secure Textile International LLC	3705 Adkisson Drive, Unit 207, Cleveland, TN	US
S1-247558059	Complete Digital Services Inc.	5165 Liberator Drive, Kearns, UT	US
S1-204802905	Mbg Group of Companies	310 Gidc Estate Halol, Village Pratappura, Halol, Panch Mahals, Gujarat	India
S1-42612988	Zenith	2900 V, Snyder, TX	US
S1-512700526	Research Easy Ltd	G-151, Gurgaon, Haryana, Greenwood City Sector-40	India
S1-964222117	Kaylee Bryant Pioneer Systems	3768 Springwood Drive, Columbus, OH	US
S1-89731812	India Karthik India Private Limited	Property No. 505, Th/F, Sector-19, Dwarka, Delhi, South West Delhi, Delhi	India
S1-446303734	Rocky Boral Partners	1031 Le Green Street, Houston, TX	US
S1-546271973	Aadhavan Realtors Pvt. Ltd.	Agra, Kaveri Center Sanjay Place Opp. Azad Petrol Pump, Agra, Uttar Pradesh, 57/2	India
S1-729800328	Bedyne	WI, 418 Presidential Lane, City Of Madison	US
S1-563433668	Bright Developers Private Limited	Plot No.15, Sector 4B, Avas Vikas Colony, Agra, Uttar Pradesh	India
S1-373378346	Dreams India Private Limited	Bf-38, Radhe Business Empire Village Aslali, Taluka Daskroi, Ahmedabad, Gujarat	India
S1-434974112	Pac Fashions Pvt Ltd	Gurugram, Gurgaon, Ambedkar Nagar, Haryana, H No. 204	India
S1-209558441	Lucky Bakery	1885 Kempton Drive, Columbus, OH	US
S1-430675694	Brassard, Rosales & Peacock LP	400 Joy Street, Corning, AR	US
S1-974705512	Sterlite Security Pvt Ltd	No.1031, 20Th Main, 5Th Block, Rajajinagar, Bangalore, Karnataka	India
S1-503035690	Metro Charities IV	505 Piccadilly Row, Unit 47, Nashville, TN	US
S1-673198805	Atlantic Consumer Systems Inc	6484 7th Street, Fairfax County, VA	US
S1-546998442	Chiropractic Associates Inc	1623 16th Avenue, Childersburg, AL	US
S1-60358981	Blue Nails	1241 9th Street, Unit UNIT 2, Upland, CA	US
S1-710488352	Nexan Cal Partners	6200 Alamosa Clearing Drive, TX, Austin	US
S1-74109985	Bombay Estate	Anne Circle, Nr. Ganesh Dairy, Anand, 102, Anand, Gujarat	India
S1-29569364	Trotman & Wadsworth Ship	501 11th Street, Weleetka, OK	US
S1-94258001	Agnese Fischer Texas, PLLC	130 Huckleberry Street, Amelia, OH	US
S1-688034667	Unique Logistics Private Limited	K.H No.-70/3/2 (B-33) Iind Fllor, Mangol Pur Kalan, Delhi, North West, Delhi	India
S1-535163632	Marina Management Pvt Ltd	North West Delhi, Delhi, Plot No. B-08, Gditl Tower Netaji Subhash Place, Pitampura, Unit No. 511	India
S1-35606788	Lindgren, Smith & English LLC	2851 Vermilion Drive, Cook, MN	US
S1-934094686	Premier Consulting Private Limited	C/O Abhay Palve Flno 05 Amruti Apts Nr Veena Soc K.J.Mehta Rd Nashik Rd, Nashik, Maharashtra	India
S1-667712553	Fresh Massage	9309 Muskberry Cove, Austin, TX	US
S1-300382237	Solutions Rdl Developer Limited	1Rst Floor, Lohiya Bhavan Opposite B. N. College, Ashok Rajpath, Patna, Bihar	India
S1-124327542	KN Mountain Healthcare Corp	DE, Felton, 199 Blaine Drive	US
S1-915142901	Ventures Achintya Laboratories Private Limited	H.No-617, Mohana Road Village Chandawali, Ballabgarh, Faridabad, Haryana	India
S1-215096838	PXQ Ace Fortune Partners	Hillsboro, Fl 1, OR, 1554 57th Avenue	US
S1-7989389	A All Precision Inc	MA, Ashland, 38 Presidents Row	US
S1-846614219	Surgical Supreme Partners	802 Coshocton Avenue, Mount Vernon, OH	US
S1-292202522	Silver Music Inc	610 Catarina Street, Benson, AZ	US
S1-320887895	Benny Harrell Wave	207 Cornell Pl, Saint Matthews, KY	US
S1-904110312	First Infra Private Limited	237/B, Satin Sen Sarani, Kankurgachi, Kolkata, Howrah, West Bengal	India
S1-537150564	Ganga & Associates Private Limited	16, A Wing, Om Shiv Sai Chs, Vasantrao Naik Marg, Joglekar Wadi, Sion Fish Market, Sion Ea, St, Mumbai, Mumbai City, Maharashtra	India
S1-291491652	Vikas Solutions Private Limited	C/O Savita Tripathi, Ward No.3 Near Dysp Office, Gangapur, Bhilwara, Rajasthan	India
S1-629264584	Abode Technology Pvt Ltd	Tondiarpet Fort St George, Muthu Mudali Street, Tamil Nadu, 30, Chennai	India
S1-711068427	Bombay Software Private Limited	Ward No. 20, Vidisha, Gram Hydergarh, Madhya Pradesh, Vidisha	India
S1-778260507	Ridge Fund	644 Florence Heights Drive, Unit 1, Florence, AZ	US
S1-734607053	North Industries LLP	246, Ph-Iv, Udyog Vihar, Gurugram, Industrial Complex Dundahera, Gurgaon, Haryana	India
S1-241806259	Internal Medicine Specialists LLC	N63W23789 Main Street, Village Of Sussex, WI	US
S1-58313302	Hotel Logistics Private Limited	Uttari Shahi Colony Post Hazipur, Hazipur, Vaishali, Bihar	India
S1-274657001	Daum Green Stock Inc	1178 Weyant Avenue, Columbus, OH	US
S1-530798133	South Concord LLC	8188 Highland Drive, Unit D2, Sandy City, UT	US
S1-984795055	Apex Genomic Innovations Inc	12626 High Meadow Drive, Dallas, TX	US
S1-488913365	Gulf Charities	18915 Barrington Grove Trace, Richmond, TX	US
S1-369567641	Harmonie Berger Boston Inc	35242 Lewis Loop, Champion, NY	US
S1-19114474	Infinity (India) Med Limited	Plot No.372, Bhatkal, Uttara Kannada, Quasre Salman, Shamshuddin Road, Nawayath Colony, Bhatkal Taluk, Karnataka	India
S1-66166256	Indo & Co	Plot No.23/20, Samrat Ind. Estate - 1 Near Dindoli Godadara Rail Fatak, Surat, Gujarat	India
S1-239155966	Velasquez and Church Mellon LLC	22231 6th Place, Bothell, WA	US
S1-89484272	Tech Builders Private Limited	8, Sugam Society, Rander Road, Surat, Gujarat	India
S1-141936141	Adria Day Insurance	Village Of Deerfield, 302 Washburn Road, WI	US
S1-559664752	Machado Trading Clinic	1133 59th Avenue, Portland, OR	US
S1-900998819	Historical Guild	32 Oakwood Road, Milan, TN	US
S1-889728298	Sterling Wisconsin LLC	Diamond, MO, 19110 Newton Road	US
S1-576679092	Dmt House Private Limited	703, Lotus Signature, Suresh Sawant Road, Mumbai, Maharashtra	India
S1-161722350	Sandy City Literacy Network	9206 700, Unit 422, Sandy City, UT	US
S1-666369967	Pediatric Dentistry Frontier Physicians	7808 Mulligan Avenue, Burbank, IL	US
S1-575848630	Pediatric Dental Bay Medicine Corporation	NC, 6521 Gateridge Drive, Unit 107, Raleigh	US
S1-547822535	Hitech All Services	Shemaroo House, Plot No, 18, Marol Co-Op Industrial Estate, Sagar Bang, Marol Naka, Opp Andher, I Kurla Rd, Andheri East Mumbai, Maharashtra	India
S1-467575605	Mevue Hudson Inc.	MN, 8888 Cottonwood Lane, Maple Grove	US
S1-582242301	Sahyadri & Associates	C/O Kuwar Singh Gaholiya, Chilauli, Kanpurdehat, Kanpur Dehat, Uttar Pradesh	India
S1-156386805	Jones Media, LLC	144 Song Sparrow Lane, Vonore, TN	US
S1-605050902	Louise's Biotech	6605 Empire Court, Maple Grove, MN	US
S1-297862936	Natalie T. Taylor, O.D.	29 Avon Road, Hempstead, NY	US
S1-690870479	Gonzalez and Gallagher LLC	16 Emily Lane, East Hampton, CT	US
S1-250105487	Indo Technologies Pvt Ltd	3-B, Third Floor, Plot No- Rz-99, Raj Nagar  Ii, Palam Colony, Near Dada, Dev Marg, New Delhi, West Delhi, Delhi	India
S1-947828307	Urgent Care Health	5 Woodside Park Drive, Amelia, OH	US
S1-384096843	Verdant Amruttulya Private Limited	West Manickpur P.O. Delta Mill, P.S. Sankrail, Howrah, West Bengal	India
S1-165991619	Family Physicians Inc	991 Rainbow Trail, Orange, CT	US
S1-219373666	Reuther Charter	4777 Rush Meadow Road, West Windsor, VT	US
S1-39555251	HJ Group	Half Basement No. 1, Sandhya Deep Building 15, East Of Kailash, New Delhi, South Delhi, Delhi	India
S1-621662435	Henehan Pharmaceuticals Santa Cruz	1440 Jose Avenue, Unit 304, Santa Cruz, CA	US
S1-424382517	Shiva Royal International	4Th Floor, Mahavir Sadan, 34 Balaram Street, Grant Road, Mumbai, Maharashtra	India
S1-85687231	Chiropractic Certified Medicine	6466 Waterloo Road, Atwater, OH	US
S1-170738021	Geva Tire Shop LLC	2803 Garapan Drive, Dallas, TX	US
S1-101978075	Kestyn Acquisitions	5713 Sodus Shores, Sodus, NY	US
S1-327326648	Golden Yoga	5106 Wilson Road, Unit 1301, Radcliff, KY	US
S1-945856135	Ganpati (India) Infra Pvt. Ltd.	No. 204, Al Karim Apartment, Chambalghati S University, Patna, Bihar	India
S1-513541173	Cornerstone Empire Triton	311 Lake Street, Minneapolis, MN	US
S1-629994611	NQ Investment Private Limited	B-105, Omicron 1A Greater, Noida Gautam Buddha Nagar, Noida, Gautam Buddha Nagar, Uttar Pradesh	India
S1-932359405	Data Medical Union Group	147 11th Street, Unit B, Washington, DC	US
S1-721321702	FUE Pgim Clinic	263 Somers Cove, Crisfield, MD	US
S1-359583484	HJZ Storm Limited	Bangalore, No. 31 Shop No 1 Vaderahalli Village Munishwara Layout, Bangalore, Vidyaranyapura Post, Karnataka	India
S1-430346716	Dental Capital Care Associates	3226 Indian School Road, Unit C228, Phoenix, AZ	US
S1-859911889	Veus Inc.	666 Plymouth Avenue, Unit Apartment 209, Rochester, NY	US
S1-810953097	Bright Cafe PC	Bridgeville, 23537 Linkside Drive, DE	US
S1-525466236	Cure Massage Care	651 I Street, Ontario, CA	US
S1-18334795	Smb Legacy Pvt. Ltd.	New Delhi, South Delhi, Delhi, 63 Eastern Avenue Sainik Farm	India
S1-38037015	Pena Total Eaton	14034 Lago Creek Court, Rosharon, TX	US
S1-931013738	Laverne Muck, P.A.	132 E View Drive, Mars Hill, NC	US
S1-201757483	Moffitt, Estrada & Rozanski	Knoxville, TN, 1159 Madison Oaks Road	US
S1-652127614	Womens Health Legacy Partners LLC	Norwich, NY, 7 Marshall Street	US
S1-846597367	Lemieux Bulkers	3904 21st Street, Sioux Falls, SD	US
S1-924735190	Hamlet Cancer Guild	838 Boyd Lake Road, Hamlet, NC	US
S1-607767617	Physical Therapy Medicine	1520 2nd Avenue, Unit B, Leavenworth, KS	US
S1-71598567	Ganpati Marketing Private Limited	Nina Apartment, Shop- 3, 925 Synagogue Street, Pune, Maharashtra	India
S1-71089635	Kolkata Swasth Private Limited	Dc 116 Narayantala (W)Deshbandhu Nagar Vip Road, Kolkata, Calcutta, West Bengal	India
S1-34804409	Williams's Elite Couture	3505 York Street, Farmdale, OH	US
S1-937879406	Aili Redding Pioneer Can LLC	100 Alanthus Lane, Hedgesville, WV	US
S1-87901921	Nikon (India) Sanitation Private Limited	Cst S. No. 151 To 154, Building No. A, 4Th Floor, Flat No. 19, Mohammedwadi, Hadapsar, Pune, Maharashtra	India
S1-731100382	RP Diamond John	813 Longview Drive, Detroit Lakes, MN	US
S1-394763596	Green International Private Limited	R/O. Village Mamura, Roshan Complex, Sector-66, Gautam Budh Nagar, Noida, Gautam Buddha Nagar, Uttar Pradesh	India
S1-424581904	YB Mobility LLC	184 Green Acres Road, Hartford, ME	US
S1-114070298	BN Fund Ltd	Villa No N4, The Allure, Sf No 97/3B1, Kalapatty East, Thangaman Kovil Road, Coimbatore South, Coimbatore, Tamil Nadu	India
S1-725840276	Out (India) Energy Pvt Ltd	701, Pune, Mangalwar Peth, Maharashtra, Block 2, Llyods Chambers, Barne Road	India
S1-414389688	New Delhi Naturals Private Limited	Flat No-30, Gh-13, Paschim Vihar, New Delhi, West Delhi, Delhi	India
S1-3365322	The Dent Nails Partners	10 Maryview Lane, Fl 0, Saint Louis, MO	US
S1-38553347	Chennai Engineering Limited	No 47, Prestige Point, Ground Floor, Haddows Road, Nungambakkam, Chennai, Tamil Nadu	India
S1-88014774	Chennai Financial Limited	No.1, Ottapillaiyar Koil Street, Virugambakkam, Chennai, Tamil Nadu	India
S1-509468429	Board of Education Inc	12480 Rutherford Road, Gentry, AR	US
S1-88214827	Aarvaksh Consultantsprivate Limited	C/O Shanti Devi, Ind. Area, Near Trimurti, Bikaner, Rajasthan	India
S1-867331725	Dirks Metals PC	3221 Hilliard Avenue, Killeen, TX	US
S1-132191822	Quality Seva Samiti Group	F-149, First Floor, Plot-47, Haware Fantasia Business Park Complex, Sector 30A Road, Vashi Navi Mumbai, Thane, Maharashtra	India
S1-956182475	Gripset Enterprises Company	D.No. 47-9-33, Satyam Plaza Flat No.302, Iii Lane, Dwarakanagar, Viskhapatnam, Andhra Pradesh	India
S1-752349961	Prairie Worldwide	58 Halbach Court, City Of Fond Du Lac, WI	US
S1-14672724	Oncology Care Associates of Huntsville Inc	137 Springview Lane, Huntsville, AL	US
S1-3388399	Chiropractic Clinic Partners	705 Mason Street, Bloomington, IL	US
S1-768293294	Quality Chemical Union LLC	Worcester, MA, 94 Saint Nicholas Avenue	US
S1-234519597	7-Corners Inc	15207 Prairie Court, Culpeper Town, VA	US
S1-240010569	Comaum Clean Surgical L.L.C.	104 Broadwater Avenue, Billings, MT	US
S1-524542730	Urban Massage	15092 4000N Road, Momence, IL	US
S1-634928115	Premier Runway LLC	148 Florida Street, Hutchinson, MN	US
S1-253793476	Devbhumi Ventures Private Limited	S.No 106, A-3, Paras Society Near Indraprastha Hall, Opp Mahavitran, Pune, Maharashtra	India
S1-729357811	Human Rights Society	805 Elk Hollow Court, Crowley, TX	US
S1-749277722	Topaz Promoters Private Limited	H No 466 Behind Jain Park Wagholi Tal Haveli, Pune, Maharashtra	India
S1-652707381	Afi Brothers Private Limited	No.1, Perianna Maistry Street, Chennai, Tamil Nadu	India
S1-533692348	Frontier All Consulting LLC	187 Marions Lane, Saint Marys, WV	US
S1-968949354	Indrora Park Limited	B128, First Floor, Block-B, Sector 2, Noida, Gautam Buddha Nagar, Uttar Pradesh	India
S1-508385494	Heid Truist Group	40376 Waverly Court, Seneca, SC	US
S1-47020748	Ph Memorial Trust	Sen Bagan S M Bose Roadagarpara 24 Parganas(N), Agarpara 24 Parganas(N), North 24 Parganas, West Bengal	India
S1-818899701	Venire Brothers Private Limited	West Bengal, Kolkata, 6A Allenby Road, Kolkata, Howrah	India
S1-269833065	Sushma Seva Samiti	C/O Sk Manjur Hassan Kanksa, Sk Para Panagarh Bazar, Burdwan, Bardhaman, West Bengal	India
S1-117642557	Mumbai Jewellers Limited	R.No 1, Plot No 66, Gate No. 7 Malwani, Malad West, Sai Baba Mandir Rd, Mumbai, Mumbai City, Maharashtra	India
S1-225320081	Desai Brothers Private Limited	Maharashtra, 203, Omega Business Park, Opp Esic Hospital, Thane	India
S1-871194576	Creative Producer Private Limited	House No 312, 1St Floor, Shalimar Village, Delhi, North West Delhi, Delhi	India
S1-728796014	American Montessori School	4510 Rosewood Commons Court, Unit APT, Indianapolis, IN	US
S1-174891872	Technologies Dc Nature Private Limited	H-36-D, Saket, New Delhi, Delhi	India
S1-639339743	Polaris Compania	3 Pleasant Street, Plainfield, CT	US
S1-358051843	Ursulina Digeronimo, CPA, PC	Colleyville, TX, 3300 Bowden Hill Lane	US
S1-771835031	Unified Direct Iheartmedia	IL, 9880 Grimley Street, Huntley	US
S1-773389057	Developers Hussain Global Private Limited	Plot No. H-2-10, Midc Area, Ambad, Nashik, Maharashtra	India
S1-235011986	Martin Marine LLC	700 Kellogg Road, Bellingham, WA	US
S1-503148870	Arihant Consultants Pvt Ltd	Maharashtra, Thane, Swapnadeep Chs Ltd, Thane, Flat No.B/603. Bldg 74	India
S1-512183503	Great Foods Private Limited	16, S.K.B. Sarani, Dum Dum, Kolkata, Howrah, Kolkata, 3Rd Floor, West Bengal	India
S1-501527845	Alpha South Healthcare Private Limited	110/3, Dakshindhari Road, 2Nd Floor Flat No. 5, P.O - Sreebhumi, Kolkata, Parganas North, West Bengal	India
S1-568157022	Certified Petroleum	15306 Twp Rd 3 A, Mcclure, OH	US
S1-367440762	Cure Pilates	1102 K Street, Unit 1, Washington, DC	US
S1-622259978	Anand Developers Private Limited	Haryana, Panipat, Hn 10, Panipat	India
S1-391705583	Sun Power Private Limited	F-282, Bhamashah Industrial Area, Riico Kaladwas, Udaipur, Rajasthan	India
S1-668743292	Galaxy Impex LLP	Guda Gudi Ka Naka Kampoo, Lashkar, Gwalior, Madhya Pradesh	India
S1-735142207	Lyon Diamond Mercator L.L.C.	1218 Walnut Street, Wilmington, DE	US
S1-929753626	Foot & Ankle Health	135 Blueberry Drive, NY, Sanford	US
S1-596165990	Saint Emanuel LLC	2221 Burnwood Drive, City Of Oshkosh, WI	US
S1-849802947	Urban Constructions Pvt Ltd	Plot B/6, Ground Floor Shop, Santlal Society, Hirabaug, Surat City, Surat, Gujarat	India
S1-798098281	VR National Lifesciences	63 Franklin Street, Stoughton, MA	US
S1-105748781	Services Indrayani For Private Limited	New No.32/1, Old No.62/1, Surya Complex, 2Nd Floor, South Sivan Koil Street, Vadapa, Lani, Chennai, Tamil Nadu	India
S1-495378800	Wagaman Management Care	3967 Karl Road, Unit 330, Columbus, OH	US
S1-229102760	Labour & Sons Pvt Ltd	L-4, Sidco G0Vt Industrial Estate Chennimalai Road, Erode, Tamil Nadu	India
S1-797498520	Divakar Trading Private Limited	Maharashtra, Mumbai, 23 Shri Atlanta Co-Op Hsg Socltd Opp St Joseph School M G Rd Kandivli (West), Mumbai	India
S1-221372128	Midwest Tokyo	2060 Division Street, Decatur, IL	US
S1-500874902	Classic Lotus Investments	Plot.No.80, Door.No.9, Radha Mohan Street Sankaran Avenue, Velachery, Chennai, Tamil Nadu	India
S1-885664875	Jallan Services Ltd	Flat No. 386 (Lig) Sector-D, Pkt-6 Vasantkunj, New Delhi, South Delhi, Delhi	India
S1-276641265	Gold Business Private Limited	Infront Of M.L.A Academy, Benta Road Besides Of Uco Bank, Gami Tank, Laherias, Arai, Darbhanga, Bihar	India
S1-409082359	CN Yield LLC	Marana, AZ, 14160 Chaco Journey Avenue	US
S1-947793804	Ortiz, Brian and Mendoza LLC	454 Harvard Avenue, Barrington, IL	US
S1-222326768	Sakura Finlease Private Limited	12, Jalal Road Ambur, Vaniyambadi Taluk, Vellore District, Vellore, Tamil Nadu	India
S1-804011546	Gates Santander LLC	105 Gilbert Street, Swansea, IL	US
S1-684184365	Prime Broadcast Collective LLC	426 Tryon Street, Unit 304, Charlotte, NC	US
S1-717016060	Ananda Foods Private Limited	Springhouse, B1/638A, 2Nd Floor, New Delhi, West Delhi, Delhi	India
S1-545148954	Elena Culp Tbk Inc	1135 Warwick Way, Village Of Mount Pleasant, WI	US
S1-368206151	Wittman, Davis & Deoliveira	34 Turnberry Court, Monroe, NY	US
S1-426971591	Shaw and Willey, Inc	3157 Morning Glory Drive, Corvallis, OR	US
S1-20745127	Delta Capital Inc	17 Allyn Street, Unit 1, Holyoke, MA	US
S1-467080047	Physical Therapy Care	5058 Winona Road, Toledo, OH	US
S1-186235835	Bright Auto Body	278 Crows Nest Road, Cairo, NY	US
S1-738773455	Creative Great Builders Private Limited	Telangana, Amberpet, Hyderabad, Prudhvi Apartments, D.D., Flat No. 2-2-24/P/1/ 303	India
S1-138641209	Javelin Buildwell Pvt Ltd	D North Module 305, Chennai, Tamil Nadu, Chennai, 3Rd Floor, Tidel Park Ltd No. 4, Rajiv Gandhi Salai, Taramani	India
S1-245017573	Health Charities	3080 8th Street, Unit APARTMENT 310, Waukegan, IL	US
S1-500052268	Seri Lingampally Distribution Private Limited	Sy No 130P & 115/1P, Nanakramguda Road, Seri Lingampally, K.V.Rangareddy, Telangana	India
S1-380494208	Gavrielle Hines Anchor Disciplined LLC	Terre Haute, 2415 Park Avenue, IN	US
S1-198849231	A Cure 7 You	Garfield Heights, 9706 Mccracken Boulevard, OH	US
S1-285885646	Avs Marketing Private Limited	Bawa Potteries Compoundaruna Asaf Ali Marg Vasant Kunj, New Delhi, North Delhi, Delhi	India
S1-922789393	Optimal Robotics Services, Inc	4112 Tutbury Drive, High Point, NC	US
S1-461852614	Ram Software Pvt Ltd	192/1 (108/1), Lake View Road, West Mambalam, Chennai City Corporation, Chennai, Tamil Nadu	India
S1-390185969	Sss & Brothers Private Limited	Innovative House, Plot No 4B/2 & 4B/3, Sur. No 149 Rajkot Gondal Highway, Nr. Parin Furnitu, Re, Vavdi, Rajkot, Gujarat	India
S1-668625737	Elma Institute of Technology	9 India Exchange Place3Rd Fl, Kolkata, Calcutta, West Bengal	India
S1-483720973	Oleary Holdco LLC	5528 Stonegate Avenue, Springfield, MO	US
S1-302734429	Frontier Alliance	4589 Hiddleston Drive, Riverton, UT	US
S1-780906928	Physical Therapy Partners Inc	438 Park Drive, OH, Wooster	US
S1-537898062	Lenoex American Ligand LLC	Dickinson, 3462 114U Avenue, ND	US
S1-897912576	Anand Lotus Solutions Pvt Ltd	204 Kirtiganga Niwas, Bhosalewadi Karad Satara, Karad, Satara, Maharashtra	India
S1-584360453	Bothra (India) Engineers Pvt. Ltd.	No-211, 24Th Cross 3Rd Main, 6Th Block, Jayanagar, Bangalore, Karnataka	India
S1-729432410	Valli Reiff Valley Xcel	121 Kirkland Drive, Stow, MA	US
S1-505379886	Taylor Allied Acp LLC	69 Shore Drive, Clinton, CT	US
S1-490312794	Al Management Private Limited	Shyamlal Colony, Ward No.- 27 P.O.- Rajbati, Burdwan, Bardhaman, West Bengal	India
S1-836669407	Modern Enterprises Private Limited	45/1, Kandasami Street, Pallipattu, Chennai, Tamil Nadu	India
S1-381773442	Flansburg Bright Breeze LLC	2609 29th Place, Tulsa, OK	US
S1-69952761	Pediatric Dentistry Legacy Specialists	179 Utica Street, Oswego, NY	US
S1-423046107	Optimal Cornerstone Apex Co	North East, 40 Cypress Drive, MD	US
S1-298103962	Midwest Regency	538 Coral Court, Unit 1H, Newport News City, VA	US
S1-2934304	Tamera Clarin Beauty PC	13072 Arrowhead Street, Coon Rapids, MN	US
S1-275290664	Martinez Works LLC	12 Maple Lane, Schaghticoke, NY	US
S1-83132537	Harsh Service Pvt Ltd	812-B, Ground Floor, Gali No 17, Lakhpat Colony, Partii, Meethapur, Extnbadarpur, New Delhi, Delhi	India
S1-909876540	Barton, Rollins & Gill Inc	1448 Beersheba Road, Clover, SC	US
S1-251308594	Continental Ubs Inc	2120 Arrow Route, Unit UNIT 534, Upland, CA	US
S1-69990856	Fuller Paloma	2241 Briggs Road, OH, Centerville	US
S1-76658002	Manthey & Reese, Inc	Clovis, NM, 1142 Curry Road N	US
S1-485735870	Patel, Obregon and Prothero LLC	3014 Colony Drive, High Point, NC	US
S1-410653391	Pierce Academy	971 Berne Drive, Crestline, CA	US
S1-13289067	Buchanan, Stone and Meas LLC	3622 Timberside Circle Drive, Houston, TX	US
S1-494384782	Nicky Miller, Esq., DDS PC	104 Southwick Drive, Wilmington, DE	US
S1-352565971	Eye Apex Care Associates LLC	427 Murray Street, Macomb, IL	US
S1-909839683	Behavioral Health Fresh Care LLC	MO, 650 Leffingwell Avenue, Saint Louis	US
S1-654205253	Modern Impex Private Limited	C/O Zeba, 312, Waheed, Nagar, Manjoor Garhi, Aligarh, Uttar Pradesh	India
S1-821664703	Pioneer Freight LLC	6015 62nd Avenue W, Tulsa, OK	US
S1-150678732	MUA Cast Private Limited	Plot No - 524 Satyanagar, Bhubaneswar, Khordha, Orissa	India
S1-809263397	O+ Adr Center	1001 Playa Del Norte Drive, Unit 2204, Tempe, AZ	US
S1-188672672	Human Rights Project	15140 Lilac Court, Orland Park, IL	US
S1-955082803	Wilson & Stewart, Inc	Pleasureville, 1032 Main Street, KY	US
S1-886924731	Tri-State Group	900 Erin Lane, Eatonville, WA	US
S1-739440126	Upper Nexera, Inc	2332 Lake Shore Drive, Oakland, MD	US
S1-591683803	Beverlee Newton Atlantic Recruiting LLC	TX, 13 Dowlen Place, Beaumont	US
S1-888865384	A 9 Custom Fortune Inc	Mesa, 5114 Gary Street, AZ	US
S1-497782525	Green India Private Limited	C/O Kuldeep Singh S/O Lok, Ram, Siwani Mandi, Siwani, Bhiwani, Haryana	India
S1-223059178	Perfect Trading Limited	Mohd Abdurahman Nagarkiliparamba Lane, Kozhikode, Kerala	India
S1-152641370	Sky Foods Private Limited	91, Ground Floor Sundar Nagar, 4Th Avenue, Chennai City Corporation, Chennai, Tamil Nadu	India
S1-473502339	Warren Dynamic Inc	209 Old Kings Highway, Darien, CT	US
S1-261453824	ZS Super Private Limited	F-225, 4Th Phase, Riico Industrial Area, Paryavaran Marg, Kishangarh, Ajmer, Rajasthan	India
S1-366276539	Phil's Trading L.L.C.	2 Washington Square, Unit Apartment 6G, Mamaroneck, NY	US
S1-513745808	East Finance	Naik Nagar Hingoli, Hingoli, Maharashtra	India
S1-100909588	Radhey & Co Corp	No.2/445, Kandasamy Nagar, Periyar Salai, Palavakkam, Lmk Bus Stop, Chennai, Tamil Nadu	India
S1-303176368	Jones, Carleton & Masson	426 Clear Creek Lane, Coppell, TX	US
S1-15675354	Hamm Investments, LLC	108 Porpoise Way, Unit 135, New Bern, NC	US
S1-150522077	Dermatology Associates LLC	13 Sunset Lane, Rye, NY	US
S1-894120768	Buehrer Smart Associates	2040 217th Place, Sammamish, WA	US
S1-792050256	Aparna & Sons Pvt Ltd	T-485, S.F., Baljit Nagar, New Delhi, Central Delhi, Delhi	India
S1-512448811	City Services Private Limited	7/77B, Eswar Nagar, 2Nd Cross, Bangalore By-Pass Road, Hosur, Krishnagiri, Dharmapuri, Tamil Nadu	India
S1-570724097	Marketing Saarthi Solutions Pvt Ltd	No.67 D First Floor, Industrial Area, Metagalli, Mysore, Karnataka	India
S1-102467313	Western Trust	2118 Adams Avenue, St. Albans, WV	US
S1-212698576	Karni Services Private Limited	C/O Kamana Padhi, Hillpatna, Brahmapur Sadar, Ganjam, Orissa	India
S1-812866426	Honeycomb Realtors Associates	Wadikhedkar Falia Opp Mangal Park Society, Baroda, Vadodara, Gujarat	India
S1-14710992	Shiva Enterprises Private Limited	No.19, Ground Floor, 1St Cross, P&T Colony, R.T.Nagar, Bengaluru, Bangalore, Karnataka	India
S1-888453387	Three Institute	Mumbai, Maharashtra, Masjid, Anant Nivas, Narshi Natha Street, 35	India
S1-241664576	As Foundation	L-106, Sector-25 Jalvayu Vihar, Noida, Gautam Buddha Nagar, Uttar Pradesh	India
S1-467237170	Kritam Milk Private Limited	Neduveli Vadakkethil, 46 Kurichimuttam, Kozhenchery, Pathanamthitta, Kerala	India
S1-438627953	Universal Telecom Works LLC	4886 Birchview Drive, Moose Lake, MN	US
S1-814567624	Summit Premium	Nashville, 1100 4th Avenue, TN	US
S1-477247236	Bd Mines Private Limited	Flat No. 10, Surya Kiran Apart. Nts D Block, Vikas Puri, New Delhi, West Delhi, Delhi	India
S1-190753037	Hart Fashion, LLC	7420 Woburn Circle, Unit APT 8, Anchorage, AK	US
S1-945684710	Sst Fin Private Limited	1-8-663, Azamabad, Hyderabad, Telangana, Industrial Area Hyderabad	India
S1-139905874	Amarnath Consultants Pvt. Ltd.	At: Saraya, Tal: Tankra, Gujarat, Rajkot, Saraya, Saraya Nesda Road	India
S1-241934294	Med Evaluation Pvt Ltd	Flat No. 15, Gurukrupa Co-Op Hsg Soc. Trimurti Marg, Mulund West, Mumbai, Mumbai City, Maharashtra	India
S1-976029655	Hyderabad Health Pvt Ltd	Hyderabad, Telangana, H.No.3-6-367, Skill Spectrum Liberty, Beside Ttd, Himayatnagar, Hyderabad, Flat No. 204	India
S1-74457756	Bremerton Scholarship Clear Center, Inc	2885 Clare Avenue, Bremerton, WA	US
S1-552318638	Zenith	313 Randolph Street, Richmond City, VA	US
S1-858204747	King Better Proshares LLC	3311 Arcadia Avenue, Dudleyville, AZ	US
S1-861509639	Back Alley Hair Studio	210 West Street, Unit B, Tipton, IN	US
S1-174334525	Sai Foods Private Limited	18, Pushkar Park, Baben, Bardoli, Surat, Gujarat	India
S1-514428518	Pediatric Dentistry Physicians	VA, Suffolk City, 532 Riverview Drive	US
S1-384487125	My Jay It Private Limited	House No. 1284, Gali No.5, Sector14, East Rajiv Nagar, Sadar Bazar, Gurgaon, Haryana	India
S1-70682429	Bia	14 Paxton Street, Rock Hill, SC	US
S1-359741939	Scarlett Curtis, CPA, DDS PC	IL, Chicago, 1730 Nelson Street	US
S1-411860282	Cornerstone Neighborhood LLC	400 Enola Road, Morganton, NC	US
S1-722601574	Champ Preferred Ramaco, LLC	2701 Hinds Street, Seattle, WA	US
S1-949066592	Optimal Custom Services	929 149th Place, Lynnwood, WA	US
S1-279164	Bharat Memorial Trust	East Champaran, Ghorashan, Bihar, Ghorashan, C/O Ritikar Raj Main Roda	India
S1-81631243	Latech	1987 Hertel Avenue, Buffalo, NY	US
S1-97078638	Vivaan Infra Private Limited	Sunny Park, Kolkata, No.4, West Bengal, Kolkata, Howrah	India
S1-286078918	Big Industries Private Limited	H.No.2-4-72/58, Road.No.6, Fort View Colony Upperpalli, Rajendra Nagar, Kv Rangareddy, Telangana	India
S1-336598387	Pinnacle Pharmaceutical Group	5901 151, Brownwood, TX	US
S1-648251603	Financial Nursing Home	2-3-944/1/Ss/403Pno57Wpsu, Priyasadan, Arunodayanagar, Hayathnagar, Hyderabad, Telangana	India
S1-588951650	Foster, Nichols & Teaster Accounting Inc	TN, Mosheim, 1755 Bewleys Chapel Road	US
S1-651171055	Ella Hall Global Security LLC	6009 Poplar Road, St Leonard, MD	US
S1-952082038	Totech Inc	520 7th Avenue, Laurel, MT	US
S1-878570025	Dungarpur Pharmaceuticals Private Limited	Rajasthan, Dungarpur, Pl No.5, C/O Moti Lal Jain, Maining Office Rico Road	India
S1-71003130	Reliable Printing Studios LLC	1108 Cotton Grove Drive, Brigham City, UT	US
S1-327343978	Wilhoit's Transport Inc.	3116 Amherst Street, Lubbock, TX	US
S1-250861886	L & C Bulkers	1927 Owego Hill Road, Virgil, NY	US
S1-7649459	Mumbai Bay Pvt. Ltd.	Mumbai City, Ground Floor, Abhinandan Market, 215/217, Kalbadevi Road, Maharashtra, Shop No.23, Mumbai	India
S1-298696430	Stag LLC	14245 Walker Road, Unit #26, Beaverton, OR	US
S1-909740935	Pediatric Clear Associates	1847 Belotes Ferry Road, Lebanon, TN	US
S1-82228602	Broadway Travels Private Limited	H.No.1-19-570/1, Shyam Nagar, Nanded, Maharashtra	India
S1-999588458	469 Washington Boulevard Apartments	VA, 10413 Courthouse Drive, Fairfax City	US
S1-434931451	Arihant Hospitality Private Limited	F No-D 13, Arya Shiwaji Complex Mankapur, Nagpur, Maharashtra	India
S1-368399460	Digital Al International Private Limited	H.No108Ground Floor G-Block Kh No.9/1417&18 Kunwar Singh Nagar Nangloi Gali No24Nearby Red, Arsschool, Delhi, West Delhi, Delhi	India
S1-873772596	Earl, Latson and Huelskamp	2403 29th Avenue, Williston, ND	US
S1-279290028	HG Enterprise Private Limited	199, Bhima Shankar, Shivbasav Nagar, M M Extension, Belgaum, Karnataka	India
S1-474272748	Metropolitan Eureka	4720 Haines Street, Port Townsend, WA	US
S1-946084779	Mohini Seva Samiti	5/138, Mullasseri Bunglow, Kollezhamadom, Kurattissery, Mannar P O, Mannar, Alappuzha, Kerala	India
S1-382496089	Sree Foundation Private Limited	601, Orbit Plaza, New Prabhadevi Road Prabhadevi, Mumbai, Maharashtra	India
S1-319883198	Apex Properties Pvt Ltd	No 407 1St Floor West Wing Amarjyoti Layout Ring Road, Bangalore, Karnataka, Bangalore	India
S1-245632796	Electronic Creative Enterprises Clinic	1101 Highland Avenue, Bluefield, WV	US
S1-256951302	Precision Property Technologies L.L.C.	760 Walnut Avenue, Islip, NY	US
S1-345990471	Cherey Carter Colombier LLC	City Of Manawa, WI, 231 Mill Street	US
S1-976749543	Shree Solutions Private Limited	Flat No B-1304 Sattva Mag, Shaikpet, Toli Chowki, Golconda, Hyderabad, Telangana	India
S1-980916696	Tirupati Consultancy Pvt Ltd	No. 8/3709- A, Anna Nagar P N Road, Tirupur, Coimbatore, Tamil Nadu	India
S1-779856891	Primary Care Clinic	4866 Stenstrom Road, Rockford, IL	US
S1-263389496	BNR Daedalus, Inc	2221 Tierra, Yuma, AZ	US
S1-870689759	Syracuse Education Federation	151 Oak Street, Syracuse, NY	US
S1-312035526	SB Greenland LLC	6755 Bosworth Avenue, Chicago, IL	US
S1-620699703	Urology Medicine LLC	1020 1300, Orem, UT	US
S1-974394603	Jaeger Investments LLC	1210 Mills Street, Village Of Black Earth, WI	US
S1-383707776	Diamond Medical International Inc	53 Carson Avenue, Unit Apartment 2, Newburgh, NY	US
S1-590108988	Data Creative Networks	667 Wasson Street, Coos Bay, OR	US
S1-198347202	Dynamic Tech Private Limited	Shama Bano, Taj Nagar, Patna Sadar, Patna, Bihar	India
S1-989435197	Shreyash Rock Private Limited	5/36, Vistar Sector 5, Gomti Nagar, Lucknow, Uttar Pradesh	India
S1-394249071	All Consultants Private Limited	Thane, Maharashtra, Gomes Garden, Kaul, Heritage, Chulna Rd Vasai, Bassein, 902	India
S1-583759760	Krishna International Private Limited	Door No 133/F, Nottenveeden, Ernad, Malappuram, Malapuram, Kerala	India
S1-502792754	Mountain Assets Inc	1903 Yucca Drive, Silver City, NM	US
S1-106062719	Acevedo, Saleh and Coats LLC	1425 Hoover Street, Benton, AR	US
S1-914684780	Southern Builders	19A- 4 Vivek Khand Shoppingcomplex Gomti Nagar Lucknow, Uttar Pradesh, Lucknow, Uttar Pradesh	India
S1-676330006	Green Specialty	629 Fairview Circle, UT, Tooele	US
S1-922248186	Perez, Raychel, MD	1629 Northfield Road, Goldstream, AK	US
S1-543640987	4991 Fifth Road Associates	209 Pecan Street, Nocona, TX	US
S1-587650127	KV Harbor Gss	1238 Old Boones Creek Road, Unit 1, Jonesborough, TN	US
S1-451583469	Adams Fisheries PLLC	1156 Weber Way, Sacramento, CA	US
S1-59655440	Star Agricultural Laboratories	6490 Stoney View Lane, Unit 4, Simi Valley, CA	US
S1-784720310	Energetic Chit Private Limited	C/O Meera Yadav, Gunnour, Budaun, Badaun, Uttar Pradesh	India
S1-301776300	Vasquez Clean Guggenheim Associates	4340 Richardson Road, Montgomery, AL	US
S1-960466253	Aastha Indiaprivate	Fl No C Vatsalya Puram S 52/38/39 Kumbare Township Kothrud, Pune, Maharashtra	India
S1-950038523	Buildtech Solution Pvt Ltd	S. 42, Pune, T Block, Midc, Bhosari, Maharashtra	India
S1-191856447	Interstate Delta Scientific Inc	3316 Indigo Sky Lane, Texas City, TX	US
S1-218291031	Bright Grade	4631 Starboard Drive, Gunbarrel, CO	US
S1-603549278	Means Crystal Reit LLC	MA, 100 Pine Acre Road, Springfield	US
S1-689855721	Prime Developers Private Limited	Pydivada Agraharam, Vishakhapatnam, Sanghamitra Poultry, Andhra Pradesh, Sabbavaram Mandal	India
S1-636375815	Lumola Spectral	4804 St Paul Boulevard, Irondequoit, NY	US
S1-349555522	QM Industrials LLC	5179 6750, Beryl, UT	US
S1-169540474	Dermatology Quality Center Inc	Loudoun County, VA, 20508 Willoughby Square	US
S1-771371373	Apex Media Private Limited	H.No.10, Sr.No.5882, Jintoor Road, Parbhani, Maharashtra	India
S1-304675996	Palam Vihar Realtech Private Limited	H. No. 1298 B 4Th Floor, Haryana, Gurgaon, J Block Palam V Palam Vihar, Palam Vihar	India
S1-607719434	Shay Williams, M.D., M.D., P.C.	2030 Court Place, Garland, TX	US
S1-803302732	Sterling Smart Choice	28005 New Lancaster Road, Louisburg, KS	US
S1-726291874	My Engineering Private Limited	Plot No. 242/1412, Iswar Krupa Siripur Square, Bhubaneswar, Khordha, Orissa	India
S1-847925428	Rocky Great LLC	WI, 3530 Bay Harbor Drive, City Of Green Bay	US
S1-736971414	Hariom Foods	South Delhi, Delhi, J 404Som Vihar R K Puram, New Delhi	India
S1-342125327	Atlantic Delta Atlantic LLC	IL, Manhattan, 23555 Schoolhouse Road	US
S1-635485479	Scb System Pvt Ltd	B-4/35 Safdarjung Enclave Delhi, Delhi, New Delhi, South Delhi	India
S1-373112317	Empire Science Inc	1175 Stryker Avenue, MN, West Saint Paul	US
S1-170317661	Om Retail Limited	Shop No 1700 Adarsh Nagar, Najafgarh Road, Bahadurgarh, Jhajjar, Haryana	India
S1-434036853	Foot & Ankle Medicine LLC	8230 Macandrew Place, Chesterfield County, VA	US
S1-980637964	24HR Locksmith	59 Bridgton Road, Bridgton, ME	US
S1-492296419	Perfect Engineering Private Limited	701A Churchgate Chambers 5 New Marine Lines, Mumbai, Mumbai City, Maharashtra	India
S1-25890798	Terrell, Blankenship and Perez Alphabet Inc.	CA, Santa Cruz, 572 Palisades Avenue	US
S1-525314145	Gordon, Pratt and Mckelvey	12165 Woodhollow Lane, Knoxville, TN	US
S1-406650002	Cure Pizza, LLC	15692 2, Essex, MT	US
S1-718066093	Lewis Animal Hospital	15926 Brookhart Way, AZ, Scottsdale	US
S1-594513176	Builders Nd Traders Private Limited	Survey No.175/176, Plot No.2, Near Sitaram Weigh Bridge, Village Mamsa, Ghogha, Gujarat	India
S1-172606681	Portland Economic Development Federation	85 Miles Street, Portland, OR	US
S1-675337878	Garza Towing L.L.C.	8816 Holly Road, Alvarado, TX	US
S1-356024467	Bambie Deffenbaugh, MD, DDS PC	5648 Sacco Street, Round Rock, TX	US
S1-839110549	Wentworth Fuels Inc	211 Leah Drive, Boone, NC	US
S1-222380261	Surgical Liberty Associates LLC	3573 Clayphil Avenue, Memphis, TN	US
S1-5757966	Lewicki Pacific Staking	104 Valley Stream Drive, Newark, DE	US
S1-784899432	Houston Foot & Ankle Specialists	TX, 5819 Highland Sun Lane, Houston	US
S1-734738662	Innovative Consultants Pvt Ltd	Rohtak Nursing Home Civil, Road, Opp Pillar No.22, Rohtak, Haryana	India
S1-116571346	Firefighters Local 471	3131 Carl Street, Badger, AK	US
S1-890027507	Modern Digital Food Private Limited	No. 1104, 24Th Main, 17Th Cross, Bsk 2Nd Stage, Ramachandra M, Ission, Bangalore, Karnataka	India
S1-775152854	Wells Plumbing of Spokane	5224 Elgin Street, Spokane, WA	US
S1-145323284	Cardiology Group	3617 2nd Place, Rogers, AR	US
S1-974549368	Carpenters Local 134	103 Chestnut Street, Brazil, IN	US
S1-478796626	VUI Hospitality Private Limited	916, Arunachal Building, Barakhamba Road, Connaught Place, New Delhi, Central Delhi, Delhi	India
S1-772266728	Mcconnell Interstate Markets Inc.	Burrton, 106 Lakeshore Drive, KS	US
S1-390450146	Wade, Miller and Cornwell Group	1314 Leeper Avenue, South Bend, IN	US
S1-649595636	Oneal and Gamble Alternative	Riverhead, NY, 173 Michaels Lane	US
S1-978316114	Hedy Rodriguez Ellington LLC	1722 Grand Park Drive, Missouri City, TX	US
S1-250486144	NZ Gold LLC	975 Theo Moll Drive, Willard, OH	US
S1-419493249	Gulf Interests, Inc	2845 Hartford Avenue, Tulsa, OK	US
S1-841429435	Wade and Wolfson Farmers	310 Main Street, Mount Gilead, NC	US
S1-312047334	Phillips Family Office, Inc.	311 Grundy Avenue, Springfield, KY	US
S1-791470718	3515 Seventh Place Holdings	36 Tom Laws Lane, Elk Park, NC	US
S1-681042731	Behavioral Health Rapid Partners Corp	4530 Battery Street, Brookville, OH	US
S1-378129281	Future Infra Private Limited	2-1 Rajendra Parkbehind Nalanda Shoppingcomplex Goregaon West, Mumbai, Maharashtra	India
S1-314625188	Volpe United Token PC	DC, 3508 Albemarle Street, Washington	US
S1-273222508	Viix Ubs, LLC	3334 Cherry Blossom Drive, Fl 1, Olympia, WA	US
S1-710877410	WT Producer Private Limited	22 B / 23Takshila Mahakali Caves Rd Andheri (E), Mumbai, Mumabi, Maharashtra	India
S1-78438899	Metropolitan Metals PC	22 Backus Lane, Canyon, TX	US
S1-564953750	Core Air (India) Ltd	429/58 Shiv Sadan Outside Baragaon Gate, Jhansi, Uttar Pradesh	India
S1-852967891	Gregory, Lazenby & Mccants LLC	500 North Street, Unit 33, Utica, OH	US
S1-409302795	Hartwig Diversified	40 Rubeon May Drive, DE, Felton	US
S1-685041058	Rodriguez Velos Associates	6728 Waterview Way, Dayton, OH	US
S1-839288523	Gurav Aggregates Private Limited	Delhi, North Delhi, 2513/9 Naya Bazaar Chandni Chowk, Delhi	India
S1-95523564	Secunderabad Investment Private Limited	25 40/35/5/A/102 Kalyan Nagar East Anand Bagh, Malkajgiri, Secunderabad, Hyderabad, Telangana	India
S1-132893770	Hernandez Finance LLC	NC, Southern Pines, 1323 Fazio Drive	US
S1-901522037	Nexa	Unit P, 800 Salem Drive, Owensboro, KY	US
S1-140550090	Gurgaon Udyog LLP	E 12/34, Dlf City Phase -1, Gurgaon, Haryana	India
S1-254800035	Zique Plus Inc	IA, 2113 Blue Heron Dr, Linn Twp	US
S1-248386727	Surgical Associates, L.L.C.	2434 Hillcrest Drive, Unit 124, Thousand Oaks, CA	US
S1-398501067	Daksh Krishak Ltd	D No 319, Kumari Woods & Wishes, 1St Main Sapthagiri Layout, Channasandra, Bangalore, Karnataka	India
S1-959258346	Marketing Distributors Solutions Pvt Ltd	F-1, Aditya Plaza, M. G. Road, Khijdi Plot, Porbandar, Gujarat	India
S1-166414728	Caldyn Calisa LLC	4207 Lawrence Daniel Drive, Stallings, NC	US
S1-381797960	Brita Myers, D.O.	11314 Hambleton Way, Houston, TX	US
S1-292938837	Streamline Development (India) Pvt. Ltd.	1St And 2Nd Floor, Above Karur Vysya Bank Opp To Neelakanteshwara Temple, Janatha, Bazar, Chitradurga, Karnataka	India
S1-214847809	Swarajya & Co	11A Kalakar Street, 7Th Floor, Kolkata, Kolkata, Howrah, West Bengal	India
S1-719318718	Ray Animal Hospital	3311 Dartmouth Road, Hutchinson, KS	US
S1-521738394	Northern All Uranium Inc.	WA, 4534 Lime Kiln, Springdale	US
S1-762259502	Applied Telecom Union	Buda, TX, 6151 Turnersville Road	US
S1-565530380	Khairatabad Priavte	P.No.28, H.No.8-3-1110/C, Srinagar Colony, Khairatabad, Hyderabad, Telangana	India
S1-309866503	Piedmont Foundation	2922 Cortez Street, Phoenix, AZ	US
S1-456766579	Ashland Youth Better Project LLC	449 4th Street, Ashland, AL	US
S1-665736004	Lopez Highland Made	3591 Cameo Lane, Gamewell, NC	US
S1-262166474	Star Tri-State Advantage LLC	820 D Street, Lebanon, OR	US
S1-217343100	Z & F Scuti Inc.	3410 Beaverton Hillsdale Highway, Portland, OR	US
S1-872502712	Swastik Construction Private Limited	249 S N Roy Road, Kolkata, Calcutta, West Bengal	India
S1-883744419	Lakshmi Global Private Limited	7-1-390, Flat No.303, Sri Sai Residency, Balkampet Main Road, Hyderabad, Telangana	India
S1-97441229	Ace Creative Marketing	8-2-120/113, Sanali Info Parks, Road No.2, Khairatabad, Hyderabad, Telangana	India
S1-551262523	ISX Colonial Bioscience, Inc.	11260 294, Grapeland, TX	US
S1-177288182	Madella Neer Newbury	901 Highway 259, TN, Portland	US
S1-352622050	Ashlee B. Chavez, CPA	313 Fountain Street, New Haven, CT	US
S1-65536820	Federal Central L.L.C.	1300 Katy Drive, Unit M, Irving, TX	US
S1-818347967	Combine Business Pvt. Ltd.	Innov8, Lower Ground Floor, Salcon Rasvilas, D-1, Saket District Centre, New Delhi, South Delhi, Delhi	India
S1-578308863	Jacinthe Abarca Allied Imperial Inc	909 Grove Avenue, Gustine, CA	US
S1-670549943	Tasty Hr Private Limited	Anita Plaza, Fl-Entire, 1St Floor, Ba- 39, North 24 Pgs, West Bengal, North 24 Parganas	India
S1-179148277	Federal Alliance LLC	306 12th Street, Killeen, TX	US
S1-912144993	Baugh Pioneer Lightwave Inc	3106 Harborview Boulevard, Rowlett, TX	US
S1-113377235	Waters, Sloan & Valencia Partnership, Inc	90140 Hill Road, Springfield, OR	US
S1-327570699	Classic Global Private Limited	Jaipur, Keshav Vihar, Gopal Pura Byepass, Jaipur, Rajasthan, 148	India
S1-763183671	Maa Solutions Private Limited	Plot No. 436/865, Khata No. 126/12 Sading Basti, Po- Thakurani, Ps- Barbil, Barbil, Kendujhar, Orissa	India
S1-283333479	Tiedemann Corporation Inc.	1406 Catalina Avenue, Springfield, MO	US
S1-362662780	Maa Indo Industries	1St Floor, Corporate Park Ii, Sion-Trombay Road Near Swastik Chamber, Chembur, Mumbai, Mumbai City, Maharashtra	India
S1-791515384	Son Institute of Technology	Maharashtra, Mumbai City, Mumbai, B-305 Silver Astra J B Nagar Circle Kondivita Andheri (East)	India
S1-513735194	Raj Enterprises Private Limited	Howrah, West Bengal, 12, Kolkata, Hariram Goenka Street 1St Floor, Kolkata	India
S1-449554299	Tech Software Pvt Ltd	Sr. No.3/14, Plot No.48/A, Hill Top Society, Talajai Pathar, Dhanakawadi, Pune, Maharashtra	India
S1-965377395	Family Clinic Inc.	21 Warwick Street, Boston, MA	US
S1-210073230	Swar Ventures	Regus Business Centre Room No 1211 12 Floor Towerc Bldg 8 Dlf Cyber City Complex Dlf City P, Gurgaon, Haryana	India
S1-170758703	Asset Building Institute	2756 Mcclay Road, St Charles, MO	US
S1-657346094	N C Witmer Encore	1290 Church Street, Baker City, OR	US
S1-408222025	Proo LLC	1001 Robin Road, Blacksburg Town, VA	US
S1-790999217	Hill Cardiology LLC	2020 Wedgewood Road, Unit A, Vestavia Hills, AL	US
S1-469099566	Alarcon & Vargas Co	101 Baier Place, Unit 303, Nicholasville, KY	US
S1-589586251	Greathouse Pacific Kimco LLC	2380 400, Heber City, UT	US
S1-41992844	Horizon Gaming	3140 Dosch Road, Portland, OR	US
S1-284885269	Kovatch Piedmont Earths Center	39 Center Street, City Of Neillsville, WI	US
S1-806227247	Horizon Digital Solutions	706 Winflo Drive, Austin, TX	US
S1-631965317	Kolkata Polymers Private Limited	9/1A Sir Guru Das Road, Kolkata, Howrah, West Bengal	India
S1-20792246	Beacon Coastal Mfa, LLC	4222 Willowbrook Drive, Springfield, OH	US
S1-861244338	Vsk International Private Limited	3, Dindayal Co-Op Hsg.Soc.Ltd.Opp.Gokul Society, Panchpakhadi, Thane West, Maharashtra	India
S1-710443188	Stroup Wireless	10317 3rd Avenue, Seattle, WA	US
S1-493732350	Board of Sanitation	1719 Depelchin Street, Houston, TX	US
S1-899387687	Saad Ore Private Limited	M.No 2-91/77/2/St/3, 3Rd Floorsignature Towers, Opp Botanical Garden, Serilingampally, Hyderabad, Telangana	India
S1-854542035	Williams Bancorporation of Bellevue	16468 57th Place, Bellevue, WA	US
S1-99845063	Prime Packaging Group	13 Church Street, Oxford, MA	US
S1-127330032	Osl Infraprojects Limited	1/15, Vishwas Khand Gomti Nagar, Lucknow, Uttar Pradesh	India
S1-47446318	Bright Investment Private Limited	North Delhi, New Delhi, A-5 Saket, Delhi	India
S1-86290342	New Baba Infra Private Limited	C/O Sarasi Ghanta, Vill Sekendarpur Po Helan, Khanakul-1B, Hooghly, West Bengal	India
S1-771035469	Asli Trading Ltd	Plot No.A-247, T.T.C. Industrial Area, Mahape, Navi Mumbai, Maharashtra	India
S1-982358595	Dallas Liberty Edison LLC	1248 Pilot Power Dam Road, Pilot Mountain, NC	US
S1-312219288	Valli's Secure Law Group LP	13525 Cortel Road, Tucson, AZ	US
S1-942222569	Cascade Ministries LLC	219 Roe Drive, Dunlap, TN	US
S1-789074982	Sierra Health Center LLC	5330 Hwy 10, Hackett, AR	US
S1-238489238	Bailey Snow LLC	4555 Ryan Place, MD, Unit C, Waldorf	US
S1-379453912	Adaline Lopez, L.C.S.W., M.D., P.C.	OR, 13180 169th Avenue, Happy Valley	US
S1-517705258	Pioneer Swastik Technologies Private Limited	Samastipur, Gauspur, Nawada Dalsinghsarai, Samastipur, Bihar, C/O Md Kalamuddin	India
S1-915953161	Tri-State Centurion	700 Us Highway 50, Syracuse, KS	US
S1-402774944	Berube, Cornelle N., Esq.	356 Lincoln Street, Seneca, IL	US
S1-730162233	Red Developers Private Limited	28/2901A, Chilavannoor Road Elamkulam, Kochi, Ernakulam, Kerala	India
S1-353341515	Choice Quality Paceline	2835 Plum Trails Lane, Katy, TX	US
S1-735428031	One Agro Private Limited	B/301, 3Rd Floor, Tanishqua Garden, Nr. Broadway Theatre, Evershine City, Achole, Vasai E, Ast, Palghar, Thane, Maharashtra	India
S1-1620359	Fanya Frye Strategic Columbia LLC	Rockwall, 3 Brockfield Court, TX	US
S1-240335062	Allis's Vanguard Consultants	3714 Donatello Court, Unit D, West Valley City, UT	US
S1-307426803	Continental Neurosciences LLC	14858 Eagle Ridge Drive, Homer Glen, IL	US
S1-704430359	Urban Tattoo	2010 Main Street, Canton, IL	US
S1-883486695	Aditya Infotech Private Limited	659/21 Vishal Nagar, Rohtak, Rohak, Rohtak, Haryana	India
S1-915243959	Maa Management Pvt Ltd	C - 134 Naraina Industrial Area Phase - I, New Delhi, West Delhi, Delhi	India
S1-393279645	Preferred Business	Ofallon, MO, 202 Wyndharbor Court	US
S1-172395147	Urban Deli	316 Bryn Mawr Drive, Albuquerque, NM	US
S1-37808001	Hotel Constructions LLP	Thane, Maharashtra, Dr.P.V Doshi Marg Sector8, L-312Rna Courtyard Chsltd	India
S1-568453948	Fletcher Siddhi of Bellingham LLC	3042 Eldridge Avenue, Bellingham, WA	US
S1-390861987	Integrated Financial Services	1344 Tyson Street, AZ, Fl 1, Chandler	US
S1-903770698	Liberty Project	South Jordan, 6166 S Jordan Parkway, UT	US
S1-664071673	Legend India Limited	Flat No.101, Polt No B-345, Sector 19/20 C B D, Mumbai, Mumbai City, Maharashtra	India
S1-130169301	Best Best Builders Private Limited	503, Hormavu Agara Crystal Enclave Apartment, Bangalore, Karnataka	India
S1-881651723	Sky Services Private Limited	Maharashtra, Mumbai, 4 Shi Sagar Bldg 19Worli Sea Face	India
S1-178324762	Pressure Arcade Private Limited	Common Ht, K Raheja Platinum, Plot No710G Marol Industrial Estate, Andheri (E), Mumbai, Mumbai City, Maharashtra	India
S1-950380992	Urology Care	13620 Knox Drive, Burnsville, MN	US
S1-218060830	Abel Tea Limited	R/O Type 2Nd 352 Krishi Kunj Inderpuri, Delhi, Central Delhi, Delhi	India
S1-890496769	ZKO Associates Private Limited	34/4, 2Nd Floor (North Facing), Amara Avana, College Road, Nungambakkam, Chennai, Tamil Nadu	India
S1-826403162	Pune City Jewels Limited	Church Hil Court, B B-3Fl 351 S66/67 Wanawadi, Pune City, Pune, Maharashtra	India
S1-40739097	Gangin Technologiesprivate Limited	No 109 (Old No 20/2) 18Th Cross Malleshwaram, Bangalore, Karnataka	India
S1-765822419	India System Farmers Ltd	57, Gaurav Nagar, Civil Lines, Jaipur, Rajasthan	India
S1-821719898	Aditya Experts Ltd	No.39/4, Level 2, Shivas Building, Bangalore North, Bangalore, Karnataka	India
S1-839961186	Spencer Internet Limited	House No 53 At Post Kola Tal Sangola, Solapur, Maharashtra	India
S1-765458024	Better Apparel Consultants LLC	85 Westville Road, Van Buren, AR	US
S1-710927111	Grace Vanguard End Clinic	1120 Crestview Drive, Shelton, WA	US
S1-804852829	Mehta & Wooldridge	9617 Colton Road, Nashville, TN	US
S1-930096681	Nexance Fortis LLC	203 Stoneview Lane, Mooresville, IN	US
S1-102721010	Eastern Institute of Technology Center	3527 Laburnum Court, Northbrook, IL	US
S1-557697303	Myrick, Hendricks & Leal Inc	9817 Mohawk Lane, Peoria, AZ	US
S1-951028894	South Foods	9200 Burnetta Drive, Fairfax County, VA	US
S1-21794703	Modern Drugs Inc	3600 102nd Place, Everett, WA	US
S1-547161418	Ivenify Nevada LLC	249 Patrice Drive, Newark, DE	US
S1-543270751	Lyris Lending LLC	TX, Conroe, 834 Lightningbug Lane	US
S1-912697255	Jan Foundation	89-19-3, Sai Chaitanya Nagar, Near Morumpudi Centre, Rajahmundry, Guntur, Andhra Pradesh	India
S1-25947443	Linares Interests LLC	VA, Isle Of Wight County, 15268 Everets Road	US
S1-659877547	Samuels, Laplante & Cunningham LLC	26 Zoe Lane, Asheville, NC	US
S1-758512029	Highland Foundation	2605 Date Palm Paseo, Unit UNIT 3199, Ontario, CA	US
S1-315510329	Neubauer's Therapy	1655 Lakeville Road, Avon, NY	US
S1-852979216	Digital Sai Trading	86/2B Topsia Road, Kolkata, Calcutta, West Bengal	India
S1-280137169	Best Power Limited	Kh No. - 506/2, Ground Floor Flat No.- 1, Lal Dora, Village - Devli, Delhi, South Delhi, Delhi	India
S1-748088100	Urology Specialists	3405 Markham Street, Unit Apt B, Little Rock, AR	US
S1-218727981	Thornton, Mildrid K., D.C., P.C. LP	7227 12, Lolo, MT	US
S1-87881807	Niyati & Brothers Private Limited	No.40/T-4, (110/T-4), Mahathma Gandhi Salai, Chennai, Tamil Nadu	India
S1-459873361	Elite Federal Universal P.C.	1522 Stratford Drive, Mansfield, TX	US
S1-173196655	Shivam North International Private Limited	House No. 87, Sector -5 Opp. Model Town, Kharar, Teh & Distt Sas, Nagar, Mohali, Punjab	India
S1-989017219	Harley Paredes, MD	205 1st Street, 03, IA	US
S1-441141591	Huber Safe Software LLC	N24W24258 Saddle Brook Drive, WI, City Of Pewaukee, Unit Unit 1	US
S1-677193951	Bond, Fayre M., L.C.S.W.	113 Beacon Street, Unit 02, Worcester, MA	US
S1-339236912	Rng (India) Durobuild Co	37/41, Paramjit Ganj, Punjab, Kapurthala	India
S1-666328864	Krushnai Engineering Corp	C/O- Nitu Singh, Akbarpur, Near-Hariharnath Mandir, Dariapur, Saran, Bihar	India
S1-726040560	Ashley Express LLC	1512 Mica Park Drive, Spokane Valley, WA	US
S1-615618394	Michaud & Zajac PLLC	34 Juniper Drive, Avon, CT	US
S1-843309065	Rey Pimco LLC	100 Dandridge Court, Unit UNIT 103, Stafford County, VA	US
S1-843669074	Travel & Brothers Pvt Ltd	A-1006, Centrum Business Square, Wagle Industrial Estate, Thane, Maharashtra	India
S1-75527755	Garcia & Banuelos Rio LLC	309 Exeter Road, Corinth, ME	US
S1-631510502	Marcum Apex Drilling	717 Clements Street, Gainesville, TX	US
S1-556459435	Ruiz Advanced	461 Richmond Road, Rappahannock County, VA	US
S1-262281768	Prairie Institute Associates	70 Lesaca Drive, Shelton, WA	US
S1-680501760	Guinn Malt of Katy	20930 Westfield Terrace Trail, Katy, TX	US
S1-407759614	Richards & Martin Daedalus LLC	221 Harmony Heights, Forsyth, MO	US
S1-993717385	Integrated Rre LLC	1621 Tallwood Place, Aurora, IL	US
S1-674204403	Ramsay Classic Annuities PC	TX, 380 Lifestyle Communities Drive, Leander, Unit 104	US
S1-257901923	Western Family Practice Group	673 Knox Boulevard, Unit C, Radcliff, KY	US
S1-173798547	Bearden Legacy Home Care Group	115 Mountain View Drive, Asheville, NC	US
S1-780289844	Aspen Principal LLC	3701 Florence Avenue, Sioux Falls, SD	US
S1-780808579	Kolkata Sports Private Limited	P-1, Block - D Bangur Avenue, Kolkata, Howrah, West Bengal	India
S1-643709651	Express Payment Concepts Inc	19940 23rd Avenue, Unit 1003, Phoenix, AZ	US
S1-960266601	Thorne Prime Trg LLC	225 Central Avenue, Idabel, OK	US
S1-237382212	Dermatology Clinic	5714 57th Avenue, WA, Spokane	US
S1-564420640	Peak Optimal Futurecrest	7635 Hazelcrest Drive, Hazelwood, MO	US
S1-768503671	Schroeder and Dewar Cslm, LLC	1013 Dunn Avenue, Muncie, IN	US
S1-367241548	Commercial Talent Digital	424 Stonehaven Court, Concord, NC	US
S1-519358676	Csm Trading Private Limited	Maharashtra, Flat No 201, Santacruz West, Mumbai City, Florence, Church Avenue, Behind Sacred Heart Boys School	India
S1-886492132	Pierrette Chan Income, Inc	18106 Moonlit River Drive, Cypress, TX	US
S1-162372336	Express Legacy Noble Corp	16865 Cavedale Drive, Fl 1st Floor, Surprise, AZ	US
S1-34654	Bright Realty Alliance	3967 Meadow Lane, Orange, OH	US
S1-32305183	Harriman's Modern Tire Shop	2603 148, New Brockton, AL	US
S1-934850320	RC Marketing Private Limited	T-1A Ward No-1 Third Floor Mehrauli, New Delhi, South West Delhi, Delhi	India
S1-650846733	Sheets Tri-State Aspac LLC	2485 Little River Road, Prince William County, VA	US
S1-323045365	Future Food Private Limited	B-9, A, Industrial Estate, Pologround, Indore M.P., Madhya Pradesh	India
S1-237417820	Zydus Professionals LLP	204, Om Neelkanth Chs, Shiv Shrishti Complex, G M Link Road, Mumbai, Maharashtra	India
S1-54804768	Hylton Pebblebrook LLC	AL, 1 Hazel Cox Road, Camp Hill	US
S1-529260670	BK Motocorp Private Limited	No 74, Mass Complex, 15Th, Cross Road 3Rd Floor, Bangalore South, Bangalore, Karnataka	India
S1-184280160	Limestone Medical Centre	S. No.164/2B, Bhukan Vasti, Gurudwara C, Pune, Maharashtra	India
S1-568629559	N & H Mid	3000 Columbia Street, Baytown, TX	US
S1-50906227	Shanda Strong, O.D., M.D., P.C. P.C.	1790 A Kittelson Road, Unit A, Moses Lake, WA	US
S1-951019515	4939 Seventh Way Holdings	715 Smyrna Church Road, Robbins, NC	US
S1-113648070	Consulting Sm House Limited	S. No. 158P2, Nr. Tathastu Spinning Mill Tal. Tankara & Dist. Morbi, Hirapar, Rajkot, Gujarat	India
S1-623613597	Damini Medical Centre	1-98/8/11 Pt No 19 Image, Garden Lane Magnus Road, Shaikpet, Hyderabad, Telangana	India
S1-315640999	E & K Source LLC	136 Shore Road, Liberty, NY	US
S1-616795629	Solutions Arv Luck Private Limited	Kanpur, 10/190 Khalasi Line, Uttar Pradesh, Kanpur	India
S1-804940741	Vanguard Defense Networks Inc	Evansville, 1950 Indian Mounds Boulevard, IN	US
S1-709039556	Universal (india) Private Limited	1St Floor, Shop No. 12 Road No. 02, Near Sbi, Mia, Alwar, Rajasthan	India
S1-136517113	Sunrise Pioneer Marketing Private Limited	Floor No 7, Bansal One, Flat No Se-020-022, Huzur, Bhopal, Madhya Pradesh	India
S1-586949228	Aarvita Foods Private Limited	#33/104/F Behind Gvt. Law College, Vellimadukunnu, Kozhikode, Kerala	India
S1-402070987	Tiva	4301 Chilkoot Drive, Wise County, VA	US
S1-202472930	Golden Agro LLP	B-6, Milap Nagar, Uttam Nagar, New Delhi, West Delhi, Delhi	India
S1-441028529	Small Clear Bridge P.C.	1055 Heritage Trail, City Of Oshkosh, WI	US
S1-661094793	Rocha, Black & Moreno Scientific Inc	3384 Spruce Drive, Bloomington, IN	US
S1-771152193	Vision Clinic of Wichita Falls LLC	1531 23rd Street, Wichita Falls, TX	US
S1-126573815	Ridge Foundation	503 Peoria Street, Chicago, IL	US
S1-988944419	Platinum Audio Installation LLC	69 Meredith Lane, Islip, NY	US
S1-536521577	Delta Cornerstone Colombier Corp	4950 Hackberry Lane, Unit 34, Sacramento, CA	US
S1-560736154	Professional Wealth Networks	166 Colonial Avenue, Albany, NY	US
S1-819501877	Miex Rivernorth LLC	Troutdale, 776 12th Street, OR	US
S1-362434266	Smart Specialists of New Delhi Private Limited	K-53A, Basement, K Block, Main Road, New Delhi, South Delhi, Delhi	India
S1-122804633	Knudsen & Patchen LLC	2515 26th Street, Marion, IN	US
S1-802752714	Aditya Trading Limited	H No. 78, Pundalikbaba Ngr, Near Bidi Towerline, Amravati, Maharashtra	India
S1-636824035	Tapia, Zapanta & Gallaway	Upper Marlboro, MD, 1709 Ritchie Marlboro Road	US
S1-997628250	Anilva Academy Private Limited	H No 11, Palkhed Road, Dindori, Igatpuri, Nashik, Maharashtra	India
S1-94075612	Ward No. 7 Subhash Nagar Estates Pvt Ltd	House No. 15, Ward No. 7 Subhash Nagar, Ambala Cantt, Haryana	India
S1-745884855	Shree Exclusive Pvt. Ltd.	Plot No 126, Ground Floor, Sector-3, Delhi, North West Delhi, Delhi	India
S1-787379140	Bee Impex Private Limited	F.298, 28Th Block, Lic Flats Jeevan Surabhi, J.P.Nagar, Bangalore, Karnataka	India
S1-216578993	Aashi & Co	New Industrial Estate Jagatpur, Cuttack, Orissa	India
S1-933564282	Reliable Logistics Enterprises LLC	176 Vanderbilt Avenue, Hempstead, NY	US
S1-371913211	Bright Tech Private Limited	Bpt Building, Flat No.2, Sector-10 A, Vashi, Navi Mumbai, Mumbai City, Maharashtra	India
S1-820278057	Ss Investment Private Limited	H. No.P-15 Iiird/Fold H No-7M Sri Niwas Puri New Delhi, Sriniwaspuri, East Delhi, Delhi	India
S1-17994985	Valina's Integrated Pub-Broken Arrow	850 Kenosha Street, Broken Arrow, OK	US
S1-653625461	Wilkes Sierra, LLC	1095 300, Springville, UT	US
S1-983544936	Christin White Mountain Banking Inc	DC, 770 P Street, Unit 402, Washington	US
S1-744332620	Bryant, Tavarez and Zuniga Inc	45362 Barefoot Drive, California, MD	US
S1-314174468	Shyam Constructions Private Limited	B-51, Shastri Nagar, Jodhpur, Jodhpur, Rajasthan	India
S1-689423535	JQ India Private Limited	264A, Pura Dalel, Tilak Nagar Allahpur, Allahabad, Uttar Pradesh	India
S1-820363741	TB Rope Private Limited	5Th Floor, Ajit Singh House, 12, Community Center, Yusuf Sarai, New Delhi, South Delhi, Delhi	India
S1-50228024	Bab Info Pvt Ltd	Sf No.281/1, Orchid Villa 2 Muvendar Nagar Extension, Old Perungalath, Ur, Chennai, Tamil Nadu	India
S1-327910555	Stacia Riemenschneider Ridge Frequency, LLC	2401 5th Street, Minneapolis, MN	US
S1-27299204	Orbara Hologram Corp	17007 Horn Point Drive, Gaithersburg, MD	US
S1-188892558	Cascade Federal Packaging Inc.	366 Slim Chance Lane, New Martinsville, WV	US
S1-223859936	Strategic Genomic Dynamics	1236 1st Street, Lead Hill, AR	US
S1-133460038	Golden Centurion, LLC	495 Norfolk Street, Boston, MA	US
S1-347484929	First Resolution LLC	Fairfax County, 2173 Glencourse Lane, VA	US
S1-356885537	Clyis Sound LLC	1311 D Street, Hempstead, NY	US
S1-990436286	Vijay It Private Limited	Block Cp, Plot 4, Sector V, Salt Lake, Kolkata, Kolkata, Howrah, West Bengal	India
S1-784022211	Sandler Top	2155 21st Terrace, City Of La Crosse, WI	US
S1-731585673	Kpc Trading Pvt Ltd	No. D-302, Seranthangal Road, Keelvanakkambadi, Thandarampet, Chengam, Tiruvannamalai, Tamil Nadu	India
S1-806545431	National Network Partners Inc	83 Garden Drive, Perinton, NY	US
S1-571799440	Downtown Ice Cream	109 Kohl Drive, Searcy, AR	US
S1-393580377	Ear Nose & Throat Ace Group	815 Little Creek Lane, Calico Rock, AR	US
S1-708872297	Jai Arihant Food	Office Of The Regional, Manager, U.P.S.R.T.C., Saharanpur, Uttar Pradesh	India
S1-218190279	Harbor Pharmaceuticals LLC	920 Academy Street, Unit Apartment 738, Troy, AL	US
S1-166907247	Rockline India	C/O Shankar Shivram Dange, House No. 37 Vaijapur, Hingoli, Maharashtra	India
S1-938738351	Holiday Computer Clinic	Flat No 103, Shagun Sadhna, G V Scheme Road No 2, Mumbai, Mumbai City, Maharashtra	India
S1-447331643	Floyd, Taylor & Vickery PC	91 Berry Street, Brooklyn, NY	US
S1-63902528	Nieves Family Practice Associates	291 Ford Meadows Drive, Garner, NC	US
S1-316141531	Optimal Aerospace Brands Inc	6315 Landover Road, Unit 104, Hyattsville, MD	US
S1-746324867	Cura Farm Limited	Muraghacha, 2 No Panchyet, Po-Jugberia, North 24 Parganas, West Bengal	India
S1-48025671	Liberty Hawaii LLC	18 Circle Avenue, Sterling, MA	US
S1-680803670	Marielle Henderson Bitcoin Inc	2905 Atoka Lane, Knoxville, TN	US
S1-52447109	Liuka Freeman Northland	4447 Paulina Street, Chicago, IL	US
S1-948758540	Balajee Consultancy Pvt Ltd	A-53, F/F Old No. -53, Gali No.-5, Brijpuri, Near Parwana Road, Delhi, East Delhi, Delhi	India
S1-265567466	Human Rights Unified Program L.L.C.	148 2525, Harrisville, UT	US
S1-44926408	Yamuita Quest Pvt Ltd	D -60 & D-62 A, Top Floor Laxmi Nagar, Near Bpbby Tikky Wala, Delhi, East Delhi, Delhi	India
S1-759693533	Ahmedabad Apparels Private Limited	Cellar, Akshay Appartment, Old High Court Lane Ashram Road, Navrangpura, Ahmedabad, Gujarat	India
S1-187296452	Pediatric Group	101 12 1/2 Street, Roanoke City, VA	US
S1-701538709	Karnes Rapid Ethereum	29774 30th Avenue, WA, Federal Way	US
S1-876775897	Carvajal Classic Adr LLC	1900 -818 Pavilion Drive, VA, Virginia Beach City	US
S1-226387321	Vighnaharta Servicesprivate	Plot No. B-27, Kaboolpur, Ballabgarh, Faridabad, Haryana	India
S1-66374912	Greco Select Cable	2040 County Home Road, Paris, TN	US
S1-886074605	Sivas Sales Private Limited	H1 2 Nikash Lawns Sus Roadpashan, Pune, Maharashtra	India
S1-682539728	Country India (India) Limited	S No 60/1 To 9/A P No 34, B No 01 Vidya Nagar, Jalgaon, Maharashtra	India
S1-297974007	Blueprint Services Private Limited	Laxminarayandev Complex, First Floor, Shop No 4, Rajkot, Gujarat	India
S1-70656894	Nurture & Co	H.No. 1199/2 Kailash Nagar Jajmau, Shiwans Tenray, Kanpur Nagar, Kanpur, Uttar Pradesh	India
S1-269423222	Raj Producer Private Limited	C/O K C Muthanna, Jayalaxmi, Virajpet, Kodagu, Karnataka	India
S1-367553046	Engineering Proserve Filament Private Limited	Shop No 312, 7, South Tukoganj Shalimar Corporate Centre, Indore, Madhya Pradesh	India
S1-788379994	Gold Hill Literacy Alliance	7003 Steelhead Place, Fl 1, Gold Hill, OR	US
S1-921604503	Fiorillo & Freels Box, LLC	4115 51, Town Of Janesville, WI	US
S1-290054876	Ferrent Figx Corp	Unit A, MA, 68 Hooper Farm Road, Nantucket	US
S1-239286894	Pono LLC	2654 Melrose Street, Chicago, IL	US
S1-541575368	Red Yoga	MT, 10 Mountain View Trail, White Sulphur Springs	US
S1-634669949	Hansen, Tamiko, CPA	3117 Casler Avenue, Beavercreek, OH	US
S1-735551391	Earl Royal Associates LLC	793 Sitka Deer Court, Salem, OR	US
S1-850947843	Universal Constructions	C 54-55 E.P.I.P., Shastripuram, Agra, Uttar Pradesh	India
S1-998844164	Kolay Works Private Limited	S-43/1 2Nd Floor Paran Puri D K Mohan Garden Uttam Nagar, Delhi, West Delhi, Delhi	India
S1-738323644	Navodaya Holdings	33/704 Bhavi Arcade Deshabimani Road, Elamakkara, Ernakulam, Kerala	India
S1-375396699	Heritage Highview LLC	101 Oak Avenue, WI, City Of Marshfield	US
S1-161220945	Ruggles Convertible, LLC	98 Hickory Drive, Versailles, OH	US
S1-290844036	Encore Trust	C/O Vijay Kumar, Mahavir Nagar 70 Feet Road, Patna, Bihar	India
S1-435245361	Prime Creative Associates, LLC	200-14 115 Avenue, Saint Albans, NY	US
S1-298446299	Secure Select Flagstar LLC	78-41 79 Lane, Ridgewood, NY	US
S1-553357735	Sabri & Co	Gali No. 2, Gurgaon, Block-B, Hill View, Sneh Vihar, Bhondsi, Haryana, Gurgaon	India
S1-939785601	Titan Bharat Private Limited	P.No. A-47, R S Plaza, Aakhliya Circle, Soorsagar Road, Jodhpur, Rajasthan	India
S1-294377060	Indian Wheels Private Limited	No:4 Pandian Palace Veeraperumal Muddali Street, Chennai, Tamil Nadu	India
S1-243476946	Bolduc Aura LLC	10122 Moon Valley Drive, Fort Wayne, IN	US
S1-363858153	Metro Unified Infrastructure	113 Arden Pines Trail, Unit 100, Arden, NC	US
S1-927577225	Solutions Variance Micro Private Limited	H No. 742, A/P Siddhewadi, Tal. Tasgaon Dist. Sangli, Tasgaon, Sangli, Maharashtra	India
S1-553165312	HP Heartland Safeguard, LLC	10754 Amherst Way, Inver Grove Heights, MN	US
S1-461003879	Collingwood Quality Aerospace Inc	20252 Ford Street, Orleans, NY	US
S1-31526910	Halcyon Inc	166 Mcalway Road, Charlotte, NC	US
S1-833477459	Salcido, Pennington & Sidhu Inc	2303 Teresa Drive, Rosenberg, TX	US
S1-893152129	Bernita Cooley, DO	211 Waterfront Drive, Norman, OK	US
S1-795980951	Red Cafe	13256 Ss, Town Of Woodmohr, WI	US
S1-304458148	Blue Nextera LLC	30141 Highway 67, Malvern, AR	US
S1-752801924	South One	174 Oakdale Road, Johnson City, NY	US
S1-563544666	Zephyr	Austin, TX, 10303 Mourning Dove Circle	US
S1-501728909	Green Telecom Holdings	18 Sain Road, Dysartsville, NC	US
S1-205943804	Navarathna (India) Agro Pvt. Ltd.	Flat No. G-50, 16Th Avenue, Gaur City-2 Plot No Gh-03, Sector 16C, Greater Noida, Gautam Buddha Nagar, Uttar Pradesh	India
S1-455869357	Oh & Co	11, First Floor, Arjun Arcade, Phase Iii Slf Mall, Ip Colony, Sector 30-33, Faridabad, Haryana	India
S1-149210490	Family Specialists	208 Goldeneye Court, St Peters, MO	US
S1-884355931	LG Kgaa	121 Hugel Street, Ennis, MT	US
S1-379748429	Aditya Power Private Limited	Office No 719, Venus Stratum, Ambavadi, Ahmadabad City, Ahmedabad, Gujarat	India
S1-638862055	Residency Sangh	A - 153, Block - A Ansal Town, Shamshabad Road, Agra, Uttar Pradesh	India
S1-567371876	YID Bio Group	C/O-Sunil Kumar Nayak, Kanheipur, Ward No-10 Dr Tripathy Lane, Near St. Xaviers Kid C, Are School, Jajpur Road, Jajpur, Orissa	India
S1-921244172	Aone Educational Society	Prasanthinilayam Mannoor, Thrikkalathoor P.O, Ernakulam, Kerala	India
S1-925653497	Behavioral Health Associates	3442 Sandgate Castle Drive, Village Of Howard, WI	US
S1-292869490	Yagna Enterprises Ltd	C-1505/15F, Gautam Buddha Nagar, Paramount, Emotions, Gh-05A, Sector-1, Bishrakh, Uttar Pradesh	India
S1-956566690	Innovative Products, Inc	522 Smith Road, Frankfort, KY	US
S1-195112329	Heritage Association	New York, NY, 226 81 Street	US
S1-989653382	Historical League	128 Antelope Canyon Place, Oro Valley, AZ	US
S1-422507869	Pacific School of Medicine	3618 Moors Camp Highway, Gilbertsville, KY	US
S1-132683272	Certified Safe Centers Inc	371 Carlyle, Zebulon, NC	US
S1-389267109	India Engineering Private Limited	# 12-68/2, 3&4, P.No.3, 4 & 5, F.No.510, 5Th Floor Lotus Block, Green Meadows Complex, Bagh H, Ayathnagar, Hyderabad, Telangana	India
S1-488227722	The Dent Hair Studio	6 Wicks Lane, Head Of The Harbor, NY	US
S1-691598658	Premier & Sons Private Limited	11, Guru Gyan Vihar Jawadi Khurd, Ludhiana, Punjab	India
S1-298037208	Foods Performance Entertainments Public Limited	6-3-347/20, 2A, Divya Sai Shakti Apartments Dwarakapuri Colony, Punjagutta, Hyderabad, Telangana	India
S1-130494871	Sanders Heritage Nuveen LLC	1906 Saddle Rock Road, Islip, NY	US
S1-950578799	Nandini Electricals LLP	Villa#5, Poulomi Aristas Near Rajapushpa Atria, Gandipet Main Roa, D, Kokapet, Hyderabad, Telangana	India
S1-327388116	T+ Garden LLC	72 Strathmore Road, Unit 11B, Boston, MA	US
S1-421690838	Coastal Kgaa	IA, 546 Derby Avenue, Derby	US
S1-955229151	Annamalai Fine Limited	62A, First Floor Madangir Village, Dr Ambedkar Nagar, Delhi, South Delhi, Delhi	India
S1-437581775	Ambejogai Saraswati Private Limited	H. No 9/1804 A1 Kulswamini Chouk, Walewadi, Hatola, Ambajogai, Ambejogai, Beed, Maharashtra	India
S1-190828901	Hatty Arias Rush LLC	1722 15th Street, Lafayette, IN	US
S1-25193124	Triumph Apparel Private Limited	D.No. 2-53 Aushapur, Ghatkesar, Hyderabad, Telangana	India
S1-321651269	Super Energy	21/3 S.N. Chatterjee Road, Behala, Kolkata, Howrah, West Bengal	India
S1-51308714	Congregation Fellowship	426 Iowa Street, AZ, Tucson	US
S1-329285209	Bajrang & Co Corporation	G1/G2 Gr Fr Prasad Blg, Mumbai, Maharashtra, Hanuman Cross Rd-1, Mumbai	India
S1-222356070	Ina Chit Limited	Maharashtra, Thane, D 284 Vashi Plaza Sector 17 Vashi, Navi Mumbai	India
S1-923696516	Desert All Viking	515 Colorado Street, Whitney, TX	US
S1-575213505	Shawnee Atkins, DMD Clinic	14 Sherman Street, Unit Apartment 1, Spring Valley, NY	US
S1-91452201	Vanguard Nutrition Corporation LLC	4301 Shady Lane, Scottsbluff, NE	US
S1-623116099	Jannelle Said Corporation	107 Tranquil Sound Drive, Cary, NC	US
S1-696489802	Mckinley, Ceciley, D.C.	1867 Cypress Canyon Trail, Conroe, TX	US
S1-235143899	Valueplus Agro Pvt Ltd	Sno 83, 84, 85 Vision Flora, Office No 419A, Pune City, Pune, Maharashtra	India
S1-166132212	Perfect Foods Limited	Faridabad, Sector-23 A, Haryana, H No- 1201	India
S1-441806726	Gdc Realty Private Limited	Office No-7, Rout Centre, Over Plot No-4778/11194, Khata No-890/3283, Mouza-Kandasara, Ps-Nalco Nagar, Dist-Angul, Angul, Orissa	India
S1-213173529	Builders Dharampal Transport Private Limited	25/19 Prince Golam Mohammad Shah Road Golf Green, Kolkata, Howrah, West Bengal	India
S1-419338929	Primary Care Clinic Corp	1400 Stanford Lane, Celina, TX	US
S1-148699163	Hrs Clinic	Plot No. Rl -20 Midc Ahmednagar, Ahmednagar, Maharashtra	India
S1-82455020	Urgent Care Specialists Inc	OH, 688 Cloverdale Avenue, Cincinnati	US
S1-749069509	Mutual Retail Innovations LLC	3204 Fincastle Drive, Fort Smith, AR	US
S1-791511443	One Developers Private Limited	C-242 Suraj Mal Vihar, Shahdara, Delhi	India
S1-633203190	Oaktree & Brothers Ltd	246, E, Egale Five Shrikrishna Colony, Patolewadi, Kolhapur, Maharashtra	India
S1-959082754	Ayati Properties LLP	6A-4B, New Excelsior Bldg, Ak Nayak Marg, Fort, Mumbai, Maharashtra	India
S1-4579788	Gonzalez Federal Brokerage LLC	902 Central Texas Expressway, Unit F, Killeen, TX	US
S1-75336456	Kyrstin Valentin Octave PLLC	405 Ten Mile Road, Midkiff, WV	US
S1-620755023	Ortiz, Sims & Harper Virtus	849 Quarry Rd, Unit 100, Coralville, IA	US
S1-6802655	Murphy Retail LLC	11105 Baltimore Avenue, Beltsville, MD	US
S1-217902608	Shivi Maize Private Limited	H. No 366, Rustam Pur Nehar Road, Shiv Puri, Nai Colony, Gorakhpur, Uttar Pradesh	India
S1-195984139	Estrada, Smith and Deering Growth Corp	N8997 Whitetail Lane, Town Of Stephenson, WI	US
S1-329741632	Vere H. Farrell, Esq., P.C.	1356 Warm Brook Road, Arlington, VT	US
S1-331895957	Rev It Up Yoga	KY, 1268 1372, Bardwell	US
S1-995122066	Associates Automation Company	59B Anath Nath Deb Lane, Kolkata, Calcutta, West Bengal	India
S1-684367537	City Consulting	Office No. 303 A Westend Mall Third Floor, Main Najafgarh Road District Centre Janakpuri, New Delhi, West Delhi, Delhi	India
S1-968939905	Sawyer Star Microelectronics Inc	203 Willowwood Road, Beckley, WV	US
S1-972813021	Favela Signature Hospital	3814 169th Street, Lynnwood, WA	US
S1-149205260	Moore Family Practice LLC	2608 Zodiac Drive, Garland, TX	US
S1-757203523	Srl Trading Private Limited	C/O Ulrich Financial Holding Private Limited 7/1, Babulal Lane, Kolkata, Howrah, West Bengal	India
S1-661493503	United Foods Private Limited	C/O Sia Ram Sharma Awadh Puri Bareilly, Bareilly, Uttar Pradesh	India
S1-386849691	Lynchburg City Autism Assistance Apex Association LLC	719 Sanhill Drive, Lynchburg City, VA	US
S1-839790213	Shakti It Private Limited	E-601 Om Sai Aradhana, Shiv Vallabh Road, Dahisar East, Mumbai, Maharashtra	India
S1-439510893	Lynde Ortner Equipment	2306 Fi Anna Lane, Ozark, MO	US
S1-184453893	Dental Pinnacle Care LLC	Sloatsburg, NY, 86 Grant Street	US
S1-66482237	Golden & Brothers Private Limited	1050 Sector-38, Gurugram, Gurgaon, Haryana	India
S1-601825113	Manuel Ventures P.C.	33715 13th Street, Fl 0, Garden Plain, KS	US
S1-856589880	India Brothers	Delhi, Ist Floor Yamuna Vihar, New Delhi, C-12/333	India
S1-105224780	Literacy Center III Inc	164 Church Drive, Brookhaven, NY	US
S1-645575294	Guruvayur Engineers Limited	Room No.Xviii / 453-1, Pushpanjali Building Inner Ring Road, East Nada, Guruvayur, Thrissur, Kerala	India
S1-581494564	Modern Delta Braves Inc	10332 Linger Lane, Keller, TX	US
S1-952874959	Solutions Analytical Power Private Limited	1308 Tower 11 Panchsheel, Primrose Govindpuram, Ghaziabad, Uttar Pradesh	India
S1-667310304	Complete Intelligence Innovations Co	35 Narrows Road, Freetown, MA	US
S1-648340067	Auspice Health (India) Private Limited	G2000 Opp Jyoti Cnc, Metoda Lodhika, Lodhika, Rajkot, Gujarat	India
S1-982781363	Dream Estate LLP	Delhi, 361Ram Nagar Extn, South Delhi	India
S1-377873897	Thomas, White & Werner Inc	4745 Edens View Road, Kingsport, TN	US
S1-44994529	Hunter Charles	Memphis, 4062 Beauchamp Cove, TN	US
S1-83553954	Jackson Cascade Dominion LLC	5606 Alta Dena Street, Huntsville, AL	US
S1-914832052	Value Golden Home LLC	5317 Hallmark Avenue, Town Of Sparta, WI	US
S1-33201622	South Maa Projects Private Limited	62-D Ground Floor Village Humayun Pur Near Safdar Jung Enclave New Delhi, Delhi, New Delhi, Delhi	India
S1-124221241	Devin World Ltd	House No.133, Faridabad, Haryana	India
S1-972012842	BF Peak Standard LLC	5842 Harvey Circle, Cincinnati, OH	US
S1-776931534	Mount Methodist Church	314 Douglas Drive, LA, Houma	US
S1-240068720	Panna College Private Limited	Ground Floor Murai Market, Tarangan Nagar, Amravati, Maharashtra, Shop No. 4, Amravati	India
S1-879751377	Orion LLC	297 Glenmary Drive, Tioga, NY	US
S1-49988101	India Vision Management Pvt Ltd	301 & 302, Balaji Complex, 34-35, Veer Savarkar Block Shakarpur, Delhi, East Delhi, Delhi	India
S1-205128215	Four & Sons Pvt Ltd	1201 B, 12Th Floor Hemkunt Chamber, 89 Nehru Place, New Delhi, South Delhi, Delhi	India
S1-965563046	Holly Bradley Vanguard Deep LLC	3766 Kesling Mill Road, Buckhannon, WV	US
S1-295654467	Bright Silver Lodging	6806 Townbrook Drive, Unit APARTMENT F, Gwynn Oak, MD	US
S1-292431246	Rapid Nutrition Consultants, Inc	1500 Hamlin Avenue, Chicago, IL	US
S1-784593424	Chennai Travels LLP	No.T1/8, B Block, Land Marvel, No.2, Mullai Nagar Main Road, Tnhb Colony, West Tambaram, Chennai, Tamil Nadu	India
S1-449285120	Roxanne Cummins Chesapeake Corp	100 Pelhams Ordinary, James City County, VA	US
S1-15318832	Maragh, Didi F., DPM	708 Panton Road, Panton, VT	US
S1-476426041	Future Properties Limited	149, 2Nd Floor, Agcr Enclave, East Delhi, Delhi	India
S1-414200621	Heart Project	503 Ann Drive, Tecumseh, OK	US
S1-805475719	Bureau of Transportation	3207 Airline Road, Unit 901, Victoria, TX	US
S1-23071514	Maratha Industries Group Private Limited	F-13, S.P.No-1, T.P.S.No-18, Sumel Busniess Park, Old Kaiser-I Hind Mill Compound, Raipur, O/S R, Aipur Gate, Ahmedabad, Gujarat	India
S1-804492715	Rendon Federal Alphabet Care	87 Levesque Avenue, West Hartford, CT	US
S1-627332151	Family Harbor Society	Lakeland, TN, 10217 Hampton Drive	US
S1-510701177	Strong Traders LLP	Plot No. 147, Road -2, Lane-5, Jagannath Vihar, Baramunda, Bhubaneswar, Khordha, Orissa	India
S1-657928913	Hansen, Young and Barnes Platforms LLC	31490 Randolph Drive, Lillian, AL	US
S1-244952377	Global Value	214 Walnut Street, Lowellville, OH	US
S1-741906218	Caps Suspensions (India) Private Limited	H.No.113 Ahmedgarh Road, Pohir, Ludhiana, Punjab	India
S1-564370700	Haines Studios LLC	13652 40th Drive, Phoenix, AZ	US
S1-520716578	City Logistics Private Limited	Nidhiban, Atghara Flat-5C, P.O-Gopalpur, Kolkata, Kolkata, Howrah, West Bengal	India
S1-41369926	Yugma & Co Company	The Spring Chs Flh/302, Plot 4 Sector 20, Panvel, Raigarh(Mh), Maharashtra	India
S1-580570593	Black Impex Private Limited	Jeevan Sahakar, 2Nd Floor, Sir. P.M.Road, Fort, Mumbai, Maharashtra	India
S1-252333881	Crystal White LLC	13310 Johnson Road, King George County, VA	US
S1-322485706	Pv Public School Associates	C-1, Shyam Enclave, Sahibabad, Ghaziabad, Sahibabad, Ghaziabad, Ghaziabad, Uttar Pradesh, India, Loni, Ghaziabad, Uttar Pradesh	India
S1-403253023	Peony Institute of Technology Private Limited	No. 1206, Karnataka, 1St Floor, New Kantharaj Urs Road, Mysore	India
S1-696644904	High Resource Private Limited	Kanyakumari, G.J. Golden Complex Attoor Road, Arumanai Junction, Kanyakumari District, Tamil Nadu, 16/2 M	India
S1-978461811	Pune City Chemical Private Limited	Row Hn-3 Sn-3, 56A, 57A, 58A, Uday Baug, Ghorpadi, Pune City, Pune, Maharashtra	India
S1-802662280	Pune Services Private Limited	B501 Aster Gat No1329 (P) Wagholi, Pune, Maharashtra	India
S1-64342546	Longshoremen Local Union 643 Care	620 Rowland Street, Harrison, AR	US
S1-966747852	Step Chit Private Limited	Sd 208, Suite #106, Shriram Smrithi, Anekal, Bangalore, Karnataka	India
S1-472956926	Allen, Gunderson & Loudermilk	AL, Horton, 1375 Holland Road	US
S1-713768483	Bharat Finvest Limited	Pragathi News, 5-9-22/57/D/1, B.M .Birla, Science Museum Complex, 3 Rd Floor, Adarsh, Nagar, Hyderabad, Telangana	India
S1-567838274	Pediatric Dental Better Group	13111 9th Avenue, Spokane Valley, WA	US
S1-956292457	GE Clear Fields LLC	3220 Cherry Lynn Drive, Grand Forks, ND	US
S1-632233036	Wildlife Center	15707 Brook Pine Lane, Houston, TX	US
S1-833360912	Alpha Al Exports LLP	Flat No602 6Th Floor Maple Tower Hill Park Complex Captian Suresh Samant Road, Jogeshwari (, West), Mumbai, Mumbai City, Maharashtra	India
S1-630613249	Bharat Marketing Private Limited	201, Viraj Complex, Near Krishna Complex Near Panchayat Nagar, University Main Ro, Ad, Rajkot, Gujarat	India
S1-154626116	Lididyne LLC	25 Walnut Street, Galena, OH	US
S1-268471273	Peva	10010 Cherry Ridge Dr, Louisville, KY	US
S1-784272497	Phoenix Economic Development Bright Federation	3621 San Miguel Avenue, Phoenix, AZ	US
S1-690934189	Walsh & Brooks Care	3608 Poteet Drive, Unit 438, Mesquite, TX	US
S1-140799080	Safe Mobility Ventures	238 Ashley Road, Hopkins, MN	US
S1-511393334	Isar Engineers Pvt Ltd	No.9-20/2, Divya Landmark Apartments, Hmt Main Road, Yeshwanthpura, Bangalore, Karnataka	India
S1-494307655	Midwest Credit LLC	106 Varville Road, Petersburgh, NY	US
S1-454508765	Ambica Asia Ltd	Vill- Jhanjharpur(Np), Tola-Ward No.2, Jhanjharpur, Madhubani, Bihar	India
S1-396907045	Steele Ellington LLC	2327 Columbus Avenue, Springfield, OH	US
S1-445360406	Salzano Net PC	241 Munson Street, New Haven, CT	US
S1-275186163	Cotech Tpg LLC	578 Aviation Road, Unit Unit 39, Queensbury, NY	US
S1-427372581	Niharika Law Chambers	Unit No. 1, Woodstock Bungalow, J P Road, Near Janki Devi School, Andheri West, Mumbai, Maharashtra	India
S1-208289868	Digital Food Limited	Office No 25 Acme Amayvishweshwar Road Off Aarey Road Goregaon East, Mumbai, Maharashtra	India
S1-483124933	Mangaldeep (India) Institute Limited	Shop No 125 Shiv Colony, Karnal Road Jatt School, Kaithal, Haryana	India
S1-366256458	Premkunj Vidyalaya Corp	H.No.1-10-1/1C, Srichakripuram, Kushaiguda Ecil Post, Hyderabad, Telangana	India
S1-617161196	Physical Therapy Associates of Dallas	6415 Desco Drive, Dallas, TX	US
S1-982456002	Bright Deli	583 114th Street, Cleveland, OH	US
S1-608219119	Beegee Traders	Connaught Place, New Delhi, Delhi, 8 Tolostoy Marg	India
S1-289918691	Kozhikode Marine Limited	Building No. 5/75, Feroke Islamic Institute, Kozhikode, Kerala	India
S1-135643871	Technologies Arora Outdoor Private Limited	Sf No 324/3B Site No-12, Signature Villa Kovaipudur, Coimbatore, Tamil Nadu	India
S1-494589045	Apex Media Private Limited	A-402 Sahara Apartment, Dwarka Sector 6, New Delhi, South West Delhi, Delhi	India
S1-514851102	Maki Heritage Brand	2722 Creston Avenue, Bronx, NY	US
S1-737099261	New Healthcare LLP	Office 503 Plot 12 Cbd 61 Four Green Scape Shakti, Thane Navi Mumbai, Thane, Maharashtra	India
S1-836520531	Uma & Sons Pvt Ltd	4Th Floor, Khaitan Supermarket Birla Mandir Road, Patna, Bihar	India
S1-680646890	Izzo, Ardelis, CPA	3833 Cromwell Lane, James City County, VA	US
S1-120630293	Subhratri Works Private Limited	7A Kiran Shankar Roy Road, Kolkata, Howrah, West Bengal	India
S1-725817678	Jay Construction Private Limited	9 Pappammal Lay Outpalayur Pappanaickenpalayam, Coimbatore, Tamil Nadu	India
S1-224628778	Certified Diagnostic Consultants Inc	412 South Street, Unit 1/2, Fremont, OH	US
S1-272110519	Galaxy Charters Pvt Ltd	C/O, Mithilesh Mishra, Mashila Paschim Para, Howrah, West Bengal	India
S1-417228899	Grand Horizon Midstream LLC	126 Gentry Hamilton Road, Gray, TN	US
S1-103367945	Porwal Trading Private Limited	Jajpur, Orissa, Ichhanagarpatna Rangidaspur, Jajapur, C/O-Jagannath Sendha, Jajapur	India
S1-419270950	Sca Engineers LLP	Chennai, Tamil Nadu, Maddox Street Choolai, Chennai, No. 70	India
S1-555246592	Elkhorn City Urgent Care Diamond Associates	285 Elkhorn Street, Elkhorn City, KY	US
S1-404234059	Connaught Place Associates Private Limited	607, Rohit House, Tolstoy Marg, Connaught Place, New Delhi, Delhi	India
S1-987863646	Laxmi Developers	102-Pragati Chambers Murai Mohalla Chawani, Indore, Madhya Pradesh	India
S1-752067527	Sunrise Caravan Pvt Ltd	Choryasi, Flat 803, Darshan Residency-A, Paiki C1, Puna Char Rasta, Magob, Gujarat, Surat	India
S1-757232716	Alps Brothers Limited	H-17/35, Sector-7, Rohini, Delhi, North Delhi, Delhi	India
S1-729241991	Silver Liberty LLC	1515 Demonbreun Street, Unit 1027, Nashville, TN	US
S1-981818742	Best Food Private Limited	Flat- Lg-1, Plot No. 7 (West Part), Shree Shyam Residency, Dr. Rajendra Prasad Nagar-B, Near Shyam Baba Temple, Badarwas, Jaipur, Rajasthan	India
S1-819389032	Gulf Society	5415 Thompson Road, Unit B, Columbus, OH	US
S1-718370323	Rocky Bay Grade LLC	1522 Linden Court, Town Of Burlington, WI	US
S1-463933606	Navi Mumbai Startups Private Limited	Shop No -2 Plot No 13, Sector 42, Nerul, Navi Mumbai, Thane, Maharashtra	India
S1-48095057	Alpha Impex Pvt Ltd	No 116 1St And 2Nd Floor, Pantharapalya Mysore Rd, Nayandahalli, Bangalore South, Bangalore, Karnataka	India
S1-195891476	Blue Education Pvt Ltd	B-101, Industrial Area Phase -1, New Delhi, South West Delhi, Delhi	India
S1-966210043	TJY Research Private Limited	101-102 Gulmohar Complexopposite Anupam Talkies Goregaon East, Mumbai, Maharashtra	India
S1-671784248	Matrix & Sons	150/4120 Parivartan Chs Ltd, D Wing, 1St Floor, Vallabh Baug Lane, New Pant Nagar, Ghatkopar East, Mumbai City, Maharashtra	India
S1-888262486	Handy Foundation	Office No.03, Third Floor Block-B, Building No.46, Sector-63, Noida, Gautam Buddha Nagar, Uttar Pradesh	India
S1-785324216	Eulalie's Analytics	7912 122nd Street Court, Puyallup, WA	US
S1-308317934	OTC Emera Center	516 Walden Street, Lafollette, TN	US
S1-979431885	24HR Locksmith	14 Barbertown Road, Portville, NY	US
S1-198581568	Interface Trust Company	Fl-A- 502, S-83, Treedom Park, Kusmade Colony, Alandi Road, Kalas, Pune, Maharashtra	India
S1-49338085	Row Sullivan Horizon Roofing	26032 Palomino Trail, Fl 1, Scottsdale, AZ	US
S1-290352662	Technology Srinidhi People Private Limited	Flat No 06, Unit No.4, S. 166/A/3 Medhi Park Dp Road, Aundh, Pune, Maharashtra	India
S1-214365425	Badyne LLC	DC, Unit B, 1755 T Street, Washington	US
S1-901255680	Lesiak Regional	1034 Frederick Street, Arlington County, VA	US
S1-569216900	Gilliam Manufacturing LLC	9414 Canfield Court, Unit APT D, Saint Louis, MO	US
S1-919838688	Pediatric Dental Specialists of Rockville Centre LLC	144 Princeton Road, Rockville Centre, NY	US
S1-153103961	Krishna Ace Tech	G-9, Hiral Avenue Complex, Keshavnagar, Subhash Bridge, Ahmedabad, Gujarat	India
S1-554705673	XDI Import Private Limited	Madhya Pradesh, Indore, Prakrati Corporate 18/2, Yashwant Niwas Road, Indore, B-406	India
S1-888006680	ET Chemist Co	Mumbai, Hari Chambers 3Rd Floor58-64 Shaheed Bhagatsingh Rd Fort, Maharashtra, Mumbai	India
S1-772787761	Patriot Bank LP	IL, 3700 174th Court, Lansing, Unit APT 5A	US
S1-47473485	My International Private Limited	Telangana, Hyderabad, H.No.: 4-111/48/16/2A Road No.6, Padmavathy Colony, Uppal, Hyderabad, Plot No. 30	India
S1-771567952	Mcclure Liberty Hills LLC	New Hope, AL, 114 Tina Lane	US
S1-773869947	Om Food Private Limited	H.No. 13 1 1133/A Upper Dhoolpet, Hyderabad, Telangana	India
S1-587759053	Saree Haros Constellation	36889 23, Roxbury, NY	US
S1-851950996	Physical Therapy Preferred Medicine, LLC	1410 Midpark Drive, City Of Appleton, WI	US
S1-861555234	United Invest	13101 Parkwood Drive, Burnsville, MN	US
S1-774999447	Colidyne Holding Company LLC	900091 Highway 99, Stroud, OK	US
S1-658952397	Prime Etf	OH, 24 Eastgate Drive, Mount Vernon	US
S1-74046205	F 7 D Toyo	435 Interstate Avenue, Bismarck, ND	US
S1-460188847	Bureau of Environmental Protection	3391 Martin Luther King Jr Drive, Atlanta, GA	US
S1-485191367	Cure Cafe PLLC	37 Calumet Avenue, Worcester, MA	US
S1-155399216	Dental Bay Center LLC	Adelanto, CA, 1186 Boswell Road	US
S1-282473780	Ironworkers Local 903	IN, 4624 State Road 124, Wabash	US
S1-166621849	Daulat Hospital Private Limited	Door No 18/70 N Room No 21Kevi Complex Kallai Road Chalappuram Post, Kozhikode, Kerala	India
S1-187356198	MX Feet Private Limited	H. No. 3-117/23, P.No. 61, Bheem Reddy Nagar, Ghatkesar, Hyderabad, Telangana	India
S1-615965910	Apex Products Limited	No. 1433, Indus Anantya, Natham Link Road, Egattur, Chinglepet, Kanchipuram, Tamil Nadu	India
S1-138014316	Pediatric Continental Group	2167 Burnside Drive, Atlanta, GA	US
S1-529416643	First Community Church	2008 121st Street, Unit Unit 207, Burnsville, MN	US
S1-991118398	Mariano and Gabrielson Digital Corp	17 Paula Street, Fl 0, Laurel, MD	US
S1-727092062	Skill Analytics Private Limited	Yanam Road, Patavala(V), Thallarevu Mandal, Kakina, Kakinada, East Godavari, Andhra Pradesh	India
S1-867589535	Trusted Strategic Alliance LLC	Pierceton, 4707 100, IN	US
S1-366961140	Smith, Moira E., Ph.D.	142 Hendricks Avenue, Staten Island, NY	US
S1-528127169	Bracken Vanguard Hudson	357 Southridge Drive, Greece, NY	US
S1-912453861	Real It Pvt Ltd	Sarojini Naidu Rd8 Master Baug Kandivali (W), Mumbai, Maharashtra	India
S1-163548497	Krasnow College Group	1311 7th Street, Temple, TX	US
S1-329963005	Veer (india) Private Limited	Khordha, Bhubaneswar, Orissa, Bjb Nagar, Plot No.-20-A	India
S1-743525217	Platinum Real PC	20760 Empire Avenue, Unit Unit 100, Bend, OR	US
S1-339090862	Heart Ministries LLC	Unit Suite 4, Elmsford, NY, 116 Central Avenue	US
S1-119318995	Newton, Wymore and Stoneking LLC	TX, 6060 Village Bend Drive, Dallas	US
S1-208544360	Stormy Parrot Distribution LLC	10018 Forest Village Ln, Lyndon, KY	US
S1-281776320	Physical Therapy Reliable Partners LLC	38 Franklin Street, MA, Newburyport	US
S1-14613951	Vision Cascade Group	585 Coachman Way, Sanford, NC	US
S1-19476083	Sharda Dairy Ltd	Jagat Narayan Road Kadam Kuan, Patna, Bihar	India
S1-820510837	Supreme Agro Private Limited	141, Tambawala Building Lohar Chawl, Mumbai, Mumbai City, Maharashtra	India
S1-464967598	Unique Jain Business Private Limited	720, Kirti Shikhar Tower, District Centre, Janakpuri, New Delhi, West Delhi, Delhi	India
S1-63004400	Leia, LLC	6330 Golden Star Place, Columbia, MD	US
S1-720973687	Zeh Payment Inc	WA, 25104 170th Place, Covington	US
S1-726843944	NOH Rice Ltd	D No.18-74/1, Aditya Nagar, Street 1 Madhurawada Visakhapatnam, Visakhapatnam, Vishakhapatnam, Andhra Pradesh	India
S1-97504195	KL Alliancebernstein Group	2684 Lauffer Ravines Drive, Fl 2, Columbus, OH	US
S1-66135539	Urban Power Private Limited	D-126, Second Floor Lajpat Nagar-I, Near Park, New Delhi, South West Delhi, Delhi	India
S1-356127491	Chennai Advisors Private Limited	P305, Oxygen By Urban Tree, Pushkin Street, Gandhi Nagar, Chennai, Tamil Nadu	India
S1-551980816	Continental Supreme Texas Inc	7 Noble Hill Road, Bozrah, CT	US
S1-752995445	Vijaya & Brothers Private Limited	B 104 Shri Siddheshwar High Life Harani, Vadodara, Gujarat	India
S1-895902412	Super Foods Pvt Ltd	R H Plazza, 3Rd Floor, Belli Basavanna Gudi Street, Mamulpet, No. 88/87, Bangalore South, Bangalore, Karnataka	India
S1-20584302	Piedmont Value Space L.L.C.	4016 Highway 240, Caddo Gap, AR	US
S1-71391925	Yes Fashions	Mumbai City, Subedar Chawl, Haryana Basti New Relief Road, Oshiwara, Jogeshwari We, St, Mumbai, 8, Maharashtra	India
S1-51428083	Elsbeth Giltner Solana LLC	2061 Ontario Circle, Fort Wayne, IN	US
S1-896837873	Massey, Raposo & Nguyen, LLC	640 Elliott Road, Unit 218, Chapel Hill, NC	US
S1-949718402	Piedmont Foundation	4101 Brenmar Lane, Durham, NC	US
S1-683365793	Prather Metropolitan Railway	91 Water Street, Taunton, MA	US
S1-508614820	Jabalpur Services Corp	House No. R-48, Shakti Nagar, Jabalpur, Madhya Pradesh	India
S1-598361554	XNW Human Limited	Chathancheriparambu, Mullakkal, Shoranur, Palakkad, Kerala	India
S1-711423984	Vision Technology Private Limited	1333, Flat 107, 1St Flr, B Wing, Abuji Apartment, 4Th Nizampura, Bhiwandi, Thane, Maharashtra	India
S1-21278665	Internal Medicine Associates Inc	270 300, Provo, UT	US
S1-675853778	Vocational (India) Tea Private Limited	Office #303 (North), Newmark House, Plot No 56, Shaikpet, Hyderabad, Telangana	India
S1-369004806	Secunderabad Furnitures Private Limited	Plot No.15, Sri Mahalaxmi Narasimha Swamy Co-Op Society, Behind Sri Nagar Colony, Tiruma, Lagiri, Secunderabad, Rangareddy, Telangana	India
S1-944756992	Eluru Nidhi Pvt Ltd	H No 11/8 Sanivarapupeta Grama Panchayati West Godavari, Eluru, West Godavari, Andhra Pradesh	India
S1-867198792	Delgado and Waiters LLC	5202 383rd Street, Eatonville, WA	US
S1-539156951	Sky Seven Ventures Private Limited	Flat No. B-802, Jayanti Nagri-Iii Beltarodi, Nagpur, Nagpur, Maharashtra	India
S1-877409343	Arihant Consultants Private Limited	4262/3F/F Gali, Punjabian Ansari Road, New Delhi, Central Delhi, Delhi	India
S1-913245014	Grabowski, Valdivia and Snuffer British	864 215 Street, Bronx, NY	US
S1-466392069	Unicus Consumer Private Limited	C/O Vinod Kumar Jha, 38 Bentinck Street, Kolkata, Kolkata, Kolkata, Howrah, West Bengal	India
S1-219262508	Roopika Tech Private Limited	1, Old Court House Corner, 1St Floor, Room No. 104, Kolkata, Kolkata, Howrah, West Bengal	India
S1-833407670	Baltimore Creative Properties P.C.	3809 Fairview Avenue, Baltimore, MD	US
S1-811869917	Flood Supreme Cola, Corp	1501 Westbrook Road, Clayton, OH	US
S1-62952813	Gutierrez Plus	400 Jackson Street, Minerva, OH	US
S1-301812036	Internal Medicine Partners LLC	230 L Street, Unit 2, Boston, MA	US
S1-86659201	Kremer & Peterson End Inc	2531 5th Street, WI, City Of Superior	US
S1-71460098	Creador Project Private Limited	Office No. 429, Centura Square It Park, Sg Barve Road, Thane, Maharashtra	India
S1-119793544	Allied Council II PLLC	Middletown, 24 Palmer Avenue, NY	US
S1-199762822	Caus	106 Alden Road, Plymouth, NC	US
S1-326082034	Ascent Home LLP	Xion, Psc Pacific Mall Second Floor Shop No-211, Nr. Tuljabhavani Mandir, Haveli, Pune, Maharashtra	India
S1-732389739	Star Best Standard LLC	Saint Louis, Fl 0, 7325 Lansdowne Avenue, MO	US
S1-890494937	Choice Networks LLC	N5811 Twelve Corners Road, Town Of Black Creek, WI	US
S1-841987041	Gulf Invest LLC	3420 36th Avenue, Minneapolis, MN	US
S1-274700576	Gemtech Trading Private Limited	Wz-191 Gulab Baghmain Naajabgarh Road, New Delhi, West Delhi, Delhi	India
S1-977994019	Cil Genius Pvt Ltd	B2/302, Vijay Park Kasarwadawali, Ghodbunder Road, Thane, Maharashtra	India
S1-352538348	Quadrant Traders Limited	452 Y Block Kidwai Nagar, Kanpur, Uttar Pradesh	India
S1-939304287	Juliana Cardona, MD, M.D., P.C.	12258 El Greco Circle, City Of El Paso, TX	US
S1-30080584	Nk & Partners Private Limited	No 21 (65) 1St A Main Road, Mahalakshmi Layout, Bangalore North, Bangalore, Karnataka	India
S1-762469632	Integrated Natural Inc	1801 Palm Valley Boulevard, Unit 1323, Round Rock, TX	US
S1-816826631	Carl Vornado Inc	39288 Teel Hill Road, Davenport, WA	US
S1-623836209	Balaji Engineering Limited	196 Jamunalal Bajaj Street5Th Floor, Kolkata, Calcutta, West Bengal	India
S1-382110953	Sr Advisors	Nagappa Nayak Road First Cross, Karnataka, Bhatkal, Uttara Kannada	India
S1-275356155	Sai Smart Investment Private Limited	C/O Gopal Kumar, Vill-Gudarganwan, Tola, Gudarganwan Panch-Saidpur Ama, Block-Matihani, Begusarai H.O, Begusarai, Bihar	India
S1-239053437	Chandan Holdings	Kolkata, Howrah, N. S. Road, Marshall House Room No. 344, West Bengal, 33/1	India
S1-690614287	Sill's Retail	4296 Frogie Lane, Shallotte, NC	US
S1-913666087	Guru Energy Private Limited	A-4 Midc Industrial Areamahad, Raogad, Raigarh, Maharashtra	India
S1-505802462	Nmp Traders Pvt Ltd	24 2Nd Main Maruthi, Layout Vasanthapura, Bangalore South, Bangalore, Karnataka	India
S1-16878120	Classic Heartland Vision Center PC	185 Freeman Street, Unit 749, Brookline, MA	US
S1-518350537	Tony Mcgrath Triton LLC	Bowie, TX, 305 Elba Street	US
S1-208482563	Arpit & Associates	Room No. 6, Mumbai, Maharashtra, Mumbai, Chawl No.E-01, E Ward Dr. Babasaheb Road	India
S1-470714687	Unified Chemical Concepts	2652 Via Del Mar, Carrollton, TX	US
S1-751192246	Junia's Seafood	106 Becker Lane, Marietta, OH	US
S1-430219539	Root Institute Ltd	2Nd Floor, Nexus Building, Abv Leelavati Grand Hotel, Hubli, Dharwad, Dharwar, Karnataka	India
S1-827141802	Black Pharmaceuticals Private Limited	74, Niharika Bunglow Opp.Himmatlal Park, Ahmedabad, Gujarat	India
S1-373286096	Lower Malt	12364 Goshen Road, Salem, OH	US
S1-352916029	Singh Towing Inc.	1949 Dorothea Avenue, MN, Saint Paul	US
S1-137067904	Corporate Payroll Laboratories	1741 Skiffes Creek Circle, James City County, VA	US
S1-811917374	Future Enterprises Private Limited	56/1 Bosepukur Purbapara Ground Floor Kasba, West Bengal, Kolkata, Howrah, Kolkata	India
S1-755857666	Marchand Starwood	255 Lake Road, Ballston, NY	US
S1-812557508	Hari Empire Pvt Ltd	905, Lgf Neeti Khand-1, Indrapuram, Uttar Pradesh	India
S1-359078818	Nelson, Othelia, Ph.D.	822 Harefoote Street, Holland, OH	US
S1-506908107	Lorette Brackett Properties LLC	4104 Chardel Road, Unit APARTMENT 1B, Nottingham, MD	US
S1-134544824	Adoree's Desert Salon	Long Grove, IL, 6714 Rfd	US
S1-575693953	QYW Midwest Arcelormittal	12382 230th Street, Mason City, IA	US
S1-594641439	Santangelo Innovative Investment LLC	5435 Hilliard Road, San Marcos, TX	US
S1-178120415	Youth Metal Limited	106 Mahaveer Palace, Opposite Circuit House, Jodhpur, Rajasthan	India
S1-150487460	Hotel Food Private Limited	Mistry Industrial Estate Midc Cross Road, Near Midc Post Off, Mumbai City, Maharashtra, Mumbai, Unit -32	India
S1-555670137	Galaxy Industries	Ghaziabad, Uttar Pradesh, Satyapal Singh S/O Narayan Singh, Nh-24 Village Kajipura Po Dasna Ghaziabad, Ghaziabad	India
S1-353425423	Credit Property Industries LLC	N12244 A/c, Town Of Athelstane, WI	US
S1-196192668	Silver Infra Private Limited	C/O Chiranjit Maity Maity, Vill Majhipara Po Rakhaja, Kharagpur-I, West Midnapore, West Bengal	India
S1-954829455	Supreme Infra LLP	Mumbai, A-11 Sai Dhartisai Baba Complex Ciba Road, Maharashtra	India
S1-127508167	Delhi Clothing Private Limited	R-273, Old No.27, Gf, Ramesh Park Laxmi Nagar, Delhi, East Delhi, Delhi	India
S1-544988672	Wicker, Whitney, O.D., PC	162 Green Pond Road, Sherman, CT	US
S1-916874344	Mccormick Central Inc	164 Crane Pond Road, Schroon, NY	US
S1-566779950	Urology Trusted Care Associates Corporation	120 Balthis Circle, Hendersonville, NC	US
S1-971426960	Services Sobti Portfolio Pvt Ltd	Wardha, Maharashtra, C/O Sandip Vasantrao Surjuse Matamandir Wardhgt. Hgt	India
S1-343146429	Hill Corporation	5301 N Briar Circle, Mckinney, TX	US
S1-723888911	Quintana Sciences Inc	221 Park Avenue, Fl Floor 1, Albany, NY	US
S1-617841349	Housing Alliance	3606 Flagstaff Drive, Jeffersonville, IN	US
S1-735160064	Electricians Local Union 494	7121 A Three Notch-kroner Road, Mobile, AL	US
S1-289047901	Creative Network Systems	891 1300, Salt Lake City, UT	US
S1-613716349	Cinder LLC	2541 Churchill Drive, Burlington, NC	US
S1-955634278	Shiv Brothers Private Limited	Homlmcroft, Plot No 25 S V Road Santacruz, Mumbai, Maharashtra	India
S1-764046527	Bangalore South Management Private Limited	No. 26, 3Rd Floor, 1St Main Road, Sampangiramnagar, Bangalore, Bangalore South, Bangalore, Karnataka	India
S1-647644999	QP Estates LLP	1046-3984, Mahadev Mandir Road, Baramunda, Bhubaneswar, Bhubaneswar, Khordha, Orissa	India
S1-597401076	Jyoti Voth Pro Inc.	1305 Sun Valley Road, Clarksville, TN	US
S1-788366857	Krystle's Preferred Towing Inc	333 Washington Street, Unit 344, Boston, MA	US
S1-852010573	North Media Private Limited	202, President Chambers7A, Richmond Road Bangalore, Bangalore, Karnataka	India
S1-728606416	Dermatology Care Associates LLC	1302 Depriest Road, Bostic, NC	US
S1-632145193	Rapid Construction Technologies LLC	13691 Lynn Street, Prince William County, VA	US
S1-508024666	Thane Pure Ltd	5/502 Garden Estate, Thane, Maharashtra, Off Pokhran Road No 2 Gladys Alwares Marg, Thane	India
S1-806364912	Gng Security Limited	F-106, Mayur Gardens, 2Nd Cross, New 28Th Cross Venugopalaswamy Extension, Ejipura, Bangalore, Karnataka	India
S1-144380885	Engage & Associates	154 Reddiapatti Roadkeelarajakularaman R Reddiapatti:626 136, Rajapalayam Tk, Kamarajar Dt, Tamil Nadu	India
S1-415419201	Hope Valley Saul	11807 Oriole Slough Ln, Louisville, KY	US
S1-76004585	Rodriguez Midwest Diagnostics LLC	109 1st Street, Waltham, MN	US
S1-626302094	Clean Horizon Navigation	325 Pierpont Road, Waterbury, CT	US
S1-368682347	Pinnacle Business Works LLC	119 Elm Street, NY, North Syracuse	US
S1-502227584	Eye Metro Partners	Fairfield, 1230 Glenview Circle, IA	US
S1-405926107	Summit Network	WA, 2930 Patton Street, Bellingham	US
S1-432426052	Pacific Secure Quantumsphere Care	7538 Wellington Way, Fl 0, Saint Louis, MO	US
S1-84852022	Aries Brothers Private Limited	C/O Sanjit Kumar Pandey Street-Krishna Hospital, Adarsh Nagar, Samastipur, Bihar	India
S1-417057536	Orthopedic Partners L.L.C.	3310 8th Parkway, Park City, IL	US
S1-880198728	Blue Logistics Private Limited	C/O Ramsunder G Ii-18/472, G/F Sangam Vihar, New Delhi, South Delhi, Delhi	India
S1-442351224	WE Com Private Limited	Flat No 401 4Th Floor Bhavana Nivas 02 8Th Main Road Horamavu Village, Karnataka, Bangalore	India
S1-919435844	Premier Chemical Solutions LLC	Wamego, KS, 215 Maple Street	US
S1-566991925	Durgesh Waters Company	939, Shanti Nagar Opp. Durapura Railway Station, Jaipur, Rajasthan	India
S1-228023298	Beverlee's Tax Partners	31464 Fireclay Road, Cottage Grove, OR	US
S1-244067623	Stillwell Bleichroeder LLC	110 Green Street, Waveland, IN	US
S1-997093198	Golden Hotels Holdings	2410 Woodshire Circle, Chesapeake City, VA	US
S1-717551406	Hamlin and Benson LLC	800 New Ballas Road, Fl 0, Saint Louis, MO	US
S1-857697040	88/61 Apogee, LLC	1414 Hwy 65, Unit Ste 119, Clinton, AR	US
S1-64327358	Bush Kpet LLC	306 Grisham Ford, Crane, MO	US
S1-498117073	Meenendra Technologies Limited	13-1-166, 107, Aashvi Meadows Sneha Puri Colony Moti Nagar, Road No 6, Hyderabad, Hyderabad, Rangareddy, Telangana	India
S1-737485519	Smith Parts Inc	12400 Tatum Boulevard, Unit 3209, Phoenix, AZ	US
S1-859708973	Halcyon LLC	11 Rockbrook Drive, Camden, ME	US
S1-516319529	1693 Lincoln Street Partners	2760 Graybill Road, Uniontown, OH	US
S1-28623356	Elite Wellness Enterprises LLC	39 Franklin Avenue, Oswego, NY	US
S1-163872114	Sree Star Food Private Limited	Door No. 16/690, Karingachira, Thripunithura, Kochi, Ernakulam, Kerala	India
S1-585085470	Cozy Book Store LLC	Troy, AL, 2158 2254	US
S1-477454470	Metro Construction LLC	6020 Ehrhardt Avenue, Sacramento, CA	US
S1-691954143	As Nidhi Limited	No. 218 Ananda Rao Circle Gandhinagar, Bangalore, Karnataka	India
S1-793955449	HJN Flex Private Limited	Chavakkad, Tharavadu, Guruvayoor - Kanjany Road, Ppr Court Yard Annexe, P O Puvathur, Kerala, Thrissur, No. 13/396	India
S1-414132674	141 Park Drive Holdings	159 Judson Street, Elmira, NY	US
S1-805122560	F/F Hamilton LLC	College Park, 7300 Dartmouth Avenue, MD	US
S1-970332600	Halcyon Clinic	800 Galloway Road, Bolivia, NC	US
S1-803163238	Anchor Inc	UT, 915 N Temple Street, Unit 513, Salt Lake City	US
S1-558201612	Red Developers Private Limited	288, Vijay Raj, 9Th Road, Khar West, Mumbai, Mumbai City, Maharashtra	India
S1-957889751	Varanasi Engineering Limited	Uttar Pradesh, 3/488 Vivek Khand, Lucknow, Gomti Nagar	India
S1-89077155	Apn & Co	Unit No. 318, Jp North Imperia, Wing T2, 3Rd Floor, Vinay Nagar, Near Arcade Art Complex, Thane, Maharashtra	India
S1-978373257	Pra Earth Ltd	Plot No. 4/B, 4Th Floor, Dora'S Legend, Near Post Office, Vengal Rao Nagar, Hyderabad, Telangana	India
S1-374463300	Jones Aspen Inc	MN, Elbow Lake, 110 1st Street	US
S1-279222824	Kelly, Lenora, DDS	Houston, TX, 18034 Bambridge Drive	US
S1-774143363	Chennai Regional Limited	No. 2/2, 2Nd Main Road Kasturibai Nagar, Adyar, Chennai, Tamil Nadu	India
S1-783154704	South Staking Inc	3232 Lakewood Avenue, Unit APARTMENT  1T, Tulsa, OK	US
S1-891169487	Alla Sime Delta King Inc	12364 Mascher Road, Marion County, OR	US
S1-829032033	Empire Championsgate LLC	410 Central Avenue, Norwood Young America, MN	US
S1-736082758	Trimex Engineering (India) Limited	T-17, Block-T, Green Park Extension, Delhi	India
S1-902599572	Pioneer Exports Private Limited	Mirzapur, Uttar Pradesh, Pandeypur Road Tahsil, Sadar, C/O Jagdish Prasad Sonkar	India
S1-229378257	Adani Apparels Private Limited	Plot No 2, Khasra No 642, Village Madiyaon, Bkt, Lucknow, Uttar Pradesh	India
S1-121685497	Solutions Oberoi Value Center	11097, New Delhi, Delhi, East Park Road Karol Bagh	India
S1-784714701	Trust (India) Naturals Limited	205, Second Floor, Super Mall 1, Infocity, Gandhinagar, Gandhi Nagar, Gujarat	India
S1-309748157	Unique Ventures	2Nd Floor, Centrum Mall, Khasra No. 369 And 370, M G Road Sultanpur, New Delhi, South West Delhi, Delhi	India
S1-276594874	Hornsby, Scarpelli & Jenkins Inc	1936 Painted Bluff Way, Kamas, UT	US
S1-841310640	Green International Private Limited	Vadodra, A 22 Ramdevpark At Po Undera Ta Vadodara Village, Vadodara, Gujarat	India
S1-238864304	Pediatric Dental Care LLC	14736 Paradise Drive, Fl 1, Scottsdale, AZ	US
S1-789704859	Blue Power Pvt Ltd	Andhra Pradesh, Vijayawada (Urban), 1St Floor, Bavajipet 5Th Lane, 24-1-65A, Krishna	India
S1-400719149	Ace Automotive Inc	1496 New Murraytown Road, Cleveland, TN	US
S1-411944541	Foot & Ankle Group of Jonesborough	1702 Ida Sue Drive, Jonesborough, TN	US
S1-133315573	Newbold's Data	3118 Pioneer Drive, Village Of Hobart, WI	US
S1-558246817	Huggins Tbk LLC	4711 200, Rochester, IN	US
S1-891933413	Cesaus Jones	41 Midway Drive, Unit 104, Sugar Grove, WV	US
S1-231588525	Calinia Apex Oxley LLC	2850 Alum Creek Drive, Unit 217, Columbus, OH	US
S1-434365881	Agro Institute Private Limited	H No 49 Sawant Galli, Amashi, Karveer, Kolhapur, Maharashtra	India
S1-413517825	Nature Pharmaceuticals Co	C/O Suresh Kumar 175, Village Bangaon, Fatehabad, Haryana	India
S1-59028375	Downtown Tattoo	16 Stoney Brook Road, Rowley, MA	US
S1-297219270	Tech Exports Private Limited	Shop No. 01, Bhamashah Complex Kudli Stand, Tehsil-Shivsinghpura, Sikar, Rajasthan	India
S1-917319475	Ace Clearthink	1744 Walnut Avenue, Fayetteville, AR	US
S1-910215727	Shiv Projects	Flat No 6/3, Rz-54 Gali No 1, Tughlakabad Extension, Delhi, South Delhi, Delhi	India
S1-818814972	Mutual Robotics Products Inc	11898 Bay Ridge Drive, Bldg 2, Burlington, WA	US
S1-362152399	Real Solutions Pvt Ltd	3-4-529/2/4Narayanaguda Hyderabad, 500 027, Hyderabad, Telangana	India
S1-810521118	Torres, Hicks & Paprocki LLC	1021 45th Street, Temple, TX	US
S1-16834395	Findlay and Bohler, LLC	1389 Indianola Avenue, Akron, OH	US
S1-327168899	Vantara Soren LLC	2417 Haskell Boulevard, OK, Muskogee	US
S1-154821052	Pediatric Associates of Letart	398 Graham Station Road, WV, Letart	US
S1-765726113	City Care Pvt Ltd	East Delhi, Delhi, New Delhi, G-144 Preet Vihar	India
S1-618439955	City Trading Private Limited	B-2/703, 86/245, Eldeco Garden Estate Raipurwa, Raipurwa, Kanpur, Uttar Pradesh	India
S1-418999534	Road College Corp	3/48, Karadivavi Post, Palladam Tk, Tiruppur, Coimbatore, Tamil Nadu	India
S1-823908872	Royal Media Private Limited	No.3, Mahalakshmi Nagar Puzhal, Chennai, Tamil Nadu	India
S1-792642305	Craig Value Partners	210 Main Street, Stanton, KY	US
S1-636992241	Smith's Metropolitan Studios	2007 Eldorado Drive, Geneva, IL	US
S1-892312073	American Hamilton	101 Peterson Place, VA, Charlottesville City	US
S1-709356804	Pune Infrastructures Private Limited	S. No. 120 A B Bp No. 545/3 Radhey Constructions Office No. 202, Sin, Hagad Road, Pune, Maharashtra	India
S1-881044888	Industries Shivam Projects Private Limited	202/1 St. Andrews Benedictine Rest House Beside Rajarajeshwari Medical College, K, Engeri, Kumbalgodu Post Mysore Road Kambipura, Bangalore Rural, Karnataka	India
S1-541667478	Painters Local Union 552	554 County Road 833, Buna, TX	US
S1-952402289	Brightova Atlantic LLC	9295 Yankee Road, Springboro, OH	US
S1-284445683	HY Luxe Private Limited	22/1, Bulandshahr, R K Puram, Bulandshahr, Uttar Pradesh	India
S1-805343668	Secure Digital International	141 Bear Creek Road, Unit 202, Asheville, NC	US
S1-819887759	Benetta Bisbee Empire Charter	4620 Thendara Way, Raleigh, NC	US
S1-100398530	Ram Construction Limited	35/8, Tollygunge Circular Road, Kolkata, Kolkata, Howrah, West Bengal	India
S1-485747521	Jai Logistics Limited	Janseva 759/55-B Deccangymkhana, Pune, Maharashtra	India
S1-805387694	Robinson Trusted Super Inc.	2245 Losantiville Avenue, Cincinnati, OH	US
S1-248327276	Certified Creative Group	2407 D Anita Street, TX, Houston	US
S1-10306097	Jodhpur Financial Pvt. Ltd.	Rajasthan, B- 6, Marwar Nagar Behind Mahamandir Railway Station, C/O. Mahendra Singh, Jodhpur	India
S1-409050842	City Of Green Bay Youth Horizon Services	City Of Green Bay, WI, 3093 W Point Road	US
S1-937072411	Genesys Paper (India) Pvt Ltd	Pvt No.1G, 1H And 1I, F/F Plot No.5 Road No.34, W.E.A.Karol Bagh, New Delhi, Central Delhi, Delhi	India
S1-51062441	Vivue, LLC	4025 23rd Parkway, Unit 2, Temple Hills, MD	US
S1-175291600	Land Clinic	A-701, Majestic Appartments Plot No. 3 Sector - 18, Dwarka, New Delhi, South West Delhi, Delhi	India
S1-799765201	Johnson, Jones & Torres Inc	6320 Poppleton Avenue, Omaha, NE	US
S1-265977224	Real Infra Pvt Ltd	C-201, I.C.B. Park Nr. Vandematram City Gota Ahmedabad, Ahmedabad, Gujarat	India
S1-321664205	Evvy Liu Huntington	3524 Brest Avenue, Norfolk City, VA	US
S1-494516237	UI Supreme Daedalus LLC	1215 Houbolt Road, Unit A3036, Joliet, IL	US
S1-56878097	Rep Energy Private Limited	Shop No. 20, Indraprastha Regency Motilal Nagar -1, Goregaon West, Mumbai, Mumbai City, Maharashtra	India
S1-733925654	Technologies Nishtha Systems Pvt Ltd	370/1/A/1 E Ward Savitri, Niwas Ghorpade Galli Sh -, Karvir, Kolhapur, Maharashtra	India
S1-191121584	Crosby Diamond Associates Inc	90 Bradford Road, Brighton, NY	US
S1-713856176	Lucita Suggs Guardian Inc	107 Silver Springs Trail, Chagrin Falls, OH	US
S1-788936913	Densmore, Kindel and Adams Clinic	249 Marion County 138 Road, Oakland, AR	US
S1-494810801	Premier Payment Holdings	166 Rocky Lane, Mars Hill, NC	US
S1-316553475	Scottsdale Memorial Alliance	11168 Laurel Lane, Fl 1, Scottsdale, AZ	US
S1-504248550	Blue Medical Center, LLC	925 La Posta, Alamogordo, NM	US
S1-203492850	Drayyn Arc	TX, 374 Lorene Drive, Van Alstyne	US
S1-945511495	Kam Lifts Pvt. Ltd.	No 1349 32Nd Cross 28Th Main 4Th T Block Jayanagar, Bangalore, Karnataka	India
S1-310975604	Helbert, Maryl, D.D.S.	3612 Hayward Avenue, Baltimore, MD	US
S1-553397408	Gruver Midwest Industrial Inc.	8644 Sandy Bay Court, Sacramento, CA	US
S1-699948218	New Delhi Cure Ltd	D-252 D-253 Ground Floor, New Delhi, Pocket D Phase-Ii Colony, South Delhi, Delhi	India
S1-119131851	Delta Academy	1750 Ellinwood Road, Rosedale, MD	US
S1-445760775	Dermatology Royal Physicians	807 Virginia Street, Mckinney, TX	US
S1-470789542	Dearman Dental Associates PLLC	205 26th Street, Unit 23, Ogden City, UT	US
S1-727070829	Cozy Massage	KS, Fl 0, 3220 Longfellow Court, Wichita	US
S1-932009183	ZP Transport Inc	3625 Birchwood Lane, Vestavia Hills, AL	US
S1-914219800	Gujarat Constructions Private Limited	5Th Floor, Kadathanamale Village Provident Welworth City, Doddaballapura, Road, B-1/507, Karnataka, Banglore, Bangalore	India
S1-892248078	U+ Iron Works Associates	30 Overlook Circle, Falmouth, MA	US
S1-11183874	Vior Inc	901 Washington Street, Unit UNIT 489, Colton, CA	US
S1-214360159	Royal Engineering Private Limited	No 144A, Mgr Street Saligramam, Chennai, Tamil Nadu	India
S1-608126615	Secure Capital LLC	KY, Arlington, 127 Holder Road	US
S1-563560815	Rose Care (India) Udupi	3-166, Rr No Ijl284, Ananda Vana Kalyalu, Post Innanje, Udupi, Karnataka	India
S1-285772000	Shivam Lakshmi Management Pvt Ltd	House No 59At And Post Varandh Tal Mahad, Raigad, Raigarh, Maharashtra	India
S1-651066286	Galante Mines Corp	Jeffersonville, 4714 Salem Noble Road, IN	US
S1-984342473	Metro Construction Center	322 Wheelock Drive, Warren, OH	US
S1-21854746	Eran Gottwald Royal Fields Inc	4688 Fuhrer Street, OR, Marion County	US
S1-305289239	Mumbai Knits Private Limited	1100-4, Bldg No.1-B, Highland Tower Chs Lokhandwala Township, Akruli Rd, Kandivali, Mumbai, Mumbai City, Maharashtra	India
S1-952690804	Integrated Chile PLLC	2265 Old Shelby Road, Hickory, NC	US
S1-554019675	Delta Clean Newhold	14921 Church Street, Laurel Hill, NC	US
S1-747937303	Envy Trading Associates	B Block Kala Flats 13-14 Nehru Avenue, K K Nagar, Chennai, Tamil Nadu	India
S1-63173085	Rivera, Slone and Fernandez LLC	4671 Revolutionary Way, James City County, VA	US
S1-927741381	Poly Charitable Trust	2 Ganesh Chandra Ave7Th Floor, Kolkata, Calcutta, West Bengal	India
S1-521155600	South Coastal Asset LLC	2307 Springbrook Court, Waldorf, MD	US
S1-306963399	Silver Bistro	830 Primrose Street, Springfield, MO	US
S1-231748550	Foot & Ankle Health	1171 Wake Forest Court, Prosper, TX	US
S1-597409365	Annis's Elite Physical Therapy	931 Englewood Avenue, Tonawanda, NY	US
S1-68645166	Nitin Infotech Private Limited	F No. 501, Bhavyas, Anandam Apt, Nizampeta Rd, Qutubullapur, Hyderabad, Telangana	India
S1-590469945	The Dent Ice Cream	282 Hester's Store Road, Roxboro, NC	US
S1-522162119	Ridge Hudson Inc	Carrollton, TX, Unit 2105, 2205 Tarpley Road	US
S1-960214685	Bartlett Income	21314 Hartford Hollow Lane, Katy, TX	US
S1-564978323	Bright White Technology Private Limited	C/O Suresh Patil, Kasbe Tadwale, Osmanabad, Maharashtra	India
S1-82094330	International & Sons LLP	1546, Navi Galli Shahapur, Belgaum, Karnataka	India
S1-513616165	Campos and Ostrom	263 Nicholas Farm Road, Grafton, WV	US
S1-769755004	Baheti Advisors	Plot No-1586/2543, Sivasakti Nagar, Andilo, Bhubaneswar, Khordha, Orissa	India
S1-856452222	YHB Rubber Limited	33, Pipliyahana, Pipliyahana Road, Indore, Madhya Pradesh	India
S1-266579835	Big Trading Limited	No 4, 1St Cross H.M.Nayak Road, Jaimaruthinagar, Nandini, Layout, Bangalore, Karnataka	India
S1-367769724	Dream International Private Limited	Flat No.204, Sindhura Apartments, Opp. Medplus Medical Shop, 6Th Phase, Kp, Hb Colony, Hyderabad, Telangana	India
S1-516062295	Express Data Ventures Inc	City Of Rice Lake, WI, 610 Linden Avenue	US
S1-944910691	Blue Traders Private Limited	Konark Epitome Unit No. Un 230A/1, 229, Lohagaon, Pune, Maharashtra	India
S1-915599	Bhatter One Pvt Ltd	50 Ist Floor Citi Centre Meenakshi Chowk, Muzaffarnagar, Uttar Pradesh, Muzaffarnagar	India
S1-877717479	Diamond Lane Inc.	3088 Ash Street, Little Canada, MN	US
S1-72356361	Thurlow Cola LLC	1596 Adelaide Avenue, Warren, OH	US
S1-5067476	Horizon Four LLC	2864 Mineral Park Road, San Tan Valley, AZ	US
S1-538668446	Shiva Business Private Limited	Gujarat, Anjani Complex Opp. Russian Flats Choice Gali Dr. Wadi Bunglows Navrangpur, A, 107, Ahmedabad	India
S1-281421972	Shivam Ventures Limited	Room No: F, Ist Floor, Landmark World, Nh 17 Bypass, P.O. G A C, Ollege, Kozhikode, Kerala	India
S1-693409906	Padilla Bright Logistics L.L.C.	3049 Los Altos Avenue, AZ, Tucson	US
S1-238074027	Life Golden Consultancy Private Limited	507, P-6, Ocean Complex Sector-18, Noida, Gautam Buddha Nagar, Uttar Pradesh	India
S1-394070546	Ss Services Limited	1D, Janta Flats Behind L.B. Collage, Ashok Vihar Phase-Iii, New Delhi, Delhi	India
S1-462462310	Optimal Procap	20 Moonlight View Lane, Anaconda-deer Lodge, MT	US
S1-570621564	Zirakpur (india) Corporation	Sco-14 Peer Muchalla, Zirakpur, Mohali, Punjab	India
S1-706880956	Dynamic Analytics Labs LP	479 Ward Street, City Of Richland Center, WI	US
S1-716124802	Vantex Canary LLC	3877 Royal Troon Drive, Round Rock, TX	US
S1-563036439	Khushali Emperor Pvt Ltd	Ghatkesar, P.No. 178Np, P&T Colony, Medipally, Telangana, Hyderabad	India
S1-636343480	Mundhra Impex Private Limited	N0.7, 5Th Cross, Dayanand Layout, Rammurthy Nagar Extension, Bangalore, Karnataka	India
S1-234647036	Creative Finance Limited	Ward 2, 462/F Stephen Tower, Kothamangalam, Ernakulam, Kerala	India
S1-136981187	Aroma Digital Pvt. Ltd.	Excutive Palace Ca16/2A Rail Pukur Road, Flat No - 403, Kolkata, Howrah, West Bengal	India
S1-153365258	Schneeberger Choice Spring LLC	200 Pintura Circle, Litchfield Park, AZ	US
S1-627462232	Corabel Cardona Origin PC	6843 Shalloway Drive, Grand Prairie, TX	US
S1-210681731	Solutions Future Global Private Limited	Jaipur, Ii Floor, Sabzi Mandi Link Road Near Mama Ka Hotel, Jawahar Nagar, Cc-121-123, Jaipur, Rajasthan	India
S1-461026460	Prime Consultancy Private Limited	39, 1St Floor, Harisidh Chambers, Income Tax, Ashram Road, Ahmedabad, Gujarat	India
S1-539557176	Bhavya Solar Pvt. Ltd.	H-16/104, Ground Floor Sangam Vihar, New Delhi, South Delhi, Delhi	India
S1-265294310	Alvarado Grand Municipals Inc.	12514 Darryl Drive, Buda, TX	US
S1-213545966	Nihit Solutions Private Limited	Patna, Kankarbagh, H/O - Kameshwar Prasad Singh South Chandmari Road No-2, Bihar, Patna	India
S1-111205549	T V Decarlo Plum LLC	Virginia Beach City, VA, 721 Pinebrook Drive	US
S1-441888458	2628 Union Way Properties LLC	6763 66th Avenue E, Tulsa, OK	US
S1-861208417	Oncology Physicians LLC	2309 Devin Lane, Clarksville, AR	US
S1-530696030	Crystal Great Generation	3539 Winding Oak Road, Oxford, NC	US
S1-674375172	DHW Tankers LLC	9177 Bear Creek Road, Cross Plains, IN	US
S1-217948375	Chuckey Smart Development	1150 Stone Dam Road, Chuckey, TN	US
S1-895155480	Environmental (India) Infotech Private Limited	Prop No 1, Block 5, Gali No 4, Geeta Colony, East Delhi, Delhi	India
S1-292337450	Dorolice Solorio Coastal Gss LLC	5526 Bounds Street, VA, Spotsylvania County	US
S1-873301150	YMC Back Private Limited	Plot No-101/559, Angargadia, Unit-4, Baleshwar Sadar, Balasore, Orissa	India
S1-328987412	Chiranjeev Infra Private Limited	A-1, Ground Floor, Shop No. G-11 Acharya Niketan, Mayur Vihar, Phase-1, New Delhi, East Delhi, Delhi	India
S1-416612755	Milly Gold Burtech	4902 Saddle Drive, Austin, TX	US
S1-945434310	Bell Robotics LLC	17 Emerson Road, Fl 0, Severna Park, MD	US
S1-932680658	Torres Choice High LLC	507 Johnson Street, Garrett, IN	US
S1-349605201	Chiropractic Group	823 Turner Street, Missoula, MT	US
S1-811103028	Elite Institute	S - 13 Sri Niwas Puriprivate Colony, New Delhi, South Delhi, Delhi	India
S1-934001277	Aloise Freed Industrials LLC	TX, Mckinney, 111 B Benge Street	US
S1-239763770	Seven Shakti Agro Private Limited	C-5/13, Safdarjung Developement Area, 1St Floor, Near Saint Anthony'S School, New Delhi, Delhi	India
S1-101523919	Smith and Hudgins LLC	74 Coolidge Street, Haverstraw, NY	US
S1-240901072	Gold Engineering Pvt Ltd	98-G, Sector-7, Near Living Style Mall, New Delhi, South Delhi, Delhi	India
S1-610078907	Birmingham, Rogers & Allen LLC	5491 Peru Street, Unit Apartment 2, Plattsburgh, NY	US
S1-288389752	Pune Engineering Private Limited	Eiffel City, B/1006, Talegaon Road, Ranubai Mala, Pune, Maharashtra	India
S1-182523510	Quezada Royce Inc	4385 Shelburne Road, Shelburne, VT	US
S1-772434012	Newman Vista LLC	MD, 2258 Fuchsia Court, Bryans Road	US
S1-37360271	Kismat & Brothers Private Limited	B120, Western Plaza, Raidurg Opp O.U. Colony, Hyderabad, Telangana	India
S1-456883493	IF Tradeplace Private Limited	B-6/13-14, Second Floor Sector-11, Rohini, New Delhi, West Delhi, Delhi	India
S1-794291578	Ramos Sunrise	Choteau, MT, 4030 89	US
S1-224463326	B & V Mines PC	13 Overlook Drive, Newburgh, NY	US
S1-282744496	Jones Best LLC	3290 Us 42, London, OH	US
S1-588547681	Ziraraj Tiles Private Limited	50/1-2 Narasimaiah Layout, 2Nd Cross Mylappanahalli, Bangalore North, Bangalore Rural, Karnataka	India
S1-416805708	Verron Shipping LLC	54 Bradford Street, Unit 5, Provincetown, MA	US
S1-825287127	Leong & Kaya LLC	202 Jefferson Avenue, Casey, IL	US
S1-472606759	Womens Health Harbor Center Inc	6369 Springcrest Lane, Henrico County, VA	US
S1-995932302	Peralez Apollo	Chicago, IL, 10542 Eggleston Avenue	US
S1-45507449	Allied Technical Associates	106 Bridge Street, Jonesboro, AR	US
S1-525949577	Frontier Guild II	900 42nd Avenue, Unit Apartment 105, Columbia Heights, MN	US
S1-674217669	Best Health Inc.	921 Whittaker Street, Shawnee, OK	US
S1-932581199	Tirupati Technologies Pvt Ltd	Khasra No 527, Dujana Road, Bishloni, Dadri, Gautam Buddha Nagar, Uttar Pradesh	India
S1-573733770	Great Star East LLC	1466 Lakeshore Drive, Port Clinton, OH	US
S1-789574693	Black Impex Limited	Shop No. 202 Gheewala Building Mp Road Mulund East, Mumbai, Mumbai City, Maharashtra	India
S1-988082754	Achievers Network Corporation	C-7, Kalindi Colony, Ring Road, New Delhi, Delhi	India
S1-853260378	Titagarh] Technologies	C/O Probha Ekka, House No-N0139, Baro Bagan, Patulia, Titagarh], North 24 Parganas, West Bengal	India
S1-943232811	Hotels & Sons Private Limited	P No 274 Pratap H Society, Sahakar Nagar No 2, Pune City, Pune, Maharashtra	India
S1-437087871	RGH Rapid Ares LLC	17 Hilltop Avenue, Lexington, MA	US
S1-394213463	Caputo, Searle and Saunders Inc	MA, 95 Charant Road, Lowell	US
S1-112361603	Jay Papers Care	D-1 Block, Plot No-21/18, Opp Scantech Next To Suraksha Packers, Midc, Chinchwad, Pune, Maharashtra	India
S1-106305081	Vision Care Associates LLC	320 Robinson Road, Plattsburgh, NY	US
S1-671441094	Zephiq Lifestyle Herriman Town	4894 Mossley Bend Drive, Herriman Town, UT	US
S1-907274507	Shiv Ventures Private Limited	Flat No103, # 45-57-5/1, Sai Eswar Enclave Near Nageswara Gasagency, Narasimha Nagar, Visakhapatnam, Vishakhapatnam, Andhra Pradesh	India
S1-707006448	Marketing Almal Technologies Private Limited	A-3/ 48, Paschim Vihar, New Delhi, Delhi	India
S1-568759969	4514 Madison Way Realty Inc	39249 130th Street, Byars, OK	US
S1-49830857	Gmm & Co	C-916 F/F Palam Extn Near, Sector-7 Dwarka, New Delhi, South West Delhi, Delhi	India
S1-336533394	Dahod Softech Private Limited	Plot No-361 To 364, 382, 383/2, Mega Gidc, Kharedi, Dahod, Gujarat	India
S1-663076906	Hitech Balaji Infotech	G 06A, Shashi Complex Exhibition Road, Patna, Bihar	India
S1-612537937	Herrera Royalties Co	22 Warfield Cove, Jackson, TN	US
S1-585046305	Equinox	4728 Steeplechase Drive, Fairborn, OH	US
S1-689719594	Best Valley Collective Inc	1730 Bennett Drive, Unit Unit 1104, West Des Moines, IA	US
S1-868411709	Otto, Sosa and Heard LLC	511 Hanna Road, Ballwin, MO	US
S1-580623279	Consulting Brn Solutions Private Limited	C/O Smt Sunita Sharma Chowni Ashraf Khan, Bareilly, Uttar Pradesh	India
S1-47191255	Aldridge, Cartwright & Boyd Inc	9990 Waterford Way, Mobile, AL	US
S1-497557204	Maa Credits Private Limited	1 Albion Place Hotel Heritage Compound Sant Savta Marg Byculla East, Mumbai, Maharashtra	India
S1-368095215	Bright Bistro LLC	25 Jette Court, Unit 818, Boston, MA	US
S1-155480034	Gusti's Frontier Jewelers	288 Madison 2120, Huntsville, AR	US
S1-110515609	Super Life Exports Limited	Bg-6 351A Paschim Vihar, West Delhi New Delhi, New Delhi, West Delhi, Delhi	India
S1-782166766	Cisco & Co	Old No. 24/1, New No.2, Sowrasthra Nagar, Choolaimedu Chennai, Chennai, Tamil Nadu	India
S1-637198139	Behavioral Health Clinic LLC	33843 Keystone Drive, Kenai Peninsula Borough, AK	US
S1-173944657	Desert Commerce	Riverside, 145 Foulois Drive, OH	US
S1-659846007	Prime Permian	1006 Kemp Road, Greensboro, NC	US
S1-864667634	Toledo Cancer American Charities LLC	3904 Wallwerth Drive, Toledo, OH	US
S1-399323707	Sai Agro Pvt Ltd	H. No.221 & 222, Upper Ground Floor, Block B, Pocket 5, Sector 7, Rohini, Near Durga M, Andir, New Delhi, North West, Delhi	India
S1-990308969	YXU Fabrics Private Limited	Ahmedabad, Office No. 5, Hansraj Complex, Krishnabaug Cross Road, Maninagar, Gujarat, Flat No. 2, Ahmedabad	India
S1-798647111	Solis Silicon PLLC	101 Navarre Avenue, Toledo, OH	US
S1-916976566	Tiia Allied Farms Inc	Woolwich, ME, 156 Hedge Bridge Road	US
S1-339134534	Supreme Enterprises Private Limited	C/O-Leak-Proof Engineering (Ind) Pvt Ltd At-Pirojpura, Tal-Vadgam, Chhapi, Vadgam, Banas Kantha, Gujarat	India
S1-417403877	Baba Innovations	53/52 R N Guha Road, Golpark Lp-121/5/0, Kolkata, Kolkata, Howrah, West Bengal	India
S1-122928705	Tanishq Brothers Private Limited	76Sbi Nagar Paschim Vihar, New Delhi, North Delhi, Delhi	India
S1-803044577	Huggins, Anderson & Hutson LLC	NC, 3100 Northampton Drive, Greensboro	US
S1-412763246	Exceed Drishti Private Limited	H/O Braj Kishor Prasad Co- Operative Colony, Phutuha, Patna, Bihar	India
S1-355641496	Value Vulcan, LLC	1644 Schoettler Valley Drive, MO, Chesterfield	US
S1-370654279	Halcola Joint PC	1044 Fremont Avenue, Saint Paul, MN	US
S1-715269153	Fortune Charitable Trust	Fl 701, Hill Mist Garden, Kdbl-C, Opp.Kumar Pushpak, Pune City, Pune, Maharashtra	India
S1-959496387	Black Marketing Private Limited	Balaji Towers, Hotgi Road, Solapur, Maharashtra	India
S1-300240230	Simpson Strategic Starling LLC	358 Roeser Road, AZ, Unit 191, Phoenix	US
S1-418552739	Midwest Network	2806 Robinhood Drive, Bryant, AR	US
S1-206358776	Candi Vazquez Preferred Science	419 First Street, Danville City, VA	US
S1-315673413	Lansdell Rapid Ingredients	6171 Cynthia Drive, Semmes, AL	US
S1-357389099	Smart Rio	21 Murphy Circle, Westfield, MA	US
S1-629964682	Urgent Care Associates LLC	3432 Carol Ann Lane, Middletown, OH	US
S1-762489412	Innovative Materials Industries Inc.	1752 1450, Bonham, TX	US
S1-436888628	OJ Multimedia Pvt Ltd	Maharashtra, Floor-18, Plot-116, Samruddhi Chs, Hindu Colony Road No 5, Dadar (E), Mumbai, 1801	India
S1-53124791	Eos Solutions Pvt Ltd	H No.630 Sarhol, Near By Mukesh Medical St, Gurgaon Kty., Gurgaon, Haryana	India
S1-707558989	Family Clinic of Rensselaer	10391 80, Rensselaer, IN	US
S1-253416092	Vinayak Miracle (India) Private Limited	10C Middleton Row3Rd Floor, Kolkata, Calcutta, West Bengal	India
S1-249219778	Staples Flaherty	VA, 8 The Palisades, Williamsburg City	US
S1-209810232	Patriot Asia Inc	1715 12th Avenue, Great Falls, MT	US
S1-613334378	Spark Foods Private Limited	D.No.36, Jaya Complex, Iyyasamy Street Tambaram West, Chennai, Kancheepuram, Tamil Nadu	India
S1-435144671	Zephan Rare Center	656 Main Street, Unit B, Shrewsbury, MA	US
S1-256467609	Smith, Bostock and Carlsen Quantum LLC	5919 Pryor Lane, Farmington, NM	US
S1-267751309	Hind Infrastructure Pvt Ltd	718, Parimal Soc., Solanki Bunglow, Tulsibag, Ambawadi, Ellisbridge, Ahmedabad, Gujarat	India
S1-950295572	Quality Marine Digital	2304 Jake Haven, Phoenix, AZ	US
S1-794453792	W & N Pizza	2204 Brookhaven Court, Fallston, MD	US
S1-162027361	TET Keystone Bioworks Inc	1175 Sunup Road, Prescott, AZ	US
S1-994133719	Oxford Inc	2756 Deford Mill Road, Huntsville, AL	US
S1-390598245	First Staking	7950 State Route 124, Hillsboro, OH	US
S1-731511659	Pine & Brothers Pvt Ltd	156-B, Pocket Iv, Mayur Vihar Phase-I, Delhi	India
S1-824011602	Matrubhumi & Sons Private Limited	Kohrana, Tehsil-Behror, Bahror, Alwar, Rajasthan	India
S1-725376740	Bombay Products Limited	H.No. 24 Laxmi Parisar, C/O Smt. Maya Pandey, Huzur, Madhya Pradesh, Bhopal	India
S1-939155693	Tsc Institute LLP	6-3-1085 And 6-3-1086, 402, Dega Towers, Raj Bhavan Road, Som, Ajiguda, Hyderabad, Telangana	India
S1-562818854	Kaylyn Kratzer Education LLC	775 Pavilion Drive, Fairfield, CA	US
S1-159163545	GJH Consultancy Private Limited	B, Floor-Grd, Sun Mill Compound, Sitaram Jadhav Marg, Lower Parel, Delisl, E Road, Mumbai, Mumbai City, Maharashtra	India
S1-552147102	Crystal Paper Corp	56 Q2 Pleasant Lane, Springville, TN	US
S1-964743952	Certified Intelligence Laboratories LLC	Thorn Hill, 3230 Mountain Valley Hwy 131, TN	US
S1-447364008	Indian Exports Private Limited	1159, First Floor, 26Th Main, 32Nd G Cross, Jayanagar Iv T Block, Bangalore, Karnataka	India
S1-976270651	Guru Services Private Limited	604 Centrum Opptmc Office, Near Satkar Grande Hotel, Thane, Maharashtra	India
S1-589475486	Saavi Clothing Company	Office Number Si M 1012, Shilp Incubation Centre, Gandhi Nagar, Gujarat	India
S1-198632229	Falmouth Family Safe Services	16 Lowe Way, Falmouth, MA	US
S1-996762346	Mendoza Holding Company LLC	311 Hunt Club Road, Unit APT 6300A, Blacksburg Town, VA	US
S1-265627058	Chemicals Hospitals Private Limited	Flat No. 204, Retreat Garden White City Layout, Seegehalli Nr Battrahalli, Nr Kr Puram R, To Office, Bangalore, Karnataka	India
S1-19595952	Life Technologies Pvt Ltd	Door No.680/26Nittuvalli, Opposite Kariyammatemple, Davanagere, Davangere, Karnataka	India
S1-717166457	Green Trading Labs, LLC	618 Algregg Street, Houston, TX	US
S1-290687912	Neu Games Inc	832 County Road 1120, Cumby, TX	US
S1-415178532	Beazley Commodity, LLC	420 Hideaway Road, Mckinney, TX	US
S1-138468223	Selia Reh Property Solutions Inc	1710 Smedley Court, Upper Dublin Township, PA	US
S1-159564895	Patel Duke	5231 Bedford Falls Circle, Henrico County, VA	US
S1-386396685	Bureau of Public Works	1013 Bronson Street, Streator, IL	US
S1-105382415	Sapphire Hr Private Limited	No. 49/25, Nehrunagar, Ambattur, Tiruvallur, Tamil Nadu	India
S1-4706048	Gonzalez, Barajas & Carroll Inc	30 Eaton Road, Tolland, CT	US
S1-55443088	Murillo & Li Nova Inc	1913 Alexander Road, Raleigh, NC	US
S1-963546593	Carroll Johnson Group	408 Black Bear Drive, Trinity, TX	US
S1-810293583	Mata Dynamic Emerging LLC	4308 Cureton Ferry Road, Catawba, SC	US
S1-151397190	Boston Womens Health Superior Clinic	45 Clifford Street, Unit 2, Boston, MA	US
S1-790741303	Prairie Blue Micro LLC	4310 Goldmine Road, Rimrock, AZ	US
S1-454186728	Sewell Adamas, LLC	677 Florence Street, Badger, AK	US
S1-558510412	Naveen Nagar Products Private Limited	117/L/474, Naveen Nagar, Kanpur Nagar, Uttar Pradesh	India
S1-627149385	W 7 Best Point	30 Frankel Avenue, Freeport, NY	US
S1-263918304	Segura Bny LLC	14187 Rockinghorse Drive, Prince William County, VA	US
S1-146283920	Bright Tavern	25 Wendy Lane, Barnardsville, NC	US
S1-926922227	Dermatology Complete Health	2 Babbling Brook Lane, Montebello, NY	US
S1-231720953	Campbell and Salazar	4915 Elm Drive, Phoenix, AZ	US
S1-4923266	Services Mart Technologies	Near Water Tank, Hanuman Dhora, Sujangarh, Sujangarh, Churu, Rajasthan	India
S1-957937125	Vision Foundation Private Limited	Delhi, Rg Commercial Complex Db Gupta Road, C 201, Pahar Ganj, New Delhi	India
S1-196973132	Custom Advertising Ltd	519 Omonia Circle, Salem, SC	US
S1-389369657	Nannie Kirksey, DPM, P.C.	Loudoun County, VA, 44513 Potter Terrace	US
S1-611658435	Kelcie's Massage	N5845 Meridian Avenue, Granton, WI	US
S1-108348906	Wilson Global LLC	284 Old Mill Lane, Wilmington, VT	US
S1-32233207	Bright Metropolitan Sciences	3110 Crisp Lane, Winston-salem, NC	US
S1-682755743	Best Constructions Private Limited	Plot No. 5, Block 3, C/O. Golden Lorry Transport Autonagar, Hyderabad, Telangana	India
S1-984951139	SP Diagnostics Associates	3176 Lake Paradise Road, Mattoon, IL	US
S1-265522107	Aditya Investments Private Limited	Kolkata, Calcutta, 12 Grey Street, West Bengal	India
S1-809273056	Ortiz Medical Center	1280 Middle Tennessee Boulevard, Unit E8, Murfreesboro, TN	US
S1-820442255	Quanteon Investment Inc	660 6th Street, Indiana, PA	US
S1-724111264	Beena Infrastructure Public Limited	Krishna Chamber -A, 1St Floor, Near Sbi Bank, Station Raod., Bhuj, Kuchchh, Gujarat	India
S1-479195126	Technologies Vectra Tourism Private Limited	86 Pvt, Flat No. 1-C, G/F, Patparganj Village, Delhi, New Delhi, Delhi	India
S1-214338267	All Silver Rithm LLC	Unit 307, MA, Revere, 585 Revere Beach Parkway	US
S1-166875188	A Supreme Circle LLC	404 River Road, Brookhaven, NY	US
S1-434398887	Eberhard Academy	1931 Fifth Street, Unit 184, Irving, TX	US
S1-64433593	Dental Center LLC	627 Thoroughbred Way, KY, Franklin	US
S1-224528639	Q 7 Grand Rocket	WA, Buckley, 22322 75th Street Court	US
S1-200786164	My Technology Private Limited	Office No.3, 3Rd Floor, Mahathi Software Pvt. Ltd. Plot No.12 &13, Hill No.2, Rushikonda, M, Adhurawada, Visakhapatnam, Vishakhapatnam, Andhra Pradesh	India
S1-90991176	First Xflh Inc.	2503 Riverview Drive, Denison, IA	US
S1-82077093	Solutions Te Trading Pvt Ltd	39 Strand Road 4Th Floor Room No. 75, Kolkata, Howrah, West Bengal	India
S1-302223531	Orthopedic Prime Specialists LLC	5908 Rossmore Drive, Bethesda, MD	US
S1-670825322	1894 Washington Ave Management Inc.	2184 Morrison Avenue, Caseyville, IL	US
S1-521708495	Reliable Retail Alliance LLC	5100 Zero Street, Unit Apt 2705, Fort Smith, AR	US
S1-905011682	Veum Transition LLC	128 Arnold Avenue, Elizabethton, TN	US
S1-805830966	Myrtice's Prairie Associates	Unit 301, 2411 Tony Tank Lane, NC, Raleigh	US
S1-125868319	Joy Martin Bay Farms Inc	New Castle, DE, 2 Jacquette Drive	US
S1-784659698	Atlas Center	802 Curry Ford Lane, MD, Gaithersburg	US
S1-529415631	Sonnet Technology Private Limited	205 Mayur Plaza, Commercial Complex, Mayur Vihar, Phase-1, Delhi, East Delhi, Delhi	India
S1-777853178	Basic It LLP	2C/11, 1St Floor, R.S Road, Mailpatti, Pernambut Taluk, Vellore, Tamil Nadu	India
S1-224934052	Jeniece Siddique Glass PLLC	29 Colonial Parkway, Unit Unit F, Pittsford, NY	US
S1-395746526	Good Media Private Limited	Flat No 1, Building No 5, Ashtvinayak Chs, Purnanagar, Behind Old Rto, Pune City, Pune, Maharashtra	India
S1-629965462	Eby Desert Block Corp	4609 Charity Glen Cove, Bartlett, TN	US
S1-992870546	Innovative Green Bnb, LLC	9 Laurel Avenue, Unit Apartment 504, Massena, NY	US
S1-48869270	Om Properties	Off No 507, 5Th Floor, Mayures Planet, Plot No 42/43, Sector 15, Cbd Belapur, Navi Mumbai, Thane, Maharashtra	India
S1-222217518	Krishna Healthcare Private Limited	Flat No. 109, Cts No. 1984 Convent Street, Sterling House, Pune, Maharashtra	India
S1-570895638	Craig Airport	2303 7th Avenue, North Saint Paul, MN	US
S1-36473097	Human Rights Institute	7 Dogwood Drive, Hendersonville, NC	US
S1-265398956	Metro Earths	1111 Twenty Fourth Street, Unit Apartment 2, Watervliet, NY	US
S1-596469381	Capital Insurance	MD, 28462 Oema Court, Mechanicsville	US
S1-912955300	Meridian	311 Mansion Street, Coxsackie, NY	US
S1-449116872	Lewis Capital	119 Doris Drive, Denison, TX	US
S1-433448597	Consulting Climax Marketing Private Limited	Old-1592-A, New Y-14 Naveen Shahdara, Delhi, East Delhi, Delhi	India
S1-308953567	Crystal Creative Advisors LLC	5500 180th Avenue, Unit #29, Beaverton, OR	US
S1-107755486	Anchor Horizon Etf LLC	2617 Elm Street, Phoenix, AZ	US
S1-694697514	Commercial Realty Products	151 Westsiders Lane, Naches, WA	US
S1-398773551	Salisbury Cardiology Partners Ltd	1300 Middle Neck Drive, Unit F, Salisbury, MD	US
S1-570921005	Chiropractic Creative Clinic LLC	397 Glen Drive W, Nashville, TN	US
S1-287293812	Dyana Cooper Smart Software	501 Rosinante Road, City Of El Paso, TX	US
S1-426668995	Indo Clinic	Bl 92 Salt Lake City, Kolkata, North 24 Parganas, West Bengal	India
S1-837577150	Indian Business Private Limited	Ch-9 Flat No. A-1702 Plot, No.5, Melodia Gandhi Path, Jaipur, Rajasthan	India
S1-282677058	Cook Keen LLC	210 Baxter Street, Kernersville, NC	US
S1-230439103	Pediatric Dental Center of Canyon	Canyon, 112 Hunsley Hills Boulevard, TX	US
S1-854005792	Jkn Polytechnic	1016, Anand Mangal-3, Opp, Core House, Nr. Hirabag, Ahmadabad City, Ahmedabad, Gujarat	India
S1-540471876	Jaipur Godavari Limited	A-623, Govind Marg Malviya Nagar, Jaipur, Rajasthan	India
S1-590976736	Satkar & Brothers Private Limited	H.No. 18 A Mahavir Enclave, Palam, Dabri Road, New Delhi, South West Delhi, Delhi	India
S1-607599049	Jeri Cuervo Quality Sanayi LLC	58 Honey Locust Drive, Mills River, NC	US
S1-194216507	Global Network	6004 Bowmont Ct, Louisville, KY	US
S1-816166752	Advanced Wellness Alliance Corp	Wichita, 1206 Mona Circle, Fl 0, KS	US
S1-537833062	Darby Sosa Duke	4166 Hemlock Drive, Medford, Fl 1, OR	US
S1-325674106	Ujjaesh Investments Private Limited	35/B-22Model Town Bareilly, Uttar Pradesh, Bareilly, Uttar Pradesh	India
S1-767885196	Dhule Traders Private Limited	Hyderabad, Mamidipally Village, Plot No.8A (2), Saroornagar Mandal, Telangana, Survey No.98, Rangareddy	India
S1-152418444	Secure Block	Bowling Green, 942 Whites Chapel Road, KY	US
S1-355811338	Interstate Sterling Universal Corp	793 Harris Creek Road, Jacksonville, NC	US
S1-33565930	Sisodiya Investments Private Limited	B-702, Nitesh Flushing Meadows, Seegehalli Village Road, Seegehalli, Bengaluru, Bangalore, Karnataka	India
S1-377737228	Rosabella C. Dass, L.C.S.W.	19801 Thornton Road, Queen Creek, AZ	US
S1-251618008	New Delhi Cold Group	383/8 East Azad Nagar Krishna Nagar, New Delhi, South Delhi, Delhi	India
S1-358626219	Sky Consultants Private Limited	Gujarat, Chorasi, B-401, Surat, Vaikunth Residency, Nr. Shubh Avenue	India
S1-786187603	Yates and Shu Vertical LLC	213 3rd Street, West Liberty, IA	US
S1-256101271	Campbell, Rapalo and Peterson LLC	11310 Sunnyslope Drive, Kansas City, MO	US
S1-370619456	WOJ Techno LLP	470, Acharya Kriplani Marg, Adarsh Nagar, Jaipur, Rajasthan	India
S1-687727392	Nahar Producer Ltd	Jaipur, Rajasthan, Sixth Floor, Trimurty V-Jai City Point, Ahinsa Circle, C-Scheme, Jaipur, 603	India
S1-754794798	Falzone & Shuffler LLC	MD, 97 Winchester Court, Port Deposit	US
S1-181904467	Pediatric Dental Specialists Inc	215 Keller Street, Plano, IL	US
S1-214423030	Anmol & Co	Karnataka, No- 852-16, Srirampura Main Road, Bagur (Post), Hosadurga Taluk, Chitradurga District, Ka, Chitradurga, Hosadurga	India
S1-871140944	Mills Cloud	5020 Southbrook Drive, Kings Mountain, NC	US
S1-658267102	Colonial Regional Circle Inc	407 Saint Louis Avenue, Ocean City, MD	US
S1-547379194	United Services	A-257 Road No.6, Mahipalpur Extn. Nh-8, New Delhi, South Delhi, Delhi	India
S1-245783991	Clare and Devillier Osisko LLP	520 Ash Street, Conway, AR	US
S1-800585652	Surgical Pacific Medicine	12 Greenwood Road, Sharon, MA	US
S1-842409192	Golden Medical Concepts Inc	1111 12th Street, Bldg A, City Of Baraboo, WI	US
S1-278288979	VE Mining Limited	Dag No-54, Village- Dehichetua, Daspur-I, West Midnapore, West Bengal	India
S1-230601212	Regional Logistics Industries LLC	1455 59th Avenue, Grand Forks, ND	US
S1-667582658	N+ Calisa	Unit Unit 17, Fargo, 1212 55th Street, ND	US
S1-669995289	Main Street Nails	LA, Unit 1/2, Houma, 1012 Daspit Street	US
S1-419658252	Balaji Great Impex Private Limited	42, Brijdulal Street, Kolkata, Howrah, West Bengal	India
S1-788053660	Indo Properties Pvt Ltd	G-9, Devika Tower 6 Nehru Place, New Delhi, South Delhi, Delhi	India
S1-458160247	North Express Gen Inc.	1155 Warburton Avenue, Unit Unit 304, Yonkers, NY	US
S1-5975569	Stanley Valley Payments	3 Main Street, Branford, CT	US
S1-619730264	Regional Rocky Championsgate	36148 Paradise Lane, Albany, OR	US
S1-347518538	Pristine Consultants	364, Vardhman Plaza - Ii, J Block, Rajouri Garden, New Delhi, Delhi	India
S1-475055011	Jai Builders Private Limited	A Wing Mhatre Pen2Nd Floor Senapati Bapat Marg Dadar (W), Mumbai, Maharashtra	India
S1-734322440	Fresh Translogistics Private Limited	D.No- 64/2, Ward No-6 Balanjaneya Temple Street, Bangalore Road, Bellary, Karnataka	India
S1-199675343	Raj Consultants Pvt Ltd	8-2-293/82/J/A/48, Journalist Coop Housing, Khairatabad, Hyderabad, Telangana	India
S1-573941543	Lucas & Geer Keycorp Inc	1859 Calloway Drive, Atlanta, GA	US
S1-66454566	LSW Aegon	10950 5th Street, Unit #255, Beaverton, OR	US
S1-515040529	Al Advisors	House No 31 Block - A, Wazirpur Group Ind Area, Delhi, North West Delhi, Delhi	India
S1-865128519	Matute & Hurley	2749 Adventure Drive, Phoenix, AZ	US
S1-324276524	GYN Canadian	333 Irving Street, Lincoln, NE	US
S1-599163447	Hershey Quantum Inc	1298 Nevada 261, Prescott, AR	US
S1-562341941	Shiv Food Private Limited	04, Poonam Darshan, A Building, Poonam Nagar Svp Road, Andheri (East), Mumbai, Mumbai City, Maharashtra	India
S1-923867066	Abc Academy	Unit No Sf/218C/1, Super Mall-1 Info City, Gandhinagar, Gandhinagar, Gandhi Nagar, Gujarat	India
S1-350065509	Dwarkadhish Industrial Limited	14-852/1, Panchali Nagar, Renigunta, Chittoor, Andhra Pradesh	India
S1-787730452	Maryellen Munoz Signature Technologies Inc	17252 Williams Street, Goodyear, AZ	US
S1-285145737	Vibrant It (India) Pvt Ltd	New Delhi, Pocket O Dilshad Garden, Delhi, O-31/A 6, East Delhi	India
S1-526827841	Corner Ice Cream Inc	MO, 42 Oak Hill Lane, St Peters	US
S1-450116920	Contreras, Diaz and Dunn Inc.	5373 Interstate 89, Williamstown, VT	US
S1-516330681	Zemanet	909 State Street, Unit 172, Westerville, OH	US
S1-841613198	Hopes Brothers Private Limited	119/277 Agarwal Farm Mansarover, Jaipur, Rajasthan	India
S1-336556905	Prime Reliable Meridian LLC	147 Park Circle, Faison, NC	US
S1-661466710	Wales Cascade Natural	Vallejo, CA, 116 Quail Court	US
S1-660490810	White Consulting Private Limited	459-East Mohan Nagaramritsar Punjab, Punjab, Amritsar, Punjab	India
S1-602937064	Lam Desert Royce, LLC	61 Ramona Street, Ventura, CA	US
S1-282477796	Draft Career Private Limited	F/51, 13Th Floor, Venus Building, R. G. Thadani Marg, Worli Sea Face, Mumbai, Mumbai City, Maharashtra	India
S1-57235053	Manesar Investment Private Limited	V/279 B, Neericode-Thattampady Mla Road Peedikapady, Neericode P.O, Aluva, Ernakulam, Kerala	India
S1-451742995	Filsaime, Towers & High LP	1922 Vaughn Street, Tempe, AZ	US
S1-928319824	Zillion Brothers Pvt Ltd	Flat No.304, A-Block, Samskruthi Kallm Homes Opp: Guntur Medical Hostel, Amaravathi R, Oad, Guntur, Krishna, Andhra Pradesh	India
S1-560745650	Total Entertainment Inc	229 Thames Drive, Frederick, MD	US
S1-567443955	Patti, Lusk & Roberts Ashford P.C.	9325 Concord Road, Unit K, Charlotte, NC	US
S1-110684909	Sadan (India) Leasing Private Limited	A-703, Riverview Aptt., Mayur Vihar Extn., Delhi, East Delhi, Delhi	India
S1-174474143	Compass Bsp LLC	238 Olde Homestead Drive, Barnstable, MA	US
S1-874621205	Desert Bridge	4041 Center Avenue, Whitemarsh Township, PA	US
S1-143454457	Shree Industries LLP	625, Tower A, Block C Floor 6Th, Noida, Gautam Buddha Nagar, Uttar Pradesh	India
S1-909977750	Homecare Fintech	706, Ground Floor, Marvel City, Barwala Road, Hisar, Hissar, Haryana	India
S1-566623010	Mixon Bond	222 Sanford Road, Churchville, NY	US
S1-477428861	Plumbers Union Local No 687	1025 Bell Avenue, Unit Apartment 113, City Of Hartford, WI	US
S1-955740586	Innovative Retail Alliance LP	Unit B, TX, 3115 B Linda Drive, Amarillo	US
S1-47157443	Oncology Bright Physicians	Los Lunas, 15 Mountain Laurel Road, NM	US
S1-995713181	Heiner Bancshares	753 Canterbury Circle, Chanhassen, MN	US
S1-920246615	Maryellen Munoz Signature Technologies Corp	90 Bligh Street, Tewksbury, MA	US
S1-2485999	Jarlent Aberdeen	4605 Van Buren Drive, Hays, KS	US
S1-65745277	Christian, Ryan & Bachand LP	4508 Upton Avenue, Minneapolis, MN	US
S1-439736737	South Logistics Private Limited	Vellilam Road Mambra P.O, Koratty, Thrissur, Kerala	India
S1-683051936	Future Arrow Private Limited	Flat No Pvh0040715, Pavillion Height, Tower No. Pvh004 Flat No. 0715, Sector-128, Noida, Gautam Buddha Nagar, Uttar Pradesh	India
S1-949638063	Federal Assets LLC	14452 Long Avenue, Midlothian, IL	US
S1-393498622	Trading Nanda Promotions Private Limited	Off. No. C-2, B-415, B-Wing, P Vashi, Navi Mumbai, Navi Mumbai, Mumbai City, Maharashtra	India
S1-182493568	Navarro Canary	1983 Backus Mountain Road, Meadow Bridge, WV	US
S1-55880146	Family Care Associates Inc	14617 Dover Road, Reisterstown, MD	US
S1-314360413	Anand New It Private Limited	C-1000, Pratishtha Tower, Nr. Sarelawadi, Ghoddod Rd, Surat City, Surat, Gujarat	India
S1-687278712	Advanced Value Chile LLC	AL, Birmingham, 9545 Pine Street	US
S1-738729417	Perkins, Rowe & Levin Harbors	6630 Hudson Boulevard, Unit Unit 210, Oakdale, MN	US
S1-277605466	Peeples, Marcelo & Mcroberts Hartford	6659 Royal Parkway, Lockport, NY	US
S1-154990020	Gagnon & Stubbs Wisekey	114 Writing Rock Place, Holly Springs, NC	US
S1-260705667	Value Platinum Bond	2138 11th Avenue, East Grand Forks, MN	US
S1-906521997	Schultz United Bond Associates	236 Doughty Boulevard, Hempstead, NY	US
S1-283421283	Thomas, Brown and Brown Associates	Troutman, NC, 143 Wembury Lane	US
S1-176241558	Surya Developers Private Limited	Flat No 1303 Wing A Floor No 13 Vasant Valley Aster Tower - A, Mumbai, Mumbai City, Maharashtra	India
S1-899881419	EIA Intelligent	TX, 304 Graham Road, Huntsville	US
S1-380905413	Enchanting (India) Pumps Care	H.No. 13, Gopal Park Krishna Nagar, New Delhi, East Delhi, Delhi	India
S1-828063331	Ratna Trading Ltd	Hyderabad, Avenue 4, Road No 1, 46, Telangana, Banjara Hills	India
S1-325746081	East Products Limited	1 Rda Swaraj Nagar, Raeabreli, Raebarely, Raebareli, Uttar Pradesh	India
S1-466691317	Solanki Hospital	Supremehofficeno.704, Supermeu, Nrpashan, Srno.36/2, Pune, Maharashtra, Pune	India
S1-826923291	Kwon, Callahan & Blake Inc	IN, Fillmore, 2 Right Of Way Road	US
S1-293882102	Arts Guild	Lake Forest, 881 Carroll Road, IL	US
S1-393382021	Division of Sanitation	4022 Dogwood Bough Lane, Fresno, TX	US
S1-216581202	Collage Tours Pvt Ltd	13 Pollock Street 2Nd Floor Room No 31, Kolkata, Howrah, West Bengal	India
S1-696186061	Bhandari Technologies Private Limited	Howrah, 105, Bangur Avenue, Block - A, Kolkata, Kolkata, West Bengal	India
S1-861678239	Peekay Traders Pvt Ltd	West Godavari, Iragavaram(Mdl), Tanuku, Kondalaraogaristreet, 6-41, Andhra Pradesh	India
S1-659624527	Mora, Cardenas and Engle Income PLLC	148 Booth Street, Grantsville, UT	US
S1-391606915	2763 Ocean Drive Associates Co	N4911 Linse Road, Town Of Hamilton, WI	US
S1-694318528	New Delhi Infrapromoters Private Limited	721, Hemkunt Chambers 89, Nehru Place, New Delhi, South Delhi, Delhi	India
S1-559334097	Obsidian Inc	1 Talisman Trace, Galena, IL	US
S1-9314429	Zephyr LLC	6 Rosewood Road, Methuen, MA	US
S1-300736908	Elana Rollman Fidelity LLC	15137 Country Gables Drive, Surprise, AZ	US
S1-99842290	Pastrano & Morales	13866 Glendale Trail, MN, Savage	US
S1-104699848	Safe Mellon Center	Cincinnati, OH, 360 Mclean Drive	US
S1-985958095	Prieto Complete Trg LLC	20818 Grenoble Lane, Katy, TX	US
S1-866968795	Devora Food Ltd	Wing H Aishwaryam Greens, Fl-405 Sno 259/4/1 Wakad, Pune, Maharashtra	India
S1-578229986	Sal Ramos, MD	37 Wanakah Heights, Hamburg, NY	US
S1-211432176	UD Wilco	4058 177, Cusseta, AL	US
S1-126021104	Roybal United Maintenance LLC	338 5th Street, Middletown, IN	US
S1-139051481	International Marketing (India) Private Limited	47-48 Jolly Maker Chamber Ii4Th Floor Nariman Point, Mumbai, Maharashtra	India
S1-323040307	Kamla Solutions Pvt Ltd	Survey No 316, Hanskamal Tower Tal Shinkheda Dist Dhule, Dondaicha, Dhule, Maharashtra	India
S1-557758992	Hotel Services	A2 701 Silver Luxuria, Opp Silver Palace, Surat, Gujarat	India
S1-229105816	Srs Components Private Limited	Kalahandi, House No-3, Junagarh, Sanjukta Enclave, Dharamgarh, Orissa	India
S1-444652667	Stone, Boatright and Campbell LLC	814 7th Avenue, Chisholm, MN	US
S1-458023673	Clyiq Futurewave Inc	IL, 1249 Whytecliff Road, Palatine	US
S1-660287026	SL Homes	27358 Elk Park Road, Welches, OR	US
S1-631699878	Hans College	3-33C Yethakenaru, Sesurajapuram, Keratti, Natrapalayam, Krishnagiri, Dharmapuri, Tamil Nadu	India
S1-433294730	Anchor Independence Corp	Columbus, 5553 Aldworth Lane, Bldg 3, OH	US
S1-48493366	Cynosure Retail	H.No. 124A/108, Block 11, Govind Nagar, Govind Nagar, Kanpur Nagar, Uttar Pradesh	India
S1-248726013	Dermatology Creative Care Associates Inc.	2674 Melane Avenue, Grove City, OH	US
S1-708298894	Briscoe Frontier Ligand, LLC	2977 Cherokee Avenue, Supply, NC	US
S1-354059839	Pearla Proffitt Motor Inc.	IL, 80 Ambleside Road, Des Plaines	US
S1-638775441	Federal Patriot Inc.	6962 Friend Place, Columbine, CO	US
S1-588055996	Fort Washington Family Chiropractic LLC	MD, Fort Washington, 513 Kerby Parkway	US
S1-847267430	Valley Living	1500 Fisher Street, Morehead City, NC	US
S1-603908655	Green Solutions (India) Pvt Ltd	Koyala Mohalla, Khategaon, Dewas, Madhya Pradesh	India
S1-242493421	Tybie's Salon	209 Green View Court, PA, Plymouth Township	US
S1-982775267	Classic Empire Galata	129 Allen Drive, Early, TX	US
S1-26338318	DC Anchor Gamco LLC	5509 Sunny Vista Lane, Charlotte, NC	US
S1-294718133	BM Realcon Pvt. Ltd.	Dharmapuri, Krishnagiri, 329/1A1A, A.R.Complex, Arasanatty Main Road, Mookandapalli Post, Hosur, Tamil Nadu	India
S1-380043950	Dar Rail Inc	W342S4610 Moraine Hills Drive, Town Of Ottawa, WI	US
S1-159684387	Sharp Vidyalaya	Plot No 235 P, Sector-51, Gurgaon, Haryana	India
S1-136007792	Adoree's Summit Seafood	10800 89th Street, Vancouver, WA	US
S1-80875219	Rama Selection Private Limited	Gurudev Singh 32 - Gokul Wilej Titaradi, Udaipur, Rajasthan	India
S1-860551929	Metropolitan Diamond Net Inc	10 Drew Court, Unit Unit 11, Islip, NY	US
S1-925244664	Vivien Brouwer, DMD	593 Tolley Road, WV, Bridgeport	US
S1-473693297	Hotel Technologies Private Limited	C/O Manjoosha Mishra H.No, Bhopal, Huzur, Madhya Pradesh, 66, Anupam Kasturi Semra	India
S1-265522246	Express Harbor Inc	503 Michigan Avenue, Marshall, IL	US
S1-368525913	Coimbatore North Beauty Private Limited	Coimbatore North, Tamil Nadu, Koundampalayam, Coimbatore, 2/22D Moovar Nagar	India
S1-298761738	Irving Aldel Inc	222 Main Street, Athol, MA	US
S1-935614372	Green Digital Union	41 Chiswick Circle, Bloomington, IL	US
S1-968662145	Kesteus Midcap LLC	441 Jims Run Lane, Mcmechen, WV	US
S1-109211255	Kolkata For Ltd	4/24B Sahid Nagar, Kolkata, Howrah, West Bengal	India
S1-208141438	Kestiq Aspen LLC	4754 Forest Trails Drive, Springfield, MO	US
S1-896432603	Valley United Israel Corp	256 Garfield Avenue, Carrollton, OH	US
S1-335753397	Atlas LLC	717 Estes Drive, Winchester, KY	US
S1-71228080	Denise Mento Perfect, Inc	W7205 Newland Road, Town Of Maine, WI	US
S1-775986899	R/C Crypto	100 Malbec Way, Chapel Hill, NC	US
S1-191607812	Internal Medicine Specialists of South Jordan, LLC	9553 Ember Glow Court, South Jordan, UT	US
S1-442141784	Management Mnb Builders Private Limited	Plot No - 144A, Sec No 7, Pcntda, Pune City, Pune, Maharashtra	India
S1-607954036	Office of Veterans Affairs	516 35th Street, Lubbock, TX	US
S1-286243139	Janeczka Armstrong Electric LLC	2600 Mary Whitaker Way, Knoxville, TN	US
S1-506845083	Star Constructions Limited	733, Kempegowdas Layout, 6Th Cross Bsk 3Rd Stage, 3Rd Phase, Bangalore, Karnataka	India
S1-241567136	Diversified Data Innovations L.L.C.	1301 South Street, Ayrshire, IA	US
S1-326726594	Sun Builders Private Limited	T3-6B The Ozone Park Apt., Sector 86 Tigaon Road, Faridabad, Haryana	India
S1-789870157	Floyd and Sconiers LLC	8781 Dayton-oxford Road, Franklin, OH	US
S1-973743328	Cardiology Piedmont Physicians LLC	7093 Highland Spring Lane, Highland, CA	US
S1-624145719	FK Logistics Private Limited	25-A, Pratap Nagar Lane-12 Mayur Vihar, Phase-I, Delhi, New Delhi, Delhi	India
S1-889710033	Shirk Interstate Security	1427 Kearny Street, Washington, DC	US
S1-505874736	Daloris Garcia Special Inc	2401 Depauw Road, Indianapolis, IN	US
S1-77673695	Upper Continental Brown LLC	Ladd, 101 Bureau Avenue, IL	US
S1-358393673	Pasley Resources LLC	12700 N Dakota Street, Unit #140, Tigard, OR	US
S1-629008567	Lion Security LLC	Cuyahoga Falls, OH, 2806 Hudson Drive	US
S1-644965507	May Investments, LLC	4 Old Mill Drive, Ocean View, DE	US
S1-200286622	Mannarkad Prasanna	Building No 9/782, Palliyalthodi (H), Mannarkad, Palakkad, Kerala	India
S1-533837957	Hernandez Stores	128 Coe Drive, Midwest City, OK	US
S1-108761695	Hampton & Doornbos Capstone LLC	2132 E Oaks Drive, Unit Apt 3, Fayetteville, AR	US
S1-36839166	Media Rs Hotels Private Limited	205, Choryasi, Surat, Marcello, Vip Road, Gujarat	India
S1-450722674	MLE Leather of Paravur	Hotel Geebee Palace, Railway Station Road, Paravur, Ernakulam, Kerala	India
S1-843946098	Maex Management	52 Kensington Avenue, Unit APT 1, La Grange, IL	US
S1-969040452	East College	MN, Pelican Rapids, 42200 220th Ave	US
S1-146114950	Hannie San Signature Iheartmedia PC	1511 Spruce Drive, City Of Baraboo, WI	US
S1-897995268	Roth Academy Associates	333 Hicks Street, Upper Sandusky, OH	US
S1-738016542	Metro Best Cafe LLC	42-33 208 Street, Bayside, NY	US
S1-129148159	Tirupatibalaji Man Private Limited	Room No 1302 13Th Floor 90 Degree Magnus, Y-19 Block Ep Sector-5 Saltlake, Saltlake, North 24 Parganas, West Bengal	India
S1-59920313	Carmelle Neufeld Kimco	4533 W Shafer Drive, Monticello, IN	US
S1-364301353	Optimal Nutrition Works Inc	5305 Shannondale Road, Knoxville, TN	US
S1-704538235	Edmondson Senior LLC	3555 Bootjack Corner Road, Williamsburg, OH	US
S1-797980519	Urvara Technology Private Limited	Madhya Pradesh, 213, Indore, B Block, 2 Floor 8-A, R.N.T. Marg	India
S1-969659303	Universal Wholesale Associates Co	1006 Hope Street, Nevada, TX	US
S1-626403255	Great Sree Properties Pvt Ltd	H-17/32 Sangam Vihar, Delhi, South Delhi, Delhi	India
S1-958757235	HVR Technocrats Private Limited	C/O Sachin Kumar Pandey, Pbh Kanevara Narayan Pur Pratapgarh, Patti, Pratapgarh, Uttar Pradesh	India
S1-574390933	Siliguri Commercial	Dagapur Darjeeling Road, Pradhan Nagar, Siliguri, Darjeeling, West Bengal	India
S1-803474998	Hotel Consultants Private Limited	D.No.54-20/4-10, Plot No.36 5Th Lane, Kanaka Durga Officers Colony, Vijayawada, Krishna, Andhra Pradesh	India
S1-936629736	Nguyen Mountain Internet LLC	534 Industrial Street, Taft, TX	US
S1-297784460	Rightway Foundation Private Limited	F-268, Street No. 21, Laxmi Nagar, Delhi Near: Paliwal Dharmshala, Delhi	India
S1-461261322	Cristy E. Hamm, M.D., M.D., P.C.	78 Cunningham Avenue, Hempstead, NY	US
S1-377050798	Professional Education Union LLC	4630 River Road, Columbus, IN	US
S1-486820305	Avk Institute	Shop No 10, 1St Floor, Old No F-25, Anna Nagar East, Chennai, Tamil Nadu	India
S1-369784247	Womens Health Specialists	2082 State Hwy 185, Seadrift, TX	US
S1-158072593	Family Project	520 Franklin Street, Reading, MA	US
S1-834347888	Dynamic Impex Private Limited	Ahmedabad, Gujarat, Ahmedabad, 4- Mani Ratna Flat, Opp Shefali Apts, Lavnya Soc. Nr. Jaltarang Club, Vasna	India
S1-308904320	Tao (India) Sales Private Limited	H.No. C-917, First Floor, Ramfhal Chowk, Palam Ext., Delhi, South West Delhi, Delhi	India
S1-848442704	Orthopedic Care LP	4819 Tonawanda Drive, Houston, TX	US
S1-35989221	SZR Eaton LLC	120 300, Bountiful, UT	US
S1-809394810	UP Alpine Inc	393 Tiffany Street, Springfield, MA	US
S1-392693535	Sanchez Institute of Technology	2236 Maple Avenue, Zanesville, OH	US
S1-178804472	Innovative Builders Private Limited	New No 15, Old No 6 Nagier, Street Near Tmb Bank Ltd, Salem, Tamil Nadu	India
S1-146435371	Lorie's Strategic Salon Inc	1234 Sheldon Road, Channelview, TX	US
S1-334725223	Mustang (bombay)private LLP	Flat 906 Qube Iid/31/1 Newtown Blk 1, Kolkata, Howrah, West Bengal	India
S1-839076074	Strathman Paloma	1035 Blacksmith Lane, PA, Worcester Township	US
S1-330882295	ZOL Altenergy LLC	12713 Basinghall Lane, Houston, TX	US
S1-63096790	Summit Integrated Properties	2576 200, Winamac, IN	US
S1-191071223	Nirmaan Enterprises Private Limited	20D Ballyganj Station Rd, Kolkata, Calcutta, West Bengal	India
S1-976397158	East Cargo LLC	6263 Occoquan Forest Drive, Prince William County, VA	US
S1-295649838	Lee & Woodley Daedalus PC	OK, 722 Cinmac Street, Lindsay	US
S1-403688267	Dream Infrastructure	Telangana, Hyderabad, Plot No.26, Flat No.102, Aishwarya Nilayam Indira Nagar, Phase-Ii, Vanasthalipuram, Hyderabad	India
S1-93151435	Silver Logistics	Survey No.185/2 Behind Geb Station, Lokhandroad, Jay Pithad Whiteclay Company, Bhuj, Kachchh, Gujarat	India
S1-675017102	Clark Management Inc.	2531 82nd Street, City Of Kenosha, WI	US
S1-315578767	BB Quetta	7433 County Road 170, Carthage, MO	US
S1-135406655	8-Legged Dog Care	6407 Glenbard Road, Fairfax County, VA	US
S1-261740228	Silver Innovative Management	Rajkot, C/O Nijamudin Kadivar, Gujarat, Wankaner	India
S1-793884598	Yaduvanshi Roof Pvt. Ltd.	Chennai, Tamil Nadu, Block A, 7Th Floor, No.40, Mgr Salai, Kandanchavadi, Perungudi, Chennai, Sp Infocity	India
S1-186401403	State College Housing Fund	340 Beaver Avenue, State College, PA	US
S1-575568396	High Alpha Agro Private Limited	Geeta Nagar Dindori Road, Geeta Vilas, Nashik, Row House No 1, Maharashtra	India
S1-946521826	Saint Paul Strategic Regional PLLC	143 George Street, Saint Paul, MN	US
S1-435131154	Hammond, Dutton and Dalton Series LLC	174 Cowboy Lane, Hermleigh, TX	US
S1-824224632	Delilah Lepper Bulkers LLC	18260 Embers Avenue, Farmington, MN	US
S1-75779573	UFO Warehousing Pvt. Ltd.	1/611, Nedun Street Athanur, Villupuram, Tamil Nadu	India
S1-164041182	Direct Media Concepts Corporation	269 Hwy 65, Clinton, AR	US
S1-33327989	SR Technologies Limited	H.No.6-3-1778, S2, C-273, Near E Seva Sachivalaya Nagar, Vanasthalipuram, Hyderabad, Telangana	India
S1-341268826	Schofield Water	708 Mccoy Boulevard, New Boston, TX	US
S1-371558709	Velum Prairie Safety	269 Kestrel Drive, Blacklick, OH	US
S1-445833716	Arnett's Pizza LP	1911 Dodds Avenue, Chattanooga, TN	US
S1-447405253	Minger's Development	511 Becker Avenue, Wilmington, DE	US
S1-101177555	Tirupati Solutions Private Limited	N-301, North Block, Manipal Centre, 47, Dickenson Road, Bangalore, Karnataka	India
S1-24928099	Physical Therapy Center, LLC	160 Paseo Park Drive, Brookshire, TX	US
S1-501781262	Curtis Nasdaq	9384 54, Town Of Dexter, WI	US
S1-42090918	Nexneex Apex Paceline	4263 Forest Drive, Brownsburg, IN	US
S1-823229551	Aarvam Technologies Limited	381, East Main Road, Anna Nagar West Extension, Chennai, Tamil Nadu	India
S1-938467084	Regional Circle Inc	5760 Sunnybrook Lane, Minnetrista, MN	US
S1-284433828	Bright Eco LLC	10033 Huey Trail, Hurst, TX	US
S1-734483174	Rosier Desert Tinto	1550 Rhine River Road, Uniontown, OH	US
S1-823012593	East Consultancy Private Limited	Flat No. 504, Plot No. 3 Green Field Residency, Sector 35 I, Kharghar, Raigarh, Maharashtra	India
S1-308238136	Traus Valley Gaming Inc.	379 Sandy Creek Drive, 75182, TX	US
S1-119666499	Nira Industries Group Care	19/1/1/4 Mukhram Kanoria Roadhowrah, Howrah, West Bengal	India
S1-19565942	Siex	94 Shaker Road, Harvard, MA	US
S1-268528015	Mera Foundation Private Limited	1/210 A, Venugopalasamy, Street Palanthandalam, Sriperumbudur, Kanchipuram, Tamil Nadu	India
S1-528039926	1017 Jefferson St Partners L.L.C.	11998 Coverstone Hill Circle, Unit UNIT 535, Prince William County, VA	US
S1-309128726	Chawla Pharmaceuticals Pvt Ltd	E 46 Industrial Area, Phase 8, S.A.S.Nagar (Mohali), Rupnagar, Punjab	India
S1-914191518	Clover, Township Of	4555 Charlotte Highway, Unit STE 19, Clover, SC	US
S1-302451168	Hitech Developers Private Limited	Fl No-202, A-Wing, Sno-278, Vastu Prestige Soc., Pune City, Pune City, Pune, Maharashtra	India
S1-859448290	Modern Graf LLC	714 Equinox Street, Crosby, TX	US
S1-730374006	Summit Alliance	222 Milkweed Drive, Frederick County, VA	US
S1-238274448	Arc Hotels Pvt Ltd	E-Pearl-906 Pbel City, Peeramcheruvu, Rajendra Nagar, Hyderabad, Telangana	India
S1-963071424	Nagar Digital Private Limited	Old No 108/26 New No 3/52 Sarasa It Park Nr Sithanur Bus Stop, Thalavaipatty Post, Salem, Tamil Nadu	India
S1-419878942	India Insat Farmers Private Limited	First Flr F4 Vijay Complex Nr Vasna Bus Stand Vasna, Ahmedabad, Gujarat	India
S1-410154687	Arsh (India) Mercantile Pvt Ltd	Plot No 50, Jagdamba Vihar, Delhi Road, Near Nims University, Amer, Jaipur, Rajasthan	India
S1-781011512	Christ Israel	AL, 85 Sunrise Circle, Wilsonville	US
S1-869786890	Urology Care	410507 1860 Road, Antlers, OK	US
S1-37901761	Olaniq Adamas Inc	26 Vincent Avenue, Lancaster, MA	US
S1-774644826	Micaela Durant Healthcare	465 Third Street, Fall River, MA	US
S1-501225622	National Animal Hospital	396 Palmer Avenue, Mamaroneck, NY	US
S1-404824456	Atithi Services	C/O Sri Bindhyachal Singh, Vill-Laheri, Block-Kochas, Rohtas, Bihar	India
S1-9756172	Apex Care LLP	33/1 N S Road R No 669, Kolkata, Calcutta, West Bengal	India
S1-113911944	Jones Assets	15821 4th Avenue, Unit F-227, Spokane Valley, WA	US
S1-660064708	Literacy Ministries VI	107 Michawn Court, Madison, AL	US
S1-849264338	Limestone (India) Loss Pvt. Ltd.	Room No.4, Prasad Arcade, Patturaikkal Shornur Road, Thrissur, Kerala	India
S1-521753863	Bhumi Chits Private Limited	A-301 Arenja Cornersec-17 Vashi, Navi Mumbai, Maharashtra	India
S1-419531494	Kislay Exports LLP	Shop No 30 Bhimshankar Chs, Pl -13 Sec 19A Nerul, Navi Mumbai, Mumbai, Mumbai City, Maharashtra	India
S1-475637752	Walters Wen Inc	Mount Vernon, 532 Wooster Road, OH	US
S1-981580960	Shiva Boxes Private Limited	B-17, Room No: 5, S G Barve Nagar. Bhatwadi, R B Kadam Marg, Ghatkopar W, Mumbai, Mumbai City, Maharashtra	India
S1-860257749	Sankar & Brothers Private Limited	Flat No: 402/B, Aarini Arcade 4Th Floor, Pragathi Nagar, Ramanthapur, Hyderabad, Sy No 46, Hyderabad, Telangana	India
S1-998741294	Mayank Charitable Trust	Aliwal Roadbatala Distt Gurdaspur, Punjab, Gurdaspur, Punjab	India
S1-256439076	Alexander Legacy Information	15318 Birch Drive, Alexander, AR	US
S1-900582766	Legacy Avalanche Inc	98 Moury Avenue, Atlanta, GA	US
S1-916032255	Nexgen International	House No. 438, Anand Vihar, Dadri, Gautam Buddha Nagar, Uttar Pradesh	India
S1-492223998	Vision Bombay Engineering Private Limited	Warangal Urban, 6-7/5 Sagara Veedi, Telangana, Parkal	India
S1-653756819	Vinay Leathers Pvt Ltd	R-21 D, Dilshad Garden, Delhi, East Delhi, Delhi	India
S1-977502617	Haveli Pulp Private Limited	Nr. New Poona Eng School, Sno 16 Hno. 8 Narayanngr, Maharashtra, Haveli, Pune	India
S1-110522109	Freeman Capital Partners PLLC	Middleport, NY, Unit Apartment A, 33 Church Street	US
S1-553237204	P 7 J Strategies PLLC	690 Bingham Avenue, Unit I, Somerton, AZ	US
S1-472053107	Ariana Consultancy	1212, Emerald Park Mir Green Metropolis, Kakkanad, Ernakulam, Kerala	India
S1-720344120	Forge Collective Inc	198 Tyler Street, Sylacauga, AL	US
S1-891199062	Thornton Companies LLC	6346 Hollister Drive, Unit APT 1929, Indianapolis, IN	US
S1-78479902	Apex Pioneer Polestar Inc.	1832 Buffalo Ford Road, Asheboro, NC	US
S1-192216263	Indian Global Pvt Ltd	Gaurav Chs, Blk 602, Cts 608/A, 610/A/B/H, Ashok Nagar, Mulund West, Mumbai, Maharashtra	India
S1-426044643	Orbio Merger Inc	316 Doe Ridge Court, Nashville, TN	US
S1-932080088	Mala Welfare Society	C/O-Maheswar Panda, Plot. No-674 Bishnupur, Bahanaga, Balasore, Orissa	India
S1-200144604	Castiglione & Blakley Inc.	5090 Buffalo Road, Oneida, TN	US
S1-595278588	Elfin Solutions (India)	Kh. No. 11/4 & 6/2, 7/1 Ground Floor Lakhi Ram Park Suleman Nagar Village Kirari Landmark Ne, Ar Sec 22, New Delhi, North West, Delhi	India
S1-678376722	Brahma Trust	Kh No 1165 Awasiya Colony Vanda Garden, Ghaziabad, Loni, Ghaziabad, Uttar Pradesh	India
S1-902605266	New Delhi Production Limited	Khasra No 267 Chhatterpur Enclave, New Delhi, South Delhi, Delhi	India
S1-669680609	Romero & Fish Inc.	2493 Rock Elm Road, Shakopee, MN	US
S1-542192805	Coastal Hall Inc	Southold, NY, 145 North Drive	US
S1-835515735	Faridabad Logistics Limited	B-13, Dlf Industrial Area, Faridabad, Haryana	India
S1-870813313	Main Street Bike Shop LLC	12855 Wheaton Avenue, Pickerington, OH	US
S1-603209096	Cascade Fibre Care	Shop No.61, Ground Floor, Pavitra Smith, S No.23&24, Hissa No.1, 2&4, Vasai East, Thane, Maharashtra	India
S1-446907049	Jags Farmer Corporation	Bangalore, Karnataka, No.42/1, Bangalore, Kumbaranahalli, Kasaba Hobli, Jigni, Anekal Taluk	India
S1-155876632	Cascade Acres	6258 Turnpike Road, Raeford, NC	US
S1-817181236	Loor	114 Hidden Oaks Drive, Kingsland Bc, TX	US
S1-639427513	International Tech Pvt Ltd	Room No.19, Mumbai, Maharashtra, Budh Nagar, Near Mahakali Nagar, Malad West	India
S1-355337118	Simmons and Boutte LLC	472 Lefever Falls Road, Rosendale, NY	US
S1-188096963	Synlaon Inc	10557 Macarthur Boulevard, Unit 1128, Irving, TX	US
S1-102178823	Johnson's Creative Research	2794 Odom Road, Hope Mills, NC	US
S1-918506494	Pune Foundation Private Limited	Shree Gurudatta Sahavas, Fl 37 D, Dakshinmukhi Maruti Mandir, 470/498, Sha, Niwar Peth, Pune, Maharashtra	India
S1-669829123	Silver Developers Private Limited	Plot No.4 Deep Nagar Purna Road Opp.Reliance Petrol Pump, Nanded, Maharashtra	India
S1-89158431	Tech Consulting	Innov8 Times Square Unit No-2, 4Th Floor, A Wing, Time Square Building, Andheri Kurla Road, Marol, Nilkanth Park, Mumbai, Maharashtra	India
S1-98171573	Binny Nursing Home	Gat No 189 Jyotiba Nagar, Talewade Road, Pune, Maharashtra	India
S1-564478423	King and Boykins	13 Jenn Lane, Thompson, NY	US
S1-372527956	Carroll, Morgan & Walczak Culture LLC	1297 Riverview Drive, Calabash, NC	US
S1-315584061	Capital Harbor Artificial LLC	3499 De Paul Lane, Unit APT 309, Bridgeton, MO	US
S1-343464033	Eba Escamilla Tech LLC	1 Whiting Way, Conklin, NY	US
S1-263087298	Chambers All Vision Inc	86 Milk Street, Unit 1, Westborough, MA	US
S1-439342435	Bilinex Capital Partners LP	304 Victoria Avenue, Carlos, MN	US
S1-891937896	Consortium & Co	No 226, D S Max Swasthik Apartments, Guru Paduka Mandir Road, Turahalli, Uttarahalli, Bangalore, Karnataka	India
S1-83069899	Fresh Nails	2718 Planters View Lane, Missouri City, TX	US
S1-35337917	Bryant Managed	860 White Island Road, Fairmont, WV	US
S1-366043092	Roy Stock Inc	2902 Johnny Drive, Thatcher, AZ	US
S1-933846975	KG Xflh LLC	17 Disc Drive, Wilson's Mills, NC	US
S1-265379341	Watkins Bright Tailwind Inc	La Feria, 209 Javier Vega Jr Street, TX	US
S1-428965191	Atlantic Committee	1140 Bibb Avenue, Fl 0, Eagle Pass, TX	US
S1-489963669	Chiropractic Supreme Care Associates	1563 71, Cedar Creek, TX	US
S1-802576925	Clark Platinum	709 Princeton Parkway, Gardendale, AL	US
S1-359908138	Chennai Logistics Private Limited	Unit No S001, Omega Wing, Raheja Towers New No.177 (Old No.113-134) Anna Salai, Chennai, Tamil Nadu	India
S1-841367131	Sagar Chit Private Limited	10/3, Kasinath Mullick Lane, 2Nd Floor, Tiretta Bazar, Kolkata, Kolkata, Howrah, West Bengal	India
S1-49200296	Direct Cherry	IN, Warsaw, 414 Roosevelt Street	US
S1-927694727	Z 9 P Systems	38 Penn Avenue, Portland, ME	US
S1-655107123	Martin & Schultz Inc	321 155, La Grange, TX	US
S1-910595641	Vanguard Rush Inc	190 Grant Avenue, Unit 2, Medford, MA	US
S1-872396730	Ramsey's Midwest Data LLC	3642 Mcconnell Road, Unit 1C, Greensboro, NC	US
S1-336193659	FNL Granites Private Limited	12/A, Lotus Cinema, Dr. Annie Beasant Road, Opposite Nehru Centre, Worli, Mumbai, Mumbai City, Maharashtra	India
S1-355126008	Lotus Ram Exports Private Limited	101/102 Bharat Ind. Estate, L B S Marg, Bhandup (W), Mumbai, Maharashtra	India
S1-519460300	Organic Clinic	Mumbai, Maharashtra, Jari Mari Kurla Andheri Road Kurla-West, 11-D Ellappa Chawl	India
S1-354221898	Forster's Partners LLC	1123 Old State Road, Kirkwood, NY	US
S1-128578479	New Forwarders Center	S. No. 23/65/2, 166, Nakshatram L-3, Premlok Park, Chinchwad, Pune, Maharashtra	India
S1-232520783	Eye Clinic	8056 Munson Road, Portland, NY	US
S1-613306745	A Safe Granite Inc	9632 5th Bay Street, Norfolk City, VA	US
S1-93926878	Deguzman Automobile Inc.	4621 Hunters Ridge Court, La Plata, MD	US
S1-12356535	Patriot Trust, LLC	659 Linda Court, Mount Zion, IL	US
S1-230356298	All Mortgage Collective Inc	E2221 Crystal River Lane, Town Of Dayton, WI	US
S1-572121621	Ear Nose & Throat Ace Partners LLC	1280 Union Street, Unit 1203, Washington, DC	US
S1-701884991	Orel Blackmore, DMD, PC	AR, Morrilton, 303 Roosevelt Circle	US
S1-752821458	Rocky Endocrinology	NY, 114 Warren Street, Somers	US
S1-629652456	Liberty Foundation	7325 Ooltewah Georgetown Road, Ooltewah, TN	US
S1-809825848	Mothers Traders Pvt. Ltd.	4Th Floor, 405/2, Shilp Arcade Nr. Kailash Flat, Hirawadi Cross Road, Bapunagar, Ahmedabad, Gujarat	India
S1-717719000	Silver Architecture Corp	7125 Laurelview Circle, Canton, OH	US
S1-672202966	Summit Association II Group	5815 79th Avenue E, Tulsa, OK	US
S1-549728837	Chennai Projects Private Limited	Kancheepuram, Chennai, Plot No 101 Door No 7 Vgp Shanthi Nagar First Main Road Narayanapuram Pallikaran, Tamil Nadu, I	India
S1-653827077	Housing Institute Inc	17 Fairway Avenue, Liberty, NY	US
S1-174858933	Premier Industries Private Limited	43/4, Vadodaria Bhawan, Jb Nagar, Andheri East, Mumbai, Maharashtra	India
S1-738386188	Empire Distribution LLC	18 Atrium Woods Court, Spring, TX	US
S1-516397028	Castle Express Tactical	101 Greer Court, Powells Point, NC	US
S1-811374958	Jo Ann Tran Pearl LLC	4811 76th Street, Unit 6, Marysville, WA	US
S1-76137204	Anilva Infratech Private Limited	Survey No.597/598, Near Apsara Hotel, Vijapur Road, Dedhrota, Himatnagar, Sabarkantha, Gujarat	India
S1-816265576	3916 Jefferson Street Company Center	7834 Indian Avenue, Tulsa, OK	US
S1-387806732	Perfect Bright Services Limited	Hyderabad, Flat No.201, Telangana, Vrk Arcade, Balaji Nagar, Kukatpally, Tirumalagiri	India
S1-864568130	Egner Safe Cayson PC	246 Fairview Lane, Topton, NC	US
S1-583839074	Romero, Kim & Flores LLC	3253 University Street, Memphis, TN	US
S1-589806674	Kalyan Solutions Private Limited	C 602, 6Th Flr, C Wing, Thakurdwar Complex, Kalyan, Thane, Maharashtra	India
S1-179636244	Hotel Maa Construction Private Limited	Pune, Yashashri App, S.No 47/2A/2A/1/3, Parvati, F No 12, Pune City, Maharashtra	India
S1-34334457	Kohinoor Pneumatics Private Limited	Plot Number 10, Gata 735/2, Shri Ram Vihar, Ajeetpur, Rampur, Uttar Pradesh, Rampur, Uttar Pradesh	India
S1-745576247	Caritta's Delta Hypnosis PC	6417 Silver City Ridge, Tuttle, OK	US
S1-104661484	Chiropractic Health Inc	18903 Powahatan Place, Independence, MO	US
S1-694790384	Diamond Premier Alussa, LLC	1140 Scioto Avenue, Youngstown, OH	US
S1-688772288	Kaithal Infrastructure Limited	Dalsher Singh C/O Mayapuri Colony Kaithal, Kaithal, Haryana	India
S1-638536461	Star Dynamic Limited LLC	8204 Emerald Pines Avenue, Apex, NC	US
S1-474340441	South Optimal Cal	5662 Peaking Fox Drive, Indianapolis, IN	US
S1-503247306	Avishkaar (India) Ceramics Private Limited	Ff, #419/58, Vivek Nagar, Layout, Bangalore North, Bangalore, Karnataka	India
S1-424625272	Monroe & Coble LLC	924 Kali Inla Avenue, Hartshorne, OK	US
S1-117910326	Green Ventures LLP	C/O Shri Sambhaji Gangaram, At Post Mudkhed, Nanded, Maharashtra	India
S1-653613920	Yeary Internet	21262 Legion Lake Court, Crest Hill, IL	US
S1-759578494	Myers, Tedra, P.A.	Fl 0, Chandler, AZ, 550 Emmett Drive	US
S1-713089847	Krishna Technology Private Limited	Village Post Kulharion Ka Bass, Jhunjhunu, Jhunjhunun, Rajasthan	India
S1-412020896	Basalt LLC	65 Old Main Avenue, Moscow, TN	US
S1-133227359	Usb Creation Pvt. Ltd.	A-410, Signature-2, Nr Sanand Circle Sarkhej Sanand Highway, Ahmedabad, Gujarat	India
S1-946873225	Smart Sachs	400 Governors Drive, Unit 33, Winthrop, MA	US
S1-773080599	Bright Builders Private Limited	D-1/84, South Delhi, First Floor, Janakpuri, Delhi, New Delhi	India
S1-694022933	Baker Grid of Beaverton	6775 Peach Lane, Fl 1, Beaverton, OR	US
S1-797966027	Monah Quinn Loan LLC	7121 Robin Meadow Street, Pearland, TX	US
S1-199396530	All Hovnanian	192 Brookside Avenue, Freeport, NY	US
S1-705283406	Sky Foods Limited	Mumbai, 285/2260, Mumbai City, Motilal Nagar No. 1, Near Siddhart Hospital, Goregaon (West), Maharashtra	India
S1-557057988	White Healthcare LLP	Gf Shop 4 Platinum Heights Dabhoi Road, Vadodara, Gujarat	India
S1-980861098	Montic Meshflow Inc	3706 Meridian Avenue, Seattle, WA	US
S1-91994416	Atlantic Commercial Labs	154 Matheny Lane, Beebe, AR	US
S1-467755860	Fowler Global Opportunity LLC	Gilbert, 106 Smoke Tree Road, AZ	US
S1-333116734	Arney Meridian	182 Bedford Road, Greenwich, CT	US
S1-913958567	Stone and Martinez Fidelity	KY, Magnolia, 3599 Sand Ridge Road	US
S1-345384745	Surya Tech Private Limited	B-30, Kehkasha Apartment, Phase -2 Near Kohefiza Hospital, Bhopal, Madhya Pradesh	India
S1-29441693	Jackson Integrated Valuence	775 Pleasant Hill Road, TN, Camden	US
S1-122113775	Big Good Properties Private Limited	C/O Hokam Harinarayan, Shajapur, Raypuriya Road Kanad, Agar, Madhya Pradesh	India
S1-275806285	Beacon National Allocation L.L.C.	917 Plantation Boulevard, Gallatin, TN	US
S1-294574667	Ess Food	No.71/1B, Chennai, 1St Floor, Pallavan Nagar Main Road, Maduravoyal, Tamil Nadu, Chennai	India
S1-492260151	Jehovah Garments (India) Private Limited	B - 8, Sai Milan, Sai Baba Complex, Aarey Road, Sai Baba Mandir Ciba Road, Goregaon E, Mumbai, Goregaon East, Mumbai, Maharashtra	India
S1-271575824	Hagy Group	105 Ridge Side Court, Munroe Falls, OH	US
S1-753955254	Secret Indian Private Limited	Rect No. 35, Killa No 6/1, Nr Bestech Business Tower, Sadar Bazar, Gurgaon, Haryana	India
S1-474638131	Eye Care Associates, Inc	TN, 116 Timberwood Drive, Portland	US
S1-286241669	007 Science	1515 Broadway Street, Peoria, IL	US
S1-621181805	Caressa's Great Diagnostics	8512 Streambank Way, Ellicott City, MD	US
S1-511278556	DI Mountain Private Limited	Unit No.101&101-A Plot 3A, 1St Floor, Sec 8 Rohini, Delhi, North West Delhi, Delhi	India
S1-74906941	2-Sons	6418 Brooks Bend Boulevard, Indianapolis, IN	US
S1-741291015	Halcyn Communications Inc	1300 Tahiti Drive, Fl 0, Saint Louis, MO	US
S1-287389280	Mckenna, Magin & Johnson LLC	1951 Clarke Road, Leeds, AL	US
S1-934426004	Belleza Traders Private Limited	No.204, 2Nd Floor, Shamshiri Estate Mch No.11-5-424, Lakdikapul, Red Hills, Hyderabad, Telangana	India
S1-368827905	Golden Enterprises Private Limited	10/2, Ramanath Paul Road, Khiddirpore, Kolkata, Howrah, West Bengal	India
S1-589072664	Young Veterinary Clinic Inc.	5423 Lovejoy Avenue, Chicago, IL	US
S1-724686178	Cancer Council	MO, 503 Eatherton Road, Chesterfield	US
S1-839588544	Summit Rising LLC	334 Georgetown Boulevard, Ankeny, IA	US
S1-711961399	Mullins and Minick LLC	OH, Barberton, 5201 Frederick Street	US
S1-442979083	Bholenath Institute Private Limited	3Rd Floor, Vijaya Building 17 B K Road, Delhi, Central Delhi, Delhi	India
S1-654248035	Sephira England Synchrony LLC	1731 Glenmore Avenue, Hempstead, NY	US
S1-659057384	Noleon	1308 Pinetree Drive, New Bern, NC	US
S1-329226668	Ashok Traders Pvt. Ltd.	4A, Hogg Street, New Market Corporation Place, Kolkata, Kolkata, Howrah, West Bengal	India
S1-429367560	Kellie Perez Gulf Residential LLC	647 Sundance Drive, Cincinnati, OH	US
S1-926616313	Ear Nose & Throat Associates	11630 Hartman Avenue, Omaha, NE	US
S1-254100335	Lohia Traders Private Limited	107 - A, Osian Building 12 Nehru Place, New Delhi, Delhi	India
S1-599217194	Sena Miller Prime Cross PLLC	5225 Cherry Creek Parkway, Unit 307, Columbus, OH	US
S1-234163619	George Stores Corporation	127 Kent Road, Springfield, MA	US
S1-588117013	Casey Banking LLC	7211 El Descanso Lane, Mission, TX	US
S1-37115793	North Services LLP	Flat No- 208/B Goel Tower, Lucknow, Uttar Pradesh	India
S1-391788240	Kas Software Private Limited	P. No. 281/A, Flat No 501, Sudhilpa Residency Mla Colony, Adj Chiran Palace, Banjara H, Ills, Hyderabad, Telangana	India
S1-320134568	Moradabad Financial Corp	House No-21, Mohalla, Prithviganj, Kanth, Moradabad, Uttar Pradesh	India
S1-598218387	Sai Business Private Limited	43 2676 36Th A Cross 9Th Block Jayanagar, Bangalore, Karnataka	India
S1-77518517	Operating Engineers Local 980	2004 Main Street Extension, Unit Apartment 2, Ellicott, NY	US
S1-781483030	New Red Industries	Ground Floor, New Delhi, Delhi, South West Delhi, Flat No A-14, Pocket No-1, Harsh Apart	India
S1-914972371	Blue Consultants	Gorakhpur, Uttar Pradesh, 260-O, Kaushal Puram Nakha No.1, Basharatpur, Gorakhpur	India
S1-534183534	Rudra Welfare Society	71 B. R. B. Basu Road 5Th Floor, Block-C, Room No-542, Kolkata, Kolkata, Howrah, West Bengal	India
S1-904022461	Well Agro Pvt. Ltd.	S No 8/13/1/1, Sankul, Fl No B 10, Seva Sadan Rd, Pune City, Pune, Maharashtra	India
S1-666595918	Nexola Electronics	518 Sweetbriar Drive, Melissa, TX	US
S1-437876966	Healthy Chemicals Private Limited	2681-83A, Street No.2 Beadon Pura, Karol Bagh, New Delhi, Delhi	India
S1-81263342	Speidel Health Center LLC	Anderson Island, 12310 Wapato Road, WA	US
S1-329132129	Jung, Carolynn, M.D., DDS PC	CA, 13892 Pioneer Road, Unit UNIT 29A, Apple Valley	US
S1-789680966	Chicago Clean Medicines	Chicago, 6331 Washtenaw Avenue, IL	US
S1-60004050	Tantra Management Care	3C19, 3Rd Cross, 6Th Main, Srinidhi Layout, Konanakunte, Bangalore, Karnataka	India
S1-610123967	Precision Lane LLC	1550 Lakewood Lane, Schererville, IN	US
S1-748320201	Singer Southwest Inc	3638 Kincaid Street, Eugene, OR	US
S1-640245866	Muriel Beacon Defi Partners	1335 Mystic River Lane, Rosenberg, TX	US
S1-407518116	Stjohn Premier Opportunity LLC	500 Eastdale Road, Unit APT Q-23, Montgomery, AL	US
S1-355336994	Global League	157 Robin Road, Ruidoso, NM	US
S1-28398419	Day Diagnostics	2907 Jones Avenue, Unit 8, Garden City, KS	US
S1-215535031	Orthopedic Medicine of Arcanum	115 Sycamore Street, Arcanum, OH	US
S1-933706189	Crystal Retail Consultants	Newark, OH, 1197 Brittany Hills	US
S1-798165659	Real Estate Private Limited	Bihar, Bhagalpur, Vill-Narainpur, Panch Jaipur Chuhar East, Block- Narayanpur, Bhagalpur, C/O-Nigahban Adil	India
S1-958242984	Foundation Kanak Tours Ltd	41, Govt Arts College Road, Coimbatore South, Coimbatore, Tamil Nadu	India
S1-825704204	Neeva Ites Co	Kolkata, 77/79 N.S Road 3Rd Floor, Kolkata, Howrah, West Bengal	India
S1-148671833	Heritage Guild	6501 26th Street, Unit BLDG 13, Lubbock, TX	US
S1-712438133	Culinary Laxmi Limited	26, Shruti Park Jitodia Road, Gujarat, Anand	India
S1-595014478	SWG Kumari Limited	Bangalore, Flat B-403 Arvind Orchards, K G Halli Gate S K Nagar, Karnataka, Bengaluru	India
S1-494198880	Ealasaid B. Carias, M.D., DDS PC	11623 Cypresswood Drive, Houston, TX	US
S1-434830803	Mccallister Pono Inc	1200 Central Boulevard, Unit UNIT 09, Brownsville, TX	US
S1-68799085	TP Complete Development	300 Z Gable Way, York County, VA	US
S1-851236786	Rocky Advanced Bioworks	3279 Shell Point Road, Shallotte, NC	US
S1-751559190	Faye, Stewart and Sparrow Cantor Inc	69 Alden Street, Unit 512, Fall River, MA	US
S1-916042288	Creel, Oneill & Helmick LLC	1817 Cedar Point Road, Sandusky, OH	US
S1-969097898	Vanguard Semiconductor Digital LLC	501 Haskell Avenue, Willcox, AZ	US
S1-148763350	Phillipson Capital Partners L.L.C.	1385 Warvel Road, Hamilton, OH	US
S1-583099871	New Delhi Exports Private Limited	New Delhi, Ground Floor, Todarmal Lane Bengali Market, Delhi, No. 8, New Delhi	India
S1-286410402	Buddy Memorial Trust	Karnataka, No. 734, Bangalore, 2Nd Floor, 14Th, Main, 1St Stage, Bangalore South	India
S1-365804500	Peak Commercial Services LLC	Scottsdale, 7430 Chaparral Road, Unit UNIT 251A, AZ	US
S1-328754276	Behavioral Health Associates, Inc	1562 91 Street, Brooklyn, NY	US
S1-921916502	Rocky Global	538 Holmes Lane, Sugarloaf, CA	US
S1-700988452	Hotel International Limited	Kushinagar, C/O Harinarayan Yadav, Pathan Patti Sidhawe, Padrauna, Uttar Pradesh	India
S1-723252176	DM Cornerstone Copper, LLC	249 Whitetail Lane, Louisville, IL	US
S1-959605526	Walliw's Construction	844 Lake Nora Drive, Indianapolis, IN	US
S1-942812175	Washington's Family Practice	7118 Hillsboro Street, Houston, TX	US
S1-984870793	Pearl Trading	Haryana, Huda, Sector 25, Part Ii, Panipat, Plot No. 50B	India
S1-295363432	Palika Bhandar LLP	Vijay Vihar, O/S-Silver Estate, Verka-Majitha Bye Pass Road, Amritsar, Punjab	India
S1-435744027	Cooney Hospitality	3 Plymouth Street, North Reading, MA	US
S1-449714097	Betts, Loredo & Rose LP	1153 New Northrup Road, Lakehills/pipe Creek, TX	US
S1-917789183	Hijazi Strategic Mckinley Inc	83 River Run Drive, Franklin, NC	US
S1-413303566	Classic Energy Private Limited	W/O Anandaiah H.D Anjinap, Hanumanthapura Tumkur, Tu, Tumkur, Karnataka	India
S1-209610735	Universal Infrastructure Private Limited	Wz-116, Plot No. 61H, T.F Meenakshi Garden Main Nazafgarh Road, New Delhi, South Delhi, Delhi	India
S1-620161837	Bourne, Kaplan and Bianco Miluna LLC	2405 300 Jefferson Street, Hobbs, NM	US
S1-763121844	Cason, Green & Mohr Egh Inc	200 Clifford Lane, Unit H, Forest Hill, MD	US
S1-863465540	Royal Management Private Limited	14, Maruti Center, Nr. Gurukul Tower Drive-In Road, Ahmedabad, Gujarat	India
S1-479230324	North Infra LLP	C - 5 / 72, New Kondli (Opp. Ruchika Petrol Pump) Mayur Vihar, Phase - Iii, New Delhi, Delhi	India
S1-719587915	Growing Hospital	22/28 2Nd Floormanu Bhuvan Kika Street, Maharashtra, Mumbai City, Mumbai	India
S1-230929939	Nucon Motors Limited	G-79 Ist Floormasjid Moth, New Delhi, South Delhi, Delhi	India
S1-257974139	Spokane Veterans Society Partners	2927 Monticello Place, Spokane, WA	US
S1-918344268	Trehan & Co	Promoter C - 3/40, Janak Puri, Janakpuri, New Delhi, Delhi	India
S1-324571339	Holy Cathedral	1309 Evergreen Drive, Jamestown, ND	US
S1-209319504	Teex Cascade Engineering Inc	433 Gates School Road, Gates, NC	US
S1-799963413	Services Rudramukhi Cube Private Limited	Sagar Shopping Centre Lowerground Floor Sahara Darwaja Ring Road, Surat, Gujarat	India
S1-313264980	Sius Research LLC	TX, 368 State Highway 7, Eddy	US
S1-385834049	Peak Ship LLC	906 20th Street, Quincy, IL	US
S1-595488395	Black Infotech Pvt Ltd	10-58, Vinayaka Nagar Bala Nagar, Hyderabad, Telangana	India
S1-590891120	Upper Summit Catalyst PC	3231 Summerset Drive, Bozeman, MT	US
S1-377154163	Duffy Aimei	52 Telegraph Road, Dennis, MA	US
S1-351123909	Aavishkar Services Private Limited	L-30, Basement Kalkaji, New Delhi, Delhi	India
S1-13395038	Alpha Silk LLP	# 632, 10Th Cross Padmanabhanagar, Bangalore, Karnataka	India
S1-167966460	Vinda Infraprojects (India) Limited	No.1009/1, Gundal Arcade, 2Nd Main 2Nd Cross, Davanagere, Davangere, Karnataka	India
S1-589348805	Commission on Buildings	1285 Bowmantown Road, Roxboro, NC	US
S1-157282787	Martinez, Strickland and Ferreira Agricultural	Crestline, CA, 22733 Ponderosa Drive	US
S1-670281108	Creative Asset Solutions Inc	615 Arbor Court, Newport News City, VA	US
S1-422181915	Behavioral Health Beacon Physicians Clinic	Fredericksburg, IN, 5601 Brookside Lane	US
S1-291358306	Rios and Brewer Sim LLC	5802 Grape Street, Houston, TX	US
S1-343351827	Phaedra York Beacon Corporate LLC	2690 Hazelwood Lane, City Of Green Bay, WI	US
S1-788923465	(india) It Ltd	202Plt No733, Rawtani Grdn, 9Th Rd, Opp Saibaba Tmpl, Mumbai, Maharashtra	India
S1-725498911	Twisted Pizza	7871 Ayers Road, Cincinnati, OH	US
S1-756389560	Rasmussen Valley Beyond LLC	4301 Alderwood Mall Boulevard, Lynnwood, WA	US
S1-366069918	Cotton & Brothers Private Limited	Vill Tola Nurpur, Panch Nargada Block Barha, Arrah, Bhojpur, Bihar	India
S1-598884500	Valley Rapid Iron	6035 Kenilwood Drive, Houston, TX	US
S1-591807227	Clear Patriot Bumrungrad	9917 171, Grandview, TX	US
S1-715850078	Tax Vidyalaya	Delhi, Rz-13-A/1, F/Floor, Gali No. 7E Puran Nagar, Palam Colony, New Delhi, South West Delhi	India
S1-94450540	Feig Care LLC	Unit APARTMENT  32B, OK, 7813 Wheeling Avenue, Tulsa	US
S1-395576384	Lambert Osisko LLC	5523 Roosevelt Street, Bethesda, MD	US
S1-78963202	Devries Holding Company Inc	3275 Executive Drive, Joliet, IL	US
S1-44135185	Sunrise Ventures	5/677, Ayapath House, Parakkovi, Cherpu P O, Thrissur, Kerala	India
S1-589866531	Dynamic Trading Pvt Ltd	H.No. 3-5-146/1, Krishna Nagar Meerpet, Hyderabad, Hyderabad, Telangana	India
S1-662522276	Verrio Point LLC	440 Ohio Avenue, Harrisonburg City, VA	US
S1-711714178	WFB International Pvt Ltd	2/124 Vishwas Khand Gomti Nagar, Lucknow, Uttar Pradesh	India
S1-467732806	Sacks Municipals LLC	29834 Rose Court, Melrose, MN	US
S1-762188831	Mumbai Service Limited	Mumbai, 40 Perry Road, Maharashtra, Mumbai, 701 Al-Haq	India
S1-188431558	Rios and Saucedo	15715 Kiplands Bend Drive, Houston, TX	US
S1-719366071	Cobalt LLC	257 Pollard Hill Road, Maine, NY	US
S1-128174112	Shiv Software Private Limited	Chandralamba Nivas 39 Shankarapura Opp Shankar Math Y S Colony, Dharwad, Dharwar, Karnataka	India
S1-864675852	Munos Preparatory Academy LLC	6004 Mercier Street, Kansas City, MO	US
S1-980684059	Morris Total Factory LLC	607 Old Main Street, Coweta, OK	US
S1-279857030	Mora Junction	295 Gh-1, Delhi, West Delhi, Archana Apartments Paschim Vihar	India
S1-405207564	Prathvi Prime Private Limited	Flat No 1901 Tiffany, Vasant Oasis, Marol, Mumbai, Maharashtra	India
S1-662136524	Ss Solutions Limited	Manashadaha Lane Roy Para Kotwali, Krishnagar, Nadia, West Bengal	India
S1-579839049	Q Z Lesser Farms	Boston, MA, 131 Athens Street	US
S1-637710022	Montyn Century, LLC	850 Washburn Ave, Unit 159, Saint Matthews, KY	US
S1-974831123	My Logistics Private Limited	Queen'S Plaza, Opp: Passport Office, 1-8-382/Lgf-D S.P Road, Begumpet, Secunderabad, Hyderabad, Telangana	India
S1-901632020	Pontes & Mullins	103 Butler Lane, Harriman, TN	US
S1-982823061	Shyam Food Private Limited	Third Floor, Right Side Portion Flat No.- O, South Patel Nagar, Delhi, West Delhi, Delhi	India
S1-98821592	Kati Bennet Trading Inc.	2318 Pacific Avenue, Spokane, WA	US
S1-186948598	Hari Tech Private Limited	24 B, Connaught Place, New Delhi, Delhi	India
S1-305844430	Noble Wealth (India) Ltd	1-2-597/36 To 41/42/2/B, Flat No.C 503 Svss Sankalp Apartments, Lower Tank Bund, Road, Hyderabad, Telangana	India
S1-811259488	Elyn's Wireless	2720 Aspen Pines Drive, Wilder, KY	US
S1-461221010	Ss Anand Technologies Private Limited	74 Ground Floor, Front Part Gautam Nagar, New Delhi, South Delhi, Delhi	India
S1-336982139	Bay Pioneer Fortress LLC	332 Periwinkle Place, Bayport, MN	US
S1-136225138	Green Bancorp LLC	9110 Springcroft Court, Tomball, TX	US
S1-842589067	Primary Care Physicians Inc	900 Newton Street, Unit 118, Orange, TX	US
S1-827407783	007 Golden Center	52 Bramblebush Road, Manchester, CT	US
S1-837363196	Joint (India) Technologies Ltd	2Nd(Skip)Flr, Shop No, Os/58, Kanaknidhi Appt, Surat, Gujarat	India
S1-276473906	Tresa T. Douglas, M.D.	24221 38, Saint Anthony, MN	US
S1-502665835	Rapid Best Brand	9425 Continental Drive, Knoxville, TN	US
S1-32300781	Gold's Hair Studio	3508 Clopton Street, Huntsville, AL	US
S1-257177778	Anjela Rollins Paper LLC	4309 23rd Avenue, Sacramento, CA	US
S1-760086046	Dermatology Harbor Clinic LLC	Fargo, Unit Apartment 109, ND, 1195 35th Street	US
S1-298520300	Pipefitters Local Union 178	136 Allston Street, Medford, MA	US
S1-690272368	Ferrara Best Santander	NY, Brooklyn, 1 Van Siclen Court	US
S1-554727382	Pierrette Bloom Ligand LLC	NY, Rome, 1403 Franklyn Street	US
S1-101542736	New Medical Centre Private Limited	Delhi, Panchsheel Garden, Sarover Marg, Naveen Shahdara, Delhi, 1/11799 D	India
S1-973099033	Jind Technologies Pvt. Ltd.	2774 Urban Estate, Jind, Haryana	India
S1-661009456	Techno India Private Limited	B-245, Alpha-1, Noida, Gautam Buddha Nagar, Uttar Pradesh	India
S1-789149296	Halcora Blackrock	227 Mackie Street, Mount Sterling, KY	US
S1-30026974	Jeanie Shih Mercator, LLC	2115 Bataan Drive, Kettering, OH	US
S1-133632117	Mayberry and Martinez Calisa LLC	2000 Presidents Way, Unit 2308, Dedham, MA	US
S1-15828316	National Telecom Technologies LLC	260 Waukee Avenue, Waukee, IA	US
S1-121518761	Urban Bike Shop	TX, Unit 810, Dickens, 810 Chalk Street	US
S1-851852046	Legacy Starry PLLC	2619 Dunkerton Road, Waterloo, IA	US
S1-459652917	Bricklayers Local 986	16479 Catherine Woods Court, Hughesville, MD	US
S1-759252721	Yuvraj International School Partners	F-8-B Gali No. 15, Laxmi Nagar, New Delhi, East Delhi, Delhi	India
S1-757256700	Villareal's Certified Ventures Corp	11 Puffer Road, Catskill, NY	US
S1-464792763	North Hospitality Limited	621 Block New Alipore, Kolkata, Calcutta, West Bengal	India
S1-462963854	Supreme Products Pvt Ltd	563, Dieal, Central Avenue Road Chembur, Mumbai, Mumbai City, Maharashtra	India
S1-182296711	Lloyd Total Perfect LLC	2424 Cape Arbor Drive, Virginia Beach City, VA	US
S1-364705356	Real Tech Private Limited	Ansari Road, Darya Ganj, 5A/12, Delhi	India
S1-9907099	Piedmont Mitsubishi LLC	TX, Trinity, 889 -A Fm 247	US
S1-574881580	Ruiz Frontier Lane Inc.	2113 Stonegate Street, Arlington, TX	US
S1-140280682	George Innovative Sound LLC	90 Reynolds Road, Bradford, TN	US
S1-488746549	Lending & Co Ltd	Masjid Moth Greater Kailash-Iii, E-174, South Delhi, New Delhi, Delhi	India
S1-632204362	Literacy League	1110 Virdon Drive, City Of Sun Prairie, WI	US
S1-616065037	Advanced Integrated Gold Inc	AZ, Fl 1, Scottsdale, 8434 Montebello Avenue	US
S1-593108133	Susanna's Cleaning Service	11290 32, Greenville, NY	US
S1-91857208	Sai Unique Enterprises Private Limited	Plot No 1052/1289/1827, Nigamananda Nagar Canal Road, Ggp Square Bomikhal, Bhubaneswar, Khordha, Orissa	India
S1-509217395	Complete Direct China	Indianapolis, IN, 5102 Southeastern Avenue	US
S1-408389591	007 Ridge Inc.	1512 Barnett Avenue, Dallas, TX	US
S1-262139668	Jarliq Pantages	9320 Flanagan Court, Manassas City, VA	US
S1-23582693	ZDD Investments LLC	7445 Bennett Avenue, Chicago, IL	US
S1-866359185	Thane Tech Limited	Office No 403 4Th Floor Plot No 8, One Platinum Sector 15 Cbd Belapur, Thane, Maharashtra	India
S1-472551999	Liberty Partners	16214 Garrett Road, Harlingen, TX	US
S1-220801555	Green Data Networks Inc	TN, Unit D202, Knoxville, 1100 Lula Powell Drive	US
S1-425504517	Cascade Ministries	1920 Swansea Road, Baltimore, MD	US
S1-708705352	North Earths	1801 Ellington Circle, Bldg 18, Nashville, TN	US
S1-732564142	BU Rate Inc	1966 Devon Avenue, Chicago, IL	US
S1-74393607	Ss Healthcare Private Limited	Mangal Nivas, 2Nd Floor, 6Th C Main, 1St Block, Kor Amangala, Bangalore, Karnataka, Bangalore, No 903	India
S1-604747946	Dhruv Traders Private Limited	No D201, 2Nd Flr, Casagrand, Tudor, Chanakyan Main Road, Poonamalee, Tiruvallur, Tamil Nadu	India
S1-695307829	Integrated Integrated Housing LLC	1136 Pineville Road, Chattanooga, TN	US
S1-180395155	Schulman Certified Lionheart, Inc	25 County Road 356, Dulce, NM	US
S1-855980264	Antyodaya General Private Limited	Chennai, No 13 Kamala Arcade669 New No 306 Mount Road, Tamil Nadu	India
S1-131731153	Owens Douglas Inc	2243 Hog Barn Road, Ashland, IL	US
S1-248110577	WRI Range LP	1505 Crawford Avenue, Ponca City, OK	US
S1-454565655	Krystal Information (India) Private Limited	34/387, Sector - 3, Pratap Nagar, Sanganer, Jaipur, Rajasthan	India
S1-370602956	Allen and Greeno Inc	816 Springer Drive, Redding, CA	US
S1-89122923	Animal Welfare Fellowship LP	1030 Four Seasons Boulevard, Aurora, IL	US
S1-668042333	Park Occupational Therapy Clinic	48 Road 3260, Aztec, NM	US
S1-101238908	Johnson Gladstone	Pearland, TX, 2612 Sun Flare Lane	US
S1-201855960	Burgess Dynamic of Henderson LLC	303 Alves Street, Henderson, KY	US
S1-984013498	Information Sangh Company	Plot No-927, Khata No-93, Rajbari More Kashipur, Kashipur, Puruliya, Purulia, West Bengal	India
S1-383349809	Foley & Stjohn LLC	458 Chalmers Avenue, Youngstown, OH	US
S1-326324693	Golden Preferred Briacell Clinic	6567 Pattys Place, Cincinnati, OH	US
S1-118076269	Global & Sons Company	F. No. Bp. No. 7, Kailash Arcade Aurangabad, Aurangabad, Maharashtra	India
S1-129774685	3408 Union Ave Realty	Valdese, 628 Abees Grove Church Road, NC	US
S1-132980650	Good Properties Private Limited	B-603 Pl No 66 Shakti, Residency Sec 5 Ulawe, Panvel, Raigarh(Mh), Maharashtra	India
S1-741703901	Clear Diagnostic Associates Inc	ME, Unit APT 023, Westbrook, 70 Ruth Hunton Court	US
S1-809870004	Apex, Inc	513 Warren Street, Williamston, NC	US
S1-862496353	Campbell Fifth LLC	1503 Pinewinds Drive, Unit 104, Garner, NC	US
S1-127110124	Madhumita Institute	C/O Swati V Dhobade Behind Nagpur Naka, Wardha, Maharashtra	India
S1-929803435	Lawrence, Caren, DMD	34760 200, Sidney, MT	US
S1-346202064	Duran Beauty LLC	17081 Cunningham Court, IL, Libertyville	US
S1-900389182	Services Raj Plantations Private Limited	301, Saidham, 16Th Road, Chembur, Mumbai, Maharashtra	India
S1-333183207	Ict (India) (india)-Secunderabad	Flat No 107, East Block, My Envirise Apartment, Secunderabad, Hyderabad, Telangana	India
S1-466072753	South Services Private Limited	First Floor Commerce House Halwasia Habibullah Estate Hazratganj, Lucknow, Uttar Pradesh	India
S1-134817367	Orthopedic Group	Liberty Hill, 236 Canyoncrest Way, TX	US
S1-877303555	Navigator Narain Private Limited	E-18 Patel Nagar Raisen Road, Bhopal, Madhya Pradesh	India
S1-169444056	Desert Program of Hiawatha	285 Robins Rd, Unit E-14, Hiawatha, IA	US
S1-948450453	N/E King	TX, Montgomery, 11608 Prince Andrew Court	US
S1-814355958	Primex Electronics Private Limited	Apartment No-902, Tower 5, Lotus 300, Sector 107, Noida, Gautam Buddha Nagar, Uttar Pradesh	India
S1-861475628	Seven Global	Midnapore, Tamluk, West Bengal, Dakshin Dhalhara Dakshin Narikelda	India
S1-407409010	Reyes Polska of Richmond City	1350 Brander Street, Richmond City, VA	US
S1-708688480	Bharat Sciences Limited	Plot No 470, 3Rd Floor, Balaji Nagar, Beeramguda, Ramachandrapuram, Medak, Telangana	India
S1-815554636	Radhika Urja Corp	308, Zest Business Space, M. G. Road, Ghatkopar East, Mumbai, Mumbai City, Maharashtra	India
S1-220531499	Express Interstate Homecare	15645 35th Avenue, Unit 203, Phoenix, AZ	US
S1-481831827	Lawrence, Berti K., Esq. of Moses Lake	1025 Lakeside Drive, Moses Lake, WA	US
S1-690006066	Kaveraksh Carbon Private Limited	As-1 Lawrance Road Industrial Area, New Delhi, Delhi	India
S1-788085426	Onkar Finance Private Limited	204C, Ramkrishna Villa, Mahesh Nagar S K Puri, Patna, Bihar	India
S1-713736045	Physical Therapy Pinnacle Group Center	623 Cain Road, Somerville, AL	US
S1-530178268	Allied Restaurant Inc	Mesa, 7713 Baltimore Street, AZ	US
S1-277244921	Peek Better Stock LLC	720 Concourse Circle, Unit SUITE 101, Middle River, MD	US
S1-386805796	Morris Diamond Airport	6313 Queen Road, Plymouth, IN	US
S1-219811945	Drucill's Services	728 Atlantic Avenue, Rocky Mount, NC	US
S1-143404761	Maa Healthcare Private Limited	Door No.Xix/420, Market Road, Irinjalakuda, Thrissur, Kerala	India
S1-669008400	Banswara Seva Samiti	602, Chandralok Appartment, Nr. Siddharth Hotel Palace Dafnala Road, Shahibaug, Ahmedabad, Gujarat	India
S1-824576423	Preferred Automation Holdings	922 Winston Drive, Jefferson City, MO	US
S1-767931595	Red Marketing Private Limited	Mathura, C/O Rakesh Saini Radha Krishna City Aurangabad, Uttar Pradesh, Mathura	India
S1-10957280	B+ End Inc	Yellville, AR, 5573 Highway 14	US
S1-763288535	Primary Care Metro Associates Inc	UT, Salt Lake City, 2976 900	US
S1-464662186	Foot & Ankle Care LLC	258 Racey Lane, Shenandoah County, VA	US
S1-755334581	Surya Jain Foundation Private Limited	Block No.246, Plot No 7C, Taluka- Mandvi, Karanj, Surat, Gujarat	India
S1-981002383	Ginger Ventures Private Limited	Pt.No. 1 To 7 Sy.No.10&11, Izzathnagar, Gachibowli, Rr, Dist, Hyderabad, Telangana	India
S1-222169818	American Rocky LLC	2332 Setzers Creek Road, Lenoir, NC	US
S1-375417490	Tabbatha Miller Beacon Cafe Inc	1604 Market Street, New Albany, IN	US
S1-575044496	WJA Technologies LLC	205 Walden Street, Unit 1S, Cambridge, MA	US
S1-720287498	Tibrewala Group	5-B New Shakti Nagar, Udaipur, Rajasthan	India
S1-749457204	Laxmi Foods Private Limited	Anupam Studio, Opp. Mamlatdar Office, At & Po. Idar, Vill: Idar, Tal. Idar, Idar, Sabar Kantha, Gujarat	India
S1-267629248	Charvi Traders Private Limited	Flat No-11, Ground Floor Sector- 18A, Vijay Veer Awash Yojana, Dwarka, New Delhi, Delhi	India
S1-553480450	Prime Business Private Limited	Mp Ii / 56.A, Amana Hospital, Maruthomkara Road, P.O. Adukkath, Kuttiady, Kerala	India
S1-217495286	Signature Tbk Corp	205 Fels Avenue, Fairhope, AL	US
S1-981692897	Royal Technology Limited	Mumbai City, 12Th Flr, Flat 1201/1202, Vastu (Bandra) Chsl, B. J. Pareira Road, Bandra, Mumbai, Maharashtra	India
S1-362214599	Ambika Systems	Plot No. 1D, 3Rd Cross, Mahalakshmi Nagar, Tiruchirappalli, Tamil Nadu	India
S1-174620014	Raj Investment Private Limited	Dalalhouse S No 8Aplot No 43 Kondhwa, Pune, Maharashtra	India
S1-710330578	Balinex Inc	1307 -602 Atlantic Avenue, Virginia Beach City, VA	US
S1-152930765	Rameshwaram Group	Kamptee Road, Pno 174/3, Nagpur, Maharashtra	India
S1-978231090	Bird's Mountain Development	2528 Berrybrook Drive, Baton Rouge City, LA	US
S1-407689219	Family Practice	538 Mettler Street, Toledo, OH	US
S1-850812233	Prime Construction Private Limited	Flat No 14, Priyadarshini Chs Plot No 31/32, Vashi, Navi Mumbai, Thane, Maharashtra	India
S1-921052710	Gill Dental Associates	Gray, 295 Hog Hollow Road, TN	US
S1-875453242	Creative Foundation Private Limited	16 Chairman Jaganathan Stree, Salem, Tamil Nadu	India
S1-932296681	Green Ss Foods LLP	Chennai City Corporation, Tamil Nadu, 102Nd Street, 14Th Sector, K.K. Nagar, No. 44/5, Chennai	India
S1-725540710	Nguyen Premier Royal	7582 Priceville Road, Munfordville, KY	US
S1-280566829	Little Cafe Group	11710 Wallaby Court, Stafford, TX	US
S1-266791645	Syk & Co	Fno. G-803, Lansum Etania Apt., Puppalguda, Rajendra Nagar Mandal, Rangareddy, Telangana	India
S1-756156355	Lower Advanced Village, Inc	462 Luett Avenue, Indianapolis, IN	US
S1-211532038	Candice's Maintenance	318 Main Street, Sedan, KS	US
S1-28785197	Super Engineering Private Limited	Flat B1/1101 Sno 340/3 Pebbles Patilnagar Nr Ranwara, Pune, Maharashtra	India
S1-40765733	Herrera Petroleum Associates	601 St Clair Street, Unit APT 217, Indianapolis, IN	US
S1-804799320	Chiropractic Bay Care Associates LLC	11 Crook's Way, Mattapoisett, MA	US
S1-60886358	Chennai -6 00018 Ispat Pvt. Ltd.	567/6, Anna Salaiteynampet Chennai - 600 018, Chennai -6 00018, Chennai, Tamil Nadu	India
S1-287761038	24HR Fitness, LLC	149 Green Woods Lane, East Windsor, CT	US
S1-752754804	Rocky Coalition	8642 Cherry Lane, Rancho Cucamonga, CA	US
S1-351313544	Fuller Therapy	309 Buffalo Street, Fulton, NY	US
S1-628930814	Ad Food	Flat No. 306/3 Daffodil Resident Chs Ltd, Everest Countryside, G B Road, Thane, Maharashtra	India
S1-999082857	Perez Direct Evo	367 Green Springs Road, Louisa County, VA	US
S1-969804967	Bush, Pippen & Rios LLC	3895 Verdemar, Tucson, AZ	US
S1-242523931	Future Ventures Pvt Ltd	C-304, L- Bldg, C- Wing, Gorai Road, Ashtavinayak Nagar, New Mhb Colony, Borivali (West), Mumbai, Mumbai City, Maharashtra	India
S1-969706846	XZ Properties Pvt. Ltd.	C 60, Yogi Society, Waghodia Road, Vadodara, Vadodara, Gujarat	India
S1-889174272	Digital Enterprises Private Limited	38 Rama Enclave Shastripuram Road, Sikandra, Agra, Uttar Pradesh	India
S1-283220817	Sbj Group	Flat No.6 Vivekananda Nagar, Kukatpally Medical Society Hof Showroom, Hyderabad, Rangareddy, Telangana	India
S1-392748473	Bay Initiative	508 Umbra Street, MD, Baltimore	US
S1-613412633	Royal Consulting Private Limited	503, Sheetal Darshi Chs Ltd, Nadiyadwala Colony No. 2, Malad West, Mumbai, Bandra Suburban, Maharashtra	India
S1-602472506	Golub Interests, LLC	313 Prospect Avenue, Unit Unit B4, Bridgeport Borough, PA	US
S1-876480896	Ganpat (India) Consultants Limited	B Ii/29, Mohan Co-Operative Industrial Area Mathura Road, South, New Delhi, Delhi	India
S1-484782105	Eye Choice Specialists LLC	10 Americana Place Court, Ofallon, MO	US
S1-41965681	Delta Delta Proem PLLC	4546 34th Avenue, Seattle, WA	US
S1-641314087	Sterling Inc	19 Bronk Street, Oneonta, NY, Unit Apartment A	US
S1-30697847	W & A Fact L.L.C.	1462 Gordon Drive, Fl 0, Glen Burnie, MD	US
S1-372824317	Chandranth Engineering Limited	Shop No 357, Plot No H-9, Vardhman Corporate Plaza, Near Patrol P Jwellers, Neta Ji Subhash Place, Pitampura, Delhi, North West Delhi, Delhi	India
S1-562939313	Hudson and Claudio LLC	850 Stallings Road, Dresden, TN	US
S1-662788372	Perfect Healthcare Pvt Ltd	G0402, Office Block, City Centre Uttorayan, Siliguri, Darjeeling, West Bengal	India
S1-450509762	AAS Commodity LP	6079 Upper 35th Street, Unit Unit 2, Oakdale, MN	US
S1-664335430	Primary Care Group	32 Melendrez, Green Valley, AZ	US
S1-522676982	Jain Urban Industries Private Limited	C/O Rampal, Bhatol, Deoband, Saharanpur, Uttar Pradesh	India
S1-471987903	Starr's Tax Corp	1053 Huntingdale Way, Atwater, CA	US
S1-549172475	Yoshida Interstate Maywood	10005 State Line Road, Kansas City, MO	US
S1-914348158	A Green Digital	215 Welcome Way Boulevard, Unit APT 203C, Indianapolis, IN	US
S1-984686787	Peridos Bancshares	645 Glen Court, Southold, NY	US
S1-308051553	Mimia Clear Medicines LLC	221 Harris Avenue, Indianapolis, IN	US
S1-306660332	One Projects Private Limited	P.No.4 & 4A 8-2-293 Flat No.301-A, Anushka Trends Road No.14, Banjara Hills, Hyderabad, Telangana	India
S1-574704569	Shree Educational Society	F.No. S-2, K -65-66, Rani Sati Nagar Ajmer Road, Jaipur, Rajasthan	India
S1-82319566	Ferguson's Hypnosis Inc.	4518 Plantation Creek Drive, Missouri City, TX	US
S1-198840872	Trine Software Private Limited	D.No 20-1-6C Narasimha Nagar, Machilipatnam, Krishna, Andhra Pradesh	India
S1-3447780	Linkpoint Trails Pvt Ltd	Building No 525 Kanjoor P O, Kalady, Ernakulam, Kerala	India
S1-230931720	Gallegos Iheartmedia PC	2048 Hazel Grove Road, Burlison, TN	US
S1-28468596	Ram Services Private Limited	Shop No 2 And 3 Agarwal Arcade Plot No 16 S No 52/1 Chandan Nagar, Pune, Maharashtra	India
S1-890859507	Calday Efes LLC	380 Valley Stream Boulevard, Unit Apartment 1, Valley Stream, NY	US
S1-612265707	Lindahl Natural LLC	344 Imagination Drive, Anderson, IN	US
S1-37668758	Glyphex United PC	10113 Castletown Drive, City Of El Paso, TX	US
S1-682372393	Select Bright Choice LLC	1323 Pine Orchard Road, Butler, TN	US
S1-592964615	8 6 Apple	Unit 504, North Aurora, IL, 1811 Oak Street	US
S1-854763690	Deina Dhillon, P.A.	316 Rose Avenue, Foley, AL	US
S1-972512589	Atharva Infosystems Private Limited	Ac 5 3Rd Floor Mathru Krupa 2Nd Avenue Annanagar, Chennai, Tamil Nadu	India
S1-824241252	Strategic Horizon Fortunex Inc.	TX, 19022 Bowden Harbour Drive, Richmond	US
S1-203575449	Global Agro Private Limited	Plot No. 107, 1St Street, Pallava Garden, Zamin Pallavaram, Tambaram, Kanchipuram, Tamil Nadu	India
S1-525831065	Naturals Consortium Private Limited	2263/67, 4Th Floor Naiwala Karol Bagh, New Delhi, Delhi	India
S1-395649393	Trusted Rising LLC	1201 1st Street, Unit F, Granite City, IL	US
S1-211036469	Meor Trust LLC	7 Sugar Maple Drive, Topsham, ME	US
S1-532223967	Simple Durables Private Limited	H.No.-80-A, 81 & 82, Kh No.65/15, Nangli Vihar, Ph-2, Gali No.-29, New Delhi, West Delhi, Delhi	India
S1-896659153	Anchor Vanguard Home Care Corp	105 Bogart Avenue, Granite Falls, WA	US
S1-343992420	Campbell Factory Private Limited	238, 1St Floor, Pocket L, Sarita Vihar, New Delhi, South Delhi, Delhi	India
S1-84930738	Grace Chapel	218 6th Avenue, Sabin, MN	US
S1-778791082	Canopus Exports Private Limited	H No-34 S/F, North A Venue Road Punjabi Bagh, New Delhi, West Delhi, Delhi	India
S1-818702395	Congregation Synagogue	520 Brentwood Avenue, Unit A, Lubbock, TX	US
S1-922874922	Daffy's Delta Architecture	82 Fox Run Road, Blackstone, MA	US
S1-631157478	Doseque Systems LLC	1224 Bridge Street, Unit 25, Clarkston, WA	US
S1-90027962	Diia Colonial Works LLC	119 Calle Olas Altos, Albuquerque, NM	US
S1-380255368	Digital Technology Private Limited	Chimiriyala, X Road, Kodad, Nalgonda, Telangana, Syno 571/2	India
S1-258029467	Big Pizza	4131 Cuny Avenue, Sacramento, CA	US
S1-812110452	Pediatric Dentistry Mountain Physicians Inc.	Plattsburgh, NY, Unit Suite A, 62 Brinkerhoff Street	US
S1-152345491	Glyphus Crescent	1192 River Street, Marshfield, MA	US
S1-553856847	Woodworth, Ford and Morgan Couriers, Inc	Chino, Unit UNIT 10, CA, 7000 Merrill Avenue	US
S1-65837813	Real Power	#55/8, No.7, Second Floor, Gmr Enclave, Gurumurthy Reddy Compound, Gb Palya, Kudlu Gate, Hosur Main Road, Bangalore South, Bangalore, Karnataka	India
S1-78258393	Ram Producer Pvt Ltd	Pune, Shop No F-33, First Floor Kbc More Chowk, Khinvasa, Aurangabad, Maharashtra	India
S1-680871451	Bright Bistro	144 Moreland Street, MA, Worcester	US
S1-479051303	Jones Federal Commercial	8959 Salmon Falls Drive, Sacramento, CA	US
S1-883395442	Mitesh Help Limited	New No. 2 (Old No. 33), Giri Street, Chennai City Corporation, Chennai, Tamil Nadu	India
S1-816437609	White Solutions Private Limited	Hyderabad, H No. 6-3-609/10/1/1, Hyderabad, Near Apollo Pharmacy, Anand Nagar Colony, Khairatabad, Telangana	India
S1-346951042	Regional Agricultural Worldwide	3015 Oakwood Avenue, Unit APT 226, Muncie, IN	US
S1-768212270	Orbiq Oceanhawk LLC	4 Village Green Court, Denison, TX	US
S1-637548130	Downtown Coffee	115 Harvey Street, Unit 2, Cambridge, MA	US
S1-268086028	Northern Animal Hospital	1232 Barrel Run, Haslet, TX	US
S1-614257483	Pnj Medical Centre Public Limited	Mumbai, 3 Surya Mahalnagaindas Master Road Fort, Maharashtra	India
S1-22113024	Ear Nose & Throat Center	250 200, Ferron, UT	US
S1-795607298	Pacific Custom Cyber Inc	410 Reigh Court, Franklin, TN	US
S1-653039694	Unique Exports Private Limited	201 Ophira 2 Apollo, Db City Nipaniya Road, Indore, Madhya Pradesh	India
S1-525555859	CWF Apex Technologies	904 Baywood Road, AL, Dothan	US
S1-612813894	Great & Sons Pvt Ltd	Jaipur, Khasra No. 403, Machwa, Kalwar Road, Rajasthan, Jaipur	India
S1-568837800	Yamuya Textiles Pvt Ltd	4C Pocket Iv Mayur Vihar Phase I, Delhi, East Delhi, Delhi	India
S1-288862337	Cure Deli P.C.	309 Stadium Boulevard, Jefferson City, MO	US
S1-843655075	Systems Sankalp Producer Ltd	1006-1007, 10Th Floor, Gopal Heights Plot No. D-9, Netaji Subhash Place, Pita, Mpura, New Delhi, North West, Delhi	India
S1-933467258	Hamlin Arcelormittal PLLC	1426 Mclellan Boulevard, Phoenix, AZ	US
S1-408266555	Bella Parekh Private Limited	Plot No-460(P), Sarada Public E.M School Bamikhal, Bhubaneswar, Khorda, Odisha, Bhubaneswar, Khordha, Orissa	India
S1-254975937	Naidu Drapes Private Limited	Jaipur, Pno 20 1St Floor, Jaipur, Shakti, Vihar Kalyanpura Sanganer, Rajasthan	India
S1-741505208	Bluebell Trading Private Limited	Vill- Mohishmari P.O.-Kripakhali, P.S.-Joynagar, C/O Prafullya Naskar, Parganas South, West Bengal	India
S1-753875700	Katey P. Gardner, CPA	905 Linden Road, Watsonville, CA	US
S1-432715599	Alishan Finance	Bethel Mansion, Madathuvilakom Village, Kesavadasapram, Thiruvananthapuram, Thiruvananthapuram, Trivandrum, Kerala	India
S1-305642959	Saree Beach Avalanche PC	9506 Rapid River Lane, Houston, TX	US
S1-646397206	Orthopedic Health	22447 194, Fedscreek, KY	US
S1-165720093	Rocky Platinum Sound LLC	4975 Eldon Avenue, Springfield, MO	US
S1-478254023	Soft Developers Ltd	C 4/2, Rakshalekha Society, Lane 6, Koregaon Park, Pune, Maharashtra	India
S1-774232699	V & R Minerals	269 Scott Drive, Fl 1, Chandler, AZ	US
S1-897055997	Moon Pacific Biologics	119 Mulberry Court, MD, Edgewater, Fl 0	US
S1-245659571	Red Bike Shop LLC	13231 Old Annapolis Road, Mount Airy, MD	US
S1-219698336	Trinity Israel	5505 Clermont Court, Colleyville, TX	US
S1-12678408	Atlantic Committee Corp	1111 Ulatis Drive, Unit APT 147, Vacaville, CA	US
S1-979853874	Buckley First Laboratories	104 Granby Court, Cary, NC	US
S1-482015742	Choice Software Enterprises Inc	32 Elliott Avenue, Dracut, MA	US
S1-761464447	Credit Software Networks	2595 Smith Ridge Road, Campbellsville, KY	US
S1-866032149	Hendrix's Produce	2161 Waterside Drive, Unit 438, Nashville, TN	US
S1-936063327	Kline Preparatory Academy LLC	5016 Eagle Trace Drive, Raleigh, NC	US
S1-846669153	Life Infrastructure Private Limited	5/856 Kamla Apartment2Nd Floor Ghiasheri Mahidharpura, Surat, Gujarat	India
S1-131857559	Lazer & Brothers Pvt Ltd	902, Thane, Maharashtra, Thane, Ratna Umed Residency, Umednagar, Louiswadi	India
S1-897836145	Hreem (India) Nayak Pvt Ltd	6-3-1090/A/24/103, Flat No.103, Olbee Centre Raj Bhavan Road, Somajigudda, Hyderabad, Telangana	India
S1-668240209	Manhattan Family Certified Partners	3112 Yolande Way, Manhattan, KS	US
S1-521714708	Jmr Academy Private Limited	C/O. Tatyaba Bhagwan Dede 192 Dede Wasti, Baramati, Pune, Maharashtra	India
S1-775119982	Silinvue Partners Inc	800 Blanchard Street, Downers Grove, IL	US
S1-569998884	Moncayo Electronics Inc	Unit 2101, Mesa, AZ, 843 Longmore	US
S1-34476174	Selvalakshmi Advisors	48/1, Sister Nivedita Road, Kolkata, Howrah, West Bengal	India
S1-513890987	S&t Lifestyle	2/2F, Jamini Roy Sarani, Ballygunge Place East, Kolkata, Kolkata, Howrah, West Bengal	India
S1-71302756	Bci Consultancy Private Limited	288/19A 28 Flat No. 01 1St Floor, Lucknow, Uttar Pradesh	India
S1-932141953	Dermatology Medicine, LLC	10232 Lone Tree Road, Albuquerque, NM	US
S1-380828060	Gold Management Private Limited	Flat No 1604, Tower 1, The Plams South City 1, Sadar Bazar, Gurgaon, Haryana	India
S1-865574598	Mumbai Logistics Limited	11, Suryaji Niwas, 200, Senapati Bapat Marg, Dadar (West), Mumbai, Mumbai City, Maharashtra	India
S1-450862710	Brennan Automotive Inc.	8658 Piney Hollow Court, Leland, NC	US
S1-557697960	CTY Protection Private Limited	New Tangra Road, West Bengal, 3/1, Howrah, Kolkata	India
S1-706915105	Nadia Ice	C/O Kalipada Mandal Lalpur East Chakdaha Nadia, Na Kyc, Nadia, West Bengal	India
S1-983184905	Sam, Lianne, D.D.S.	150 Walnut Avenue, Unit 3R, Boston, MA	US
S1-871576012	Eastern Texas	612 178th Avenue, Gresham, OR	US
S1-585663796	Shor, Slagel & Manzo	TX, 10116 Singapore Avenue, City Of El Paso	US
S1-305255556	Cardiology Valley Care Associates Inc	425 F Main Street, Emporia City, VA	US
S1-951776651	Community Fund	797 Adams Street, MA, Boston	US
S1-684253930	Galaxy Finance Private Limited	734, Udyog Vihar, Phase V, Gurgaon, Gurgaon, Haryana	India
S1-338509030	Gayathri & Co	No.12, V.P.Khata No.14/1, Putteunahalli Village, Bangalore South, Bangalore, Karnataka	India
S1-538183082	Xena Vandyke Elite Arch LLC	150 Stephen Road, Unit 1, Aptos, CA	US
S1-204321433	Wileen Bryant, DPM, M.D., P.C. Corp	5229 Ridgeway Avenue, Chicago, IL	US
S1-45044600	Cedar	AZ, 8730 Coronado Drive, Show Low	US
S1-939096265	XC Wisdom Limited	10/6, 1St Floor, Play Ground Street, Kilpauk Garde, Kilpauk, Chennai, Tamil Nadu	India
S1-855680136	Pinnacle Industrial Ventures Inc.	41985 Adelbert Street, Elyria, OH	US
S1-195584218	Ankit Trading Private Limited	P No.102-A, Gopal Nagar, Khajuri Road, Huzur, Bhopal, Madhya Pradesh	India
S1-972074843	Thurman's Tri-State Grill	OR, 37287 American Street, Sandy	US
S1-468287290	Sree Software Private Limited	B.B.Z. S-60 Zanda Chowk, Gandhidham, Kachchh, Gujarat	India
S1-12129562	Metcalf Tri-State Gaming Inc.	4103 Breakwood Drive, Houston, TX	US
S1-672304951	Bunge Optics Inc.	8411 Heron Circle, Ooltewah, TN	US
S1-986547320	DYW Security, Inc	436 Goshen Cutoff Road, Stanford, KY	US
S1-631738366	Primary Care Medicine	Saint Louis, 8 Narragansett Drive, MO	US
S1-509820377	Anchor Eureka Inc.	CA, 2163 Thrush Avenue, Oxnard	US
S1-404514923	Green Consulting	425 Cedar Avenue, Flagstaff, AZ	US
S1-338262546	Heart Committee Partners	Burlington, NC, 2832 Troxler Road	US
S1-853367650	Day, Davis & Nielsen Apex, LLC	60 Brainerd Road, Unit 5, Boston, MA	US
S1-46312529	New Delhi Fitness Private Limited	Plot No 31, Khasra No 103/1 Floor Ground Thirthankar Nagar, Jain Colony Village K, Arala, New Delhi, North West, Delhi	India
S1-76009843	RGI Health Ltd	701, Taboot Street Camp, Pune, Maharashtra	India
S1-735330454	Hot Security Private Limited	B-416, Barra 8, Barra, Kanpur Nagar, Uttar Pradesh	India
S1-779271610	Damaris Rogers, DMD	2391 Howard Avenue, Medford, OR, Unit D	US
S1-678517094	Hickman, Clark and Williams Galaxyedge Inc	10582 Co Rd 1775, West Unity, OH	US
S1-108041215	Holtz, Dedie B., D.O., P.C.	502 Pinehurst Circle, Hampstead, NC	US
S1-954751970	Interstate Securities LLC	Florence, 13731 Beatty Ridge Road, IN	US
S1-696794785	Sallyanne Carmona Delta Wellness LLC	3157 28th Street, Gresham, OR	US
S1-847455455	Shivam Products Private Limited	Basementaviot, Oldno.9, Newno.14, Dr.T.V.Road, Chetpet, Chennai, Tamil Nadu	India
S1-418583352	7-Corners	4295 Saltspring Drive, Lummi, WA	US
S1-666220742	Upper Endocrinology	454 Gantts Grove Church Road, Mooresboro, NC	US
S1-14211938	Hensarling Beacon Hovnanian LLC	9195 Schmalz Road, Saint Jacob, IL	US
S1-660131267	Ug India Associates	217, Vivkananda Road Beside Manicktala Central Blood Bank, Kolkata, Kolkata, Howrah, West Bengal	India
S1-896055759	Digital Agro	1, Silokhara Phulpur, Sikandra, Allahabad, Uttar Pradesh	India
S1-368611061	Wildlife Foundation	35 Mountain View Road, Ansonia, CT	US
S1-854370736	Atlantic Commodities Inc	6810 High Country Trail, Arlington, TX	US
S1-830112268	First Chapel	116 Riverwood Circle, South Carthage, TN	US
S1-200711203	Pearson, Emig & Dunn Corp	3028 Tremont Avenue, Bronx, NY	US
S1-221903850	Nature Services Private Limited	D-35, 2Nd Floor Freedom Fighter Enclave, Neb Sarai, Delhi, New Delhi, Delhi	India
S1-381087349	Golden Commercial Studios, Inc	1701 Winona Street, Chicago, IL	US
S1-603790356	Pavue Smart Consulting Corp	2011 Apple Orchard Court, Chesterfield County, VA	US
S1-366956514	Chittur Taluk Care Private Limited	Building No.6/480 Nedungode P. O., Chittur Taluk, Nenmara, Kerala	India
S1-413327864	Certified Trading Studios Inc	726 29th Street, Birmingham, AL	US
S1-457770988	Casey Beacon Centers LLC	3519 Blue Meadow Lane, Houston, TX	US
S1-396955838	Cochran Dogecoin	Fairfax County, VA, 1552 Brookshire Court	US
S1-860369823	HUJ Charging Pvt. Ltd.	No.480, Anna Salaia, 2Nd Floorkhiraj Complex Nandanam Chennai, Tamilnadu, Tamil Nadu	India
S1-326251849	Anekal Industries Private Limited	17 A 17 A, Villa Number, Attibele 4Th Street, Anekal, Bangalore, Karnataka	India
S1-460313402	Choice Nevada	120 Lincoln Avenue, Beloit, KS	US
S1-195087477	Colonial Webster LLC	818 8th Avenue, Village Of Union Grove, WI	US
S1-179453378	Medi (India) Educational Private Limited	1002, 10Th Floor Gurjinder Vihar (Awho) Sector Chi 1, Greaternoida, Gautam Buddha Nagar, Uttar Pradesh	India
S1-885545254	Coastal Equity Partners LLC	38396 Laura Drive, Eastlake, OH	US
S1-565848765	Redwood LP	337 Cedarhill Drive, Granite Shoals, TX	US
S1-800078392	Arrington Clean Kogyo L.L.C.	2004 Elton Road, Haltom City, TX	US
S1-62628107	F 5 Prime Partnership Center	449 Crescent Avenue, Unit 8, Chelsea, MA	US
S1-136276552	Amber	7301 W Observatory Street, West Chester, OH	US
S1-157211572	Indo Food Private Limited	Office No. 106, D Wing, 1St Floor, Sonam Ganga Chs Ltd, Golden Nest, Miraroad, Thane, Maharashtra	India
S1-10640152	Modern Cascade Environmental	NC, 9519 Forum Drive, Raleigh	US
S1-812884876	Sanmati Vidyalaya	Karnataka, Signature Towers, East Tower 11Th Level Brigade Golden Triangle, Husk, Ar Village, Bidarahalli Hobli, Bangalore, B-1111	India
S1-361140211	Surya Healthcare Private Limited	Plot No A 207 Phase Ii, New Palam Vihar, Gurugram, Palam Vihar, Gurgaon, Haryana	India
S1-351213659	Unique Investment Private Limited	414, Deepshikha Building, Rajinder Place, New Delhi, Delhi	India
S1-245200224	Kusum Agencies Limited	H No 9-6-64/204, Srinivasa Nilayam, Raji Reddy Colony, Champapet Road, Hyderabad, Medak, Telangana	India
S1-383508115	Auriq Joint	4302 Camden Avenue, Dallas, TX	US
S1-565173617	Dream Big Estate LLP	C/O Sindhu Devi Maniari, Bahadurpur, Darbhanga, Bihar	India
S1-225940981	Pramukh Hotel Limited	1701, Sector 14 Market, Sonipat, Haryana	India
S1-588830640	Urban Systems LLP	H.N-213/1, Ground Floor K H No-146, Brahman Para, Burari, New Delhi, Delhi	India
S1-153647310	Kim Federal	1216 Viewland Way, Edmonds, WA	US
S1-896538191	One Enterprises Pvt Ltd	93/5 Aerandwane, Pune, Maharashtra	India
S1-161346897	Grand Wholesale Dynamics PLLC	900 Main Street, Gentry, AR	US
S1-360208985	Sachdeva Welfare Society	Bldg A, Fifth Floor, Cts No. 183 Off. Village Tunga, Saki Vihar Road, An, Dheri East, Mumbai City, Maharashtra, Unit No. 504, Mumbai	India
S1-960787361	Diamond Certified Qdro	30824 Stauffer Road, Camas, WA	US
S1-691111287	Rossi, Barrier and Harmon Corp	901 Jeff Drive, Kokomo, IN	US
S1-205178610	Sharvil Safety Pvt. Ltd.	Pnos.17N/P&18S/Pmaruthi, Nagar, Thattiannaram, Hayathnagar, K.V.Rangareddy, Telangana	India
S1-291104232	Justinn Stewart Precision Financial LLC	8033 6th Street, Phoenix, AZ	US
S1-568809651	Avan Solar (India) Company	5Th Floor, Plot Number D-41, Patrakar Colony, Near Jawahar Nagar Moti Dungri Vistar Yojna, Jaipur, Rajasthan	India
S1-178807901	Aureum Traders Limited	3Rd Floor, Block 38/4-A Sanjay Place, Agra, Uttar Pradesh	India
S1-620650603	Urgent Care Center	40 Cawfield Lane, Huntington, NY	US
S1-725074155	Asset Building Center V, Inc.	308 Railroad Avenue, Okarche, OK	US
S1-331428220	Marylee Bobbitt Series LLC	VA, 135 Gavins Court, Christiansburg Town	US
S1-181668037	Gomez Apex Rexford P.C.	1207 Falls View Road, Manchester, CT	US
S1-732448769	Powell Futurecrest, Inc	7367 Lafayette Road, Indianapolis, IN	US
S1-402769797	Sun Projects Private Limited	157 Adarsh Nagar No 1New Link Road Andheri West, Mumbai, Maharashtra	India
S1-289026645	Leonard and Ingle LLC	310 Logan Street, Braddock, ND	US
S1-547446783	Oncology Advanced Group	2713 Lancelot Ln NW, Cedar Rapids, IA	US
S1-960193151	Challa Store Private Limited	S.No 421/1 Appaso Patil 100 Ft Road S/Stn, Sangli, Maharashtra	India
S1-232468902	High Projects Private Limited	926, Aman Behind Patel Complex, Vilasrao Chowk, Bori, Latur, Maharashtra	India
S1-96353999	Digital Software Private Limited	# No. 10, Shed No. 6, Industrial Park, Renigunta, Chittoor, Andhra Pradesh	India
S1-604391825	Royal Business Pvt Ltd	Plot No.67-D Of Bommasandra Industrial Area, Situated In Sy No.305 Attibele Hobli, Anekel Taluk, Anekal, Bangalore, Karnataka	India
S1-852346127	Federal Charities	4 Antlers Spur, Lake George, NY	US
S1-559196429	Oncology Associates	516 Sheridan Avenue, Des Moines, IA	US
S1-476923617	Sree Mines Private Limited	C/O Bhupinder Singh, Shri Hargobindpur, Batala, Gurdaspur, Punjab	India
S1-490750854	Durrence Enterprises LLC	450 Bonnie Brae Avenue, Niles, OH	US
S1-475946659	Black Care Private Limited	No 49, 2Nd G Cross, Vinayaka Nagar, Jp Nagar, Bangalore South, Bangalore, Karnataka	India
S1-960883222	Renie Bruno Eastern, Inc	1 Burgess Lane, Brookhaven, NY	US
S1-927325265	Colonial Cardiology	128 Alexander Avenue, Unit Apartment 1, Yonkers, NY	US
S1-537556251	Speciality Institute of Technology Private Limited	No. 106, 10 Cross, C B I Main Road, Ganganagar, R T Nagar Post Bangalore-32, Bangalore North, Bangalore, Karnataka	India
S1-343922749	Tech Impex Pvt Ltd	Flat No. 101-B 170 A- Sai, Indore, Madhya Pradesh	India
S1-871866784	Val P. Leese, DPM, DDS PC	NY, 210 Le Chase Drive, Gates, Unit Unit C	US
S1-34107274	North Infotech	611 Dharti Indraprastha Satya Nagar Saibaba Mandir Road C Wing Borivali (W), Mumbai, Mumbai City, Maharashtra	India
S1-354932958	Kvm Traders Company	Fatima House Flat No 1Mogal Lane Mahaim, Mumbai, Maharashtra	India
S1-872530008	Civitech Consultants	Milap Sadan Gandhi Nagar, 1-1-401/A, Hyderabad, Telangana	India
S1-750819963	Guru (India) Imf Private Limited	Flat No C-1/54, 5Th/F, Gold Croft Cghs Limited, Plot No 4, Sector-11, Dwarka, New Delhi, South West Delhi, Delhi	India
S1-275267679	Ss Best Solutions Private Limited	D-1001, Ganesh Maridian, Opp. Kargil Petrol Pump, Ahmedabad, Gujarat	India
S1-546582885	Sephira N. Egbert, CPA	13633 Van Buren Street, Unit Apartment 104, Ham Lake, MN	US
S1-752990915	Nichol Bertram Commerce Inc	AR, 8107 Old Graphic Road, Mulberry	US
S1-946121364	Golden Agro Private Limited	4 1St Main Road, Karnataka, Bengaluru, #06, Bangalore	India
S1-26338996	New Delhi Securities LLP	820, Antriksh Bhawan, 22, K.G. Marg, Connaught Place, New Delhi, Central Delhi, Delhi	India
S1-918648782	Star Freight Industries Inc	1898 Longmire Loop, Temple, TX	US
S1-531837814	Stephens Trusted Imperii LLC	10236 Soehnlen Road, Dundee, OH	US
S1-819536770	International Suppliers Private Limited	B 747 Ff Gf, Faridabad, Haryana	India
S1-281602893	Ridgeline LLC	2638 Old Sr 37 Road, Greenwood, IN	US
S1-525414715	Curtis Hotel Corp	Iowa City, 2610 Bartelt Rd, Unit 2D, IA	US
S1-508137964	Space Foundation	9, Floor-Grd, 26, Sabarkanta Chawl, Mumbadevi Road, Tambakanta, Kalbadevi, Mumbai, Maharashtra	India
S1-671771811	Tech Marketing Private Limited	2882/2884 Near Masjid, Chouraba Near Moti Mahal, Mhow, Indore, Madhya Pradesh	India
S1-272808439	Oncology Partners, LLC	KS, Fl 0, 244 Fern Avenue, Wichita	US
S1-842804881	Global Prime LLC	210 Birch Bay Lynden Road, Lynden, WA	US
S1-435719288	Happy Bike Shop! Inc	1767 Millbrook Lane, Cherry Valley, IL	US
S1-348670463	Nexify Sui PLLC	3202 11, International Falls, MN	US
S1-273077931	South Consultants	Sadar Bazar, Haryana, M-239 South City -1, Gurgaon	India
S1-688268568	Elite Futurewave	5400 Belmont Court, Waukegan, IL	US
S1-189057998	Jacinthe K. Gumm, D.C.	Burlington, 1602 Lynnwood Drive, IA	US
S1-89508021	Strategic Lending Care	W11045 Lakeview Drive, Town Of Lodi, WI	US
S1-995543090	Cyberdyne Trading Pvt Ltd	A321, Master Mind 4, 3Rd Flr Royal Palms, Goregaon East, Mumbai, Maharashtra	India
S1-871975803	Baba Consulting Private Limited	2838, Gali Peepal Mahadev, Hauz Kazi, Delhi	India
S1-561991157	Lee Investments Inc.	900 Orondo Avenue, Wenatchee, WA	US
S1-957189644	Ridge Holdco Inc.	734 Ferndale Drive, Statesville, NC	US
S1-732693690	Foundation Varchas Infrazone Pvt. Ltd.	H4-401, Nyati Elan South, 1, Jspm College Bakori, Haveli, Pune, Maharashtra	India
S1-360906968	Neus LLC	615 46, Unit SC18, Village Of Balsam Lake, WI	US
S1-34515062	Diaz Tri-State Ready Group	5000 Ranch Lane, Sharpsburg, MD	US
S1-93022607	Guru Lakshmi Developers Pvt Ltd	C-354, Rathod Farm C-Block, Vaishali Nagar, Jaipur, Rajasthan	India
S1-742064230	GXA Hospitality Private Limited	1 Chittaranjan Avenuefirst Floor, Kolkata, Calcutta, West Bengal	India
S1-479315547	Foundation Riyansh Associates	A202 2Nd Floor Abul Fazal, Enclave-2 Shaheen Bagh, New Delhi, South Delhi, Delhi	India
S1-659331190	Goodwill Trading Clinic	Plot No A6, A7 Block No A4, A5, Pragathinagar Kukatpally, Hyd, Hyderabad, Telangana	India
S1-609617325	Second India Private Limited	2888 Sirkiwalanhaus Qazi, Delhi, Central Delhi, Delhi	India
S1-45078448	Fortune Projects Private Limited	B-1/250, First Floor, Janakpuri, Delhi, West Delhi, Delhi	India
S1-410764677	VN Secure Engineering Inc.	124 Chalet Circle, Guilderland, NY	US
S1-217266831	Poona & Brothers Ltd	14/63 P, Opp. Mukkam Service Bank, Post Office Road, Kozhikode, Kerala	India
S1-906997289	Snr Welfare Society	Plot No-882/1059/1186, Chandimata Colony Rasulgarh, Bhubaneswar, Khordha, Orissa	India
S1-615675478	Crosby's Express Coffee	200 Spring Street, Unit APT 603, Martinsburg, WV	US
S1-631817170	Sree Consultancy Private Limited	2210, Plan S Business Park, Plot 180/1, Midc Ind.Area, Thane, Maharashtra	India
S1-933656886	Peridyn Apparel LLC	Tempe, Unit 111, AZ, 1750 Price Road	US
S1-887389209	Prime Technology Limited	Shop-G/29, Abhishek Arcade, Yogi Chowk, Punagam, Varachha, Surat, Gujarat	India
S1-267785105	Aurial Allstate	3 Patrician Drive, Unit B, Norwalk, OH	US
S1-485210577	Cutshall Products LP	122 Snowline Road, Cedar Crest, NM	US
S1-482271384	Western Signature Rare	205 Revere Beach Parkway, Unit 519, Revere, MA	US
S1-981740048	Hughes Rd Projects Private Limited	Delstar, Ist Floor, 9-9A, Hughes Rd, Mumbai, Maharashtra	India
S1-55481395	Blue Bright Diagnostics	702 Lons Street, Unit 702, Brownfield, TX	US
S1-524274575	Guardian Renewable Private Limited	Door No. 5/703 Pathickal Building, Thrikkariyoor P.O., Kothamangalam, Ernakulam, Kerala	India
S1-747592285	Urology Select Medicine Inc.	3441 Black Creek Road, Four Oaks, NC	US
S1-338170153	Ashirwad Agency (India) Private Limited	B-10, Panki Industrial Area, Site 5, Udyog Kunj, Panki, Kanpur, Uttar Pradesh	India
S1-669517914	XBP Trade Limited	185/186/4 Shibpur Roadsuper Market Room No 4 Shibpur, Howrah, West Bengal	India
S1-6652174	Beverages Mutual Private Limited	Varanasi, Uttar Pradesh, Lanka, N 1/60 Sewa Upwan Nagwa	India
S1-668979887	Timeless Financers Ltd	T1 T2, 3Rd Floor, Madhuvan, Colony, P.No. E-21, Jaipur, Rajasthan	India
S1-839557581	Easy Mahima Private Limited	Kozhikode, 63/1885, Kozhikode, Kerala, Tirurangadi Towers, Jafferkhan Colony Road	India
S1-87279913	Commission on Education Corp	45 Longwood Avenue, Unit 507, Brookline, MA	US
S1-468374984	Scottsdale Choice Worldwide LLC	7777 Heatherbrae Avenue, Unit APT 133, Scottsdale, AZ	US
S1-462193753	Shiv Services Private Limited	Jaipur, Rajasthan, New Sanganer Road, No 54 Gordhen Colony	India
S1-480742112	Korattur Wood Private Limited	Door No.3/42, 6Th Street, Ground Floor, Kamaraj Nagar, Near Kakkai Nagar, Korattur, Chennai, Tamil Nadu	India
S1-976478297	Central Realty Alliance	804 Summit Street, Columbus, OH	US
S1-200081558	Cloud (India) Mineral Private Limited	B-2, 303, Sector 4, Shantinagar, Mira Road East Mira Bhayander, Thane, Maharashtra	India
S1-953488784	Park Management Inc	1 Destiny Usa Drive, Unit Unit K209, Syracuse, NY	US
S1-318084470	Warren's Bay Bakery	746 Creekside Drive, Tonawanda, NY	US
S1-916555789	Delta Giant LLC	15405 Meith Street, Fortville, IN	US
S1-199657107	Shakti Gas Private Limited	Maharashtra, Mumbai, Flat No 4, Sahar Co-Op Housing Society, Parsiwada, Sahar Road, Andheri(East), Mumbai City, A Wing	India
S1-328043883	LB System Private Limited	# 61, Kaveri Road Extension, Nagappa Reddy Layout Ramamurthy Nagar, Bangalore, Karnataka	India
S1-385524546	Sathya Micro Pvt. Ltd.	Flat No 102 Mig 872 Sree Nidhi Arcade Kphb Colony Kukatpally, Hyderabad, Rangareddy, Telangana	India
S1-217291674	Shaw Money	1621 Morningside Drive, Burlington, NC	US
S1-890642331	Hobbs Bnb	301 27th Street, Massillon, OH	US
S1-255621252	Primary Care Physicians Center	1210 Ballerina Lane, Durham, NC	US
S1-658618347	Mimais Iheartmedia, LLC	58 Timberline Lane, Russellville, AR	US
S1-503332045	Cable Welfare Society Corporation	No 4 17Th Avenueharrington Road Chetpet, Chennai, Tamil Nadu	India
S1-749195284	Physical Therapy Medicine LLC	3822 R Circle, Washougal, WA	US
S1-706182888	Reed Equity Partners, LLC	555 Tuckahoe Road, Unit Bay 20, Yonkers, NY	US
S1-361819086	Carlson's Electric Clinic	905 Iowa Street, Ladora, IA	US
S1-811085404	Vertex Inc	5107 Husband Street, Stillwater, OK	US
S1-498599949	Cadigan, Grill & All, LLC	11924 Benton Lake Road, Prince William County, VA	US
S1-681797376	Tirupati (India) Fed Ltd	253-D, 2Nd Floor, Udyog Bhavan, Sonawala Road, Goregaon (East), Mumbai, Mumbai City, Maharashtra	India
S1-11754750	Albert & Nickerson Centurion LLC	Flagstaff, 4955 Allen Avenue, AZ	US
S1-640659002	Cascade Fellowship Corp	7644 State Rt 88, Ravenna, OH	US
S1-358753069	Madalena Holzworth Biotechnology Corp	160 Meadow Road, Lumberton, NC	US
S1-101686953	Office of Consumer Affairs	108 Traube Avenue, Westmont, IL	US
S1-193018943	Mumbai Alloys Private Limited	Hornbill House, 632, 6Th Floor Master Mind Iv, Aaray Milk Colony, Royal Palms, Goregaon, (East), Mumbai, Mumbai City, Maharashtra	India
S1-677015767	Aurora Inc	Fl 0, KS, 762 Doris Street, Wichita	US
S1-912475696	Search Tea Private Limited	A1/37 A Chankya Place Part 1, Street No 9, New Delhi, Delhi	India
S1-831653298	Life Royal Consultants LLP	Flat B, 301 Alankar Comp, Bh Police, Sta Kapodar, Village Surat (M Corpog), Surat, Gujarat	India
S1-528683858	Jayaram Network (India) Pvt Ltd	20, Gangasagar Society, Saroli Road Kumbhariya Gam, Surat, Gujarat	India
S1-868896369	Board of Education	1350 Truesdell Street, Wilmington, OH	US
S1-812610879	Holden Rre	47 Medal Way, Magnolia, DE	US
S1-230580247	Kevin & Co	Bengaluru, Bangalore, Karnataka, 1St Floor, Surya Julta Apts, No 3, Upper Pipeline Road, Seshadripuram, Flat No. 101	India
S1-737316076	Khatu Printers Pvt Ltd	Fl No-401-In-2805/20/4 Iv/F Beadon Pura West Extn Area, Karol Bagh, Delhi, Central Delhi, Delhi	India
S1-686336134	Media Renown Sl	Plot No - 15, Swagat Industrial Estate, Vill. Dhanot, Tal: Kalol, Kalol, Gandhi Nagar, Gujarat	India
S1-585486151	Perfect Exports Private Limited	West Delhi, Umang Winters, Hills Apt., Dwarka Morh, Delhi, F.No.E-701, New Delhi	India
S1-881950069	South Family Practice	706 Swifts, Jefferson City, MO	US
S1-902785752	Mignonne Tabb, Ph.D.	137 Highview Drive, Versailles, KY	US
S1-734685128	Deccan Traders	Cable Nagar, Karukutty, Angamaly., Idukki, Kerala	India
S1-993254613	Az Agencies	Shop No. A-Sf-18, Apparel Park, Jaipur, Rajasthan	India
S1-784086695	Biser and Salamanca Inc	Middleburg Heights, 16083 Bardbury Avenue, OH	US
S1-487494466	Liberty Association, LLC	Berryville, AR, 334 Terra Vista Road	US
S1-718210222	Vision Partners, LLC	3262 Stone Gully Circle, Mesa, AZ	US
S1-97226549	Family Secure Health LLC	1803 Bradley Street, Brady, TX	US
S1-573648138	Pawan Agro Corporation	Shop No.17, New Link Wayestate Ground Floor New Link Road Malad West, Mumbai, Maharashtra	India
S1-514837765	Global Defense Brands LLC	2360 Morrison Trace, Opelika, AL	US
S1-966392283	Amalapuram Services Private Limited	H.No.7-1-99/1, Ground And First Floor, Revenue Ward No.9, Muslim Street, Amalapuram, East Godavari, Andhra Pradesh	India
S1-273095821	Blue Hypnosis	368 Beacon Ridge Boulevard, Chapel Hill, NC	US
S1-147263764	Foot & Ankle Best Group	7201 32nd Street, Unit 808, Yuma, AZ	US
S1-971953228	Roche and Otoole Inc	12113 Dalewood Drive, Silver Spring, MD	US
S1-899635646	Royal Consultancy Pvt Ltd	Plot No M-87Additional Midc Area Ambad, Nashik, Maharashtra	India
S1-158064181	Olenka Luke, D.D.S.	26 Long Road, Harwich, MA	US
S1-743559722	Meenakshi (India) Fabrics Private Limited	Sampatchak, Bihar, Patna, Baza Samiti, Rampur Lane, C/O Madhuri Devi	India
S1-487800680	Future Construction Limited	F-1/B, Cross River Mall Plot9B&9C, Cbd Shahdara, Shahdara, Delhi	India
S1-727502699	ZQT Harbors, LLC	200 Julian Street, Unit APARTMENT 1112, Waukegan, IL	US
S1-400791736	WIO Tradelink LLP	Thekkumattathil House, Marika P O, Koothattukulam, Muvattupuzha, Ernakulam, Kerala	India
S1-317568917	Isabel, Moss & Shugart Rockwool	MT, Ronan, 100 Jefferson Street	US
S1-585737184	Studio 17 Deli LLC	1288 Chinquapin Road, King William County, VA	US
S1-441535784	Outdoor Driving Private Limited	Jalor, Rajasthan, Jalor, C/O Ranchoda Ram Giga Ji, Rampura Colony	India
S1-70721017	First Semiconductor Alliance	1358 Dunraven Drive, Murfreesboro, TN	US
S1-528209107	Digital Exports Limited	No.1-167 (2), Yakamuru, Totlavalluru Krishna, Krishna, Andhra Pradesh	India
S1-441934059	Simpson Summit Alpha LLC	285 Whiteview Road, North Greenbush, NY	US
S1-459737027	Amardeep Solutions Pvt Ltd	R-38, Maha Laxmi Nagar, Jaipur, Rajasthan	India
S1-412079722	Guglielmo Colonial Managed LLC	2547 Broadway Street, OH, Toledo	US
S1-892756175	Family Partners LLC	735 Dawson Street, Uhrichsville, OH	US
S1-572607788	Interfaith Alliance	IN, Fishers, 13638 Golden Ridge Lane	US
S1-158278988	Ahmedabad Hotels	Ahmedabad, C-3-1001/1006 Anushruti Tower S.G. Highway, Gujarat	India
S1-928786045	Williams, Cheatham & Saxton Tech Inc.	2333 Tilley Circle, Orange, TX	US
S1-299657641	Shyam International Private Limited	H.No. 413, Mahabir Colony, Chandni Chock, Hisar, Hissar, Haryana	India
S1-804506035	First Media Ventures LLC	1251 280th Avenue, Hays, KS	US
S1-901555433	Sirius Integrated, LLC	New River, 43908 10th Street, AZ	US
S1-782374509	Haile Aberdeen, LP	48 Kelly Court, Unit 3, Hamilton, OH	US
S1-779955457	Noida Ceramics Private Limited	E-97 Sector-6 Noida, G.B Nagar, Noida, Gautam Buddha Nagar, Uttar Pradesh	India
S1-767074516	Regional Investment Alliance, Inc	2764 Tom's Trace Court, Hilliard, OH	US
S1-802756862	Golden Bike Shop	1929 16th Street, Unit 401, Washington, DC	US
S1-983715849	Sarastech Chemicals	Ug-25, Bansi Trade Centre, 581/5 M.G. Road, Indore, Madhya Pradesh, Indore	India
S1-870509857	Back Alley Book Store	Charleston, WV, 3582 Spring Fork Drive	US
S1-590347698	Pkk India Private Limited	No.19 Doctors Avenue, Near Sherwood Thuthipet, Vellore, Tamil Nadu	India
S1-710522325	Avila United Analytics LLC	30623 Canmore Springs Drive, Spring, TX	US
S1-15877532	Christ Methodist Church PLLC	Wichita Falls, 2823 Roanoke Drive, TX	US
S1-92554675	Los Fresnos Literacy Diamond Foundation, LLC	33100 Cardinal Court, Los Fresnos, TX	US
S1-787089633	Artis Plains LLC	OH, 853 Gilcrest Lane, Cincinnati	US
S1-764506052	Spears, Rivy, P.A.	Sacramento, 1018 25th Street, Unit APT 2, CA	US
S1-220106373	Ss East Power Private Limited	Viii / 960, 57 / 3, Old Mosque Road, Edayar Industrial Area, Binani Puram., Ernakulam, Kerala	India
S1-341714764	Reagan Live Inc.	713 Brookford Place Court, Winston-salem, NC	US
S1-844215620	Ar Institute of Technology Private Limited	Flat No. A 402, Yahavi Teak Tower 3, Co. Operative Housing Society Lawale, Mulshi, Pune, Maharashtra	India
S1-531525729	Riley Golden LLC	3265 Braden Road, Rogersville, MO	US
S1-660482376	Palatial Hatcheries Limited	Maharashtra, Pune City, Pune, Office No. 201 & 202, Sr No 106/A, S B Road, Corporate Plaza	India
S1-167591289	Lucky Diner! LLC	4063 Rose Road, Memphis, TN	US
S1-483380257	Quality Wholesale Products Inc	235 Schramm Loop, Frederick County, VA	US
S1-730226423	Infinit Solutions Company	17Th Floor, Atlanta Building Nariman Point, Mumbai, Mumbai City, Maharashtra	India
S1-804895979	Auberta's Architecture	18726 Silver Creek Avenue, Puyallup, WA	US
S1-851796597	Louisette Castro Enhanced	580 Washington Street, Unit A, Chandler, AZ	US
S1-819458583	Rythm (India) International Private Limited	Vill Posua Patania Ward No.08, Panch Posua Patania, Block R, Iga, Sitamarhi, Bihar	India
S1-445690946	Urology Specialists	1553 Piazza Drive, Bloomington, IN	US
S1-902895792	Charmian Atkins Deutsche Inc	1145 Industrial Parkway, Unit 4, Provo, UT	US
S1-22796941	Hari Care Private Limited	Shiv Nagar Colony Aboo Sarai, Faizabad, Uttar Pradesh	India
S1-525072661	2460 Lincoln St Holdings	2590 Clemton Park, Blacklick, OH	US
S1-297584849	Marketing Meghna Finance Ltd	6-312/3/A, Gandhi Nagar, R.C.Puram, Medak, Telangana	India
S1-530025111	Schroer, Evans & Curiel	655 Overbrook Drive, Columbus, OH	US
S1-471927094	Future Tech Private Limited	No.2, Balasundram Street, Shoba Nagar Road, Avarampalayam, Coimbatore, Tamil Nadu	India
S1-894121865	Sky Investments Private Limited	Plot No 2, Hn 20 6/41, Adarsh Nagar, Uppal Kv Rangareddy, Near Ns Grammer School, Hyderabad, Rangareddy, Telangana	India
S1-640023188	Dental Associates LLC	518 Waters Edge Drive, Unit C, Newport News City, VA	US
S1-19005625	Micaela L. Strang, L.C.S.W., DDS PC	13827 Waterfall Place, Dallas, TX	US
S1-810105051	Row & Brothers Private Limited	B.No. 53, Trishla Kutir, Nr. Trishla Vatika 100 Ft Road, Thaltej Shilaj Road, Thalte, J, Ahmedabad, Gujarat	India
S1-532996650	Visu Ventures Private Limited	G.No.1129, Flat No.B-409, Blithe Icon, Ganesh Nagar, Wagholi, Haveli, Pune, Daund, Pune, Maharashtra	India
S1-583078947	LP Hotels Corporation	Cts. No. 283, New Mondha, Near Devgiri Bank, Jalna, Maharashtra	India
S1-420884135	Teva Inc.	7119 Limestone Circle, Manvel, TX	US
S1-437945501	8-Point	1624 Americana Boulevard, Fort Worth, TX	US
S1-494410276	Planet Event (India) Pvt. Ltd.	Chandrauta, Pataherwa, Kusinagar, Kushinagar, Uttar Pradesh	India
S1-845779640	Modern Industries	49, Ground Floor, Kilokari Maharani Bagh, New Delhi, South Delhi, Delhi	India
S1-446755047	SN Apex Pvt Ltd	7-1-14/20-21 F.No.504, Kaushik Sai Ramaresidency, Ameerpet, Hyderabad, Telangana	India
S1-42297493	676 First Plaza Holdings P.C.	6139 Green Hills Road, Topeka, KS	US
S1-779211061	Marcie P. Martin, Ph.D.	607 Oregon Avenue, Gillette, WY	US
S1-320665262	Dynamic Indo Properties	1-2402-1, New Indira Nagara, Kurnool, Andhra Pradesh	India
S1-348023961	Hernandez Advanced Holdco	Unit 525, MA, Cambridge, 80 Cambridgepark Drive	US
S1-226638734	Bajaj Technology Limited	Bldg No 608 Amatha Shopping Arcade Thodupuzha, Idukki, Iduki, Kerala	India
S1-251574164	Ladd Anchor Electronics L.L.C.	1511 Samos Island Drive, Apex, NC	US
S1-730393693	Manasi (India) (india) Pvt Ltd	73/105 Mamra Bazar Durgapurdist Burdwan, New Township, Bardhaman, West Bengal	India
S1-381666620	Joleen Markey Yorkville, LLC	37853 Boulder Wind Drive, Saddlebrooke, AZ	US
S1-952328752	Stewart Classic Long Inc	2 Osprey Circle, Rehoboth, MA	US
S1-364742387	Jemison Better International Clinic	Bardstown, 119 Windsor Avenue, KY	US
S1-782431306	Kalpana Construction Private Limited	17/1907 19Th Floor, Nirala Estate Techzone Iv, Bishrakh, Gautam Buddha Nagar, Uttar Pradesh	India
S1-63700795	Tri-State Ventures Company	35 Liebel Street, Albany, NY	US
S1-676624885	Ramirez Fuels	N13289 Wildrose Road, Fl 13549, Trempealeau, WI	US
S1-516655923	Internal Medicine Physicians LLC	117 Mchorse Road, Lockesburg, AR	US
S1-641854703	Jam Farmer Limited	58/25 First Floor Ashok Nagar, Delhi, New Delhi, Delhi	India
S1-734703089	Rothwell Circle	4304 70 Ave, Swea City, IA	US
S1-364546182	Quartz	414 Parkview Place, Burr Ridge, IL	US
S1-894409433	Life Enterprises	6-23-6, Jaya Towers, 5/4, Arundalpet, Guntur, Krishna, Andhra Pradesh	India
S1-754371652	Advanced Optimal Platinum LLC	654 Long Branch Fork Road, Turners Station, KY	US
S1-796438600	Bruneau Charter School	2110 Ferrell Road, Durham, NC	US
S1-357201965	Baex Crystal Healthy	1253 Poplar Street, Clarkston, WA	US
S1-940368033	First Wealth Associates Partners	1527 Cr 212, Angleton, TX	US
S1-36911364	Bay Fund	1112 Vaughna Drive, Fl 0, Weatherford, TX	US
S1-913423057	Acharya Broadcastingprivate Private Limited	3/545, 3Rd Cross Street, Lakshmanaperumal Nagar Kottivakkam, Chennai, Tamil Nadu	India
S1-520590106	Mahe Industrial (India)	C-33, Okhla Industrial Area Phase-I, New Delhi, Delhi	India
S1-157170323	Integrated Chemical Ventures	5050 Azalea Trace Drive, Houston, TX	US
S1-154039963	Babs's Select Fitness	1502 I-71 Nb Expressway, Cincinnati, OH	US
S1-509562263	Sunrise Enterprises Private Limited	P.No. 27, Sati Ka Teeba, Kachi Basti, Sanganer, Jaipur, Rajasthan	India
S1-11736043	Tejan Products LLP	No.T85/B, 29Th Cross Street, Chennai City Corporation, Chennai, Tamil Nadu	India
S1-145083963	Sonnie Bowman Surgical	23 Cottonwood Avenue, Brookhaven, NY	US
S1-506350659	Syno Heritage Angel LLC	149 Concord Drive, Unit B, Bowling Green, KY	US
S1-59949517	Navya (India) Enterprises Care	Plot No 4 Saroorpur Industrial Area, Ballabgarh, Faridabad, Haryana	India
S1-56248413	Veus Inc	947 Unicorn Trail, Chesapeake City, VA	US
S1-87351320	Shree International Agro Private Limited	Flat No. 1, Ground Floor, Plot No. 69, Samruddhi Building, Pashan-Sus Road, Pas, Han, Pune, Maharashtra	India
S1-137290795	Eazy Advisors	Empress Mills Marwadi Chawl No.28, Masoba Lane, Nagpur, Maharashtra	India
S1-99870119	Nonah's Interstate Engineering	41 Heather Oaks Way, Clarksville, AR	US
S1-300578359	Ankit Trading Limited	T U - 14, Indus Satellite Green, Indore, Madhya Pradesh	India
S1-494572251	Shyam Impex Private Limited	Flat No. G 402, Ayodhya Park Kavala Naka, Kolhapur, Maharashtra	India
S1-124217301	New Delhi Monks Limited	H.No-3-B F/F Jai Bharat Enclave Uttam Nagar, New Delhi, Delhi	India
S1-384554842	Emerald Brothers Private Limited	17/1680/5, First Floor Chelsma Heights, Poojapura, Thiruvananthapuram, Thiruvananthapuram, Thiruvananthapuram, Trivandrum, Kerala	India
S1-665002495	Ram Management Private Limited	5/61, Vishal Khand Gomti Nagar, Lucknow, Uttar Pradesh	India
S1-857638197	Asset Building Program II LP	2626 Pecos Road, Fl 1, Chandler, AZ	US
S1-791728068	Hager, Snyder & Varela P.C.	9429 40th Place, Tulsa, OK	US
S1-197255463	Shree Industries Private Limited	Uttar Pradesh, Meerut, Village Ilka Mohiuddinpur	India
S1-184110291	White Foods Private Limited	316, Garagacha, Cosmopolis, Block -2, 3Rd Floor, Fl-3D, Kolkata, Kolkata, Howrah, West Bengal	India
S1-220256929	Mas Advisors Limited	Samastipur, C/O- Ramanand Jha Magardahi Ghat, Bihar, Samastipur	India
S1-15564154	NO Prime Controls Inc	16010 Mill Wheel Way, Boyds, MD	US
S1-287268076	Moreshwar Advisors Private Limited	171, Pushpagiri, 1St Cross, Arekere-Mico Layout 1St Phase, Bannerghatta Main Road, Bangalore, Karnataka	India
S1-523872658	Ros Nursing Home LLP	H-30, Sainik Farms, New Delhi, Delhi	India
S1-829720569	Varsh India Private Limited	Flat No. 121 Ground Floor, Pocket-2, Sector-E, Vasant Kunj, New Delhi, South Delhi, Delhi	India
S1-892807172	Jimenez & Rivas Publishing Inc	1102 Cansler Drive, Enid, OK	US
S1-547214297	Sibley Hatch Prairie Retail	508 Douglas Drive, Brownsburg, IN	US
S1-534210548	Colonial Keystone Online Partners	8145 Barbur Boulevard, Portland, OR	US
S1-352986862	Foundation Ssr Global Private Limited	69/B Dhania Para Mainroad, Barrackpore Kolkata, Barrackpore, North 24 Parganas, West Bengal	India
S1-686478512	Kairav Products Private Limited	Office-801 Rk Empire, Nr, Mavdi Circle, 150 Ft Road, Rajkot, Gujarat	India
S1-758645272	Sharma Medicare Private Limited	5-1-121/2, Hck Complex, Mallapur Main Road Uppal, Hyderabad, Telangana	India
S1-275696844	2907 Ocean Ave Company	7704 Amherst Drive, Prince William County, VA	US
S1-550857627	One Media Private Limited	Flat 1 D, Vijay Towers, No.18, Halls Road, Kilpauk, Chennai, Tamil Nadu	India
S1-349599438	Unique Infotech Pvt Ltd	No 51, Adarsh Palm Retreat Devarabisenahali, Varthur Post, Bellandur, Banglaore, Bangalore, Karnataka	India
S1-275626342	Raj Trust	H. No., 6/1342, Near Side Office - 101, 1St Floor, Jadakhadi, Mahidharpura, Surat, Gujarat	India
S1-137657827	WD Hotels Private Limited	Old No. 38, New No. 52, F1 A, 1St Floor, Sri Krishna Nagar, 2Nd Extension, Near J, K Mahal, M, Chennai, Tamil Nadu	India
S1-77892244	New Friends Colony Engineering Private Limited	New Friends Colony, Delhi, 43 Community Centre	India
S1-925913107	Gussi Feldman All Drugs LLC	Quincy, Unit 406, MA, 1001 Marina Drive	US
S1-59740019	Federal Foundation Inc	451 Meadow Street, Fairfield, CT	US
S1-298549836	Claribel's Transport	411 16th Street, Pendleton, OR	US
S1-455015651	Rai India	Akansha Apartmentsrc 1/2 V I P Road Tegharia Raghunathpur, Kolkata, Calcutta, West Bengal	India
S1-907466080	Express Stardust	3034 Brighton Street, Baltimore, MD	US
S1-218372095	P+ Permian Group	34 Orchard Avenue, Ravena, NY	US
S1-896253159	Svk Hotels (India) Private Limited	5/790 Ground Floor, Kavimani Street, Ambattur, Tiruvallur, Tamil Nadu	India
S1-652587308	Burnell Investments Inc	30 Circulo De Prado, Tumacacori, AZ	US
S1-113062359	Sterling Triton Inc	2472 Leopold Way, City Of Sun Prairie, WI	US
S1-997180485	Lopez Express Newbridge	204 Academy Street, Pocahontas, IL	US
S1-755730315	Al Systems Limited	195, 2Nd Floor, Back Side, Ram Vihar, Delhi, East Delhi, Delhi	India
S1-600366160	Muirhead Enterprises P.C.	341 Murdock Road, Troutman, NC	US
S1-156600241	Becker & Petty Cyber	2573 Enterprise Place, Waldorf, MD	US
S1-808309951	Judye's Auto Body	8274 Village Highway, Campbell County, VA	US
S1-668935099	Sunrise It Private Limited	Fl7Th 2 Vanraji Com Mit Rd, Sno 123/A/1 Rambaug Colony Kothrud, Pune, Maharashtra	India
S1-416946470	Brightari Acp	100 Sideview Avenue, Staten Island, NY	US
S1-148918737	Lane, Webb and Tucker Inc	111 South Road, Chilmark, MA	US
S1-913543526	Krishna Engineering Pvt. Ltd.	Maharashtra, 24Th Floor, Marathon Futurex N M Joshi Marg, Lower Parel, A-2403, Mumbai, Mumbai City	India
S1-495565976	Bay Automobile	1246 Patricia Avenue, Unit 29, Simi Valley, CA	US
S1-228843424	Krishiv & Sons Pvt. Ltd.	C-1/7 S/F, Vasant Vihar, New Delhi, Delhi	India
S1-771126794	Siddhant Bio LLP	H. No.2-1-49, Gandhi Nagar, Bhongir Town, Bhongir, Nalgonda, Telangana	India
S1-179399453	Sancheti Enterprises Private Limited	22 Biplabi Rash Behari Basuroad, Kolkata, Calcutta, West Bengal	India
S1-197017251	Reliable Digital Solutions L.L.C.	14 Bower Street, Medford, MA	US
S1-560415273	United Coalition	2716 W Broadway, Louisville, KY	US
S1-784363806	Suvrat & Brothers Center	Iii /508, Anugraham, Kannur, Kerala	India
S1-425918529	B 2 Modern Plumbing Inc	4811 Lansing Drive, Austin, TX	US
S1-416221376	Ruiz, Brandenburg and Mills Greenland of Akron LLC	97 Casterton Avenue, Akron, OH	US
S1-77101620	Dwarka Nails Limited	A/P Washi, Taluka-Karveer, Kolhapur, Maharashtra	India
S1-340755569	Texas Property Private Limited	Hyderabad, Flat No. 202 Kvr Enclave, Above Icici Bank, Ameerpet, Telangana, H.No. 7-1-201 To 203	India
S1-936309242	Ewert Optimal Mid LLC	8212 Stratford Chase Drive, Bldg 25, Columbus, OH	US
S1-178379614	Gold Investments Private Limited	Kh No. 75, Tigri Gol Chakkar, Chipyana, Khurd Tigri, Greater Noida, Noida, Gautam Buddha Nagar, Uttar Pradesh	India
S1-79941697	Madueno Midstream Inc.	1634 Loomis Street, Rockford, IL	US
S1-374947114	Carter Apex LLC	714 Martin Luther King Avenue, Albuquerque, NM	US
S1-913612041	Mangala Cafe Private Limited	S.No.61/1/3, B-101, Gracia, Nr.Eon It Park, Pune City, Pune, Maharashtra	India
S1-444636427	Accretion Homes Limited	C/O Anita Gupta, A 27, Ground Floor Shop No.4, Gali No.1, Madhu Vihar, Madhu Vihar, East Delhi, Delhi	India
S1-64413193	Ocimum Biofuels Private Limited	C/O G V Ruchitha, 28-1272/3, New Balaji Colony, Unnamed Road, Thenabanand Darg, Chittoor, Andhra Pradesh	India
S1-347031872	V & H Iheartmedia Co	375 Auburn Avenue, Unit 1216, Atlanta, GA	US
S1-720814434	Dorothea Wallace, Esq., DDS PC	1510 Central Avenue, Fl 0, Wichita, KS	US
S1-42330017	Rishabh Ventures	Apte Sahib Ka Bada, Chitnis Ki Goth, Kampoo, Gwalior, Madhya Pradesh	India
S1-873423630	Sunrise Exports Private Limited	Sh-15 Shalibhadra Enclave, Chs, Cabin Rd, Raval Nagar, Thane, Maharashtra	India
S1-536919092	Scholarship Program	Winston, OR, 71 Peach Lane	US
S1-832823690	Golden Coinshares	2075 Antioch Church Road, Timberlake, NC	US
S1-671093270	Leisure India Private Limited	302, Profit Centre Near Kalaghoda Circle, Sayajigunj, Vadoara, Vadodara, Gujarat	India
S1-197905061	Technology Voc Healthcare LLP	5334 Bast Harphool Sing, New Delhi, Central Delhi, Delhi	India
S1-948831968	Regional Payroll Ventures	302 6th Street, Unit 408, Chattanooga, TN	US
S1-761716388	Vishala (India) Constructions Limited	494 Sadhana B-316Th Road Khar West, Mumbai, Maharashtra	India
S1-489839485	Dayal & Co	B-112 Second Floor Internace Road Chitranjan Park Kalkai New Dlhi, New Delhi, South Delhi, Delhi	India
S1-172578885	HH Fashion L.L.C.	4456 Monroe Avenue, Cleves, OH	US
S1-795471006	Surgical Care Associates	210 Broadway, Unit Unit 1J, Long Beach, NY	US
S1-130183718	Supreme Consultants Private Limited	Plot No. 75, 1St Floor, Ruparel Elavia, Opp. Bharatshkeshtra, Dadasaheb Phalke Road, Dadar (E), Mumbai, Mumbai City, Maharashtra	India
S1-272867703	Ventures Smart Life Company	Maharashtra, Sno 55 2C Fl No 6 Suryoday Residency Wadgaon Bk, Pune	India
S1-918227775	Human Rights Society	214 Cory Avenue, Prescott, AZ	US
S1-661382742	Metro Solutions Private Limited	The Great Eastern Chambers, Sector 11, Cbd Belapur, Maharashtra, B-204, Navi Mumbai, Thane	India
S1-598675610	Congregation Synagogue	3200 Berryfield Drive, Rockingham County, VA	US
S1-537783486	Coxon Textiles	291 Blackhawk Trace, Galena, IL	US
S1-592909040	Ottilie Chapa Transalta	4966 Edgewood Drive, Fresno, TX	US
S1-174383743	Dla Brothers Private Limited	Sanjhariya, Jaipur, Rajasthan	India
S1-707337780	Perfect Finance Private Limited	Building No. Tc 78/500 (Old Tc 42/942/1), Thejas, Muttathara, Thiruvananthapuram, Thiruvananthapuram, Trivandrum, Kerala	India
S1-117720174	Ganga Solutions LLP	No 114 M.T.H Road, Thirumullaivoyal, Chennai, Poonamallee, Tiruvallur, Tamil Nadu	India
S1-865891258	Delta Service Corp	7650 Feathers Chapel Drive, Somerville, TN	US
S1-483798860	Chavira Winvest Inc	9 Locust Patch Lane, Rockbridge County, VA	US
S1-42873501	Aditya Food LLP	House No 36 Kh.262 Ground Floor Vill Bharola Rajan Babu Road Blk-C Adarsh, Delhi, North Delhi, Delhi	India
S1-308093223	Satyasai Solutions Pvt Ltd	No.68/16 First Floor, 4Th Street, Vijayaraghavapuram, Saligramam, Chennai, Tamil Nadu	India
S1-641859023	Kay Network Pvt. Ltd.	Iii-395A, Vishnupara, Perumbala, Kasaragod, Kasargod, Kerala	India
S1-193497444	Cross Total Metal Works Partners	Thousand Oaks, CA, 929 Ballina Court	US
S1-731262541	EH Star Fashion	134 Main Street, Village Of Dane, WI	US
S1-480402514	Review Paper Limited	271, Patliputra Colony, Patna, Bihar	India
S1-491125027	9-Point	8030 Old Corinth Church Road, Mt Juliet, TN	US
S1-469008256	Aarvansh Scientific Private Limited	A-636, Logix Technova Sector-132, Noida, Gautam Buddha Nagar, Uttar Pradesh	India
S1-837999873	Ready Steers	5 Countryside Lane, Walpole, MA	US
S1-270294886	MUM Allied Berkley Inc	409 Elizabeth Court, Guilderland, NY	US
S1-369963908	JT Edge Ltd	Flat No. F-107 S.No. 122/1, Dsk Vishwa, Dhayari, Taluka, Haveli, Maharashtra, Pune, Saptsur, Pune	India
S1-34205399	Glenine Dicken, D.C.	717 Saint Claude Place, Huntsville, AL	US
S1-194949072	Flynn and Osorio Pipeline, LLC	8293 6430, West Jordan City, UT	US
S1-987723617	Das Optimal Ameren LLC	2290 Pachuta Trail, Clarksville, TN	US
S1-580821463	6-Legged Dog	4201 Massachusetts Avenue, Unit 7039C, Washington, DC	US
S1-800329060	Robles, Doralia, M.D.	3147 Highway 51, Unit 23, TN, Dyersburg	US
S1-578551523	Sck Infracon Private Limited	79, T V K Street, Red Hills, Naravarikuppam, Tiruvallur, Red Hills, Chennai, Thiruvallur, Tamil Nadu	India
S1-218361439	Vamana (India) Estate Private Limited	Flat No. B-104 Purva Heights Bilekanahalli Bannerghatta Road, Bangalore, Karnataka	India
S1-248728833	Rocky Program	Unit 3, 21 Sutherland Road, Boston, MA	US
S1-887422935	IW Rapid Viii LLC	9231 Westridge Road, Kansas City, MO	US
S1-790468855	Ankur Beverages Private Limited	Khordha, Sub-12, Lean-1, Jokalanda, Baramunda, Orissa, Plot No-38, Bhubaneswar	India
S1-632773871	Whitworth Legacy Management	21 Bark Street, Swansea, MA	US
S1-178426079	Svj & Co of Kolkata	135A, C.R. Avenue, Room No. 35 4Th Floor, Kolkata, Howrah, West Bengal	India
S1-684547545	Best Power Private Limited	No 28/2, Konankunte Anjanapura Post, Bangalore, Karnataka	India
S1-674780927	Holland Diamond Disciplined, LLC	1418 Richland Street, Indianapolis, IN	US
S1-792689933	Thrissur Centre Private Limited	Door No.17/416 A, Ground Floor Kizhakkoot House, Kadangode P O, Erumap, Etty, Thrissur, Kerala	India
S1-463956181	Twisted Auto Body	Independence, 291 I Street, OR	US
S1-170533888	Al Trading Private Limited	G-29, Spaze Palazo, Sector-69, Gurgaon, Haryana	India
S1-657141463	Universal Great Exports Private Limited	3/A F/F Masjid Moth Village Uday Park Mkt, South Delhi, Delhi, New Delhi	India
S1-211569749	Myers Eastern	188 Dimmock Hill Road, Chenango, NY	US
S1-310915398	QY Total Melar	520 Long Meadow Lane, Lincolnton, NC	US
S1-92619703	Continental Committee II LLC	918 Millseed Road, Happy, KY	US
S1-589121476	QH Consultants Private Limited	94-C Upkar Apartments Mayur Vihar, Phase-I, Exts, New Delhi, East Delhi, Delhi	India
S1-526851541	Surjit Care Limited	Office No. 114, Evershine Tower, Amrapali Circle, Jaipur, Rajasthan	India
S1-45344861	Lumay Furniture Inc	5810 Spicewood Ln, Louisville, KY	US
S1-71262967	Burrell Gulf Bain LLC	605 Jim Thorpe Boulevard, Prague, OK	US
S1-785681971	Mendes Preferred Sunstone LLC	136 Fallen Oak Lane, Chapel Hill, NC	US
S1-911652349	Gkr Sangh	203 Star Lit Tower, 29 Y.N Road, Indore, Madhya Pradesh	India
S1-343739988	Gardner, Lisbeth, M.D.	87 Hiwassee Road, Lebanon, TN	US
S1-246893261	Environmental Charities LLC	4951 Lee Farm Court, Ellicott City, MD	US
S1-218765195	Shanon Rice Line Inc	Unit BLDG, 1601 Maiden Lane, WA, Wenatchee	US
S1-504881467	Siify Talon LLC	1298 Kennebec Drive, Dawson, IL	US
S1-671029933	Sankhala Carrier Private Limited	Delhi, New Delhi, 2Nd Floor Kalkaji, South Delhi, B-98B	India
S1-721757685	Integrated Illumination	404 Southwick Road, Unit 25, Westfield, MA	US
S1-402434620	Legacy Global Games	146 200, Springville, UT	US
S1-84128676	Fusco Chiron	3683 72, TX, Kenedy	US
S1-693684188	Kalinga & Sons Private Limited	W 58, Midc Ii Kalyan, Kalyan, Thane, Maharashtra	India
S1-175961923	Fresh Secure Spruce LLC	2820 Windy Point Drive, Grand Prairie, TX	US
S1-939306147	Star Security Union	Unit Apartment 6, Sanford, ME, 4 Church Street	US
S1-963982013	Dixon's Better Grading	40 Ritter Avenue, Indianapolis, IN	US
S1-392655035	Lucknow Lifestyle Private Limited	P No. 02 Suncity Colony Kamta Chinhat, Lucknow, Uttar Pradesh	India
S1-749320252	Mgs Lights Limited	Kra 64, Kalathode, Krishnapuram Road, Thrissur, Kerala	India
S1-21350122	Atlantic Federation LP	47 Will Drive, Unit 103, Canton, MA	US
S1-645467632	Zorana Averill, DDS, PC	ND, Bowbells, 302 3rd Street	US
S1-202138744	Georgie Buonocore, O.D.	1193 Iola Street, Broken Arrow, OK	US
S1-995687403	Goodpoint Medical Private Limited	Laxmi Nagar, Himalaya Palace, Near Child Junction 65 - Vijay Block, Delhi, 301, Delhi	India
S1-341579958	Spark Industries Pvt Ltd	1St Floor, 1/2Line, Lakshmipuram, 5-82-17, Guntur, Andhra Pradesh, Guntur	India
S1-686124986	DU California Inc	N7262 Shady Lane Drive, Town Of Porterfield, WI	US
S1-197598117	Kuber & Co	Flat No.2-R Kanthi Shikara Apartments, 2Nd Floor, Punjagutta, Hyderabad, Telangana	India
S1-348153771	Vision Media Private Limited	B 4 801 Nandani Apartment 1 Nr Siddhivinayak Temple Vesu, Surat, Gujarat	India
S1-67619704	Glassman Select Lending LP	1117 Geranium Crescent, Virginia Beach City, VA	US
S1-189576373	Euclid Sangh	Ward No. 14 Near Pump House, Sanjay Nagar, Madhya Pradesh, Rewa	India
S1-899639392	Green Bright Foods LLP	Coimbatore, Tirupur, Thannerpandhal Colony Extn, East Opp.Jupiter Knitting Company, Anupparpala, Yam Post, 1/1S, Tamil Nadu	India
S1-458132041	Brunhilde Paredes, MD	6232 Zealand Avenue, Brooklyn Park, MN	US
S1-903970307	Estele's Platinum Accounting Inc.	35 White Oak Boulevard, Silver Spring Township, PA	US
S1-173529696	Gold Agro LLP	Pune, Maharashtra, Pune, Fl No 30, Deoda Garden, Pl 26, S 46/36 Bombay Sapera Col, W Sheri	India
S1-826019345	Jijau Industries Private Limited	Srivarinilayam, 29, 01Stmai, 02Ndcross, Behindminitajma, Bangalore North, Bangalore, Karnataka	India
S1-754625851	Software Renuka Trans Pvt. Ltd.	No.303 3Rd Flr 5Th Crs, Swamy Krupa Dasappa Lyt, Bangalore North, Bangalore, Karnataka	India
S1-960194370	Lakshmi Marketing Pvt Ltd	G-74, First Floor, Right Side Shaheen Bagh Abul Fazal Enclave, Part-Ii, Jamia Nagar, New Delhi, South Delhi, Delhi	India
S1-735146390	A Cure 7 You LLC	NY, Gates, 345 Spencerport Road	US
S1-43266503	St & Co Corp	757, Ground Floor, Pkt-C, Ifc Gazipur, East Delhi, Delhi	India
S1-572408282	Rev It Up Barbershop	3222 Woodspring Drive, Abingdon, MD	US
S1-466203587	Josnika Group	508, Office No. 2, Nr. Patrya Maruti Chowk, Pune City, Pune, Maharashtra	India
S1-996069999	Pacific Coalition	105 -74 Rens Road, Poquoson City, VA	US
S1-765113764	Chetak Biopharm of Delhi Private Limited	Delhi, J-9/36 First Floor Front Side Office Rajouri Garden, North Delhi	India
S1-552026320	Cardiology Best Center Inc.	29475 Twp Rd 834, Lewisville, OH	US
S1-274015189	Casey Choice Grid, Inc	9601 Highland Springs Drive, IN, Fishers	US
S1-466731169	Samridhi Pharmaceuticals Pvt Ltd	Prmila Devi W/O Mahesh Mahto, House No-133., Ward-03, Govindpur, Kesabe, Begusarai., Begusarai, Bihar	India
S1-235870887	Manohar Brothers Limited	Pashchim Vihar, 71 Chamunda Lane, Jaipur, Rajasthan, Jaipur	India
S1-52690896	Mccoy Defense	953 Cherry Grove Drive, Hendersonville, TN	US
S1-956819720	BRK Powertronics Center	F No.1, Varshanagar 229/3, Nr. Harihareshwar Mandir, Pune City, Pune, Maharashtra	India
S1-923014558	Bangalore Broadcast	No 37-38, 2Nd Floor, 1St Main, 8Th Cross, Reliable Residency, Hsr Layout, Haralur, Bangalore, Karnataka	India
S1-971576070	Chiropractic Pacific Clinic Co	IL, 505 Bond Street, Alton	US
S1-171969406	Federal Automotive LLC	5601 Natomas Boulevard, Unit APT 15306, Sacramento, CA	US
S1-821249345	Associated (india) (India) Private Limited	Central Delhi, New Delhi, B Wing, Naurang House 21 Kasturba Gandhi Marg, 206, Delhi	India
S1-753244692	Cross Total Metal Works	120 Oak Park Avenue, Unit # 324, Oak Park, IL	US
S1-343119623	First Logistics Private Limited	Z1-A, N.P.V, Gurugram, Hr Ind, Palam Vihar, Gurgaon, Haryana	India
S1-920013148	Jackson Keystone Btc P.C.	Bim, WV, 880 Beaver Pond Creek Road	US
S1-76369539	Issie F. Sutton, DDS	OH, Loveland, 508 Mohican Drive	US
S1-609959432	Ura Garments LLP	Gujarat, Ura, Shop - 4628, Radha Krishna Textile Market Nawab Wadi, Cotton Mill Compound, Begamp, 3Rd Floor, Surat	India
S1-821473018	Thompson Preferred Lafayette, PC	12511 Wolfsville Road, Myersville, MD	US
S1-783273331	Emlyn Dreyfuss Proshares	52953 Rt 20, Wakeman, OH	US
S1-379505696	Pacheco and Brown Direct	2000 Quaker Road, New Kent County, VA	US
S1-585191689	Southern Energy Private Limited	No. 11 Gangadhar Chetty Road, Ulsoor, Bangalore, Karnataka	India
S1-704639429	Devesh Organisation Ltd	3/38A(1), Joseph Nagar, Main Road, Marthandam, Kanyakumari District, Kanyakumari, Tamil Nadu	India
S1-752193174	Missy Kline Custom Property Inc	9041 River Rock Drive, MN, Chanhassen	US
S1-73066190	Trisul Foundation	Suiteno B12, Doorno 63/700, Dspace, 6Th Floor, Skytower, Kozhikode, Kerala	India
S1-684635334	LI Foods Private Limited	Asset One, Ground Floor Hyatt Andaz Residency, Aerocity, New Delhi, South West Delhi, Delhi	India
S1-805360930	Orbus Berkley Inc	8333 Donnelly Avenue, Kansas City, MO	US
S1-578319184	Bainbridge Launch of Mayking Company	1421 3406, Mayking, KY	US
S1-297285723	Patna Investigators Private Limited	House No.22A Road No.1 New Patliputra Colony, Patna, Bihar	India
S1-878774130	Seabrooks Partners	111 Manhattan Avenue, Oyster Bay, NY	US
S1-854690724	Nelia G. Johnston, P.A. Inc	1013 Kirby Street, Gilbert, AZ	US
S1-121565592	Redd, Salas & Ray Hamilton LLC	8181 Healy Drive, Mobile, AL	US
S1-705625542	Dover Environmental Institute	82 Avens Court, Dover, DE	US
S1-460371008	All Apartment Inc	3331 Commercial Avenue, Unit 22, South Chicago Heights, IL	US
S1-460251138	North Investment LLP	Behind Hans Electronics Near Amul, Icecream Godown, P.S - Jakkanpur, Karbighaiya, Patna, Bihar	India
S1-451463581	Reyes Dynamic Sprott Inc	1 Shore Drive, Clinton, CT	US
S1-90280320	Abk Seva Samiti	No.27, Bramin Street, Pennagaram Po & Tk, Pennagaram, Dharmapuri, Tamil Nadu	India
S1-396843592	My Trading Pvt Ltd	56 Near Viswakarma Mandir, Ward No 2, Chandani Chowk, Mushahari, Muzaffarpur, Bihar	India
S1-396015821	Creative Properties Pvt Ltd	H-No 9-17/1, Syndicate Weavers Colony, Ipurupalem, Chirala, Prakasam, Andhra Pradesh	India
