source1_entity_id	matched_entity_ids
S1-602144510	S2-32696802,S2-64000798,S3-170921246
S1-679591102	S2-888559862,S3-303647926
S1-408159183	S3-151516767
S1-405544735	S2-474064475,S2-259107219,S2-582371029,S2-495426490,S3-246480970
S1-249541059	S2-414293572,S2-325320003
S1-203260456	S2-733640695,S2-214427379,S2-822585016,S3-984842983,S3-653214758,S3-204537761
S1-178252371	
S1-386805796	S2-782252993,S2-873615384,S3-383563605,S3-998103985
S1-243476946	S2-361636702,S2-847251746,S3-767477894,S3-530233750
S1-504881467	S3-972932050
S1-856138680	S2-481639342,S2-429878196,S3-990741863,S3-257537089,S3-533134580
S1-115182842	S2-464452285,S2-440934584,S3-176968062
S1-157743625	S2-475004728,S3-889886995,S3-626521576
S1-564953750	S2-651784084,S2-867221748,S3-149681809
S1-216442881	S2-65513765,S2-579771523,S3-531051857,S3-559134904,S3-781161981,S3-589644869
S1-346310571	S2-705775177,S2-325364380,S2-121374766,S2-540122146,S3-252625369
S1-695357369	S3-21115482
S1-708929051	S2-960824297,S3-341557859,S3-27669003,S3-217650234
S1-483815854	S3-981834950,S3-943285091,S3-432381803,S3-52623516
S1-360205034	S2-392424251,S3-274436706
S1-339982756	S2-76356120,S3-884219150
S1-653613920	S2-977396292,S3-923962611,S3-942052087
S1-323045365	S2-480278855,S3-339420180,S3-157492710
S1-367440762	S2-39777008,S3-850586868,S3-520483237
S1-405476212	S3-282427614,S3-643519784,S3-215761122
S1-393580377	S2-641509827,S3-1331857
S1-424229129	S2-992800412,S2-562902171,S2-624389181,S3-885542662,S3-824059486,S3-956225947
S1-550857627	S2-949236334,S3-418428733,S3-251253869,S3-215417700
S1-674762365	S2-623363625,S2-244090581,S2-673349469,S3-472819385,S3-521441448
S1-988888165	S2-328269548,S3-741173968,S3-874421939
S1-905609702	S2-804369259,S3-863632680,S3-890679969
S1-68645166	S2-257075749,S2-382978468,S3-647599302
S1-562367335	S2-971424231,S3-161815006,S3-512965832,S3-132039071
S1-617893413	S2-999195736,S2-67460472,S2-887426320,S3-420285633
S1-619391623	S2-862040690,S3-441627300
S1-53432522	S2-946693337,S2-590284113,S3-717664481
S1-847164455	S2-419373738,S3-993247385,S3-870125814,S3-689089428,S3-889503788
S1-680501760	S2-299710656,S2-173363431,S2-376499091,S3-756576931
S1-671625057	S2-412437154,S2-661483688,S3-700081369,S3-487572885,S3-767705259
S1-15600456	S2-797657751,S3-999785841,S3-136130049
S1-174334525	S2-228669314,S3-215174025
S1-346951042	S2-260766475,S2-716941618,S3-736487137,S3-411956540
S1-178513266	S2-862420477,S2-593435157,S2-722069232,S2-118186903,S3-159985917
S1-865278276	S2-886124700,S3-452701777,S3-642069271,S3-229910526,S3-904965014,S3-618148306
S1-906997289	S2-492097910,S2-324151151,S2-797873770,S3-881712224
S1-693684188	S2-183627725,S2-135557729,S3-329393030,S3-262176625
S1-694918510	S2-838623630,S2-784584732,S2-856091341,S2-943980439,S3-90264263
S1-486307963	S2-291232557,S2-704579310,S2-803445205,S3-34601497
S1-947793804	S2-860875129,S3-998134279,S3-187652528
S1-859492150	S2-295888860,S3-392536830,S3-583821762,S3-342493286
S1-179148277	S2-636296466,S3-158624111,S3-190694337,S3-230995578
S1-460188847	S2-519980945,S3-726984611
S1-694999738	S2-96286275
S1-659208776	S2-687812829,S3-883245494
S1-343223881	S2-656196480,S2-615779374,S2-476200049,S3-607435149
S1-795579511	S3-148621438,S3-78476715
S1-126352184	S2-10487021,S2-540084539,S2-329008337,S3-454407133,S3-530586621
S1-502669061	S2-756368414,S3-45108489,S3-879193815
S1-713089847	S2-227500684,S2-944612322,S2-850024706,S3-205472227,S3-806521635
S1-25890798	S2-37023211,S2-186844491,S3-912343556,S3-979030573
S1-582627592	S2-744767596,S2-599287206,S3-380258696,S3-712523037
S1-813396094	S2-116440537,S2-672310909,S3-643971203
S1-710522325	
S1-921916502	S2-743866581,S2-889292854,S3-853023619,S3-961510122
S1-548346589	S2-892460410,S3-366892739,S3-506664003
S1-524753767	S2-319537654,S3-841954823
S1-112886320	S2-746228884,S2-71886330,S3-196006387
S1-779856891	S2-999480909,S2-80900335,S2-743848090,S3-630912329,S3-52708741
S1-721945434	S3-16198274,S3-745578851,S3-792644290
S1-772417387	S2-242915438,S3-864617047,S3-505013135
S1-308093223	S2-315600316,S3-637222996,S3-85674004,S3-250551442,S3-297330083
S1-44863484	S2-58409220,S3-482924619,S3-983928038,S3-9021789
S1-926724481	S2-556315364,S3-247340417,S3-597032591
S1-738016542	S2-136240429,S2-939013469
S1-733071084	
S1-373112317	S2-758195866,S2-220318423,S3-241045778,S3-145357184
S1-778791082	
S1-247871354	S2-118582081,S2-529347937,S2-155299354,S2-57266198,S3-366432544
S1-61504445	S2-845785548,S2-361471493,S3-303586464
S1-413430918	S2-832771330,S2-441427884,S2-396890086
S1-876174847	S2-829487134,S2-622913832,S2-862218741,S2-589432992,S3-728185965,S3-465148506,S3-946433244,S3-745928901
S1-916133520	S2-136868069,S3-322458713,S3-138802801
S1-17945880	S2-280024574,S2-69258407,S2-291284920,S3-298034156,S3-178106173
S1-357006639	S2-962141849,S3-879482635
S1-37360271	S2-963874649,S2-541022692,S3-708240561,S3-205602419
S1-143454457	S2-68707220,S2-417622259,S2-262242825,S3-481105363
S1-131455397	S2-188714729,S3-383991334
S1-172083640	S2-488734571,S3-215984287
S1-895155480	S2-944836418,S2-758602916,S3-534275728,S3-308667276
S1-332952603	S2-856960585,S2-485093249,S3-342854673
S1-515860575	S2-744595662,S2-874599270,S3-841453540,S3-864239372,S3-464743593
S1-355641496	S2-880321099,S3-656957495,S3-170692783
S1-101609866	S2-141203551,S2-114744993,S3-385257315,S3-193819653,S3-88916810,S3-114159826
S1-31830645	S2-943022950,S2-92981879,S2-466777336,S3-923584691,S3-784863858
S1-401493114	S2-87211092,S3-503245676,S3-927571534
S1-473096074	S2-670614077,S3-699419442,S3-301641619
S1-571799440	S2-60091743,S2-515727735,S2-949713294,S3-30136011,S3-198769150,S3-535098420
S1-258029467	S2-427736059,S2-546808461,S3-218893395
S1-105224780	S3-634473458,S3-21869755,S3-449691178,S3-771642550,S3-646647148
S1-325717167	
S1-464662186	S2-131056823,S3-908807263,S3-498094242
S1-669829123	S2-854812881
S1-45044600	S2-990550120,S2-892819240,S3-846137653
S1-819550885	S2-315319632,S3-440178796
S1-683216584	S2-367452838,S2-961968175,S3-563811138
S1-270528891	S2-679668779,S3-249817278,S3-298587699,S3-901570150
S1-616795629	S2-657499823,S2-804398972,S3-631515067
S1-280574043	S2-8333330,S3-30356081,S3-272985875,S3-801825168
S1-816437609	S2-841369798,S3-607641346,S3-668696528
S1-231880324	S2-22372364,S2-111447128,S3-587796619
S1-86208138	S2-745632745,S2-453074844,S3-699993003
S1-892630361	S2-635164373,S2-284777688,S2-121744244,S2-133568180,S3-555619062,S3-867029802,S3-526410343,S3-544574124
S1-839557581	S3-944652636,S3-800063535,S3-799018869,S3-811867442
S1-670281108	S2-195552107,S3-321612565
S1-386999708	S2-308816738,S3-289020222
S1-500570219	S2-86344547,S2-441270104,S3-130433727,S3-97607569
S1-643691963	S2-723608398,S3-695265466,S3-562277836,S3-719849558
S1-143806422	S2-284793589,S3-998079183,S3-726424001,S3-896077283
S1-204399694	S2-211118600,S3-738288016,S3-646717391,S3-868030119
S1-304765877	S2-715904473,S3-394687287,S3-273381645,S3-8509951
S1-909740935	
S1-623613597	S2-308389930,S3-867865824,S3-205159355,S3-494354984
S1-69743088	S2-252180427,S2-155321024,S3-266419243,S3-509296762,S3-42398872
S1-937072411	S2-376158836,S2-838479645,S3-532766631,S3-300598511,S3-607701890,S3-907556873
S1-226408668	S2-231425284,S2-850050714,S3-75617768,S3-919957355
S1-955603324	
S1-946712316	S3-718158972,S3-532118551,S3-122718283
S1-539095868	S2-804360111,S3-461732826,S3-25473366,S3-234220440,S3-922572287
S1-464792763	
S1-856589880	S2-96833405,S2-318935200,S2-835592237,S3-52789731
S1-510320386	S2-133469843,S3-525879649
S1-621343700	S2-927875818,S2-861321252
S1-149916098	S2-530833457,S2-945924502,S3-739177724,S3-326968670
S1-997180485	
S1-851651974	S2-705549707,S3-886339798
S1-897652157	S2-885371936,S2-279165463,S2-125566146,S3-521935518
S1-171348341	S2-563378678,S2-535941037,S3-717267915
S1-699731060	S2-255982917,S2-781184830,S3-696830907,S3-547727134
S1-372570560	S2-482114295,S2-84163667,S2-842963596,S3-799070850,S3-500004035
S1-841490375	S3-539293762,S3-478189362,S3-297511239
S1-896985846	S2-493750816,S3-930328736,S3-564442874
S1-76920528	S2-540469759,S2-574844000,S2-925355098,S2-817587424,S3-379850060,S3-165259833,S3-411233369
S1-100903266	S2-795214350,S2-459433791,S3-752732400
S1-818351477	S2-171674923,S3-851344539
S1-674217669	S2-139529387,S2-726146843,S2-845467556,S3-522457526,S3-933446435
S1-89797007	S2-848669809,S2-21584499
S1-148274973	S2-350717745,S2-265799514,S3-48353932
S1-981002383	S2-850862146,S3-636880625,S3-939149997
S1-273095821	S2-331248664,S2-112698457,S2-475957107,S2-533050730,S3-762409950
S1-934850320	
S1-897055997	S2-698103510,S2-779357187,S2-375419727,S2-802139201
S1-258062028	S2-845221156,S3-666682068,S3-242379287,S3-938779085,S3-415627258
S1-323694924	S2-70558839,S3-743462263
S1-969544164	S2-604748928,S2-264319586,S2-947235949,S2-446374690,S3-653664422
S1-926546182	S2-179509097,S2-347118266,S3-483860597,S3-772068430
S1-790836945	S2-565920286,S2-888475108,S3-468761821,S3-401553725,S3-469619813
S1-403338901	S2-762382086,S3-152700431,S3-276657802
S1-204686694	S2-850797866,S2-412132386,S2-425437564,S2-142338358,S3-853612111
S1-706319932	S2-89622154,S2-118701028,S3-954567640,S3-986253656
S1-286276145	S2-318108968,S2-403586685,S3-4560498
S1-262166474	S2-568084743,S2-613708306,S3-533278195,S3-722805675
S1-865290939	S2-743933054,S2-266636863,S2-548025448,S3-324284272
S1-225962484	S2-154254777,S3-526246604
S1-24701508	S2-134885922,S2-835590442
S1-818899701	S2-393376022,S2-347580138,S2-845974044,S3-75106729
S1-124327542	S2-980886328,S2-423767736,S2-844613957,S2-244451839,S3-58473906,S3-54108899,S3-769129743
S1-892756175	
S1-958355339	S2-451011636,S2-303402212
S1-404514923	S2-357077904,S2-179622556,S3-772216688,S3-711234715
S1-651066286	S2-950032377,S2-303151115,S3-958550635,S3-850975608,S3-719151987,S3-810066784
S1-451790752	S2-725505330,S2-134182895,S2-902519551
S1-749195284	S2-445645740,S3-220346444
S1-460876093	S2-892448018,S2-31075210,S3-630551778
S1-466120295	S2-239814394,S2-488242960,S2-953143212
S1-138468223	S2-267880942,S2-801033243,S3-101482293,S3-422451073,S3-962184157
S1-468374984	S2-620044575,S2-863319069,S2-875982986,S3-451973544,S3-636032607
S1-699185554	S2-417962773,S2-427289421,S3-136402799,S3-760401730,S3-433644323,S3-482674825
S1-475589020	S2-992675085,S3-785188940,S3-20751494,S3-320447878,S3-750686951
S1-765458024	S2-560988025,S3-232232552
S1-691408343	S2-873160261,S3-413856568
S1-966392283	S2-847725521,S3-881937710,S3-150320143,S3-215588592
S1-41812396	
S1-396276239	S2-782644213,S2-449485013,S3-6775396
S1-391531543	S2-71800741,S2-183240430,S2-358129642,S3-789811029
S1-787843326	S2-792923999,S2-222122799,S2-822227305
S1-867259903	S2-59051598,S3-202628165,S3-940746269
S1-558341416	S2-280765553,S2-379720105,S3-325218842
S1-525072661	S2-42056353,S3-838214212,S3-856012635,S3-384818729,S3-441909544
S1-740268603	S2-479717536,S3-158836290
S1-668755074	S2-839551367,S3-30425831,S3-928951088
S1-495378800	S2-897805206,S3-447145820
S1-129148159	S2-85697061,S2-139282086,S3-735741556,S3-138125020
S1-878137045	S2-209823228,S2-950978652,S3-961219325,S3-518840935
S1-600222280	S2-842358455,S2-626239447,S2-474008076,S3-84655191
S1-730804537	
S1-188672672	S2-375990129,S3-663531838,S3-962723147,S3-77555025
S1-513745808	S2-115630887,S2-849334516,S3-33619840,S3-254910480,S3-3104795
S1-454508765	S2-122224482,S2-208170355,S2-780382402,S3-97713203
S1-800509425	S2-844908536,S2-698571373,S2-838285635,S3-774251602,S3-675665683
S1-904022461	S2-981372156,S3-813079357
S1-764803531	S2-971635488,S3-134617260
S1-610579794	S2-402987703,S2-289801187,S2-656652167,S3-984323405
S1-949901185	S2-859070994,S2-815278488,S2-769652741,S3-214565377
S1-398906819	S2-963759361
S1-757256700	S2-46291947,S2-484589227,S3-890028147,S3-950084066,S3-252845821
S1-201343630	S2-701883283,S3-208900881,S3-654950283
S1-220106373	S2-316955463,S2-670910272,S3-242414234
S1-837363196	S2-721844852,S2-959024066,S3-639750136
S1-987567817	S2-456201377,S2-839578844,S2-319634597,S3-420524287
S1-782864194	S2-945761045,S3-802793523,S3-835895002
S1-462462310	S2-9659,S2-282479858,S2-64942609,S3-126736354,S3-431410419,S3-244015554,S3-497471596
S1-951052901	S2-483073149,S2-345140350,S3-960323149
S1-29135374	S2-759985123,S3-258162036
S1-729021432	S2-305515304,S2-211148389,S2-702096126,S2-18400445,S3-228332005,S3-472268365,S3-202423550
S1-83853448	S2-684343783,S2-434422107,S2-518642850,S3-405784340,S3-67684502
S1-248090598	S2-884458827,S3-972586675,S3-56822094,S3-857740931,S3-288902119
S1-793085858	S2-709150012,S3-170047905
S1-3164125	S2-767710698,S3-812081637
S1-967153810	S2-23750442,S2-642914348,S2-749405211,S3-240681067
S1-339225260	S2-593576651,S2-186367021,S2-780934851,S2-668514748,S2-726345352,S3-319647110
S1-203704477	S2-15716450,S3-337340940,S3-948184159,S3-354730793
S1-562370433	S2-367059765,S2-496611724,S3-954275450,S3-600897289,S3-866976805,S3-943868529
S1-315122152	S2-744714585,S2-566921199,S3-743772664,S3-456364635,S3-840912329,S3-596129453,S3-841594099
S1-854370736	S2-528913508,S2-403078050,S3-333327028,S3-958331470,S3-483210313,S3-504711537,S3-499092808
S1-95571800	S2-330493446,S3-476423379
S1-859708973	S3-757941781
S1-480107858	S2-94254291,S2-671099532,S2-497003281,S2-96976526,S3-545899386
S1-995026976	S2-85508980,S3-495028255,S3-877494374,S3-452683121,S3-23309515
S1-553544082	S2-949624205,S3-130168404,S3-390414883
S1-868490281	S2-123952984,S2-911703469,S2-667628082,S2-820274193,S3-652004697,S3-554345908
S1-317281042	S3-775270186,S3-385449457
S1-701991503	S2-79127518,S2-887701040,S2-554451124,S3-918507306,S3-963601718
S1-899635646	S2-785449780,S2-238487162,S2-641992818,S2-320224582,S3-513032426,S3-503459000,S3-393039245,S3-903493979
S1-694147872	S2-548611583,S2-536393973,S2-793459297,S3-436922360,S3-864289275
S1-959628733	
S1-451742995	S2-193074064,S2-51953324,S2-525826093,S3-308142053,S3-478201732
S1-170089494	S2-406843806,S2-323219687,S3-1836996,S3-99554597
S1-430675694	S2-438759184
S1-721742874	S2-537390324,S2-567589854,S2-480969282
S1-526897842	S2-505868980,S2-904178472,S3-66016601,S3-74058009
S1-616140835	
S1-219049716	S2-546770171,S2-929650310,S3-765532628,S3-182510362,S3-380322393
S1-130789372	S2-709501429,S2-869674262,S2-749391721,S3-237831177,S3-410365101,S3-658437592
S1-189576373	S2-559699158,S2-741550331,S3-289851059,S3-744025366
S1-696794785	
S1-902150059	S2-221796502,S2-505761027,S3-84435815,S3-65147755
S1-788936913	S2-689483721,S3-803935902
S1-391606915	S2-829273613,S2-527006138,S2-314417183,S3-340539186,S3-483322983
S1-537901889	S2-365896947,S3-15190782,S3-523673894,S3-33405660,S3-806507078
S1-652707381	S3-165997798,S3-906141710,S3-950964445
S1-930343184	S2-529403180,S2-310170791,S3-794821609
S1-300101810	S2-59524679,S3-150228358
S1-829032033	S2-366321897,S3-668291190
S1-153075707	S2-930955880,S2-221834115,S3-746574412,S3-648189922,S3-558499221
S1-792265828	S2-925505978,S3-470321702,S3-257417465,S3-216797013
S1-240901072	S2-156028526,S3-847123804,S3-191008060,S3-539833060
S1-379190549	S2-200305137,S3-927321139,S3-553718371
S1-670560437	S2-811668123,S2-348010775,S2-826271051,S3-366328096,S3-409998404
S1-923014558	S2-980657717,S2-463336148,S2-989292950,S2-421382074,S3-115020116
S1-80168262	S2-745607021,S2-917735478
S1-35989221	S2-124075142,S3-170431082,S3-516487185,S3-64902381,S3-532858081
S1-564978323	S2-417992984,S2-308424135,S3-546949063
S1-439510893	S3-314701312,S3-251035257
S1-992671288	S2-825087341,S3-678366111,S3-938005791,S3-182499265
S1-490665897	S2-94874603,S3-557397299
S1-289182904	S2-365361081
S1-882433798	S2-272255185,S3-858149353,S3-416098608
S1-53158150	S2-462327401,S2-484280348,S3-210373530,S3-969421054
S1-986738233	S2-825764520,S3-587665967
S1-597480099	S2-163711917,S2-254124442,S3-930022443
S1-670549943	S2-289046436,S2-122446220,S3-853435517,S3-457131167
S1-969445270	S2-931506419,S2-591714361,S3-387223523,S3-535468099,S3-713048267
S1-947849354	S2-12718431
S1-809263397	S2-135597703
S1-323088323	S3-191629795
S1-791515384	S2-51214665,S2-587571686,S2-159135744,S2-512276295,S3-306119622,S3-591204352,S3-499104459
S1-309414849	S2-601369417,S2-671040000,S3-509540208,S3-924579693
S1-198849231	S2-58610545,S2-716514929,S2-544136174,S3-158818279,S3-748049850,S3-384643125
S1-450722674	S2-924578743,S2-9821361,S2-57791554,S2-502974723,S3-649335600
S1-629994611	S2-473059751,S2-389928453,S2-809424506,S3-265308226,S3-323281436,S3-256254303
S1-913132974	S2-364745595,S2-43530492,S2-554624606,S3-893840191,S3-902945474
S1-483341795	S2-534106677,S2-141759274,S2-345742264,S3-310872906,S3-319203573
S1-129581349	S2-359437640,S2-82844664,S3-128453734,S3-468811941,S3-129650472
S1-341998101	S2-158569993,S2-677426125,S2-358078046,S3-449159863,S3-687539075,S3-237934887,S3-46000028
S1-411860282	S2-575268409,S2-846955181,S3-966154516,S3-210560090
S1-196177410	S2-501842126,S3-795772374,S3-177633083
S1-824013253	S2-85448644,S3-460843037,S3-732867279
S1-214577305	S3-623052890,S3-917188123,S3-143585078
S1-325901135	S2-13429671,S2-816287935,S2-417907367,S3-573077469
S1-648794813	S2-287566804,S3-990518448
S1-600050562	S2-825839006,S3-139542500,S3-790875644
S1-898984852	S2-699772237,S2-920604276
S1-771647695	S2-242742034,S2-796400555,S3-18142028
S1-463971572	S2-567402642,S3-211731344
S1-883952073	S3-115772431,S3-73331621,S3-735678414,S3-474435499,S3-976211458
S1-49338085	S3-208054266,S3-854741553
S1-122928705	S2-607623929,S2-132725145,S2-749335945,S3-727050874
S1-806058550	S3-982057401,S3-732305394
S1-73812253	S2-785933843,S2-168505224,S3-209971973
S1-112053056	S2-774991554,S2-897193873,S3-873751111,S3-951202679
S1-920834056	S2-699462444,S3-665768492,S3-219455893
S1-588969004	S2-444409955,S2-724988072,S2-382866321,S3-532054279,S3-274081346,S3-145864591
S1-83704113	S2-833418250,S3-782491986
S1-257364851	
S1-259092381	S2-996327707,S2-232591701,S3-90397794
S1-498599949	S2-173519455,S3-903860537,S3-688689912,S3-152570947
S1-521753863	S2-498096966,S2-252014717,S3-663967640,S3-392988559
S1-631965317	S2-406758657,S2-663690022,S2-369160740,S3-208404002
S1-235205082	S2-949607098,S2-562798498,S3-183760019
S1-991021698	
S1-483798860	S2-687998589,S3-489065935,S3-580753508
S1-34654	S2-64562038,S3-310934568,S3-92958165
S1-32233207	S2-789193199,S2-645665352,S3-345331821,S3-519029376
S1-266964624	S2-433670007,S2-393542910,S2-142400552,S3-656396506,S3-299398541
S1-771226720	S2-739409644,S2-823159911
S1-864572048	S2-963395579,S3-43704668,S3-687358825
S1-892592716	S2-781157974,S3-453764517,S3-419454201
S1-245626410	S2-670183638,S2-965741241,S3-475550718
S1-171790902	S2-9747200,S2-764591977
S1-539000455	S2-979618424,S2-268548704,S2-5491712,S3-658855019,S3-400202345
S1-848396720	S2-419229221,S2-395870159,S2-318162110,S2-258932602,S3-643891796,S3-851317295
S1-87351320	S2-668650361,S2-15012561,S3-682220131,S3-606561872
S1-526851541	S2-101983879,S2-125127443,S3-386575548
S1-455058931	S2-302504061,S3-547608145,S3-56018499,S3-751112186,S3-648557449
S1-522162119	
S1-370413857	
S1-192249754	S2-103453939,S2-178883852,S2-605764310,S3-265865296
S1-926301957	S2-346260484,S2-3648090,S3-5418425
S1-820394135	S2-976777459,S2-491562651,S2-845185918,S3-624602487
S1-977502617	S2-669897874,S3-17893897,S3-424234561
S1-575354367	S2-556967117,S2-497045653,S2-707649483,S2-868668822,S3-148658177,S3-416429517,S3-120369311
S1-422234179	S2-297538039,S2-637132151,S3-794068690,S3-68359482,S3-58110564
S1-730226423	S2-554200231,S3-717390954,S3-916855051,S3-432637767
S1-173944657	S3-149047055
S1-82094330	S2-194052092,S2-366181306,S2-240571381,S3-749250452,S3-145372131
S1-108967621	S2-548829632,S3-314937258,S3-687358051
S1-128002929	S3-314038331,S3-732565549
S1-303435800	S2-294443285,S3-325546354
S1-780693732	S2-249907218,S3-612129023,S3-358105882
S1-778409154	S2-822911845,S3-367879557,S3-451071046
S1-993436904	S2-583193252,S3-236403873
S1-569100881	S3-928204592,S3-179636980,S3-433648441
S1-439476622	S2-573007465,S2-904410781,S3-370070780,S3-852290638,S3-800496856,S3-73967803
S1-822763604	S2-946059592,S2-55396962,S3-374652387,S3-26148860
S1-83071687	S2-69873206,S2-467390659,S2-36192414,S2-843532295,S3-998640533
S1-912697255	S3-830963704,S3-229191347,S3-510603307
S1-519971491	S2-574977717,S2-231229739,S3-558275111,S3-619312055,S3-909824686,S3-399300038,S3-251229677
S1-465284124	S2-284945298,S3-575746861,S3-593418680
S1-30574782	S2-992191135
S1-539369132	S2-546291719,S3-59852646,S3-229840061,S3-96168670
S1-18334795	S2-186025678,S2-595533536,S2-546674205,S2-906871856,S3-704867066,S3-924241707
S1-381666620	S2-814295427,S3-78171856,S3-207225151,S3-907676779
S1-153492784	S2-44604677,S3-646629735
S1-101177555	S2-378969444,S3-412535364,S3-173158692
S1-993261443	S2-751812433,S2-958857701,S3-441170524
S1-127473517	
S1-485747521	S2-15140408,S2-887115456,S3-905689745,S3-61534085,S3-955127784
S1-272229671	S3-877770769,S3-202191323,S3-629025443,S3-902831230
S1-182296711	S2-78188957,S3-450552589,S3-702651177
S1-995747336	S2-214251054,S3-418548692,S3-435144728
S1-753875700	S2-628326715,S2-876884988,S2-710770750,S3-756667213,S3-274127311
S1-430219539	S2-459006143,S3-638355701,S3-725364026
S1-706915105	S2-138481425,S3-631226686,S3-734558301
S1-553165312	S2-823486837,S2-657915739,S3-391836152
S1-804852829	S3-489475076,S3-787853903
S1-237644277	S2-7098898,S2-655180468,S3-867154259,S3-671629776,S3-399186142
S1-742505767	S2-837484275,S2-632605755,S3-121999042,S3-821166431,S3-859631610
S1-809394810	S2-898445744,S2-217867968,S2-708084667,S3-359253027,S3-675324194,S3-428739654
S1-451583469	S2-739803558,S3-884648409
S1-193018943	S2-217349280,S3-692240960,S3-799157186
S1-824594537	S3-891418763,S3-894572500
S1-670087938	S3-955500276
S1-119221329	
S1-420880014	S3-869274451
S1-929803435	S2-468047273,S2-745617221,S3-907145622
S1-485838466	S2-201838970,S3-314248741
S1-906796836	S3-692902478,S3-89053726
S1-242361211	S2-651901807,S2-415121588,S3-988183716
S1-580018969	S2-802978018,S3-31290410
S1-784593424	S2-370497989,S3-666591680,S3-586543051
S1-570724097	S2-384190773
S1-182700992	S2-493948539,S2-787015114,S3-845542933,S3-660718299
S1-424769978	S2-126787459,S2-583666273,S3-922893433
S1-941929099	S2-391135977,S2-347988553,S2-506760968,S2-600283846,S3-402150127
S1-912144993	S2-479833942,S2-729457588,S3-817675249,S3-185453981,S3-82766384
S1-720973687	S2-453630606,S3-641183450,S3-613568064,S3-348346754,S3-437293673
S1-126573815	S2-141803807,S3-759333885
S1-175953521	S2-467074293,S3-794097129
S1-442351224	S3-539153964,S3-760682671,S3-198148185
S1-709338250	S2-608756250,S3-568582893,S3-277970922
S1-761462407	S2-506127766,S2-703567413,S2-800483467,S3-347364010
S1-527842295	S2-134340874,S2-182539900,S3-106495199
S1-636763225	S2-283837995,S2-910501896,S3-538822310
S1-934120224	S2-115961954,S3-245315189,S3-276411204
S1-572126772	S2-521456192,S2-35847475,S3-289869614
S1-249219778	S2-125046730,S3-612645279
S1-265627058	
S1-348705607	S2-375830710,S2-364044065,S2-278192329,S3-909594222
S1-251927969	S2-97326294,S2-36333863,S2-616369548,S2-591220622,S2-690920165,S3-970366826
S1-290306388	S2-921004684,S2-97783082,S3-549292399,S3-536962112,S3-21480251,S3-818433229
S1-83069899	S2-668875977,S3-504593996,S3-544630941,S3-329920037
S1-339717556	S3-998032964
S1-533837957	S2-254808422,S2-42445018,S3-344675106,S3-715126287
S1-756045269	S2-585902977,S3-889155719,S3-788115425,S3-884184770
S1-718257299	S3-441786389,S3-249613551,S3-722473013,S3-188064210,S3-609238988
S1-830327990	S2-749182147,S2-353850509,S3-581964400,S3-982909881
S1-647907822	S2-758528554,S2-539235348,S2-938594236
S1-494725823	
S1-690272368	S2-592319150,S3-848862861,S3-191688088
S1-816265576	S2-399262878,S3-824355795,S3-709587193,S3-48691460
S1-87624853	S2-706946146,S3-179241990
S1-124793936	S2-642411607,S3-699513856
S1-44926408	S2-783161835,S3-609091169
S1-587638022	S3-217908856,S3-638357748
S1-4706048	S2-978347404,S2-617883703,S3-421256977
S1-330882295	S2-276552585,S2-825796305,S3-268269006,S3-494751139
S1-604745348	S2-422156952,S2-769164884,S2-320189567,S3-753567764
S1-306660332	S2-240788600,S2-142159249,S3-778131085,S3-898865577,S3-586152878
S1-821696287	S2-487534946,S2-154557266
S1-204321433	S2-818338417,S3-485800028,S3-632865427
S1-70656894	S2-368223860,S3-449478856,S3-629488150
S1-190753037	S2-822607104,S3-47150535,S3-466915441,S3-523328627
S1-406915043	S2-20722068,S2-410764146,S3-155766835,S3-395483015
S1-309748157	S2-466709676,S3-485914939,S3-740758471
S1-511044839	S2-527403819,S3-466293819,S3-735231459
S1-920288767	S2-73006908,S3-276381765
S1-256467609	S2-344180487,S3-47462134,S3-959906296,S3-517376166
S1-629370276	S2-639616537
S1-967214860	S2-178783066,S3-355925624
S1-445690946	S2-280210760,S3-857297380
S1-758512029	S2-139725075,S2-721298203,S2-676401526
S1-501678581	S2-314396716,S2-267787048,S2-487289168,S3-58588738
S1-205128215	S2-3838509,S2-468438219,S3-699607068
S1-581267159	S2-66527283,S2-949020414,S3-372127729,S3-422698061,S3-358510529,S3-346202200
S1-557445913	S2-490945503,S3-503865860
S1-457244150	S2-575860785,S3-695309532,S3-585789599,S3-353472038
S1-466104338	S2-249672047,S3-747461572,S3-927477761
S1-443495666	
S1-675017102	S3-105988851,S3-248512832
S1-791511443	S2-97403775,S2-188273530,S2-633511921,S3-427862601
S1-890388765	S3-281842427
S1-179453378	S2-802920204,S3-377849565,S3-838926080,S3-394864190
S1-14211938	S2-884418799,S3-45636931
S1-60886358	S3-445107279
S1-250877041	S2-268182165,S2-523823681,S2-390271557,S3-640045807,S3-74882544,S3-206341369,S3-808677811,S3-442793754
S1-58848265	
S1-448763015	S2-86707349,S2-203038178,S3-842151341,S3-788095529,S3-838598352,S3-217968710
S1-132191822	S3-959902349,S3-322437818
S1-148563913	S2-870229683,S3-172983334
S1-441278967	
S1-568903026	S2-921343221,S3-847026496,S3-238836046,S3-928875295,S3-646605659
S1-355744993	S2-522451889,S2-815864695,S3-17118567
S1-673560216	S2-961014267,S3-867384596,S3-385192936,S3-722608504,S3-986482129
S1-633905252	S2-631063129,S2-281077332,S3-669239010
S1-53289894	S2-547321541,S3-854623454
S1-321879016	S2-863798620,S2-854335605,S3-203077984,S3-246130266
S1-561991157	S2-988922199,S2-641925250,S2-695119861,S2-183956651,S3-905375225,S3-667863331
S1-596165990	
S1-955740586	S2-125593285,S3-325574891,S3-255993958,S3-139473646,S3-368408182
S1-808299136	S2-799092053,S2-461712747,S2-791577710,S3-682225626
S1-219811945	S3-394063543,S3-498170262
S1-949793542	S2-472736245,S3-793221275
S1-764913097	S2-936709976,S2-830506538,S2-660929777,S2-156753032,S3-177108657,S3-611863323,S3-756184724
S1-273592804	S2-395784705,S2-277861868,S3-884388076
S1-780920837	S2-223378926,S3-704267786,S3-147563308
S1-627332151	S2-219453784,S3-491041813
S1-941687402	
S1-809406935	S3-816739745
S1-566779950	S2-728615448,S2-449290179,S3-673042230,S3-20624239
S1-524731558	S2-504781927,S3-8850039
S1-312740325	S2-44813328,S2-248146489,S3-360668138,S3-854461123
S1-283421283	S2-627106449,S2-881985958,S2-622385533
S1-658583304	S2-300295329,S2-229538858,S3-510603789,S3-115501373
S1-956133196	S2-1635269,S3-699900022,S3-395426579,S3-393889342,S3-54444182
S1-662089496	S2-604432394,S2-603696328,S3-604524366,S3-939200735
S1-425182830	S2-925834427,S2-700349402,S2-197036659,S3-327066396,S3-677235178
S1-696548296	S2-732609970,S2-609810241,S3-210068208
S1-595866343	S2-815324598,S3-74490598,S3-553325696
S1-285772000	S2-781493528,S3-410359330,S3-888674847,S3-410335583
S1-709870396	S2-405957561,S2-823192962,S3-464158270,S3-853492668,S3-897488092
S1-84930738	S2-511560423,S2-762349927,S3-358809862
S1-975042361	S2-553611944
S1-96737325	S2-862581283,S3-459523193,S3-733395364,S3-579686391
S1-696102336	S2-547724427,S2-192934830,S3-768960053
S1-137252472	S2-561332722,S2-194128538,S3-813146682,S3-915245642
S1-20745127	S2-434544565,S2-556976328,S2-427919123,S3-738283182,S3-502426884
S1-630650738	S2-987373060,S2-941165798,S2-647967792,S3-538791832,S3-629714761,S3-260334965,S3-991240846
S1-170758703	S2-722873827,S2-424197116,S3-327596839,S3-718701502,S3-621066327
S1-522280824	S3-176723720,S3-761233946
S1-141674184	S2-170213755,S2-127719115,S3-948590944
S1-588220278	S3-855985228,S3-966242461
S1-559334097	S2-519805128,S3-172495800
S1-467056435	S3-622721729
S1-886875643	S2-417530424,S3-909127206,S3-586020555
S1-751271781	S2-28834751,S3-312754367,S3-667249923,S3-553557700
S1-789097776	
S1-595918532	S2-342563860,S2-89507239,S3-429247055
S1-820497026	S2-192642187,S3-991911047,S3-172967533,S3-57015117
S1-93810682	S2-397897818,S3-897722816
S1-328043883	S2-7676126,S2-548882132,S3-706124448
S1-747937303	S2-248490566,S2-884032547,S3-756242984
S1-657141463	S2-908412649,S2-918996399,S2-609248354,S3-10702140,S3-431456939,S3-757853863
S1-395746526	S2-997244597,S2-315900071,S2-736049690,S3-679582984,S3-724807783,S3-944560527,S3-833472068
S1-410584011	S2-38773203,S2-943704124,S2-444230578,S2-611036189,S3-708895032,S3-53525289
S1-385078011	S2-824814486,S2-472200593,S2-150332473,S3-13212842,S3-798219554
S1-870746218	S2-158412322,S2-453295610,S3-623960273,S3-923544644
S1-866403086	S2-595989737,S2-821375592,S3-541736932
S1-356024467	S2-264158131,S2-652782632,S2-760597946,S3-869242883,S3-42545547,S3-589086539,S3-656547270
S1-465624927	S2-5402916,S2-715283440,S2-447050444,S3-670563581,S3-659605366,S3-231620067
S1-326082034	S2-751520602,S2-388408784,S2-661083996,S3-760394609,S3-56256266,S3-859721790,S3-304162704
S1-334509769	S2-136599102,S3-821181853
S1-386771957	S2-652723172,S3-278082848
S1-176645921	S2-788062009,S2-925180971,S2-258989032,S2-413818802,S3-134146357
S1-273083458	S2-461526872,S2-334941398
S1-438198066	S2-267326120,S2-158781426,S3-717304110
S1-470409231	S2-397814471,S3-30815463,S3-863809330,S3-419769466
S1-122113775	S2-665735352,S3-610524370,S3-183135038,S3-449499508
S1-174651921	S2-187359110,S2-169892605,S3-624442957
S1-489963669	S2-427820631,S2-49971054,S2-702644250,S2-60305792,S3-745287795,S3-218978924
S1-20270878	S2-548810855,S3-672070224,S3-711899726
S1-56914568	S2-259879811,S3-440067485,S3-704148270
S1-380432471	S2-736328499,S2-728921273,S2-839996260,S3-417904568,S3-191001226,S3-286731845,S3-953797756,S3-530712731
S1-730299513	S2-626201317,S3-527662261,S3-670397560,S3-802968866
S1-983544936	S2-979079177,S2-740228474,S3-632241678,S3-893424781
S1-311014035	S2-697534011,S2-253880971,S3-851416936
S1-429178963	S2-76506059,S3-411278653,S3-38513224,S3-360399640
S1-194414711	S2-491869630,S3-612220479,S3-380697473
S1-326486351	S2-572524614,S3-618300587
S1-412999327	S2-799754685,S3-935310282
S1-567371876	S2-56629319,S2-158689432,S2-228659654,S3-888375037,S3-376164495
S1-147263764	S2-735579571,S2-351017373,S3-138736558
S1-646468057	S2-488993564,S3-914363439
S1-811085404	S2-946981827,S2-264958080,S2-608565789,S2-8921172,S3-228952031,S3-569222158
S1-497359775	S2-271816824,S2-674560794,S3-222505021,S3-410848900
S1-603549278	S2-803400670,S3-691382730
S1-279629664	S2-496083206,S3-121303580,S3-88326315,S3-867338584
S1-387806732	S2-923981077,S2-410807268,S2-344236599,S2-826704345,S3-706627885
S1-660008729	S2-140812084,S2-340180575,S3-819750674
S1-282330093	S2-604028394,S3-268324872
S1-67250617	S2-942622971,S2-978128025,S2-890201030,S3-283238900,S3-500633205,S3-496397393
S1-257306745	S2-929367393,S2-263996279,S2-665170588,S3-212552696,S3-59316597,S3-473508551,S3-135598612,S3-23046562
S1-288533640	S2-598654114,S3-967270218
S1-182360717	S2-698141345,S3-967960065
S1-63543840	S2-774772897,S2-372586732,S3-313400208,S3-306835597
S1-728720514	S2-85827468,S2-999514221,S2-880617127,S3-706024
S1-606265557	S2-885992413,S3-962041145
S1-137067904	
S1-623116099	S2-694719476,S2-611904406,S2-583541997,S3-247637460,S3-558048655
S1-780458042	S2-348354116,S2-172975357,S2-166186021,S3-84223316
S1-19114474	
S1-577379513	S2-170816777,S2-770813822,S2-812231330,S2-407193338,S3-850767723
S1-986547320	S2-390734836,S2-90526503,S3-232788947,S3-945394032
S1-616439098	S2-391095315,S2-25243831,S2-974145089,S3-552449979
S1-711866097	S2-226772438,S2-999860041,S3-879420845,S3-116710276
S1-823305278	S2-409459176
S1-172578885	S2-702557956,S2-472147295,S3-33846841
S1-395943531	
S1-714713088	
S1-248462310	S3-268295006,S3-730821626,S3-909424672
S1-693329974	
S1-752801924	S3-560250251,S3-92350656
S1-776113100	S2-5289611,S3-653892892,S3-433206687
S1-546583416	S2-717168333,S2-658060399,S3-184658592
S1-75394826	S2-202330406,S3-690486137,S3-796211513,S3-761710425
S1-976654351	S2-360363732,S3-433030672,S3-195293326
S1-807698948	S2-942712151,S3-887792580,S3-998072802
S1-374217449	S2-544278888,S3-813986799,S3-180609972
S1-555596706	S2-73486569,S2-244173103,S2-490546515,S3-833953481,S3-547859543,S3-43907804
S1-80005942	S2-937101740,S3-250649776,S3-927934374
S1-821803991	S2-936033888,S3-78428615,S3-324822811
S1-966371795	S2-253349838,S3-928992998
S1-121901664	S2-374603281,S2-430731646,S3-748713224
S1-282802699	S2-568929573,S2-150038257,S3-132716171,S3-725525324,S3-536592154
S1-664544223	
S1-695939553	S2-469449898,S3-18169464,S3-576149788
S1-847267430	S2-610248934,S3-954061391,S3-722958925,S3-873515905
S1-477669193	S2-528915137,S2-153705531,S2-755288580,S3-875054907,S3-729323573,S3-222061196
S1-274700576	S2-96339034,S3-879039512
S1-377057749	S2-531631696,S3-129438324
S1-494157722	S2-234264790,S2-942943990,S3-386017323
S1-968930338	S2-892081621
S1-250563077	S2-127328184,S2-240658357,S2-861698682,S3-83939580,S3-914785817
S1-669008400	S2-357490675,S2-175763916
S1-204635996	S2-427579847,S2-547433811,S2-844899860,S3-385645371,S3-294155784
S1-149703441	S2-69483420,S2-428044876,S2-107549599,S2-668396571,S3-539998977,S3-885290051
S1-119793544	S2-560296140,S3-321289479,S3-521381701,S3-297365357
S1-358393673	S2-510160288,S2-156578107,S3-175991909,S3-320565803,S3-749196660
S1-583078947	S3-927045117,S3-925084177
S1-978877803	S2-680956202,S3-78867166,S3-724798336
S1-725074155	S2-746833916,S3-859423178
S1-152418444	S2-746788424,S3-989014865,S3-279305025
S1-660482376	S3-472728126,S3-196878473,S3-54655278,S3-460251344
S1-853223590	S2-233235904,S3-316790059
S1-994009747	S2-252838248,S3-444053147,S3-189823786,S3-408031755
S1-642565650	S3-990341732,S3-236087060
S1-502797821	S2-829606546,S3-126602783,S3-199509707,S3-559862733
S1-839309172	S2-685144905,S2-248600188,S3-964755599,S3-382859128
S1-558827602	S2-578534940,S2-126310440,S3-172486337
S1-771567952	S2-238987969,S2-318133756,S3-719941310,S3-14858948
S1-796525094	S2-46705806,S3-822895237
S1-709475599	
S1-784613983	S2-395040982,S3-186889952
S1-929084824	S2-487272801,S2-445255368,S2-893056288,S3-863393621
S1-15261754	S2-612441316,S2-8628544,S3-80303249
S1-892179230	S2-612632422,S2-534258609,S2-723347124,S2-312217245,S3-917992751,S3-4862155
S1-838666035	S2-756575670,S2-504344120,S2-742488427,S3-931245650
S1-588177450	S2-56534097,S2-520437885,S2-177341969,S2-839243729,S3-926416688
S1-997063914	S2-248002874,S2-100237751,S3-541319653,S3-727506773
S1-694022933	S2-902281418,S3-164024887,S3-118500810,S3-772093218,S3-670426602
S1-740618432	S2-757101057,S2-458259196,S2-913018961,S3-463848133
S1-842409192	S2-806492831,S2-145854575,S2-259528021,S3-766532173,S3-79530698
S1-926621141	S2-902423493,S3-44309719,S3-508958142
S1-55410699	S2-432324187,S3-950687329,S3-186316855
S1-155804248	S2-969885774,S3-649074141,S3-34710049,S3-91958429
S1-890399986	S2-320994414,S2-951767396,S3-505646536
S1-649167855	S2-420546685,S3-954569842
S1-363936522	S2-566470280,S3-699434136,S3-790194287,S3-955181141
S1-103031985	S2-499967692,S3-626164561,S3-215810610,S3-402501974
S1-708298894	S2-684635970,S2-907685021,S3-581955658,S3-423749246
S1-600073721	S3-940343400
S1-936189467	S2-919319056,S2-422714979,S2-867936151,S3-40184899,S3-494517882,S3-144836043
S1-939096265	
S1-169815699	S2-715271355,S2-428918456,S3-527639514,S3-36410356,S3-726276953
S1-542519653	S2-437974728,S2-259008717,S3-156246676,S3-650836837
S1-509224545	S2-246921582,S2-861349177,S3-930992828,S3-615087242
S1-127400460	
S1-906847129	S2-634728552,S3-255968237,S3-425730429,S3-962046559
S1-832838524	S2-562300455,S3-85622549
S1-348961677	S2-277878250,S2-401826434,S3-1943577
S1-49789374	S2-321654227,S2-34304671,S3-727789030,S3-74431228,S3-425701087
S1-829127364	S2-167467270,S2-181062047,S2-715881347,S3-480250446
S1-968178684	S2-100727312,S2-864360654,S2-926477544,S2-348779227,S3-351198309
S1-15675354	S2-580332958,S2-492687530,S3-252848806,S3-138755213,S3-170966109,S3-26361410
S1-802185839	S2-206244855,S2-712409128,S3-523514532,S3-787177009
S1-439736737	S2-533338958,S2-590561689,S3-61875068,S3-165629265,S3-595474648,S3-783772777
S1-882965519	S2-462825714,S3-494008887,S3-627279335,S3-631614179
S1-873219837	S2-449513230
S1-691954143	S2-31306603,S2-3233499,S3-80384921,S3-772934438
S1-254049862	S2-742101196,S3-380520915,S3-124218607
S1-379505696	S2-919319696,S2-105802288,S2-995831932,S3-173458221
S1-216581202	S2-607700066,S3-896800257,S3-52986669
S1-749320252	S2-682995346,S2-259039535,S3-39082769
S1-747812748	S2-662834783,S3-977188280,S3-797410744,S3-113330383
S1-56019821	S2-768436092,S2-851829533,S2-46350069,S3-50494341,S3-124566113
S1-895187789	S2-443130630,S2-520204155,S2-29967515,S3-570987527,S3-904496542
S1-751588794	S2-910540859,S3-918192685,S3-75785748,S3-401085507
S1-594544939	
S1-595287761	S2-929595936,S3-368701229
S1-180574855	S2-392490370,S3-564955324,S3-443233846,S3-681175281
S1-104263752	S2-609518117,S2-636103512,S3-948526569,S3-851884137
S1-91394741	S2-104333178,S3-350781731,S3-229096579
S1-335426577	S2-187386994,S2-503839427,S3-730478165
S1-959018081	S2-166827720,S2-430114255,S2-673537305,S3-634933879
S1-491340026	S2-594313283,S2-287004716,S2-365096291,S3-91111535,S3-899988192,S3-986839581
S1-414389688	S2-302509796,S2-258470507,S3-503241736
S1-682978878	S2-359978501,S2-118488841,S2-152233770,S2-491112911,S3-556293473,S3-458027540,S3-80400355,S3-873586195
S1-790934041	
S1-56878097	S2-140447291,S3-701877111
S1-731088610	S2-871380985,S2-2955166,S3-475813023
S1-629264584	S2-361455812,S3-144379689,S3-772210503,S3-515254767,S3-502229255
S1-537811245	S2-840263773,S3-534344818,S3-719875937,S3-207750321,S3-651734479
S1-322485706	S2-312700786,S3-296316279
S1-614999493	S2-776438553,S2-435043298,S3-959382219,S3-908676087,S3-720005034,S3-756315360
S1-619594347	S3-638858978
S1-78428367	S2-701511982,S3-177774456,S3-108118853,S3-16192184
S1-209630295	
S1-877409343	S2-20084335,S2-238128941,S2-341255733,S3-734421655,S3-662348806
S1-869357195	S2-458080097,S2-578881299,S2-712690198,S3-78334190
S1-337802862	
S1-5336216	S2-847753631,S2-403730872,S2-291498436,S2-597774877,S2-914580255
S1-268471273	S2-503997867,S2-718945216,S2-503674816,S3-358261607
S1-166875710	S2-500903686,S2-835909970
S1-92128832	S2-416833426,S2-720183482,S3-678602586
S1-705283406	S2-113600327,S2-355288176,S2-87725337,S3-766631493,S3-382188067,S3-428896265
S1-575126149	S2-15667979,S2-100948221,S3-927663220
S1-749903818	S2-989460784,S3-924902188,S3-143865221,S3-753386239
S1-305100136	S2-667648705,S3-547530165,S3-388845943,S3-401597817
S1-469536159	S2-522019257,S2-556419808,S3-429365305,S3-591312434,S3-630654702
S1-573801610	S2-293126581,S2-181445729,S2-101625758,S3-398463765,S3-702891898
S1-292337450	S2-744655255,S2-738283291,S2-170274013,S3-584030668,S3-318158771
S1-261740228	S3-637809971,S3-247009037
S1-759693533	S2-326410933,S2-687028695,S2-36194826,S2-928535023,S3-327191929
S1-230064411	
S1-704430359	
S1-241934294	
S1-440806245	S2-405728335,S2-361542020,S3-960607206,S3-305589047
S1-986724783	S2-771866738,S2-623325194,S2-194538920,S3-821523714,S3-429963659,S3-834619864
S1-91994416	S2-910994693,S3-193519521,S3-921515002
S1-164041182	S3-414281041,S3-949284690,S3-621463863
S1-508024666	S2-755740892,S2-404675425,S3-580423957,S3-809535729
S1-152930765	S2-299371785,S2-178597689,S2-169788341,S2-720259160,S3-65368457,S3-513111122,S3-926788720,S3-679701796
S1-310984803	S2-495353172,S2-398925212,S3-699457205
S1-876370239	S2-345642922,S2-428087765,S3-608195839,S3-182698702,S3-119298502,S3-792336744
S1-871965778	S2-867203125,S3-696548359,S3-487196475
S1-506941407	S2-660025417,S3-119339932,S3-560429458,S3-562853973,S3-983489412,S3-134020075
S1-751559190	S2-413912749,S2-630836895,S3-721872095,S3-372704365,S3-857326844,S3-146745727
S1-874621205	S2-403180557,S2-532709405,S3-478508199,S3-896324014,S3-664448809
S1-141936141	S2-695162668,S2-839296657,S3-654113539
S1-204290787	S2-957105181,S3-648501147
S1-863192028	S3-765564531,S3-902466641
S1-731262541	S2-343177080,S2-112375276,S2-301989570,S2-789450476,S3-694944919,S3-90392214,S3-634345335,S3-521774904,S3-565277458
S1-815949700	S2-640508257,S2-226976830,S3-595906393,S3-117124566
S1-308204858	S2-473584884,S2-356678384,S3-710715348,S3-175651548
S1-918344268	S3-106725800,S3-389745416,S3-241004464
S1-27477673	S2-776725304,S2-808698327,S2-964169290,S3-789140891,S3-604071728,S3-418280384
S1-982781363	S2-56207244,S2-137280004,S2-912219752,S3-422695630,S3-708522388,S3-400877242
S1-17408547	S2-938198489,S3-88169111,S3-918173667,S3-161238269
S1-909839683	
S1-476467744	S3-224134800,S3-686072021
S1-225784942	S2-65717219,S3-784102244
S1-263087298	S2-471547679,S3-391572699,S3-919286264,S3-724910329,S3-923970807
S1-307190675	S2-726235941,S2-975231961
S1-600453286	S3-730513031
S1-945620539	S2-498782626,S3-459298252,S3-782444050
S1-873356589	S2-919741747,S3-982601810,S3-865656459,S3-65490684
S1-876447408	S2-989978428,S3-816774431
S1-544988672	S2-304937171,S3-269838462,S3-600622287,S3-628493518
S1-64413193	S2-830675063,S2-140033326,S3-782692764,S3-669408348,S3-855549899
S1-88269620	S2-56714323,S2-468795103,S2-631027660,S3-559428831,S3-993425694
S1-638469708	S2-549028692,S3-604087304
S1-821789688	S3-341516625
S1-750187074	
S1-905846293	S2-329917646,S2-804737939,S2-429460813,S2-554602064,S3-660922962,S3-75820762,S3-142745677,S3-441947900
S1-957972388	S2-189728311,S3-686801515,S3-240586712
S1-97785647	S2-798697777,S2-312204982,S2-392350631,S3-766238939,S3-387729987,S3-504235548
S1-10648638	S2-888443405,S3-663576869,S3-677645651,S3-478476293
S1-161145673	S2-508617298,S3-803937064,S3-59616252,S3-741037210
S1-562795281	S2-173666717,S2-894142047,S2-479144061,S3-259669975
S1-743821602	S2-728537451,S3-683793888,S3-809846394,S3-167461316
S1-27529274	S2-655212724,S2-242741423,S2-28085399,S3-967782054,S3-801422799
S1-494435728	S2-662625183,S3-690753435
S1-99813660	S2-709589769,S3-804636222,S3-865943215,S3-662594547
S1-549294414	S2-717186367,S2-277497978,S2-856893850,S3-875420126
S1-811058019	S2-660668119,S3-241061331,S3-662413269,S3-634488229,S3-791719831
S1-146435371	S3-913310900,S3-898088570
S1-513141373	S2-664141092,S3-574589314,S3-488840825
S1-314373739	S2-45348989,S2-454481895,S3-699267794,S3-567933727,S3-518619188
S1-197255463	S2-967817568,S3-331576889,S3-815061139,S3-554163052
S1-5079735	S2-423171363,S3-573778859
S1-218740907	S2-90767582,S2-139847134,S2-170220364,S3-763661454,S3-807776892,S3-549446300,S3-906469370,S3-14169039
S1-380255368	S2-612770630,S2-354189542,S2-716902998,S2-179287063,S3-491511800,S3-656222181,S3-436759371
S1-30026974	S2-721458345,S2-52609661,S2-547750079,S2-602931918
S1-454408616	S2-524483098,S2-187335362,S3-797293356,S3-802419992,S3-492453059,S3-619915102
S1-126518932	S2-181037747,S3-329987896
S1-729357811	S2-62059755,S3-630312117,S3-915137541,S3-841584396,S3-728591434,S3-909035708
S1-11476127	S2-193568468,S2-110454848,S3-943038321
S1-673630773	S2-123445234,S3-492919319,S3-703779940
S1-393498622	
S1-222326768	S2-559624268,S3-311777476,S3-435945602,S3-824810200,S3-485006243
S1-585486151	S3-577303626,S3-52220592,S3-462148551
S1-113062359	S2-938933443,S3-92092467
S1-826067508	S2-308722875,S3-146615332,S3-99490717,S3-695556555,S3-891784772
S1-918089157	S2-410980377,S3-746620523,S3-18251274,S3-845248099
S1-86125554	S2-467058610,S3-33744678,S3-224478529
S1-539165290	
S1-142538193	S3-590818825,S3-397881344
S1-370654279	S2-403979926,S3-851340279
S1-798288765	S2-55480891,S2-74898049,S3-781588630,S3-154384536
S1-55732574	S2-628565739,S2-461880210,S3-949083561,S3-723561211,S3-233887399
S1-918251044	S2-10366289,S2-673169,S3-34542701,S3-8001575,S3-407162707
S1-987233021	S2-84175885,S2-307108794,S3-850781334
S1-242302469	S2-145458527,S3-182361091,S3-929452949,S3-947812264
S1-59740019	S2-339287471,S2-21334316,S2-302417960,S3-938838676
S1-110720948	S3-933546560,S3-649492023,S3-291125900
S1-79160585	S2-563947776,S2-108045464,S2-671842089,S2-827339754,S3-609854125
S1-408220064	S2-134338371,S2-4072697,S2-523658851,S2-790203030,S3-265350086
S1-777030394	
S1-292938837	S2-300508166,S2-432970691,S2-99585242,S3-918199707,S3-636345502
S1-463282691	S2-850943125,S2-930899588,S3-477285784,S3-937925669,S3-818446271,S3-328457273
S1-627462232	S3-523130246
S1-312219288	S2-266725301,S3-303794001,S3-98128433,S3-893286768
S1-288862337	S2-279653076,S2-28473896,S3-75193092,S3-837572020,S3-913319929
S1-731372516	S2-590724898,S2-746016678,S2-883494475,S2-314135938,S2-837287216,S3-764988132
S1-87881807	S2-521291415,S2-343466330,S2-638566973,S3-613522962,S3-628730935
S1-340746632	S2-486899112,S3-291888045,S3-833500555
S1-134817367	S3-818717544
S1-507486042	S2-475602686,S2-113650281,S3-500506997
S1-918432700	S2-920025571,S3-19379512
S1-508341627	S2-443399074,S2-646419597,S3-134321439,S3-517764087
S1-303180359	
S1-470180942	S2-786501209,S2-349066030,S3-278224507,S3-664030310,S3-236659882,S3-922999338
S1-824363934	S2-662083579,S2-340265153,S3-629947813,S3-699802532
S1-420868559	S2-650260327,S2-154666303,S2-272248370,S2-847148767,S3-450276119,S3-39369695,S3-95206066
S1-462572037	S2-818224488,S2-164925134,S3-574191668,S3-377463235
S1-910098284	S2-97702689,S3-891471228,S3-467770616
S1-620650603	S2-335894186,S2-821620830,S3-823945375,S3-12832804,S3-772163911,S3-959818724
S1-879046650	S2-920055341,S3-512789672,S3-207328686
S1-568723991	S2-298577419,S3-129478634,S3-456011118,S3-482388096
S1-573733770	S2-698232587,S3-405534816,S3-405117543,S3-874544540
S1-315675622	S2-191381794,S3-10819346,S3-96222358,S3-934690195
S1-816166752	S2-95596995,S2-581558773,S3-909093747,S3-70365364,S3-4899091,S3-210950974
S1-514445499	S2-218315130,S3-211226352,S3-860763950
S1-956040195	S2-866468792
S1-276972670	
S1-220126545	S2-393894717,S3-298339867,S3-827372313
S1-660506847	
S1-310915398	S3-111342584,S3-493336401,S3-812633855
S1-927694727	S2-60488885,S3-631913488,S3-953024035
S1-261288176	S2-767101217,S3-367332127,S3-66661911
S1-283808530	S2-735581701,S2-669541797,S3-876600701,S3-496310417
S1-347821122	S3-720630606,S3-619869189,S3-844768461
S1-705376759	S2-749952913,S2-412929581,S3-821626995,S3-575968451
S1-202287853	S2-723906433,S3-550855902,S3-461194824
S1-584408594	S2-291058557,S2-141534817,S3-644025329,S3-501118198,S3-147108552
S1-234163619	S2-495815850,S2-76831605,S2-366496760,S3-500416692
S1-972012842	S2-841409663,S2-385988835,S2-697133791,S2-476520139,S3-994089493,S3-250236695
S1-235947557	S2-165813552,S3-788011381,S3-147831991
S1-207327245	S2-658257458,S2-23576354,S2-550579154,S3-727761942
S1-734607053	S2-655631485,S2-523378584,S2-257265413,S3-587905881,S3-814388084
S1-417616575	S2-345663617,S3-12817245
S1-169017560	S2-338982472
S1-810862095	S3-631963997,S3-511912942
S1-906521997	S2-366232699,S3-455555821
S1-982244707	S2-358793079,S3-444765511
S1-208561702	S2-824746114,S2-764211938,S2-459209927,S2-436941306
S1-780957323	S2-819253689,S3-393480779,S3-868983631,S3-58829397,S3-806596385
S1-218060830	S2-967014714,S2-819861219,S2-798547575,S3-740484209
S1-387813365	S3-301434378,S3-519257700
S1-763183671	
S1-236108784	S2-317824305,S3-604896425,S3-332330986,S3-550066520,S3-557419150
S1-62952813	
S1-357389099	S3-562899575,S3-52024434
S1-335465133	S2-1547496,S3-923918300,S3-14044725
S1-186401403	S2-821970968,S3-231388689,S3-385432682,S3-413757613
S1-48262689	S2-77041000,S2-25801706,S3-855741208
S1-331288567	S2-217765049,S3-640529959
S1-494810801	S2-425634274,S2-715749914,S3-445202997,S3-290567009
S1-338846269	S2-110532402,S2-619272142,S2-402319926,S3-408468086,S3-340725383,S3-212870480
S1-605026145	S2-858464533,S2-765185233,S3-759332713
S1-707127341	S2-306728825,S2-244321748,S3-636414681,S3-110887066,S3-52863283
S1-684253930	S2-937128480,S2-245475110,S2-425808218,S3-158231081
S1-991644937	S3-750329011
S1-803302732	S2-159559060,S3-616773481,S3-702900377,S3-768766699
S1-795229530	S2-457703883,S2-595147782,S3-471659885
S1-503108780	S3-448753913
S1-542548565	S3-241945419,S3-266876788,S3-84537795,S3-894663015,S3-709553015,S3-641578091
S1-896837873	S2-913427689,S2-39169097,S3-223627036
S1-396907045	
S1-566861278	S2-261453545,S2-828453526,S2-995585462
S1-31978369	S2-207202177,S2-909194837,S3-97018284,S3-441780339
S1-993218920	S2-261170855,S3-393812458,S3-51573464,S3-284981127
S1-358626219	S2-315465616,S3-593753280
S1-714673313	S2-409428496,S2-405860079,S3-213423023,S3-293464594
S1-191121584	S2-956757646,S2-272952299,S3-951126303
S1-367241548	S2-699114724,S2-368128525,S3-355629469,S3-189336083
S1-178794029	S2-293878702,S2-272238557,S2-19475561,S3-706991443
S1-402255903	S2-689264195,S2-469874282,S3-96094187
S1-14710992	S2-75309952,S2-563913578,S3-416775771,S3-837352811,S3-911104271
S1-646397206	S3-994047889,S3-977287015,S3-925963237
S1-117787477	S2-155911427,S2-521299675,S3-614005310,S3-623314413
S1-829720569	S2-747765140,S2-834864680,S2-449333420,S3-438857669
S1-177288182	S2-292702637,S2-903209106,S3-145596499,S3-121101275
S1-841730525	S2-217373586,S3-522465525
S1-707257119	S2-109073346,S2-886283122,S2-66000287,S3-663003633,S3-983410869
S1-115043831	S2-197475912,S2-817851790,S2-58155573,S3-886708055
S1-881044888	S2-731313495,S2-758323230,S2-703585049,S3-185525051,S3-928377920
S1-771126794	S2-222903551,S3-870118860,S3-231133700
S1-938735914	S2-89882306
S1-590202683	S2-509873075,S2-873493635,S3-519502126
S1-652587308	S2-886318245,S3-165120543
S1-104007989	S2-152487998,S2-970089787,S3-179587534
S1-422507869	S2-629698312,S3-987694108,S3-775096394
S1-472914717	S2-33933686,S2-134579087,S2-783510005,S2-622620162,S3-681764158,S3-865340455
S1-486243382	S2-606424349,S3-660732023,S3-627094113,S3-321202779
S1-256159675	
S1-351851089	S2-340486045,S3-354902515,S3-781240139
S1-62550447	
S1-970332600	S2-477653855,S2-862600646,S2-320517732,S3-828576899
S1-331617267	S2-805143436,S3-817932179,S3-719772681
S1-485661142	S2-214576155,S3-63119878,S3-946030609
S1-438532547	S2-639138862,S2-311736211,S3-929529926,S3-713344758,S3-716875688
S1-871866784	S2-310358388,S2-349130989,S2-722529968,S3-236974260
S1-257961511	S2-425818938,S3-685451938,S3-634140878,S3-172885796
S1-232239445	S3-538130053
S1-684547545	S2-690947381,S2-761681325,S2-230605999,S3-205725869,S3-191815468,S3-924733342
S1-19476083	S2-840371277,S2-818391269,S2-40105418
S1-122141426	S2-522005026,S2-781154674,S2-925864796,S3-322722393,S3-1334558
S1-539996146	S2-541257725,S3-30691458,S3-402544291
S1-978316114	
S1-988378988	S2-853607112,S2-76190885,S3-806993682
S1-901632020	S2-985918235,S2-456022432
S1-573941543	S2-600156122,S3-607020659
S1-198260573	S2-133475844,S2-295676667,S2-303264609,S3-334706036
S1-659223475	S3-230125625,S3-450748627,S3-872315728
S1-540004143	S2-597546867,S2-821709865,S2-812819712,S2-965914687,S3-815445977
S1-934001277	S2-578633580,S2-337692261,S2-367949364,S2-557365447,S3-523319376
S1-672507212	
S1-271673659	S2-777570585,S3-250504450
S1-588830640	S2-38335957,S2-140045230,S3-976288095,S3-355492336,S3-808911587
S1-700020475	S2-253817751,S2-583994851,S3-879880500,S3-224445121
S1-158239944	S2-478964541
S1-552424748	S3-202414397,S3-150309450,S3-568790096,S3-241402100
S1-142676161	S2-155849164,S3-932579538
S1-859911889	S2-436998615,S2-329026778,S2-507381424,S3-73234178,S3-396423569
S1-638536461	S2-257455309,S2-772395178,S2-748016204,S3-545913683,S3-710570471,S3-303260448
S1-531849937	S2-147187490,S2-464746873,S3-453460810
S1-540471876	S2-63273638,S2-828676578,S3-650698223
S1-438483737	S2-759886842,S2-357068868,S3-322860547,S3-470189599
S1-818864451	S2-478959894,S2-945489712,S2-715918976,S3-567029995,S3-821948811
S1-688784947	S2-882419578,S3-984008133,S3-127826432,S3-536884664
S1-323486830	S2-529554523,S2-872900434,S3-731522103,S3-555880155,S3-122985046
S1-884848176	S2-683860587,S2-817979777,S2-502570273,S3-61543381,S3-467013250
S1-56861689	S3-129806228,S3-242276088,S3-327169981,S3-901300189
S1-67349184	S3-839238091,S3-259053094,S3-576606929
S1-960466253	S3-647428505,S3-201311745
S1-987531998	S2-976821812,S2-814147226,S3-406204993,S3-671803163
S1-337195785	S2-343289919,S2-817973596,S3-560617490
S1-851852046	S2-537823068,S2-283211597,S2-860693826,S2-930335448,S3-107166010
S1-815456056	S2-596374779,S2-165051192,S3-160750529,S3-588237078,S3-338008027,S3-585509053
S1-241523867	S2-578657529,S2-342666297,S3-325257535
S1-288015975	S2-830230418,S2-233368195,S3-510250092
S1-719090205	S2-654310964,S3-630360247
S1-579460379	S2-662857165,S2-321571682,S2-16888252,S3-866473631,S3-990880789,S3-87999390
S1-276594874	S2-989203484,S2-137522787,S3-26776448
S1-332129220	S2-217651683,S3-631240890
S1-974708629	
S1-742695795	S2-47356983,S2-93001662,S2-348271612,S3-879975026,S3-556105151,S3-464753234
S1-850640236	S2-838203406,S3-842774103
S1-849917919	S2-236223476,S2-818377408,S2-964960569,S3-959758838,S3-426084557
S1-366276539	
S1-967553623	S2-277583722,S2-541534825,S3-718351129,S3-467935845
S1-264685689	S2-398985699,S2-157757027,S3-163258775
S1-579839049	S2-555473733,S2-666719272,S2-270676419,S3-101627988,S3-628962712
S1-195584218	S2-698902800,S2-530928745,S3-737411729
S1-878774130	S2-254924772,S2-277954110,S2-28227943,S3-269502841
S1-719587915	S2-351146457,S2-288838164,S3-673178191,S3-417770074,S3-301110461
S1-161817398	S2-479781802,S3-652028771,S3-452454228,S3-493286765
S1-479962821	S2-62271572
S1-295915586	S2-568554689,S2-765940364,S2-817335168,S3-203366490
S1-611378303	S2-131520371,S2-595717600,S2-538124594,S3-533023392,S3-994970184,S3-619211378
S1-201785889	S2-906709369,S3-769467344,S3-862994704
S1-41968619	S2-261251143,S2-412508523,S3-139603340
S1-518699388	S2-835179173,S3-596078306
S1-696644904	S2-710255768,S2-842071466,S2-974951556,S2-528519606,S3-397666699,S3-752701032,S3-331757620
S1-437876966	S2-22834444,S2-966392606,S2-693683293,S3-181569672,S3-530872315
S1-514986457	S2-892535064,S3-430784844
S1-45344861	S3-222706294
S1-995396470	S2-125300508,S3-948672808,S3-107766473
S1-99870119	S3-863201528
S1-378649710	S2-231979928,S2-487260242
S1-159943489	
S1-206227797	S2-899354595,S3-774917268,S3-923046527
S1-870509857	S2-285194038,S2-95329086,S3-875978259
S1-45973841	S2-402482694,S2-949857393,S2-679030384,S3-747766668,S3-706212838,S3-705119463
S1-517391128	S2-415949928,S3-488330287,S3-896698700,S3-975228947
S1-910146425	S2-368223613,S2-774068358,S3-998942960
S1-556473457	S2-946500839,S3-383248019,S3-861435818
S1-63004400	S2-831917573,S3-356038688
S1-15920694	S2-787255351,S3-989468151,S3-781204447,S3-575809975,S3-633766320,S3-467230688
S1-648110229	S2-378086134,S3-9227882,S3-374756868
S1-774620207	S3-968242445
S1-517761134	S2-232050607
S1-528508530	S2-100548911,S2-152276882,S2-953500996,S3-830609961
S1-307153323	S2-229340139,S2-611968145,S3-804581247
S1-188096963	S2-485761867,S3-138060125
S1-95388584	S2-236391093,S3-62468750
S1-336834816	S2-43008716,S2-293722065,S2-835131119,S3-101333339
S1-384096843	S2-80311711,S2-603888383,S3-781784090,S3-219617206
S1-712620002	S2-570083157,S3-984007479
S1-876360743	S2-207877297,S3-410565634,S3-335712435
S1-424625272	S2-197887865,S2-935864810,S3-97282145,S3-787743042
S1-835080860	S2-67715654,S2-779524011,S2-461332014,S3-195550995,S3-365853128,S3-212318857
S1-408389591	S2-461172892,S2-445639649,S3-787153794,S3-530676919,S3-255736450
S1-812809139	S3-170412524,S3-282027326
S1-680646890	S2-826010587,S2-784096326,S2-971698079,S3-829717074,S3-124791978
S1-834697446	S2-913211862,S3-833272899,S3-347549046,S3-969547587
S1-60831224	S2-777259283,S3-536930281,S3-250430526,S3-220091694
S1-317991680	S2-650657255,S3-442124376,S3-727707434
S1-572029564	S2-778665421,S2-539667705,S3-538782382
S1-450509762	S2-259597655,S2-637496999
S1-970276990	S2-521920736,S2-753411815,S2-215082344,S2-161245638,S2-740276647,S3-465890135
S1-628727207	S2-788555828,S2-898633360,S3-487361636,S3-891421592
S1-538491205	S2-326834416,S2-272858512,S3-386945758
S1-361819086	S2-244827879,S2-76091321,S3-868294190,S3-358475898,S3-768665731
S1-525831065	
S1-685041058	S2-433519021,S2-825778338,S2-597797134,S2-885997758,S2-154621386,S3-187110387
S1-441141591	S3-969368684,S3-384278448,S3-612579521
S1-948831968	S2-63819584,S2-778806405,S2-974249114,S2-138681311,S3-599165183
S1-449659669	S2-500158748,S3-115559719
S1-608516196	S3-350406343
S1-279222824	S2-562061708,S3-781809809,S3-773929347,S3-141623277,S3-219374023
S1-542690688	S2-871787804,S3-308531450,S3-32479771,S3-298704433
S1-459514371	S2-83633740,S2-531951705,S3-396816623
S1-959640871	S2-803329131,S2-752882019,S3-26338356
S1-179399453	S2-820837376,S3-837472527,S3-786377267,S3-855838025
S1-891488734	S2-178923896,S3-237604148
S1-511278556	S2-216974426,S2-440654248,S2-963671926,S3-260823216,S3-190520616
S1-528039926	S3-341862750,S3-451581886
S1-464597038	S2-776730391
S1-968817524	S2-834705231,S2-343895142,S3-162584581,S3-946728293
S1-764049403	S2-134997573,S2-642837545,S2-716520671,S2-937916132,S2-460218240,S3-129186168,S3-414874451
S1-446971787	S2-330798632,S2-204964696,S2-610199254,S2-344574998,S3-569837601,S3-41519268
S1-712030743	S2-142228990,S3-549033456,S3-130030514
S1-788379994	S2-24101637,S2-882258719,S3-897120983,S3-440504496,S3-129376576
S1-891199062	S2-539812867,S3-976598228,S3-983668070,S3-229053673
S1-248117391	S2-188346406,S2-241979528,S3-510960197
S1-85478968	S2-589886262,S2-888664329,S3-683228659
S1-15712615	S2-232919981,S2-314957238,S2-231279613,S2-453409271,S3-680449648,S3-19787951,S3-857291103
S1-824892561	S2-145744369
S1-771035469	S2-348956107,S2-326156211
S1-839288523	S2-948892187,S3-125237407
S1-197376379	S2-347110833,S3-579393837,S3-850381259
S1-829607564	S2-585801966,S2-45532054,S3-999792729,S3-951146199,S3-566949780
S1-829074302	S2-777035892,S3-771187655,S3-133244852
S1-38553347	S3-836019452
S1-496239148	
S1-207380884	
S1-818870253	S2-904270418,S2-271479732,S2-771216182,S2-186229226,S3-396456170
S1-819741549	S2-168213453,S2-95349269,S3-458885208,S3-567034735,S3-449306241
S1-385670191	S2-46687421,S2-890023650,S2-306701625,S2-841071208,S3-509189660,S3-988078528,S3-283274043
S1-419878942	
S1-86810768	S2-201470079,S3-91530591,S3-895311887
S1-70601277	S2-556260681,S2-691298291,S3-486065008,S3-75236031
S1-953855034	S2-695258513,S2-611085151,S2-344348670,S3-449652513,S3-850126151
S1-496797226	S2-495876463,S3-376000285,S3-673774377
S1-983184905	S3-443067383
S1-484242022	S2-944403105,S3-699668416
S1-783665080	S3-782924940
S1-146114950	S3-653362327,S3-721857048,S3-153731538
S1-717780741	S2-385325704,S3-546905515,S3-138102319,S3-925822551
S1-661466710	S2-14800831,S2-8327717,S3-524273573,S3-293304698
S1-568675357	S2-526054148,S3-905668009,S3-257350320
S1-178098344	S2-792533269,S2-353019670,S3-532980466
S1-36839166	S2-340426321,S2-735713247,S3-102278162
S1-106289551	S2-49431142,S2-267117011,S3-938642700,S3-916922602
S1-968662145	S2-773313763,S2-783098188,S3-355618951,S3-811154428,S3-767035427
S1-802890250	S2-519778744
S1-469778230	S2-800833081,S3-146005139
S1-297561335	S2-597284789,S3-241619255,S3-440203569
S1-221959528	S3-843600720,S3-154883114
S1-3854535	S2-311945793,S2-964815754,S3-994587174,S3-531641584
S1-187778633	S2-677128838,S3-676943342
S1-976715655	S2-376917912,S2-837587046,S3-728902915,S3-758310133
S1-7804206	S2-464894877,S2-560889747,S3-43915668,S3-791735986,S3-796250910,S3-512800567
S1-347535612	S2-513282145,S2-981407652,S3-131739360
S1-433136051	S2-965329795,S2-134302970,S2-872075727,S3-653060830,S3-832029960,S3-875505864
S1-349330517	S2-882004600,S2-981360221,S3-739770540
S1-841621434	S2-339359883,S2-638318114,S2-757157779,S2-138330710,S3-212163087,S3-352585510,S3-661105057,S3-395722068
S1-385516920	S3-918768682
S1-58313302	S2-327513956,S2-504167076,S2-178878660,S2-226449079,S3-572576186,S3-673297948
S1-459737027	S2-781547179,S2-330899061,S3-17671919,S3-797058020
S1-81721708	S3-15447680
S1-191856447	S2-239931234,S2-892131754,S2-187013329,S3-501513607,S3-857158044,S3-631204038
S1-719366071	S2-738519076,S2-525519358,S3-856959340,S3-822747438,S3-542655471
S1-569639506	S2-428463535,S2-732095044,S3-994310932,S3-368323987
S1-23575125	S2-409913718,S3-476570731,S3-678347320
S1-357128345	S3-237850216
S1-434066447	S2-100801047,S2-243236992,S3-769155610,S3-636391227,S3-801453765
S1-425828491	S2-877528834,S2-279413526,S3-976042804,S3-677716159
S1-42090918	S2-239509433,S3-247363630,S3-383194423
S1-200711203	S2-7877701
S1-388688002	S2-873406710,S3-987413528,S3-835923130,S3-150478173
S1-607905417	S2-517240773,S2-744514708,S3-681177329,S3-386951686
S1-330220616	S2-285242385,S2-385463123,S2-624992474,S3-182774646
S1-392748473	
S1-516319529	S2-114884007,S2-213198059,S3-416274741
S1-225723107	S2-742066144,S3-835951669,S3-517017918,S3-719143417
S1-195667500	S2-802218807,S2-196938511,S3-153833883,S3-622817670
S1-508614820	S2-90983080,S2-86265265
S1-8311080	S2-983409929,S2-872009056,S3-269640891
S1-563433668	S2-5694482,S3-438887310,S3-947765813,S3-182160042,S3-226738623,S3-291360309
S1-670825322	S2-88726151,S2-558360047,S2-574146072,S2-614522523,S2-422965163,S3-320443783,S3-685625936,S3-126630974,S3-816218958
S1-668042333	S2-374865395,S2-308646513,S3-222093694,S3-977857238,S3-535811807
S1-130771046	S2-972640592,S3-757089404,S3-141023865,S3-598914928
S1-726843944	S2-432297332,S2-975755327,S3-851380682,S3-127812568,S3-459257316
S1-668935099	S2-970305222,S3-967960928
S1-936309242	S2-201338205,S3-56940008
S1-189638663	S2-337529602,S3-946169871,S3-103607520,S3-939448493
S1-456766579	S2-508667701,S2-683017472,S3-403162613,S3-724250452
S1-337631047	S3-145577804
S1-18411939	S2-571347423,S2-255542660,S3-960124057
S1-966747852	S2-153194555,S3-541318889,S3-530134838
S1-188980998	S2-872353382,S2-116890047,S2-180540201,S3-861171801
S1-514130465	S2-230272261,S2-549701211,S3-815025179,S3-197511715
S1-537898062	S2-537043566,S3-810555521,S3-678395750,S3-157799449
S1-283333479	S2-351448879,S3-125079740
S1-387720964	S2-230574661,S3-233441692
S1-699354855	S2-940806263,S3-989973350,S3-386890058
S1-461983166	S2-274998995,S2-474288634,S3-482986000,S3-348955291,S3-297205686
S1-795317574	S2-464729421,S3-354236063
S1-956819720	S3-709740104,S3-194517793,S3-549893439,S3-440569524
S1-734966740	
S1-396585125	S2-674702998,S2-714500384,S3-716746110
S1-440797092	S2-189506889,S3-310889281
S1-254100335	S3-403469204,S3-277552527
S1-434398887	
S1-386915935	S2-118064638
S1-553676883	S2-854852703,S2-993630847,S3-401902055,S3-124084637
S1-27299204	S2-495634769,S2-430126082,S3-84652948,S3-500807123,S3-323787449
S1-237369739	S2-237849517,S2-559609866,S3-492866559,S3-380830490,S3-217552901
S1-306961921	S2-973113409,S2-695084545,S2-899449700,S3-934280299,S3-934113766,S3-86285240,S3-213692420
S1-414104612	S2-107237945,S3-882883783
S1-131731153	S2-827883706,S3-728813336,S3-264106556,S3-128019291,S3-810669214,S3-669579130
S1-612537937	S2-969634474,S3-739650693
S1-756389560	S2-620326634,S3-749391468
S1-22340035	S2-663257135,S3-625572771
S1-181904467	S2-626497454,S2-684615590,S3-825494399
S1-94957260	S2-429293858,S2-261557335,S2-645749100,S3-371757928,S3-373631764
S1-238333019	S2-743262429,S2-632279192,S3-675111032,S3-294647263
S1-483720973	S2-960643036,S3-951400013,S3-618784572
S1-406318490	S2-764000901,S2-906628464,S3-734782907,S3-720358471
S1-732448769	S2-711867803,S3-458909577,S3-445812733,S3-843624493,S3-341732014
S1-85161111	S3-25785308
S1-330385582	S2-793906396,S2-430763692,S3-316523005
S1-409183535	S2-572869238,S3-762611997,S3-785705769
S1-815817848	S2-324734033,S3-333196247
S1-2812112	S2-545981643,S2-536726154,S3-233480206
S1-247029418	S2-367775775,S2-519366460,S3-491582382,S3-698893261
S1-778989717	S2-314198294,S2-502171507,S3-581348936,S3-564413224
S1-308238136	S2-785064345
S1-19209695	S2-213758211,S2-195334917,S3-506622926
S1-271575824	S2-947593680,S3-559924915,S3-945417795,S3-533129291,S3-668155934,S3-293580118
S1-66635779	S2-23909559,S2-906619369,S3-881298468
S1-696938198	S2-370390656,S3-474007165,S3-804772526,S3-917218293
S1-380658451	S2-33001829,S3-104955156
S1-688034667	S2-818339500,S2-445127531,S3-497993156,S3-309832982,S3-72188354
S1-235791143	S2-640540722,S2-346790231,S3-792964428,S3-467013855,S3-584943448
S1-154990020	S2-670909586,S2-137581023,S2-170969859,S3-554152336,S3-747415111,S3-133532438
S1-930639124	S2-64757000,S2-586598079,S2-924808590,S2-129123304,S3-690541528,S3-885743330
S1-209946681	S2-862938649,S2-944462193,S3-900098296
S1-758726430	S2-692350412,S3-854502277,S3-490502828
S1-531535499	S2-378908372,S3-286112004,S3-969256531
S1-643885965	S2-509904987,S3-179116914,S3-141846123,S3-757655396
S1-271122918	S2-33350695,S2-984293226,S3-963947843,S3-422650081,S3-859372563,S3-835364094,S3-474157812
S1-104699848	S2-686181607,S3-197206469
S1-162027361	S2-93840842,S2-328528357,S3-828914183
S1-4356404	S2-235887336,S2-732239409,S3-171322357,S3-377373665
S1-897836145	S2-693009571,S2-173986609,S2-505190169,S3-480716862
S1-598675610	S2-612744648,S2-789529638,S3-811527658,S3-81703520
S1-751266919	
S1-779725843	S2-436704918,S2-465015254,S2-536577044,S3-883462141,S3-974062870,S3-40480978
S1-412020896	S2-1716813,S2-229845376,S2-899273001,S3-978675580,S3-499759202,S3-9994090,S3-692726236,S3-699478926,S3-135888780
S1-923867066	S2-21890751,S2-350997945,S2-624291947,S3-724784571
S1-504239790	S2-607624125,S3-610896825,S3-500645019
S1-595494857	S2-693298016,S3-847566944,S3-293441904
S1-62225802	S2-489155658,S2-51866246,S3-439376576,S3-805538280
S1-71838845	S2-880540487,S3-362618023,S3-396864036,S3-506930652
S1-788285323	S2-515280783,S3-15629118
S1-672525530	S2-756338967,S2-112061639,S3-83302097
S1-151643736	S2-473855826,S2-971572132,S3-9254173,S3-905580288
S1-505612588	S2-930646985,S2-922892230,S3-878182730,S3-307360209,S3-39039279
S1-766820529	S2-422439411,S2-6711193,S3-28851154,S3-818370407
S1-318620194	S2-985894216,S2-780324177,S2-941040269,S3-148092957,S3-333527670
S1-530178268	S2-547675620,S3-532604765,S3-106162041,S3-980799293,S3-869407371
S1-419278410	
S1-734717747	S2-760150230,S2-673667260,S3-481579064,S3-204524802
S1-408145725	S2-305553161,S2-300445825,S3-40856843,S3-740096935
S1-618348262	S2-679221642,S2-853047176,S2-264327840
S1-660287026	S2-936186952,S2-95798595,S2-721305206,S2-975655808,S3-748721117
S1-110209273	S3-472815133,S3-551011043,S3-251850066,S3-893485681
S1-143804242	S2-470766267,S3-404012155,S3-352588919,S3-822684428,S3-633902200
S1-196973132	S2-179149269,S2-685828570,S3-930633423,S3-177648424,S3-621434621,S3-572452487
S1-569998884	S2-407902893,S3-516449651
S1-363048423	S2-423912332,S2-854440296,S3-204502235
S1-368357045	S2-865312545,S2-734275540,S3-81484975
S1-692449596	S2-7351742,S3-65644898
S1-920630906	S2-304598159
S1-188542219	
S1-527217734	S2-161848827,S2-218921842,S2-682102107,S2-90301284
S1-357407091	S3-116912440
S1-745576247	S2-639440809,S3-931200536,S3-690850323
S1-358337401	
S1-938455617	S2-558346587,S2-360211235,S2-393444549,S3-278018424,S3-581666026,S3-421065075
S1-720344120	S2-232374843,S2-182196600,S3-162878897,S3-290474044,S3-468851070
S1-308317934	S2-830391473,S3-366134642,S3-344260694,S3-396790428
S1-171562840	S2-125425804,S3-775258231
S1-698294612	S2-801925037,S2-566310647,S2-385103111,S3-915345278,S3-935660376,S3-715829427
S1-900206974	S2-99231641
S1-159164118	S2-449990284,S2-57134476,S3-852243830
S1-235870887	S2-148503333,S2-194072413,S3-439727186,S3-124078481
S1-967971536	S2-986330913,S2-280918801,S3-192257234,S3-707178922
S1-297214730	S3-965406816,S3-847550219,S3-313162397
S1-297673291	S2-933751874,S2-802170000,S3-294894387,S3-564799183
S1-276641265	S2-957493167,S3-627389487,S3-813815997,S3-418313882
S1-751820306	S2-326584279,S3-895514548,S3-169274114,S3-988626183
S1-429386879	S2-613406340,S2-1971935,S2-452795735,S3-591910423,S3-393822475,S3-348797704
S1-307391488	S2-347660626,S3-994021805
S1-345053560	S2-932015231,S3-624431707,S3-309709568
S1-843589645	S2-742923005,S3-745118624,S3-955085227,S3-743349712
S1-165585700	S2-947550731,S2-179195002,S3-995194419,S3-470481593,S3-268392593
S1-460720319	S2-459520673,S2-736610108,S3-413811368
S1-336331667	S2-107858863,S2-112286653,S3-94666983,S3-595495965,S3-150698300
S1-69580983	S3-995978039,S3-461539928
S1-139051481	S2-407025768,S2-666267306,S2-354693517,S3-749839864,S3-882488543,S3-640843984,S3-344038383
S1-77230078	S2-827814652,S2-250254238,S2-917488507,S3-224883378,S3-808552388
S1-713736045	S2-759384098,S2-799076608,S3-313590742
S1-295426647	S2-449013594,S2-801276632,S2-121866429,S3-206477897,S3-568992904,S3-502408220
S1-555982134	
S1-343414298	S2-410111753,S3-200325423,S3-22659515
S1-177501701	S2-666749841,S2-512282040,S2-431920370,S3-747639236,S3-173511962
S1-753522572	S2-720021585,S2-580036815,S3-605735051
S1-514623127	S2-536085986,S2-745553351,S2-545933117,S3-343217662
S1-407518116	S2-660917471,S2-689497779,S2-879586851
S1-658336622	S2-113637719,S2-776451160,S2-444556079,S2-534664867,S3-794876962
S1-402939909	S2-704448440,S3-613373139
S1-32072514	
S1-346202064	S2-17819303,S2-815986972,S3-156679030,S3-976603415,S3-832129439,S3-709719533
S1-4420592	S2-106918791,S3-225526633,S3-934495344,S3-357950297
S1-757604048	S2-132698456,S2-469178889,S2-869757779,S3-617259886
S1-35795996	S2-887014674,S2-397487533,S2-78383383,S2-592953001,S2-711749685,S3-217761966,S3-444514548
S1-2357731	S2-833071177,S2-711657066,S3-944236034
S1-132980650	
S1-883260132	S2-582646822,S2-402635607,S3-248715731
S1-612736407	S2-64522675,S3-541979297
S1-107234033	S2-848887571,S2-915705542,S3-761333521
S1-292202522	S2-300001984,S2-415880044,S3-191813249,S3-852376868,S3-843149606
S1-774143363	S2-770093222,S2-460096348,S2-793738500,S3-797221678
S1-636992241	
S1-237562953	S2-310837964,S3-470776636,S3-816262416,S3-831648865
S1-927875919	S2-214661555,S2-305779245,S2-666112593,S3-149954142
S1-809825848	
S1-708832795	S2-918015526,S2-713641693,S2-744992242,S2-486477298,S3-975455056,S3-590753853
S1-831995	S2-735543203,S2-386677910,S3-701960702,S3-818440695,S3-83120312
S1-253016175	S2-290161334,S2-385105627,S2-633335212,S3-942961366,S3-926595261
S1-83553954	S2-756719559,S3-673232368,S3-33640025,S3-20258313
S1-461085832	S3-10076465,S3-987643995
S1-910595641	S2-768424775
S1-933049255	
S1-941236696	S2-89598886,S3-685851857,S3-870942476
S1-968978145	S2-279235075,S3-949866010
S1-349531776	S3-893756872,S3-464708210,S3-801510534,S3-166939350,S3-231485049
S1-566066483	S2-803201852,S2-952716901,S2-46374476,S3-655919798,S3-357820612
S1-125868319	S2-113223858
S1-150522077	S2-310549005,S2-406634622,S2-325827695,S3-906916431
S1-975638192	S2-567274466,S2-651919731,S3-777512995,S3-255703420
S1-636612693	S2-174269181,S3-851703919,S3-286271638,S3-395851032
S1-510315476	S2-96279699,S2-214877782,S2-85927570,S3-684041276
S1-337115724	S3-628068752,S3-813839755
S1-462517492	S2-331083976,S2-632749981,S2-795226323,S3-642515219
S1-45179721	S2-74456348,S2-762471498,S3-882015784
S1-133975167	S2-279519943,S2-189057467,S3-555065153,S3-219207332
S1-236308344	S2-309224642,S2-234459573,S2-446315470,S3-480754891
S1-735551391	S2-37266402,S2-322260418,S2-18917799,S3-55461470,S3-179888876,S3-860436200,S3-318539876,S3-473706646
S1-94075612	S2-873335823,S2-393372798,S2-684521729,S2-881824525,S3-848930967
S1-958868436	S2-297253743,S3-835172109
S1-455311595	S2-804938050,S2-500637975,S2-25119116,S3-915319881
S1-972059919	S2-766669339,S2-244615586,S2-863145842,S3-846797826
S1-626551238	S2-59314310,S3-221285168,S3-136888954,S3-761656857
S1-843095618	S3-918617664
S1-352986862	S2-718533869,S2-955880890,S3-750024329,S3-687969265
S1-869845870	S2-614211795,S2-31780511,S2-560061900,S3-51270108,S3-910397172,S3-51538493,S3-116574315,S3-581601192
S1-133449983	S2-868849284,S3-237025486
S1-629965462	S2-109423354,S3-122542745,S3-168590357
S1-922070875	S2-979537181,S2-827583436,S2-63795453,S3-961117036,S3-720658994,S3-113623754
S1-405926107	S2-75879322,S3-997923249,S3-5689591,S3-874765374
S1-480634569	S2-886750366,S2-564969450,S2-819871710,S2-779390953,S3-552036410
S1-110915955	S2-628472267,S2-470518973,S2-687228369,S3-84206139
S1-232520783	S2-24230826,S2-135812526,S2-543764609,S3-891101014
S1-541985531	S2-114168812,S2-102897089,S3-392820918
S1-15029048	S2-426751706,S2-66877850
S1-321225684	S2-761881223,S3-923480207
S1-528127169	S2-769936949,S2-516119684,S2-71237794,S2-27862134,S3-211916352
S1-593591349	S3-9003549,S3-353629276
S1-405569107	S2-427562785,S3-437604836
S1-368206151	S2-194200198,S2-370559655,S2-882649394,S2-793632090,S3-384474672,S3-130022872,S3-900419233
S1-446286249	S2-239426243,S2-306939159,S3-791242386,S3-762559438
S1-278056609	S3-279718141
S1-132376647	S2-860807984,S2-699277394,S2-119513941,S3-987647277,S3-690550601,S3-274600770
S1-4788408	S2-718529158,S3-719096498,S3-637125895,S3-332124585
S1-594611891	
S1-609832259	S2-224035656,S3-323002853
S1-676173326	S2-1414030,S3-22947475,S3-181893992
S1-583915290	
S1-636375815	S2-711603435,S2-65993895,S3-89648547,S3-801545795,S3-996195085,S3-638999637
S1-867309590	S2-863954099,S2-493003651,S2-73212536,S2-393867396,S3-393476927,S3-894780583,S3-567871517
S1-854690724	
S1-106062719	S2-511347256,S2-415785178,S2-601137719,S3-738081999,S3-34569212
S1-210807321	S2-579523962,S2-655710001,S2-699889208,S3-147610234,S3-680111498
S1-626239642	S2-418108972,S2-564608573,S3-988933347
S1-553856847	S2-86765392,S2-292631422
S1-768641417	S3-430000192
S1-234305671	S2-188400612,S3-960646503
S1-398501067	S2-672147394,S3-626816954,S3-749593305,S3-911772361
S1-967302654	S2-572250221,S3-570018976,S3-159609363
S1-159556914	S3-706319420
S1-861509639	S2-313870967,S2-267579730,S3-200956638,S3-22201818
S1-366551677	S2-531138633,S2-856808638,S3-260573631,S3-378258384,S3-634752253,S3-706082956,S3-176399687
S1-418583352	S2-623444130,S2-316606969,S3-189627102,S3-936857703
S1-674780927	S2-459322634,S2-448774752,S3-485967766,S3-301815479,S3-783995676
S1-246893261	S2-671189860,S3-85984212,S3-303387796,S3-309191399
S1-668808145	S2-67184256,S3-844484508
S1-270319472	S2-528316119,S2-547376177,S2-506526597,S3-338663825
S1-566508673	S2-970530727,S3-451267609
S1-790999217	S2-504851669
S1-595414064	S2-900457997,S2-144728785,S2-391746418,S3-852958098
S1-387766864	S2-383289326,S3-83385337,S3-66609375
S1-906770073	S2-599411432,S2-932795846,S3-646282377,S3-139289525,S3-531362166,S3-447868333
S1-942301105	S2-330886944,S2-271413367,S3-689392805,S3-555828218
S1-651699929	S2-561416980,S2-499410362,S3-684514052,S3-654164759,S3-807860113
S1-70795721	S2-197698299,S2-134491622,S3-887599769
S1-620125758	S2-46044437,S3-891239923
S1-531829737	S2-631107067,S3-641152485,S3-49478053
S1-419028029	S2-624508710,S3-629130661,S3-314188154
S1-126491591	S2-925360633,S2-15775555
S1-974689717	S2-591628784,S3-64871661
S1-343922749	S2-494716178,S3-275903990,S3-67863079,S3-168894540,S3-133149013
S1-210638314	S2-588464287,S2-847953882,S3-116457809,S3-300511325
S1-430364613	S2-587171489,S2-561862648,S2-890690122,S2-838003227,S3-318111784,S3-927263001
S1-179347504	S2-531685319,S2-339251051,S2-827514585,S2-150511325,S3-976861801,S3-159616638
S1-933026965	S2-922022987,S2-878234856,S2-816083148,S3-411066574,S3-509513640,S3-130104220
S1-385218960	S2-680833931,S2-695307787,S3-783101254,S3-423348952
S1-491723486	S2-671783519,S3-34993762,S3-452277615
S1-545013590	S2-199429178,S2-153296756,S3-456529122
S1-793780958	S3-738563699
S1-894120768	S2-259281844,S3-567863087,S3-124227185
S1-529159228	
S1-993093131	S2-666164138
S1-308314883	S2-417159751,S2-340236716,S3-523164981,S3-977764090,S3-683754073,S3-289632750
S1-147313951	S2-865640905,S2-263315958,S2-561224159,S2-769096013,S3-432664187
S1-99703126	S3-341509804,S3-446802201,S3-871499217,S3-702229155
S1-964422967	S2-130497637,S3-246530929,S3-304459706
S1-811413201	S2-46838939,S2-742765390,S2-880125959,S2-4719120,S3-566590305,S3-640014810,S3-180094088,S3-717200719,S3-611315703
S1-229046328	S2-395084814,S3-409648565
S1-615188369	S2-115909380,S3-943647349,S3-502456902,S3-560380884
S1-89688277	S2-631739837,S2-179645709,S2-587965225,S3-375227845
S1-928007941	S2-366568306,S2-920635895,S3-986598726,S3-20569818,S3-172292059,S3-334264715,S3-159419197
S1-157191382	S2-386946192,S2-796342014,S2-399997703,S2-275282066,S3-989783109,S3-8184698
S1-660131267	S2-857446663,S3-417778585
S1-794738158	S2-258664775,S3-583014222,S3-74053701,S3-320677333
S1-380828060	S2-878173266,S2-262396495,S3-250216462,S3-695168412
S1-210699351	S2-349144322,S2-672305918,S3-718049974
S1-710709573	S2-873426312
S1-53925552	S2-744940820,S3-202773858
S1-435144671	S2-451874766,S3-629117934,S3-877370591
S1-973099033	S2-246688604,S2-69385774,S3-460049113,S3-42943502,S3-370821184,S3-370076776
S1-501527845	S2-354476964,S2-173444238,S2-415062424,S3-587822370
S1-711218427	S2-676170016,S3-569209585
S1-803236972	S2-194223635,S2-530169833,S3-674854206,S3-93522558
S1-427033694	S2-535748366,S2-884127875,S3-104763192,S3-141905613,S3-914282584
S1-416805708	S2-873603312
S1-45708466	S2-852637283,S3-967507272,S3-286255313,S3-672270425
S1-407689219	S2-378359681,S3-581867318,S3-558935586,S3-696150744
S1-458132041	S2-506004598,S2-481589652,S3-891481721,S3-565261023
S1-415409913	S2-595051658,S3-487126277,S3-842872386
S1-287761038	S2-372434529,S2-879028988,S3-369080358,S3-30795302,S3-606990559
S1-899639392	S2-667904812,S3-263892289,S3-930774124
S1-520694112	S2-534197349,S2-805820835,S2-465951688,S2-651769481,S3-128838211
S1-783480806	S2-994836076,S2-299294527,S3-758331572
S1-44879950	S2-384431196,S2-742348995,S3-816843400,S3-292637418
S1-162840639	S2-202112113,S2-822137363,S3-133995249,S3-743534507
S1-611396003	S2-324330093,S2-65687331,S3-371899385
S1-966005927	S2-965540125,S2-734316582,S2-686368090,S3-493677620,S3-985653924,S3-85784667,S3-296321633
S1-366105972	S2-302851141,S2-699181169,S3-394048405
S1-227849874	S2-901628536,S3-18765272,S3-291537334
S1-377069474	S2-202042517,S2-544041576,S2-44271555,S2-876357523,S3-420544566,S3-555027431
S1-749069509	S2-749840969,S2-854419150,S3-700506276,S3-258837431,S3-247929036,S3-533929183
S1-545716889	S2-96386490,S3-517898997
S1-976413678	S2-972926114,S3-117369695
S1-710443188	S2-259210967,S2-505357941,S3-50127018,S3-612647760,S3-536065092,S3-123518004
S1-485920823	S2-154652354,S3-416684201,S3-42063083,S3-990601599
S1-99845063	S2-515371337,S2-439865196,S3-99907238
S1-408278749	S2-873218761,S3-64137127,S3-446162380
S1-784720310	S2-752038365,S2-484524655
S1-428851105	S2-70084883,S3-480338490,S3-7653784,S3-328142261
S1-803044577	S2-503113128,S2-354553074,S3-94750889,S3-311131547,S3-231606622
S1-33893134	S2-658139538,S2-900642105,S2-960303193,S2-41201737
S1-803163238	S2-710981225,S2-976669300,S3-499920928
S1-204192695	S2-751802130,S3-733545707,S3-630698659
S1-838949766	S2-21058824,S3-570912996,S3-829890899,S3-38910634
S1-764553955	S2-54964150,S3-961531754,S3-421422226,S3-226594703
S1-688268568	S2-408403151,S3-27424458,S3-209271401
S1-419270950	S2-192886917
S1-34719657	S2-983153579,S3-133539943,S3-116190519
S1-324397500	S2-359305711,S3-7247711,S3-39495605
S1-656315190	S3-811110478,S3-811573450
S1-454820984	S2-545611362,S3-981591873
S1-20456307	S2-352846737,S2-329975759,S3-895408948
S1-472487646	S2-128314500,S2-660699943,S2-403501310,S3-267921811,S3-117732255
S1-883473964	S3-882295976
S1-238034935	S2-196204232,S2-209666964,S2-626815364,S2-207702899,S2-401714528,S3-993548571,S3-680456272,S3-70858449
S1-567249813	S2-937275307,S3-14211821,S3-614938320
S1-542159324	
S1-249507080	S2-617458574,S2-857461618,S2-660530919,S3-826953066,S3-51308202
S1-193794945	S2-873051679,S2-426941187,S3-838214361,S3-756758275,S3-634824134
S1-304961048	S3-463098426
S1-80875219	S2-731528648,S2-472666578,S2-992919855,S3-492817727,S3-984213354
S1-7989389	S2-759577903,S3-245834686
S1-968938709	S2-72356674,S3-464384508,S3-890612296
S1-844021142	S2-604551798,S2-177589878,S2-8677781,S3-387218866
S1-426134066	S2-522495192,S3-790240082,S3-334585905
S1-37115935	S2-200432646,S2-250880986,S3-43826111,S3-886646351,S3-705561538,S3-156900800
S1-217755441	S2-877930128,S2-17078971,S3-766002240
S1-584930798	
S1-162372336	S2-57445719,S2-390737717,S2-215070456
S1-364742387	S2-635730028,S2-456724048,S2-940794096,S2-861371771,S2-919695650,S3-472291966,S3-795323343,S3-754586386
S1-951019515	S2-953643969,S3-331765845,S3-715678152,S3-443149175,S3-657346036
S1-782164288	S2-514312201,S2-559900316,S3-179434154,S3-895425064
S1-864955276	S2-875595008,S3-777567863
S1-211532038	S2-683263444,S3-95810348,S3-416414917,S3-674511075
S1-430993104	S2-910315579,S3-511480769,S3-17347273
S1-121191133	S2-10943865,S2-204310029,S2-157467424,S3-454287262
S1-410251977	S2-157664824,S3-547745822,S3-410981913,S3-110291755,S3-724105689
S1-201507692	S2-678675153,S2-648772749,S3-436182974,S3-920370127
S1-825001113	S2-884540050,S2-496707644,S3-403618913,S3-310576570
S1-337427438	S2-55372413,S2-443280745,S3-576773000,S3-522818903,S3-855233716
S1-578352747	S2-67856465,S2-990029535,S3-418153132
S1-617161196	S2-412572818,S3-405113328,S3-477268659
S1-172832812	S2-80961344
S1-56794272	S3-712501415,S3-819580110
S1-513541173	S2-54008305,S3-184429549,S3-552664718,S3-98667939,S3-737766152
S1-736082758	S2-728379609,S3-93242885,S3-159122108,S3-528933149,S3-959662581
S1-940142506	S2-688913913,S2-115106018,S3-238420746
S1-602115140	S2-625352509,S2-52880659,S2-921357437,S3-348460027,S3-547919086
S1-990004064	S2-546196477,S2-235577482,S3-318556914,S3-270611958,S3-330828017,S3-305509718
S1-380668937	S2-499385407,S3-474016707
S1-116059193	S2-829035524,S3-756112440,S3-470267668
S1-286435442	S2-23651669,S3-546759155
S1-286396062	S2-555159220,S3-532273652,S3-735093235
S1-420255626	S2-436352535,S2-484680744,S2-348993691,S3-970876848,S3-675972703
S1-995685778	S2-274126035,S3-812789763,S3-853476939
S1-455080448	S2-800496947,S2-931768323,S3-77943083,S3-142710463,S3-560346885
S1-143404761	S2-770255917,S2-427907908,S2-573569441,S2-726262569,S3-971588651
S1-998275925	S2-584556411,S2-843236035,S2-483073635,S3-399796979,S3-801104569
S1-135643871	S2-9960364,S2-689684927,S3-342667614,S3-816330396,S3-813882502
S1-711961399	S2-300941507,S3-987887085,S3-158479369
S1-355811338	S2-903140364,S3-388330044,S3-575794362,S3-706121829
S1-372784273	S3-634700639
S1-589372936	S2-143626881,S2-941401538,S3-313306151
S1-51062441	S2-411805710,S2-577871957,S3-212061166
S1-384772225	S2-495135278,S3-844991473,S3-519997429
S1-64342546	
S1-580809270	S2-682823752,S2-340234697,S3-413366979,S3-212330035
S1-817257438	S2-500558930,S2-223929732,S2-468124667,S3-847458477,S3-240609428,S3-371981158
S1-702276795	S2-228518931,S2-655616434,S3-743932557,S3-646065569,S3-804206878
S1-728850900	S3-564686200,S3-611246229
S1-791581373	S2-396879622,S2-606731926,S3-324828979
S1-950712883	S2-915614807,S3-414125856,S3-630205110,S3-701206746
S1-822965374	S2-232206660,S3-336314426
S1-736971414	S2-703915304,S2-76483638,S3-14204049,S3-491794410,S3-382623586
S1-104192438	S2-852031543,S2-130836757,S3-528770686,S3-220292948,S3-279861879,S3-912583079
S1-121685497	S2-237716353,S2-555598483,S2-564444194,S3-113318481,S3-421410301,S3-893651678
S1-600366160	S2-682560833,S3-61297351
S1-711156912	S2-139294985,S2-833666415,S3-794370626
S1-583759760	S2-802949628,S2-778350949,S2-189759343,S3-270174429
S1-727372359	S2-967918559,S3-32755366
S1-593936929	S2-351814117,S3-343153675,S3-329222710,S3-534270836
S1-512476983	S2-682971632,S2-624872255,S3-424654643,S3-127042412
S1-710559351	S2-568353534,S2-839312511,S2-707037192,S2-807426749
S1-394763596	S2-803380442,S3-19257510,S3-282774820
S1-726405399	S3-590032383
S1-209409132	S2-209579378
S1-447331643	S2-237659276,S3-338483006,S3-322423208,S3-642559275
S1-94163511	S2-729165253,S3-281028471,S3-281429512
S1-30080584	S2-939806753,S2-993114670,S3-629896717,S3-930505164
S1-914832052	S2-435403411,S3-388765507,S3-342651893,S3-203202603
S1-335576235	S2-757956582,S2-735770697,S2-976123764,S3-388301737,S3-42549227
S1-98821592	
S1-652643529	S2-616692661,S2-233279532,S3-268728421,S3-9674247
S1-39230644	S2-575198337,S2-252699363,S3-162175949,S3-358637280
S1-880658488	S2-870596859,S2-362028557,S3-370003989,S3-828118743
S1-217432240	S2-71686944,S2-411582361,S2-218963796,S3-666954210,S3-128165587,S3-290391306,S3-390440726
S1-159664073	S2-913466595,S3-641045730,S3-571220283,S3-28651678,S3-685557103
S1-585663796	S2-809714257,S3-646727524,S3-612751959
S1-403253023	S2-552309701,S3-594699061,S3-22435923,S3-546308293
S1-245017573	S2-25559470,S2-374977610,S3-48954338,S3-536132423
S1-671246923	S2-252184727,S3-974872531,S3-384442235
S1-463385840	S2-457490653,S2-36978557,S2-513920396,S2-240616559,S3-606395113,S3-267482045
S1-759416732	S2-617416597,S3-798266048,S3-977494364,S3-130795728
S1-631930256	S2-914433978,S3-476103527
S1-252667245	S3-481893780
S1-43333929	S2-949134935,S2-672855897,S3-970064822
S1-14194701	S2-311687799,S3-43499127,S3-35267825,S3-103919101
S1-315058969	S2-67474684,S2-114747343
S1-170317661	S3-442216410,S3-6796314,S3-32462121
S1-350662088	S2-258664045,S3-114233375,S3-976264593,S3-349876959
S1-719963834	S2-879094803,S3-327712457,S3-936511406,S3-992391896,S3-587819228
S1-567443955	S3-471704428,S3-899937494,S3-899789980
S1-41600751	S2-796748830,S2-333397601,S3-555930104,S3-303276082
S1-99239191	S2-929343155,S2-319232047,S2-836725877,S3-295543754,S3-307409851
S1-154626116	S2-264344318,S3-460489561,S3-38060365
S1-447227548	S2-206153971,S3-587700187,S3-330812870,S3-32709734
S1-971516040	S2-464110354,S2-27621504,S2-155502712,S3-135496502,S3-266678287
S1-401784505	S2-424309947,S2-664471833,S2-557555309,S3-446466235,S3-172590172
S1-130183718	S2-569295309,S3-578833667
S1-329226668	S2-435497706,S3-169470097,S3-382446530,S3-667153638
S1-393382021	S2-553130585,S2-440300030,S3-849926786,S3-597118257,S3-731323237,S3-36483455
S1-93151435	S3-339673781,S3-717904348
S1-9874625	S2-463998689,S2-416774685,S3-91124554
S1-631907788	S2-363024892,S3-872016862,S3-12919746,S3-707119556,S3-107712899
S1-937129057	S2-954975105,S2-352178521,S2-430903358,S3-611980985,S3-142455534,S3-441401708
S1-89508021	S2-841685734
S1-535321256	
S1-187067103	S2-696569686,S3-281130733
S1-253679907	S2-245946455,S2-999561030
S1-479359384	S2-501333856,S3-325908103
S1-392187766	S3-28675338,S3-841294257,S3-598144596
S1-796506698	
S1-509820377	S2-597446216,S2-732881681,S3-816119379,S3-24010567
S1-741503823	S2-930265399,S2-642474808,S2-942171114
S1-16023057	S2-627505173,S2-915542964,S3-631023690,S3-756907410,S3-303308915
S1-360658306	S2-24573516,S3-647634227
S1-933739599	S2-850049313,S3-939473520,S3-750711525
S1-968949354	
S1-446755047	S2-654381390,S3-210523380
S1-554472652	S2-583491150,S2-243439808,S3-568561944,S3-775581996
S1-331895957	S2-141592909,S3-475456077
S1-134516442	S2-397319775,S3-765772277,S3-129721079
S1-368525913	S2-179346712,S3-581688550,S3-869873554
S1-475176740	S2-32807618,S2-498794172,S2-169956512,S3-982927211,S3-335769717
S1-829723080	S3-840884199,S3-540992175
S1-114070298	S2-205794651,S2-777683302,S2-399719688,S3-890365904,S3-841532385,S3-612459224
S1-894215451	S2-621431453,S2-207394476,S3-158181248,S3-381936678
S1-358769483	S2-924857608,S2-451285781,S3-964923812,S3-432752655
S1-276532584	S2-831191463,S3-337310121
S1-945511495	S2-7406933,S3-31272951
S1-449746527	S2-223505488,S3-957897004
S1-394249071	S2-822555283,S2-560706861,S2-921080207,S2-231148194,S2-838149214,S3-709589528,S3-257119628,S3-4890819,S3-895358215
S1-578753203	S2-544522924,S2-99050900,S2-854507169,S3-171838835,S3-224473848,S3-82494873
S1-818347967	S2-939559737,S2-166181525,S3-317137624
S1-214365425	S2-508014557,S2-46998777,S2-512609292,S2-604271882,S3-955472711
S1-376315256	S2-803398373
S1-86751317	S2-587244603,S2-153362809,S3-543793077,S3-612178395
S1-420908729	S2-934461678,S2-759002343,S3-479037160
S1-102178823	S2-129332441,S2-769705248,S3-508504482
S1-95523564	S2-423969288,S3-176773483,S3-634833652,S3-46267087
S1-291491652	
S1-871841327	S2-394322298,S3-555879615
S1-935614372	S2-442043043,S2-434553558,S2-587732811,S3-332221658,S3-716488722,S3-111290979,S3-366475224
S1-82877024	S2-466253018,S2-97894602,S2-444653731,S3-672581703
S1-458047196	S2-508120736,S3-391914071,S3-740318795,S3-377108006
S1-91814247	
S1-537463243	S2-932561997,S3-231311181,S3-441341239
S1-52230246	
S1-869818030	S2-271813633,S2-833298048,S2-427522809,S2-41016692,S3-219362998,S3-222398710
S1-547214297	S2-970278319,S2-828367431,S3-170942795
S1-453615456	S2-514769528,S2-199572869,S2-7488285,S3-979585082
S1-872860717	S2-105444966,S2-902502003,S2-818758428,S3-602432729,S3-585482937
S1-715112182	S2-776995559,S2-469055861,S3-726728583
S1-262833935	S2-905311468,S2-302840535,S2-105516214,S3-603023652,S3-562263570,S3-609828135,S3-177457363,S3-303337511
S1-779372111	S2-314303060,S3-440009758
S1-945525729	S2-930847840,S3-163752167
S1-116776125	S2-724759155,S3-903667881
S1-758362264	S2-200566935,S3-29241068,S3-865274245,S3-668192696
S1-546157969	S2-878687424,S3-952383250,S3-107978076,S3-678701132,S3-561230249
S1-560480648	
S1-715909446	S2-676984288,S3-973985009,S3-256893208,S3-693098000
S1-759234817	S2-860784041,S3-823653709
S1-694245054	
S1-588255343	S2-699832348,S2-406509577,S2-773081427,S3-720131865
S1-545573418	S2-157608221,S3-299445947,S3-99152660
S1-545176129	S2-53266495,S2-249080791,S2-885508195,S3-725841875
S1-302223531	S2-247967212,S2-681831825,S2-678662744,S3-401591772,S3-155649388
S1-77787112	S2-669381884,S3-26714549
S1-754500120	S2-437800120,S3-150133482,S3-638955930
S1-920246615	S2-746692098,S3-167813396,S3-968964428
S1-277482709	S2-589358063,S3-285817214
S1-524512924	S2-712439505,S2-196161191,S3-232351542
S1-414759296	S2-481453598,S3-10587625,S3-538031867,S3-252293192
S1-636048183	S2-246239189,S2-695385389
S1-319507365	S2-256187709,S2-710376013,S3-876909350,S3-108990372
S1-167565856	
S1-839340133	S2-865691824,S3-514105505,S3-985964905,S3-271481655,S3-735115127
S1-430934299	S2-144532872,S2-675648263,S2-607616960,S3-462783216,S3-719270632
S1-715202344	S2-492710544,S2-234403935,S3-532104646,S3-679795608
S1-537330532	S2-465754716,S3-602543662
S1-92554675	S2-148058993,S3-995724783,S3-197104585,S3-270812741
S1-479288111	S3-561999747,S3-814092886
S1-875683922	S2-929809660,S2-548304774,S3-212799896
S1-631817170	S2-107070260,S3-864778426
S1-238864304	
S1-780251429	S2-620624473,S2-394336536,S3-802849242
S1-875920409	S2-570255421,S2-964439340,S3-98616325,S3-749039626,S3-235870354
S1-466480913	S2-224686988,S2-180373212,S3-580981456,S3-370166477
S1-744746510	S2-89129876,S2-733563308,S2-55883157,S2-661624725,S3-416865034,S3-543239991
S1-926581849	S2-573785932,S3-567806531,S3-978102015
S1-578319184	S2-599638841,S3-108184666
S1-196789185	S2-533067794,S2-350520272,S2-406949098,S3-870174664
S1-110839794	S2-39283600,S2-810656356,S3-677177623,S3-215189578
S1-217812026	S2-798456604,S2-728783316,S3-322268387
S1-938860759	S2-776134459,S2-594679781,S3-489815891,S3-478708877
S1-5281374	S2-536787627,S2-492177893,S3-111051799,S3-917310474,S3-318246194
S1-897362639	S2-999239575,S3-324845752
S1-364915039	S2-765201383,S3-834428400
S1-461339684	S2-109690229
S1-206681084	S2-934400684,S2-787054793
S1-815554636	S2-595892446,S2-918513788,S3-313678417
S1-792642305	S2-29539127,S3-406644057
S1-347518538	S2-111171606,S3-373723477
S1-201203645	S2-835173374,S2-744798185,S2-71203781,S2-35809635,S3-356656520,S3-374220208,S3-76982087,S3-392476316
S1-475089024	S2-17934160,S3-586387693
S1-154821052	S2-908439785,S2-466944554,S3-46504224,S3-842339826
S1-811374958	S2-536724269,S2-274060523,S3-642607344
S1-294718133	S2-458272741,S2-324205076,S3-47204439,S3-578197920,S3-470410606,S3-450387015
S1-690041633	S2-377394106,S2-200800902,S3-481691897
S1-955082803	S2-542947769,S3-204714194,S3-875156795,S3-67092951
S1-651212407	S2-407876021,S3-88629884,S3-936761972
S1-213545966	S3-331320929,S3-849941172,S3-993379958
S1-627878380	S2-250462041,S2-525076027
S1-286838055	
S1-481831827	S2-999493914,S2-45036459,S2-454219073,S2-99221816,S3-51052171
S1-605050902	S2-107076987,S2-608222707,S2-473513869,S2-926412614,S3-675002210
S1-905406316	
S1-877927735	S2-233267390,S2-60204829,S3-380735396,S3-508129788,S3-776594451
S1-962554103	S2-186906716,S3-7301843,S3-950587239
S1-862137351	S3-482002818,S3-73483774,S3-813452232,S3-233715743,S3-268530463
S1-541667478	S2-938615414,S2-79126154,S3-209971458,S3-579706600
S1-920126688	S2-758946824,S2-573523297,S2-382841645,S2-168983606,S3-102482223,S3-986876836
S1-824576423	S2-664182656,S2-245454771,S3-225904931
S1-856931753	S2-278613269,S3-98145455,S3-800437519
S1-867596801	S2-408804138,S2-692379187,S3-287854733,S3-414648229,S3-82852987
S1-759628495	S2-409097461,S2-739928858,S2-814965820,S3-373349781
S1-361685704	S2-646859909,S3-757747329,S3-551817800
S1-773608250	S2-247564955,S2-768173232,S3-81457607
S1-805270599	S2-489095594,S3-288489442
S1-875104240	S2-483772955,S3-328493817
S1-259995248	S2-33950725,S3-365963658,S3-985244269,S3-596039610
S1-108761695	S2-129034275,S2-496706419,S3-424908313
S1-55183280	S2-802615759,S3-272980888,S3-911484921
S1-934155694	S2-893476862,S3-785938636,S3-237485368
S1-746324867	S2-96534120,S3-387618708,S3-583403502,S3-291892972,S3-334457241
S1-17737990	S2-595884142,S2-880849310,S2-771673505,S3-433430239,S3-123543935
S1-513890987	S2-444645745,S3-590025680
S1-902895792	S2-537262622,S2-435303320,S2-712211874,S3-409336998,S3-88279883
S1-938547659	S2-379275190,S2-457051399
S1-317568917	S2-774023254,S2-83913506,S3-914382923
S1-137886566	S3-54512639
S1-532996650	S2-886822666,S2-167071363,S3-55637619,S3-584452366,S3-236061805
S1-564055505	S2-259024266,S3-926152366
S1-166132212	S2-884518805,S3-905335498,S3-698393419
S1-327106456	
S1-529416643	S2-782020330,S2-81684629,S3-390766884
S1-622106204	S2-518017864,S2-451444385,S3-831694190,S3-539653765
S1-750409841	S2-957059045,S2-350954416,S2-213934937,S3-926877955,S3-274580966
S1-687445929	S2-179722913,S3-727144730,S3-19884586,S3-597305709
S1-431828163	S2-756592773,S2-127353482,S2-59606914
S1-168323018	S2-153558850,S2-551308747,S3-883757513
S1-411590883	S2-629742646,S2-264441567,S3-496645433
S1-856668113	S2-905343962,S3-224662969,S3-38182601,S3-223635732
S1-397358100	S2-672229672,S2-973282585,S2-845223358,S2-558695695,S3-290391117,S3-929723471
S1-133326042	S2-913079166,S3-530353846,S3-277134651,S3-974940246
S1-2486011	S2-295368633,S2-49561529,S2-985783789,S3-879072475,S3-309200888,S3-773760184,S3-509443900
S1-788089101	S2-42570630
S1-663076906	S2-689700990,S2-346184440,S2-382201509,S3-732702745,S3-361789496
S1-834895613	S2-922035180,S3-230201638,S3-663482434,S3-505874759
S1-388494233	S2-341966806
S1-359394550	S2-607070935,S2-675157049,S3-784154821
S1-262281768	S2-69580293,S2-571516448,S3-540244220
S1-907274507	S2-263537397,S3-736357531
S1-333890805	S2-60636737,S3-887125481,S3-677410710
S1-234705880	S2-738935835,S3-510741254
S1-665205736	S2-917787074,S2-722639229,S3-482805085
S1-826855281	S3-16561225
S1-792689933	S2-933335871,S2-809259598,S3-692154500
S1-361402867	S2-535563644
S1-214360159	S2-134535697,S2-918411332,S3-398635124
S1-319714870	S2-615518043,S2-777949582,S3-328346108
S1-821158841	S2-345650880
S1-88214827	S2-722972013,S2-165631673,S3-154392122,S3-34231966
S1-826019345	S2-754615785,S3-990730263
S1-638541467	S2-769583994,S2-761278943,S3-805177240
S1-273522580	S2-558523914,S2-795653954,S3-183295803
S1-479315547	S2-237911647,S3-675007706,S3-450237688,S3-81484784
S1-557113195	S2-546889464,S2-627562605,S3-533339769,S3-734819622,S3-858037637
S1-835901400	S2-490039879,S3-489436378,S3-165429051
S1-686140251	S2-509568258,S2-682055112,S3-867594380,S3-287075109
S1-404791105	S2-795145628,S2-733797809,S2-999809736,S3-986297220,S3-586363950
S1-92157255	S3-788469714
S1-609936414	S2-900515748,S2-406050261,S2-528380161,S2-42894507,S3-270392585
S1-23254775	S2-151541356,S2-308148376,S2-387433789,S3-631660922,S3-423254869,S3-527272329
S1-908943256	S2-638363605,S2-529939350,S2-93677410,S3-884595992,S3-919251914
S1-23582693	S2-986953293
S1-731585673	S2-48202350,S2-320795603,S3-858641646
S1-940276621	S3-193011711,S3-599114703
S1-245659571	S2-704848412,S3-644313044
S1-393253412	S2-904755795,S2-129708744,S3-394198463,S3-844364239,S3-803691335
S1-901136904	S2-924683874,S3-569138106,S3-86752459
S1-193170420	S2-384876951,S3-916355192
S1-297727514	S2-133785064,S2-558069894,S3-669750654
S1-25193124	S2-778645468,S2-44914140,S2-906603226,S3-801206813
S1-417574186	S2-754500077,S2-430319005,S3-880065582,S3-855335224,S3-64610405,S3-755527975
S1-472449509	S3-642098694
S1-2934304	
S1-320711385	S2-845104471,S2-686609750,S2-146484089,S3-455693746,S3-602941113,S3-876384141,S3-718163118
S1-114985397	S2-451581194,S2-414555282,S3-806651580,S3-384465667,S3-222373668
S1-545148954	S2-972545402,S2-458129504,S3-936531761
S1-650919635	S2-289560156,S2-95640581,S3-838396454,S3-411190782
S1-85927251	
S1-56084659	S2-478365586
S1-132595816	S2-847488932,S2-507510659,S3-533190714
S1-612813894	S2-937610135,S3-523829294,S3-629982941
S1-785345254	S2-300008699,S3-945372448
S1-703449956	S2-993057239,S2-181228948,S2-528923086,S2-11925021,S2-613747376,S3-243708411,S3-4273393,S3-840943220
S1-602495442	S2-737557918,S3-119439125,S3-348820544
S1-285145737	
S1-66291705	S2-852422170,S3-255167543,S3-653320639,S3-909335443
S1-120799652	S2-876388449,S2-713627420,S2-883721098,S3-931959110,S3-721725315
S1-477655975	S2-69152265,S2-539917758,S3-329589324,S3-429254328
S1-100398530	S2-127373169,S2-575193348,S2-985403302,S3-813745657,S3-332327975,S3-682207503,S3-528471602
S1-811491785	S2-817342783,S2-657020733,S2-652473862,S2-405055039,S2-999969601,S3-388830864,S3-554217095
S1-44932578	S2-716311624,S3-932729483
S1-407837857	S2-660493701,S2-87892676,S2-279855750,S2-857395169,S3-749175030
S1-38111598	S2-946137670,S2-953248222
S1-488746549	S2-586454395,S3-706735355,S3-846126389
S1-705915369	S2-617634643,S2-712125743,S2-966778865,S3-896618052
S1-385834049	S2-399277157,S2-855152424,S2-755661664,S3-9461358
S1-19005625	S2-782926982,S3-999653632
S1-20792246	S2-337689365,S2-973242466,S2-66845178,S2-526605910,S3-856662150,S3-609111327
S1-845779640	S3-489843317
S1-856452222	S2-151136318,S3-957192266,S3-822762559
S1-375266965	S2-723344130,S2-724174488,S2-340896534,S3-813558736,S3-195519825
S1-77101620	S2-87482086,S2-13768056,S2-258370695,S3-256062530
S1-891169487	S3-435058579,S3-69758695,S3-931010803,S3-207757679
S1-122804633	S2-156031006,S3-823271772
S1-783273331	S2-593328765,S2-664298492,S3-232289340,S3-191219779
S1-303057211	S2-476939489,S3-971047427
S1-671978196	S2-62922898,S3-772579890,S3-366497598
S1-558252347	S2-684712605,S2-915435265,S2-446218565,S2-682029501,S2-72049073,S3-983910981,S3-827143851,S3-236843405
S1-855992620	S2-817105338,S3-831163223,S3-731123726
S1-891068734	S2-273864537,S2-668779898,S2-599048109,S3-534331786,S3-997881926,S3-791863214
S1-3943441	S3-212688179
S1-678900131	S2-139699569,S3-969198703,S3-305148928
S1-377873897	S3-586595397
S1-494572251	S2-591180081,S2-209245455,S3-268933042
S1-256453076	S2-992404181,S2-570074286,S2-376839281,S3-681565310,S3-118499896
S1-914781783	S2-199514045,S3-515940125,S3-799034449,S3-842181936
S1-96672536	S2-590662186,S2-469099664
S1-399017308	S2-782664816,S2-181040443,S3-256128131,S3-47641472,S3-515107581,S3-867156497
S1-43798130	S3-842968482,S3-905826282,S3-189326620,S3-582048215
S1-979853874	S2-454325176,S2-992190294,S2-216575178,S2-28961198,S2-781600029,S3-970315170,S3-978713829
S1-695580377	S2-630299136,S3-851061696
S1-578850267	S2-41769012,S2-939966015,S3-904685106,S3-614988703
S1-325674106	S2-211570575,S2-682499273,S2-561880019,S2-351701242
S1-876341920	S2-185388351,S2-962643283,S2-746520459,S2-57422174,S3-718854146,S3-67486400,S3-5669441,S3-889911180
S1-569216900	S2-805955229,S3-749562866
S1-892312073	S2-838783991,S2-111227129,S3-59336219
S1-222973138	S2-82610885,S3-280789799,S3-133900863
S1-778260507	S2-366120043,S2-362728659
S1-14085377	S2-851154366,S3-944406199,S3-79532751
S1-649595636	S2-91179273,S2-145483034,S3-516927266,S3-865078978,S3-315652771,S3-668573453,S3-28112228
S1-9306270	S2-465717705,S2-90016304,S3-261311428,S3-90432065
S1-799560562	S2-796231315,S2-660149300,S3-732087670
S1-223859936	S3-852382290,S3-482914164,S3-83293005,S3-427490280
S1-876889445	S2-508169143,S2-389480183,S3-540500824
S1-991948500	S2-335555622,S3-183255004,S3-398997455,S3-911743357
S1-921604503	S2-175342691,S2-340839466,S2-362120541,S3-744741445,S3-582734669,S3-748811128,S3-978940053
S1-244952377	S2-606545888
S1-125373398	S2-517600536,S2-691305482,S3-85715304
S1-435934523	S2-21620879,S2-970250051,S3-780202064
S1-814952703	S2-508358937,S3-515984962
S1-165204774	S2-762202224,S2-205347993,S3-285180875,S3-931523575,S3-595969650
S1-855980264	S2-254200780,S3-635045227,S3-305817747,S3-63985963
S1-958242984	S2-355438423
S1-480940829	S2-107586536,S2-264185942,S3-738406187,S3-425497507
S1-626300197	S2-861339993,S2-359640168,S3-779526516,S3-495544713,S3-631337026
S1-980386636	S2-92010461,S3-468177350
S1-163515894	S2-47955598,S3-192024634,S3-703162081
S1-568809651	S2-679514500,S2-719718232,S2-340096693,S2-15634039,S3-641336781,S3-507478914,S3-897624457
S1-986604622	S2-611307332,S2-113313051,S3-859829441,S3-154789470
S1-974394603	S2-890457634
S1-565879907	S2-534086258,S2-76471330,S2-802121455,S3-722207690,S3-642881347
S1-614835906	
S1-75995502	S2-227441048,S2-289582153,S2-919388164,S3-267890353,S3-435350362
S1-19565942	S2-992104209,S2-178951377,S2-968592132,S3-804378780,S3-594462755
S1-109039400	S2-394575205,S2-741390343,S2-716178522,S3-441500102
S1-671784248	S2-212337931,S2-68931153,S3-792794246,S3-438908532
S1-963982013	S2-462973582,S2-939473431,S2-601446561,S3-204857051,S3-195782571
S1-730162233	
S1-228086311	S2-164382206,S3-212402213,S3-418206255,S3-238815598
S1-971165172	S2-706776001,S2-235592280,S2-109521723,S3-440320559
S1-612526082	S2-966155775,S2-264332753,S3-814806016,S3-938215596
S1-211403158	S2-971462204,S3-112349871,S3-772743289
S1-128722964	S3-530498607,S3-282465275
S1-905814631	S2-154538519,S3-506868111
S1-555670137	S2-255047683,S2-173216047,S3-501353085,S3-38666110,S3-279045994
S1-775152854	S2-752005125,S2-589144688,S2-745119488,S2-572564015,S3-414881870,S3-729759341
S1-518440197	S2-956150232,S2-332395654,S2-912850250
S1-579095626	S2-759246995,S3-400126680,S3-279841192
S1-895039330	S2-883287465,S2-728504478,S3-210160557,S3-677883464,S3-506939807
S1-203699265	S2-840839964,S3-355167476,S3-625755113,S3-54292717
S1-140550090	S2-446470987,S3-49632214,S3-562590160
S1-871975803	S2-710013037,S3-883806983,S3-913518231
S1-6802655	S2-793643838,S3-667919074
S1-761430365	S2-589701169,S2-697482719,S2-380059209,S3-775469871,S3-101958817
S1-449166033	S2-599406818,S3-71828929,S3-191491373
S1-645064214	S2-335493881,S3-323065967,S3-6251642
S1-836184164	S2-499939890,S3-725970049,S3-594373124
S1-676624885	S2-163236542,S2-409714680,S3-685556362,S3-403420826,S3-646769656
S1-172398164	S2-29165297,S2-164800706,S2-269652493,S3-654208318
S1-854763690	S2-399409239,S2-805226705,S3-464166647
S1-438610212	S2-51075723,S2-456290843,S3-355721819,S3-761671161
S1-952592644	S2-2541219,S2-766156355,S2-675440711,S2-58254779,S3-276473908,S3-395505220
S1-101787263	S2-608982995,S2-416773068
S1-561384520	S2-45870626,S3-772077896,S3-740172944
S1-262434744	S2-630129130,S3-515932105
S1-211569749	S2-279750521,S2-399267792,S2-628236791,S3-552376711
S1-889557740	S2-205784484,S2-56455213,S3-367814290,S3-889923625
S1-444835417	S2-481918725,S3-912650895
S1-366043092	S2-854647679,S2-937467034,S3-974941867,S3-414817997
S1-161963056	S2-482154430,S2-777043596,S3-864396018,S3-507988614,S3-269190418
S1-470531248	S2-306193696
S1-934426004	S2-597904971,S2-211170077,S2-732917957,S3-291094790,S3-446249348,S3-326425776
S1-219092199	S2-398622000,S2-142540332
S1-230929939	S2-90887526,S3-882185458,S3-236276489
S1-403688267	S2-164215166,S3-589867213,S3-555595512
S1-570921005	S2-438739072
S1-55532261	S2-811820579,S2-703453702,S3-367500523,S3-52310780,S3-113973106,S3-169608588,S3-293136164
S1-138744141	S2-951039210,S3-432411999,S3-208457368,S3-148455112,S3-493044599
S1-324396989	S3-155248525,S3-852558480
S1-359908138	S2-857744150,S2-467055686,S3-561446522,S3-217299423
S1-555253908	S2-216111372,S3-102893089
S1-821719898	S2-66019621,S3-153756326,S3-74485606,S3-708743649
S1-230949515	S2-211545303,S2-532046606,S2-872795164,S2-592268710,S3-635728085
S1-622021077	S2-759955097,S3-412198577
S1-412763246	
S1-426044643	S2-989937747,S2-826945929,S3-327574600
S1-356666020	S2-889830488,S2-661598638,S3-113419279,S3-58488074
S1-70721017	S2-413487857,S2-176112755,S2-710214065,S2-624442300,S3-73587155
S1-419391370	S2-187516529,S2-618852657,S3-455638524
S1-143847018	S2-146937171,S2-490065028,S2-46855240
S1-281981086	S3-803648042,S3-905178132
S1-774341801	S2-498421267,S2-767611738,S2-659198031,S2-359463930,S3-700191374,S3-86994667
S1-310521693	S2-544110895,S2-903674631,S2-874713778,S2-727428356,S3-731770408,S3-215356428,S3-869692233,S3-513717013
S1-385524546	S2-76029437,S2-359695077,S2-553596924,S3-840842803,S3-369326307,S3-795715598
S1-411013981	S2-595636237,S3-875645280,S3-869211220,S3-555283689
S1-722601574	
S1-228698308	S2-917302921,S2-774168392,S2-896499269
S1-875753150	S2-472034168,S2-848641718,S2-624777216,S3-24359068
S1-258060600	S2-565353237,S2-916144783,S3-872210380
S1-22959606	S2-51756153,S2-846845712,S2-360327062,S2-647459839,S2-672989595,S3-500270041,S3-749512170
S1-415178532	S3-526109128,S3-141335424,S3-30432163,S3-202957782,S3-243190270
S1-651214537	S2-53334337,S3-407396998,S3-980004389,S3-732385002
S1-988835304	S2-782097668,S2-969579840,S2-269828543
S1-186948598	S2-463558204,S2-908050154,S3-663936783,S3-608853819,S3-132904550
S1-726951747	S2-794636280,S3-646916571
S1-132973482	S2-190698764,S2-113650116,S2-681918933,S3-879952368
S1-557697960	S2-833307189,S2-661633412,S3-90912789,S3-981039690
S1-16834395	S2-753349886,S2-57206536,S2-806711506
S1-247746127	S2-32321806,S2-95232323,S2-590282148,S3-839445679,S3-327341523
S1-203419063	S3-27987538
S1-538668446	S2-614313198,S3-707182433,S3-605755484
S1-183075451	S2-12404444,S3-913317753
S1-733925654	S2-504913844
S1-637198139	S2-182624925,S2-805453974,S3-657731503
S1-793955449	S2-59267484,S2-328533155,S3-489963736,S3-911245944,S3-121585581
S1-730393693	S2-211452730,S3-148608435,S3-999938663,S3-758227992,S3-61442767
S1-591260036	S2-874596149,S3-273207426,S3-218259600
S1-691901322	S2-255752714,S2-576713888,S3-939944184,S3-366308998
S1-377050798	S2-175001914,S2-848196722,S2-190554473,S3-941583676,S3-95523195,S3-281544723
S1-99842290	S2-236193558,S3-352381228
S1-945250739	S2-246843135,S2-524886503,S2-991900219,S3-367316760,S3-460589694
S1-233891626	S2-983865293,S3-883907422,S3-229959449
S1-673399734	S2-819112001,S2-698919884,S3-672254857,S3-758263232,S3-57448161,S3-390306122
S1-839588544	S2-580900441,S2-492379857,S2-306029828,S3-267689364
S1-623836209	S2-69140298,S2-189733230,S2-665833928,S3-263347588
S1-425117144	S2-824652512,S2-444360664,S2-391207168,S3-54124872
S1-280137169	
S1-655107123	S2-30453907,S2-71611442,S3-955806657,S3-903963709,S3-679077511
S1-153253863	S2-55868397,S2-906812559,S3-234809101
S1-900855002	S2-711375161,S2-618580706,S2-918765494,S2-141041067,S3-210553294,S3-645213921,S3-841647768
S1-130169301	S2-98391440,S3-321833085,S3-343865868,S3-970956605
S1-230356298	S3-633312911
S1-305801107	S2-989590201,S2-555838255,S2-411379366,S3-739352346,S3-856902834,S3-479167823
S1-152664072	S2-404805751,S2-700731779,S2-176463144,S2-226246917,S3-18477058
S1-40988568	
S1-528388665	S2-448244917,S2-254334408,S3-694715283,S3-586305716,S3-625719708
S1-133364171	
S1-781483030	S2-396317546,S2-976475771,S2-526043725,S3-676137768,S3-333174500
S1-34342155	S2-619247246,S3-666923206
S1-297584849	S2-953979113,S2-576720055,S2-45114421,S2-925926248,S3-699195404
S1-406548670	S2-802454873,S2-181573057,S2-846296972,S2-583156440,S3-677888818
S1-33378007	S2-378308203,S2-427410235,S3-897363539,S3-688702849
S1-501144845	S2-391546469,S2-864141091,S2-49699611,S3-852469498
S1-115329744	S2-143856904,S3-58960179,S3-204303507,S3-544432600
S1-931035970	S3-30514260,S3-887708633
S1-62899420	S2-928108711,S3-883384758,S3-382419763,S3-86615027
S1-843631844	S2-240051169
S1-960883222	S2-549820378,S2-784685461,S2-726289016,S2-920838000,S3-295415246,S3-171836608,S3-96049687,S3-344199785
S1-268710392	S2-744800413,S3-506693698,S3-318987045
S1-226638734	S2-698020368,S3-963004056,S3-638117687,S3-842680280
S1-951266617	S2-163981894,S3-587436258
S1-740768258	S2-966854063,S2-575833257,S3-825219731,S3-82741171,S3-529263046
S1-115447573	S2-361659338,S2-162702919,S3-555016425
S1-272942859	S2-2273948,S2-527804344,S3-335501147
S1-281314425	S2-138624234,S2-26395561
S1-729432410	S2-486387299,S3-839066543,S3-374845240
S1-602472506	S2-751774005,S2-676731873,S3-50313269,S3-694903777,S3-172546581
S1-900582766	S2-782829659,S3-390849730,S3-354710688,S3-142878418,S3-368845017
S1-907966873	S2-877189233,S2-556964288,S2-211208836,S2-643159893,S3-833648686,S3-630737286,S3-700159072,S3-270552391
S1-885664875	S2-268644386,S3-395884355,S3-267217417
S1-648464215	S2-277502012,S3-489248632,S3-455093329
S1-285141032	S2-374137882,S2-90663669,S3-754744090
S1-859006657	S2-190421807,S3-906725996,S3-56356164
S1-292130334	S2-745195209,S3-786059197,S3-962094379
S1-980916696	S2-591843248,S2-101447343,S3-755470420,S3-731075960,S3-41983467
S1-441294601	S2-408054766,S2-354762738,S2-581048425,S2-651227134,S3-512267606
S1-899803234	S2-238817622,S3-517224554,S3-716803246
S1-602491523	S2-17178539,S2-102338078,S2-25586680,S3-718074580
S1-747646140	S2-99613358,S2-695184580,S3-117087637,S3-880973219
S1-629995793	S2-558566633,S2-828030540,S3-382502031,S3-939012260
S1-222751524	S2-914208363,S2-500472918,S2-508525977,S2-942553566,S3-957410865,S3-687421644
S1-161220945	S2-428736790,S3-541157297,S3-705394569,S3-623455705,S3-857417965
S1-518271744	S2-14322287,S2-517014341,S2-643881144,S3-189187688,S3-818206598,S3-339853237
S1-198347202	S2-404502993,S2-918946000,S2-979062605,S2-435125221,S3-117777217
S1-308904320	S2-258952724,S3-992001498,S3-273380678,S3-231221034
S1-804492715	S2-183018477,S2-181568255,S3-60879067,S3-330535499,S3-179608055
S1-479230324	S2-70632949,S2-241677072,S3-429661370
S1-604747946	S2-82877930,S3-792052268,S3-781946072,S3-742187276
S1-44441676	
S1-56248413	S2-754545739,S3-798852609,S3-170221934,S3-466791538
S1-983494825	
S1-241989867	S2-417882683,S2-220136318,S3-789592798,S3-234010015
S1-910850169	S2-1046331,S2-710646955,S2-265078352,S2-73948536,S2-467846723,S3-675775673,S3-355786889
S1-327882685	S2-471756764,S2-367265017,S3-65489692
S1-696591093	S2-620876864,S2-922178779,S2-87244324,S3-300049390
S1-100854954	
S1-364394002	S2-406436936,S2-583020549
S1-410168632	S2-591037815,S3-515812901,S3-742163778
S1-63503344	S2-230414219,S3-554430183,S3-306001527
S1-843447626	S2-793367571,S2-703862477,S2-24169759,S2-175711073,S3-487211724,S3-317689252,S3-370956049,S3-453607703
S1-820278057	S2-224597133,S3-120909138
S1-266547910	S3-670054060,S3-772078850
S1-684184365	S3-534786864
S1-710927111	S2-345045045
S1-585744782	S2-944672373,S2-970469440,S3-803666884
S1-55907751	S2-337850126,S2-563798567,S3-341213126,S3-801526863
S1-295683021	S2-585570967,S3-621973813,S3-653092368
S1-984938150	S2-874576088,S2-604782669,S2-957778663,S2-669150709,S3-42277159
S1-755104519	S2-970249633,S2-112984305,S2-17265776,S2-828079556,S3-427451680,S3-525029286,S3-501096940
S1-400694787	S2-490990227,S3-9351292
S1-960193151	
S1-719363091	
S1-885545254	S2-183740488,S2-508498455,S2-583800695,S3-86449979
S1-831550545	S2-14081590
S1-490792394	S2-427509555,S2-946191023,S3-44332350,S3-829606152,S3-40449744,S3-345197412,S3-182762345
S1-135020756	S2-214652005,S2-538649440,S3-216507530,S3-684046075
S1-823222037	S2-795707187,S2-21217131,S3-984739124,S3-815956577
S1-996466659	S2-215299352,S2-133957015,S3-808728560
S1-910215727	S2-636406926,S2-431079098,S3-441519445,S3-820355743
S1-648050600	S2-751371862,S2-685620112,S3-393716004,S3-529652484
S1-552147102	
S1-466731169	S2-204536030,S2-545305130,S2-532004837,S3-88806523
S1-932296681	S3-966594233,S3-935041032
S1-120682917	S2-374043349,S3-820005419,S3-216103896
S1-336193659	S2-82085838,S2-1563742,S3-315033279
S1-343538660	S2-979831632,S2-736996768,S3-813802580,S3-29261874,S3-238861266,S3-632550012
S1-230931720	S2-468461875,S2-853817049,S3-224008472,S3-887860889,S3-747574248
S1-811315337	S2-430894437,S2-306276129,S3-799004439,S3-207880146
S1-42873501	S2-533102189,S3-130009304,S3-291155502,S3-518709623,S3-193929289
S1-186217687	S2-352978199,S3-936322237,S3-114624998
S1-257991136	S2-30054264,S3-164975951,S3-542423744,S3-363147907
S1-847925428	S2-539718153,S2-941178881,S3-161544149,S3-755457940,S3-206453994,S3-276495917
S1-127508167	S2-586922483,S2-253778669,S3-740506284,S3-63765046,S3-620357888
S1-864568130	S2-387533786,S2-928862884,S2-543561857,S2-814334038,S3-748390839
S1-864269283	S2-579518064,S2-408878798,S2-243250931,S3-115683171,S3-118147792,S3-186361496
S1-364559910	S2-851750558,S3-124826293,S3-622167628
S1-71089635	S2-484821729,S3-504284881,S3-603474456
S1-36167289	S2-462827369,S3-787608959,S3-768800224,S3-58587969,S3-23679337,S3-556665379
S1-148603836	S2-783848664,S2-731568733,S2-12033977
S1-213770530	S3-157753532
S1-502150183	S2-670026814,S3-71013826,S3-911334234,S3-65201383
S1-779211061	S2-891747051,S3-502058508
S1-664068210	S2-71000979,S2-337987648,S2-951597089,S3-237672647,S3-506188854,S3-15013635,S3-195988792
S1-150859076	S2-634413580,S3-417251947,S3-150366680
S1-857277118	S2-904483024,S3-928848066,S3-430838967,S3-154765756
S1-550795076	
S1-484144624	S2-803394729,S3-301202879,S3-92565260,S3-963541231,S3-146034656
S1-686723312	S2-572210008,S3-821253533
S1-901255680	S2-46048370,S3-420493209,S3-514083898
S1-286075159	S2-162933315,S2-8380302,S2-593672884,S2-183563660,S3-409145796
S1-970144539	S2-835921630,S2-565182128,S2-4489653,S2-441703419,S3-695219031,S3-193426836,S3-293323501
S1-768212270	S3-64436723,S3-22363938
S1-377737228	S2-47736715,S2-87628900,S3-963611180
S1-118657256	S2-316796252,S2-697403493,S3-346114084,S3-306292279,S3-15821486
S1-580570593	S3-579914100,S3-345314621,S3-241416723
S1-683058481	S2-776404016,S2-228236991,S2-620017090,S2-661232572
S1-478414000	S2-756451729,S2-310955607,S3-985443616,S3-984707684
S1-844215620	S2-822084261,S2-25858155,S2-974474944,S3-133889926
S1-213777830	S2-805546864,S2-183908212,S3-270270933,S3-530317715,S3-860682123
S1-980687640	
S1-315584061	S2-103698166,S3-969616528,S3-65128682
S1-191724541	S2-404551041,S2-218178083,S2-535833713,S3-101642424,S3-756062491,S3-782404605
S1-273923830	S2-423888449,S3-120232632
S1-633203190	S2-497412946,S2-583882740,S3-731046625,S3-623088663
S1-732230697	S2-140043242,S2-513536952,S3-262361243,S3-615108464
S1-220256929	S2-52223145,S2-878405611,S3-4768418
S1-156710953	
S1-253091495	S2-745913771,S2-116697588,S3-543938595,S3-724013882,S3-864858988
S1-756156355	S2-794155793,S2-312102526,S3-501073985
S1-46785412	S2-258383400,S2-858595372,S3-37511761,S3-460196523
S1-118592759	S2-879545845,S2-661985156,S3-772264961,S3-379159629
S1-391845869	S2-879313532,S2-363842971,S2-778388789,S3-672114871,S3-376666796
S1-586299664	S2-963518068,S2-885931671,S2-543033205,S3-471032092,S3-512396024,S3-361853088
S1-31507394	S2-210661752,S3-203189919
S1-160041761	S2-760856332,S2-280781651,S3-432325843,S3-482122753
S1-416094857	S2-994460094,S2-786508285,S3-119912032,S3-978231452
S1-619230916	S2-172576424,S3-494413300,S3-309165029,S3-183433402
S1-523823071	S2-960898646,S2-123323051,S2-991606093,S3-944412836,S3-68710405,S3-439481423,S3-861468278
S1-653949240	S3-615126209,S3-743204697
S1-473765414	S2-305363554
S1-530203361	S2-487335272,S3-236932166
S1-118484267	S2-900599870,S2-635357558,S3-361206291,S3-499599626,S3-404225620
S1-239155966	S2-657391849,S3-136537541,S3-167908431,S3-291634021
S1-66450467	S2-478498658,S2-303284374
S1-115496141	S2-485667603,S2-820262553,S2-898110763,S3-896377482,S3-66030421
S1-689855721	S2-615476969,S3-133555907
S1-774150972	S2-450195476,S3-195290981
S1-804506035	
S1-311728700	S2-339058571,S3-925550824
S1-784659698	S2-807794575,S2-533911588,S3-482340966
S1-827174341	S2-451405551,S2-464159023,S3-510549258
S1-185699330	S2-652804091,S2-658929678,S2-181632344,S3-984176746,S3-403489430
S1-228023298	S2-168242825,S2-94431384,S2-263789666,S3-189671684,S3-84239082,S3-796072054
S1-193497444	S2-581028430,S2-923513744,S3-651002829,S3-634324710,S3-219334880
S1-338091192	S2-402611958,S3-484339232,S3-264219718,S3-159270339,S3-156344210
S1-889728298	S2-850826351,S2-17512787,S3-641752403
S1-755778212	S2-497027042
S1-452192775	S2-736861228,S2-334615973,S3-830569100,S3-925804909
S1-531837814	S2-182806239,S3-462385255,S3-577199663
S1-887389209	S2-857950974,S2-43293549,S3-130743637,S3-751249975
S1-346193696	S2-678137847
S1-592672286	S2-358167061,S2-125514712,S2-832333693,S2-656347313,S3-661934788,S3-145486722
S1-378628611	S2-321401747,S3-391975444,S3-178826210,S3-87349742,S3-862887979,S3-568059898
S1-1586160	S2-453648257,S2-887323172,S2-289304230,S2-102631667,S3-585766495,S3-70818754,S3-212225560
S1-620543920	S2-234829117,S2-114531129,S3-781137826,S3-692524455,S3-211947176
S1-12878124	S2-65260980,S2-285415242,S2-10063556,S3-692061060
S1-267785105	S2-238189636,S2-303388209,S2-420478573,S3-507957181
S1-921052710	
S1-481160579	S2-574121028,S2-590518621,S2-109932313,S3-686697478,S3-549799168
S1-607713960	S2-760052435,S2-943755112,S3-520819314,S3-943344639
S1-382496089	S2-598467376,S3-170377851,S3-567931034,S3-240506248
S1-231779981	S2-729291094,S2-140735735,S3-900262486,S3-340307135
S1-830382272	S2-58876301,S3-353099508
S1-787462752	S2-770572548,S3-390417947,S3-886564518
S1-946084779	S2-338986612,S2-167200472,S3-935492047
S1-646080809	S2-506591864,S3-870516664
S1-238489238	S2-424756835,S2-948429450,S2-232313914,S3-837597088
S1-297364783	S2-45817074,S2-359900699,S3-20859925,S3-954799261
S1-211036469	S2-874461107
S1-281421972	S2-464646894,S2-267354426,S2-995591758,S3-585777517,S3-758317254,S3-453362319
S1-78963202	S2-415644886,S2-265949303,S3-690121784,S3-49225221,S3-349592929,S3-932088449
S1-712438133	S2-75959196,S2-218470276,S2-721960198,S3-655305413,S3-922455722,S3-790921110
S1-339726866	S2-167495306,S3-264217970
S1-935119903	S2-825991277,S2-761059474,S2-60651452,S3-721516780,S3-785041306,S3-77236887
S1-64123135	S2-843363343,S3-915476330
S1-371328651	S2-725174024,S3-383316734,S3-686629887
S1-551973447	S3-302793376
S1-482974983	S2-342817066,S2-368227432
S1-207921113	S2-578074873,S3-198258818
S1-546998442	S2-607782467,S3-139476317,S3-599834179,S3-312844743,S3-499694904
S1-689406291	S2-993584253,S2-314482986,S2-80491878,S2-742457378,S3-472670368
S1-597988312	S2-555181452,S2-506513571,S3-790896373
S1-379300516	S2-508121089,S3-467253750,S3-677087515,S3-550640871
S1-590221833	S2-935266188,S3-557375862,S3-973365969,S3-234714413,S3-925179730
S1-694538107	S2-951533566,S3-803252129,S3-87249493,S3-83352848,S3-147497468
S1-782431306	S2-64255123,S3-744560900,S3-541419614,S3-140215074,S3-977565404
S1-310418239	S2-170049473,S2-597792518,S2-41182263,S3-693443825,S3-513909044,S3-884344006,S3-776810682,S3-474656893
S1-354059839	S2-997207884,S2-248573218,S2-295598675,S3-252793703
S1-892100927	S2-619524310,S3-134619331
S1-795035246	S2-195567249,S3-973607341,S3-366913933,S3-165525276
S1-273934823	S2-267058333,S2-863851080,S2-129911239,S3-922045517,S3-814132725,S3-377464423
S1-282477796	S2-452320967,S3-863982867,S3-820376246,S3-99525671
S1-779141230	S2-761220159,S2-274354738,S3-834348434,S3-822779246,S3-352486609
S1-833657063	S2-227425679
S1-978373257	S2-419494463,S2-693454765,S2-938758505
S1-874365756	S2-33213374,S2-131479171,S2-201277239,S3-245115444,S3-121143518
S1-91857208	S2-713044258,S3-973273055,S3-309340153,S3-860896945
S1-529260670	S2-199043533,S2-562392082,S3-784243545,S3-698344573
S1-819536770	S2-658199989,S3-262250320
S1-359985726	S2-812134808,S2-113361801,S2-681834252,S2-599894229,S3-678083336,S3-914366854
S1-196528121	S2-870302536,S3-699409114
S1-526827841	S2-495944350,S2-578718206,S2-722116765,S3-419828296,S3-306402650
S1-911652349	
S1-494589045	S2-367866387,S2-618768835,S2-298541944,S2-87435236,S3-788679531
S1-398773551	S2-863805016,S3-165187125
S1-500845225	S2-371799585,S3-234402722
S1-521738394	S2-206756886,S2-55312175,S2-698720389,S3-874007802,S3-968324442,S3-665178736
S1-75285421	S2-706431574,S3-950504581
S1-48987514	S2-811015041,S2-570955612,S3-805989658,S3-805869304
S1-933199903	S3-741966864
S1-400166707	
S1-872396730	S2-234580763,S3-321754777,S3-693047692,S3-225078188
S1-225320081	S2-445165695,S2-270640840,S3-315026074
S1-950038523	S2-92393212
S1-25154288	S2-940404472,S3-979432572,S3-380847043
S1-107755486	S2-398137272,S3-210252317,S3-381365339,S3-40029489
S1-732693690	S2-743653634,S2-250538226
S1-233275240	S2-338958457,S3-434405158,S3-397275858,S3-559796949,S3-179829903
S1-416518053	S3-187788711,S3-936266992
S1-249688026	S2-198822294,S3-477257323
S1-435373675	S2-852746876,S2-272124593,S2-981666731,S2-334916337
S1-821809722	S2-572548178
S1-191922600	S2-293612127,S3-75364530,S3-606669159,S3-55741649
S1-62628107	S2-415266599,S2-210188414,S3-661330979,S3-658299774
S1-185731988	S2-501799508,S2-892348383,S3-697039348,S3-653833250,S3-581780403,S3-29729688
S1-784866687	S2-722493974,S2-39302093,S2-491666145,S2-397516798,S3-205315551
S1-559196429	S2-397655697,S2-494932465,S2-593831839,S3-24273612
S1-63700795	S2-106753598,S3-571148974
S1-426971591	S2-367262089,S2-32731291,S2-569997991,S3-877426674,S3-45459756,S3-236202834,S3-318960974
S1-901585181	S2-262863111,S2-363194446,S2-27636262,S2-969128263,S2-415664549,S3-358928910,S3-661874530,S3-261096790
S1-420884135	S2-443012549,S3-168778682,S3-501932069
S1-995909375	S2-87877600,S2-315991325,S2-668271634,S3-191211629
S1-535163632	S2-466725433,S2-138702112,S3-74983215,S3-16465579,S3-166570073,S3-391227399
S1-752821458	S2-58613325,S2-257596826,S2-864561519,S2-178171575,S3-102601900,S3-444582525
S1-223288375	S2-491972974,S2-798935653,S3-157198624,S3-431655437,S3-944245374
S1-22796941	S2-458923318,S2-916318171,S3-498484612,S3-795233475
S1-967478056	S2-199705002,S2-955988216,S3-138191041,S3-192963850,S3-872374084
S1-658267102	S3-773207308
S1-923902964	S2-10822389,S2-425784504,S3-706723102,S3-584485831,S3-21568495
S1-855103284	S2-176620759,S3-901746468
S1-102482763	S2-608537380,S2-196116298,S2-940138629,S3-830483090,S3-360006908
S1-741291015	S2-317475045,S3-161733486
S1-764529282	S2-775362958,S2-773061047,S3-220660028,S3-820303335
S1-388881869	S2-356664298,S3-437297561,S3-604161940,S3-984851135,S3-57269538
S1-729592002	S2-111457581,S2-466125785,S2-430535690,S3-561683281,S3-944438693,S3-480849704,S3-798782157
S1-295534625	S2-73117826,S2-528285768,S3-85226595
S1-242503282	S2-740489415,S2-65449732,S2-18462524,S3-675601393,S3-763489726,S3-670988649
S1-155880751	
S1-751192246	S2-836696686,S2-39054296,S3-247847325,S3-150796851,S3-268364737
S1-709039556	S2-412674289,S2-481493045,S3-894494059,S3-891062,S3-655339870
S1-589974300	S2-123941214,S2-526088289,S3-234441903,S3-923509412
S1-996881216	S2-255829560,S2-795721741,S3-653735927,S3-273480532,S3-369866,S3-576466155
S1-661417237	S2-646566339
S1-218682667	S2-273363732,S3-779729802,S3-271587798
S1-134329260	S2-439347283,S2-237852905,S2-870652639,S2-179726859,S3-713168240,S3-116626828
S1-467755860	S2-895867642,S2-955294771,S3-398106941,S3-773856921,S3-459376052,S3-622615674
S1-63323497	S2-719083538,S2-115729430,S2-831768294,S2-727640735
S1-729547817	S2-824429467,S2-847642730,S2-336881978,S2-55131491,S3-954429184
S1-19263308	S2-555117943,S2-409841714,S3-64677606,S3-642517770
S1-25947443	S2-582482511,S3-5919209
S1-748320201	S2-529403875,S2-321722238,S3-195892150,S3-733860130,S3-833716874,S3-321195342
S1-544661790	S2-764707512,S3-320509147,S3-141453680
S1-780228490	S2-566909086,S2-98039946,S3-658234571
S1-191104400	S2-10081666,S2-563901405,S3-153610016,S3-813246823
S1-914972371	S2-953265376,S3-688696398,S3-447556468,S3-387780954
S1-308275127	S2-963847901,S3-877077011,S3-468116644,S3-918377315,S3-408153469
S1-136981187	S2-922678223,S3-750582885,S3-377905617,S3-742983368
S1-286078918	S2-739984708,S2-213186129,S2-586239531,S3-412301985,S3-930024231
S1-194949072	S2-237883143,S3-953628121,S3-185786439
S1-767564765	
S1-925172611	S2-209598229,S2-306388640,S3-960227936,S3-356728827
S1-843659322	S2-535903400,S2-216620338
S1-590347698	S2-765581721,S2-198984221,S3-300885396,S3-351354624,S3-814248420
S1-795607298	S2-725474727,S3-545156322,S3-298234076,S3-746458266
S1-769755004	S3-452832034
S1-534409056	S2-715685803
S1-393135051	S2-529299521,S2-896509747,S2-199915236,S3-874402491,S3-309925034,S3-590349445,S3-636070318
S1-843355208	S2-928730557,S2-675028504,S3-28676039,S3-884299443
S1-26338996	S2-549262074,S2-703966462,S3-35023789
S1-907911632	S2-718738987,S2-779978412,S3-378487380,S3-455450447,S3-283181241,S3-22149974,S3-58312826
S1-93462622	S2-807000091,S3-714978359,S3-966311559
S1-37668758	S3-213494623
S1-209558441	S2-346439529,S2-609032000,S3-546175866,S3-177231221
S1-947034969	S2-809214740,S3-681186894
S1-480402514	S2-419728769,S2-906565783,S3-308633832,S3-356101378
S1-192216263	S3-540832569
S1-643905466	S2-128365091,S2-645136544,S3-678046906,S3-896824847
S1-969040452	S3-828984580
S1-253416092	S2-838550299,S2-29950338,S3-773955369,S3-939480749
S1-661943100	S2-548949049,S2-218872803,S3-540171881
S1-150143884	S2-414022450,S2-556453394,S3-12552764,S3-859840106
S1-112917959	S2-245339010,S2-404403975,S3-256613273,S3-5200079,S3-67459306,S3-475936492,S3-953318877,S3-93010126
S1-208289868	S2-146099496,S2-590792960,S3-836531540,S3-715136477,S3-434890634
S1-396877097	S2-292179555,S3-627276227,S3-204264979,S3-642737148
S1-190828901	S2-522215185,S2-370044658
S1-737485519	S2-987263802,S2-905548908,S3-720741321
S1-732079585	S2-759604815,S3-991819052,S3-260804771
S1-867591839	S2-175956480,S2-515781166,S2-636326696,S3-941665463,S3-454031469
S1-449823320	S2-820367244,S2-798697629,S2-112270,S2-126415936,S3-291091178,S3-967496859,S3-725240479
S1-301812036	S2-506626033
S1-909582249	S2-703171516,S3-824389969,S3-29838829,S3-716695362
S1-224691528	S2-580046110,S2-17179034,S3-728163114,S3-888124752
S1-103367945	S2-325375482,S3-466368073,S3-620265861,S3-62103189
S1-607742419	S2-434981809,S2-744907948,S3-860922578,S3-89906873
S1-671320690	S2-376345928,S2-124939305,S2-670666628,S3-450258566,S3-34802562,S3-768509400,S3-975495829
S1-267332074	S2-47593010,S2-819470269,S2-840532536,S2-261285470,S3-339841569
S1-992555992	S2-992730271,S3-140214256
S1-232551465	S2-143442746,S2-946548453,S2-818993641,S3-344010415
S1-659846007	S2-333362182,S2-539364756,S3-281524715
S1-916193762	S2-281563448,S3-159317229,S3-697550965
S1-71598567	S2-98184029,S2-259553734,S2-50680169,S3-649651336,S3-472726738,S3-513910477
S1-398273911	S3-278438480
S1-648340067	S3-404984820,S3-796172045
S1-320574665	S2-764109503,S3-725618411
S1-866492192	
S1-418552739	S2-652632788,S2-314425368,S3-956814532,S3-512715697
S1-924071935	S2-720721399,S3-507810228,S3-380976934
S1-560745650	S2-858694245,S2-612601843,S2-386554647,S3-959421413,S3-315908222
S1-203575449	S2-659084757,S2-988357757,S2-461242187,S3-314268078,S3-802672459
S1-797532074	S2-731979650,S2-678834147,S2-752209215,S3-879175527
S1-84203972	S2-426041033
S1-918227775	S2-799941923,S2-539920563,S3-381668845
S1-596938929	S2-187659657,S3-566380385
S1-92242885	S2-119938345,S2-875823579,S3-729827895,S3-260870612,S3-53957448
S1-75212357	S2-143680911,S3-354685175,S3-727123581,S3-690030381
S1-213526215	S2-132221711,S3-488465459
S1-433391395	
S1-810521118	
S1-230580247	S2-257029423,S2-656840266,S2-31357779,S2-401457543,S3-76754378,S3-623929683
S1-598928613	S2-51197961,S2-597460966,S3-518137416,S3-585905615,S3-753871256,S3-685861740
S1-341300212	S2-48061033,S2-429869603,S2-60660365
S1-368682347	S2-64999417,S2-595275634,S2-485557417,S3-436643782
S1-545361002	S3-687664707,S3-995216600,S3-460963340
S1-248110577	S2-27493913,S3-379894203,S3-662562673
S1-40774426	S2-504312789,S3-725104930,S3-779518476,S3-209457952,S3-833001847,S3-321485589
S1-653756819	S2-918011823,S3-978460429,S3-290051807
S1-283220817	S2-208797633,S3-657140849,S3-196797185,S3-134506018
S1-441536088	S3-139513,S3-733990103,S3-667064755,S3-427816903
S1-686478512	S2-133796624
S1-644330216	S2-592187917,S2-653954310,S3-765905567,S3-580415990,S3-794041552
S1-60174290	S2-513083165,S2-191618354,S2-272355977,S3-286546512,S3-555275166
S1-282624085	S2-618020972,S2-433038104,S3-709121577,S3-618546937
S1-703836178	S2-46677929,S2-134743101,S3-922829172,S3-102256673,S3-540973920
S1-408120041	S2-697371071,S2-419583713,S2-601473665,S3-313203877,S3-833402442,S3-290333852,S3-356382136,S3-468493570
S1-710330578	S2-107331464,S2-747685386,S3-506232103,S3-31283784
S1-173974378	S3-614630363,S3-842422383
S1-541294158	S2-474493643,S3-198541920,S3-172777814
S1-883744419	S2-632922730,S2-914476570
S1-640019032	S2-535904507,S2-502090695,S3-470536992
S1-183096054	
S1-894965317	S2-475685728,S3-374947585
S1-296451403	S2-760952193,S3-830518106
S1-968419338	S2-860474868,S3-191996902
S1-753601044	S3-977190413,S3-552672878,S3-848410284
S1-247172052	S2-375239642,S2-624301939,S2-773066374,S3-743943701,S3-617912390,S3-818773730,S3-676655658,S3-992423095
S1-855680136	S2-781582110,S2-176153765,S3-966020102
S1-227066791	S2-916220185,S3-55522281
S1-255902442	S2-51570681,S2-48837822,S3-307288235
S1-591683803	S2-215781482,S3-322008696,S3-455464930
S1-137893556	S2-305408064,S2-571564765,S2-580346668,S2-776899484,S3-201495441
S1-755634569	S2-809200591,S3-832181646
S1-753646319	S2-524312160,S3-771663351,S3-205849684,S3-582341359
S1-632145193	S2-448281173
S1-348023961	S2-223333485,S3-623463026,S3-242908008,S3-753858824
S1-641158193	S2-642539065,S2-19232932,S2-431365121,S3-593378928,S3-813207830,S3-628988594
S1-411944541	S2-539260016,S2-677330327,S3-294135173,S3-490967176,S3-72977157
S1-439342435	S3-110539902,S3-1027024
S1-745379386	S3-789972196
S1-873405984	S2-315718949,S2-231782359,S3-913670028
S1-30838188	S2-987550468,S3-964005417,S3-29446209
S1-64433593	S2-328184796,S2-417029606,S2-957146017,S3-717688625
S1-441806726	S3-59094207,S3-539302290,S3-492518153
S1-619445160	S2-938532463,S2-512742143,S3-355406039,S3-977907331
S1-811917374	S2-307558575,S3-954010435,S3-196818415,S3-199842978
S1-543640987	S3-240510440
S1-385587793	S3-898723949,S3-801338123,S3-196541201
S1-888865384	S2-473947999,S2-14548500,S3-330379235,S3-570928417,S3-859515742
S1-347031872	S2-135840064,S3-15270509
S1-449978205	S2-486883597,S3-181488323,S3-720571298,S3-928108348
S1-553480450	S3-112497279
S1-101523919	S2-8908035,S3-198078183
S1-433536807	S2-845207420,S2-543619331,S3-995350428,S3-907879799,S3-618394700
S1-522998211	S2-268475561,S2-934527527,S3-648920776
S1-864513358	S2-487937500
S1-791728068	S2-58356163,S2-90090072,S3-211473294,S3-338889021,S3-942572378
S1-831330140	S2-873166655,S2-611005584,S3-895913348
S1-134479938	S2-236782267,S2-307031039,S3-143160695,S3-654508239,S3-363459954,S3-146805347,S3-879905540,S3-575399927
S1-15149880	S2-472703072,S2-187539286,S2-856597893,S2-307447477,S3-452121158,S3-508165113
S1-524928025	S2-258848545,S2-665809824,S3-54853617
S1-929736446	S2-715367534,S2-490616786,S2-160192381
S1-275356155	S2-965795231,S3-326576223
S1-310171708	S2-314283101,S3-308985720,S3-334134437,S3-269478234
S1-680871451	S2-940346934,S2-838617703,S2-271837881,S3-699822437,S3-205381046
S1-189556860	S3-451821898
S1-52984197	S3-514839543
S1-616966017	S2-189728374,S2-502359459,S2-218643062,S3-106107043
S1-233628967	S2-287809366,S2-71601983,S3-561294157,S3-907681057
S1-422181915	S3-280969520
S1-150449949	S2-30632175,S2-474549448,S3-412459143,S3-411971524
S1-987723617	S3-486005979,S3-769903033
S1-703899129	S2-412839971,S2-78141829,S3-776080898,S3-415250156
S1-243153085	S2-189743301,S2-477669113,S3-122569792,S3-992313540
S1-752066703	S2-88397067,S3-352241109
S1-500723277	S2-300214551,S2-884530926,S3-371310914,S3-683945754
S1-980628895	S2-977845275,S3-406228365,S3-293999562
S1-485237861	S2-278322195,S3-617424022,S3-402339874,S3-209514846,S3-85474390
S1-906420661	S2-174609239,S2-863804798,S3-419249994,S3-555739913,S3-570832471
S1-446506583	S2-551379927,S2-777491341,S3-619543255
S1-216014486	S2-30927639,S2-756762469,S3-120617316,S3-59033803,S3-765253170
S1-984686787	S2-535839726,S2-690764340,S2-165566862,S3-617753462,S3-972850950,S3-140447014
S1-511393334	S2-321050539,S2-221989207,S2-905768436,S3-12473468,S3-451957685
S1-790871224	S2-618924372,S2-146098041,S2-363615275,S3-849455007,S3-490139103,S3-742894829,S3-750314226
S1-113377235	S2-669664033,S2-764543711,S3-127984154
S1-907915540	S2-858752820,S2-135866324,S2-403089017,S3-529530752,S3-978305829
S1-701538709	S2-848595610,S2-114609772,S2-554862561,S3-561772630
S1-829645926	S2-211546495,S2-879084662
S1-620112932	S2-181401299,S3-723356891
S1-167591289	S2-454077140,S3-738043156
S1-215586156	S2-22740609,S2-990266181,S3-926365580,S3-269779389,S3-412864393
S1-298094799	S2-46649463,S2-654306212,S3-16864691,S3-545816455
S1-652426303	S2-849355594,S2-956378407,S3-867656898,S3-799589961,S3-567361538
S1-33565930	S2-488422799,S2-961673201,S3-266275382,S3-930076915,S3-834388520
S1-660490810	S2-17424490,S2-949138860,S3-577885986,S3-391484894,S3-424163914
S1-937324852	S2-29662945,S2-227263520,S3-30586171
S1-298696430	S2-969989734,S3-586227952,S3-241292535
S1-422528288	S2-329474863,S2-786010473,S3-165408972
S1-593513657	S2-821694529,S2-207248973,S2-426813891,S3-643159259,S3-327822820,S3-117513591,S3-390630259,S3-294233829
S1-671728370	S2-739378478
S1-126021104	S2-862181637,S2-795693144,S3-150915841
S1-13952076	S2-729593599,S2-374691393,S2-115901561,S3-370449522
S1-590891120	S2-511570904,S3-513756498
S1-568018021	S2-415385704,S3-797530322,S3-604331385
S1-821002487	S2-810654692,S2-870972710,S3-429709784,S3-288245432
S1-947020417	S2-380972472,S2-351035986,S3-921908201,S3-541323580
S1-253941625	S2-712388240,S2-732837634,S2-805294951,S3-568974525
S1-855707951	
S1-790741303	S2-194002785,S2-860623936,S2-451481482,S3-805464993
S1-136225138	S2-154759623,S3-416517641
S1-399357119	S2-560957843,S2-138301805,S2-207120199,S3-925636748
S1-50349421	S2-341543772,S2-61107617,S3-901243227,S3-777554860
S1-77621382	S2-882384067,S2-59143579,S3-354028419
S1-29925288	S2-830055227,S3-689070370,S3-947252780,S3-621646681
S1-728375816	S2-780739040,S2-949411460,S3-989472130
S1-952690804	S2-67496485,S3-558127027,S3-574271801
S1-589121476	S3-919791737,S3-424888580
S1-351059	S2-660786725,S2-504080271,S3-690132382,S3-784734823,S3-289901362
S1-692006971	S2-39248225,S2-65920843,S2-598598138,S3-811506400
S1-749277722	S2-274198943
S1-148699163	S2-272066202,S2-681874038,S3-928332935,S3-340480453
S1-89484272	S2-50013523,S2-560986069,S3-923009192,S3-629646763,S3-117977533,S3-78964426
S1-841310640	S2-617968112,S2-788814535,S2-47941397,S3-429148173,S3-639811105,S3-634679356
S1-497557204	S2-478017269,S3-787762782,S3-922344305,S3-906759718
S1-667712553	S3-592701264,S3-70289841,S3-322725978
S1-960266601	S2-641018236,S3-865497308,S3-551760618
S1-290868965	S2-566717607,S2-169553395,S3-809916377,S3-326052081,S3-568438194
S1-59049248	S2-152991620,S2-666092435,S2-295412451,S2-760966264,S3-968113029,S3-813754671,S3-42093519,S3-970416280
S1-333183211	S2-388058354,S3-3129509,S3-325634874
S1-850194213	S2-708350043,S3-97464388,S3-488679329
S1-55449142	S2-379983249,S2-727995765,S3-991820620,S3-245326186,S3-411646817,S3-226932198
S1-301889541	S2-911214399,S2-422278812,S2-127697957,S3-681198677,S3-936741370
S1-192467957	S2-717411287,S2-837147887,S2-646834524,S3-474951850,S3-167728876,S3-71269536,S3-374540764
S1-472698873	S2-365159863,S2-758218897
S1-971455286	S2-481002105,S3-571365808,S3-540395938,S3-394328413,S3-220903290
S1-425766485	S2-398355686,S2-751010511,S2-147437936,S3-486906457
S1-752349961	S2-403112908,S2-788095749,S2-163189745
S1-925913107	S2-420337145,S3-208065037
S1-635844902	S2-654908778,S3-941447618,S3-497582479
S1-250038379	S2-813832323
S1-65837813	S2-931751150,S2-381159204,S2-452919413,S2-275173880
S1-494198880	S2-348732962,S2-911327590,S2-127970506,S2-713733160,S3-347174570
S1-329741632	S2-300408161
S1-85608757	S2-807461297,S3-503838072,S3-167337712,S3-692614569
S1-309866503	S2-662798891,S2-932794129,S3-53092204,S3-136206913
S1-893265919	S2-818556271,S2-685458802,S3-817874574,S3-129796706,S3-376675122,S3-293717488
S1-112222336	
S1-190813373	S2-820942906,S3-875681290
S1-252250160	S2-231589376,S2-203539277,S3-237729679
S1-596023970	S2-477365594,S2-24670041,S2-367343794,S3-883676164
S1-871140944	S2-566795770,S2-434299868,S2-261164685,S3-347251547
S1-666882889	S2-155185270,S3-114981396
S1-976880145	
S1-452512492	
S1-66941118	S2-867201646
S1-272867703	S2-572406979,S3-380008504,S3-563140815
S1-770428076	S2-785258651,S2-577444414,S3-677809455,S3-851668325
S1-106280670	S2-199833278,S3-849833911
S1-668387581	S2-183002445,S3-244228216,S3-766718577,S3-107489500
S1-844937121	S3-250247822,S3-952552768,S3-790108144,S3-802508512,S3-825909497
S1-276473906	S2-976615855,S3-572051657,S3-803593938
S1-959628704	S2-517577690,S2-31685698
S1-658952397	S2-653273831,S2-556452184,S3-485265163,S3-389381262
S1-31107640	S2-823613215,S2-865038406,S2-987275334,S3-292526157
S1-315640999	S2-212539164,S2-111635881,S3-743559512
S1-222217518	S2-88960483,S2-362787195,S2-306280301,S3-710791203
S1-903470091	S2-521844400,S2-587645341,S2-380473874,S3-10297255,S3-758182461,S3-167861792
S1-480110507	S3-39694084,S3-308564798,S3-856629701
S1-608219119	S2-241143709,S2-542784665,S3-447493729
S1-689536605	S2-446690451,S3-594519078,S3-188061708
S1-929029354	S2-351280517,S2-336976629,S2-591502858,S2-271145681,S3-294462640
S1-278741455	S2-428574829,S3-591851556
S1-179697632	S2-165424240,S2-388124898,S2-362922777,S2-82863355,S2-476868508,S3-824967457
S1-821249345	S2-485715344,S2-625444180,S3-509154509,S3-381066767,S3-923238632,S3-285512215
S1-648556135	S2-580612330,S3-143254565,S3-677254655
S1-861705958	S2-3390881,S2-821615211,S3-658947938
S1-454565655	
S1-850536235	S2-343462127,S2-672448769,S3-287016053
S1-356885537	S2-468586351,S2-937421905,S3-324174242,S3-181292528,S3-377100199
S1-628087603	S2-719977404,S2-610025778,S2-775299327,S2-103922927,S3-891627928,S3-996509443,S3-141698771,S3-879953346
S1-621413589	S2-480970952,S2-348601436,S2-260928878,S3-364882377
S1-972405073	S2-691144814,S3-226467916
S1-237965030	S2-610891317,S3-311403638
S1-964263409	
S1-833618334	S2-397130081,S2-399780843,S2-32339477,S2-42383783,S3-914852916,S3-391590191
S1-209610735	S2-487055044,S3-108202178
S1-620896067	S2-621664,S2-523803851,S3-172790007,S3-803974732
S1-29360637	S2-104107758,S3-441641832,S3-823782300
S1-262139668	S2-899186542,S2-853296172,S3-578202801,S3-204882674,S3-851311321
S1-646631871	S2-129934578,S3-351866587
S1-431916688	S2-450067599,S2-926054324,S3-647262534
S1-196510261	S2-376637961,S3-145809123
S1-289802650	S2-323434608,S2-163297142,S2-947351918,S3-990319442
S1-855368023	S2-206870262,S2-672947425,S3-364740446,S3-389499904,S3-748830858
S1-40005498	S2-275762927,S3-178661635,S3-32417575,S3-495441214
S1-297927264	S2-215899998,S2-333690407,S3-193312554,S3-356854027
S1-552318638	S2-567898276,S2-553084306,S3-801460038
S1-263481441	S2-606159655,S3-896024162
S1-234696153	S2-944670639,S2-156673809,S3-619215160
S1-330365145	S2-736246563,S2-653038168,S2-53706580,S3-744391862
S1-378420549	S2-612122177,S3-860003407
S1-811869917	S2-602426305,S3-36190637
S1-374947114	S2-328457051,S3-215169753,S3-223322016
S1-675337878	S3-867168405,S3-147439887
S1-440138741	S2-933272364,S2-659081702,S3-344144500
S1-245739155	S2-727766200
S1-409032010	S2-50286925,S3-464151015,S3-952885992
S1-678153845	S2-384324893,S2-145910429,S3-748285669
S1-733687656	S2-448931428,S3-467480375,S3-317197462,S3-392145785
S1-326162197	S2-471059348
S1-805122560	S2-921529671,S3-611840054
S1-900059020	S2-776146290,S2-984460575,S3-88304827
S1-763288535	S2-213196111,S2-693101045,S3-767917371,S3-889553843,S3-610789897,S3-279149002
S1-341931191	S2-384593616,S3-243027234,S3-95840856
S1-145211180	S2-219873319,S2-248557942,S2-270465773,S3-115366149,S3-380301739,S3-210137757
S1-715773545	S2-677026243,S2-8655129,S3-461310669,S3-793650299
S1-580846286	S3-250834980
S1-972029610	S2-327509905,S2-574472735,S2-248971591,S2-860761298,S3-286329953,S3-217267971,S3-239424290,S3-905301059
S1-851236786	
S1-748088100	S2-856497740,S2-938928592,S3-959992660,S3-606983469
S1-805830966	S2-525924896,S2-601230883,S3-897612592,S3-472456870
S1-717551406	S2-572147472,S3-355889455,S3-394316,S3-123309725
S1-364417526	S2-134784457,S2-762182911,S3-205857261,S3-590252663
S1-12356535	S2-289430212,S3-554733079
S1-31945465	S2-430236241,S3-165248880
S1-172810269	S2-270170030,S2-393346745,S3-580979905,S3-686171247,S3-96362108,S3-967855692
S1-768029488	S2-484506035,S3-488260311
S1-610725516	S2-358606728,S2-692583927,S2-571159912,S3-748355323,S3-818215465
S1-885185102	S2-832869339,S2-978641883,S3-730750980,S3-758354968,S3-866652883
S1-379748429	S2-208285683,S2-224498576,S3-305418293,S3-25498352
S1-78809254	S2-865564185,S3-316558441
S1-157211572	S2-60827420,S3-416953670
S1-50228024	S2-923432628,S3-621532304
S1-128971915	S2-527321154,S2-959404371,S3-962370769,S3-385653954
S1-803141736	S2-401886231,S3-594037338,S3-924295628
S1-997093198	S2-419974188,S3-621300377,S3-844256594
S1-969659303	S2-265756038,S3-203928655,S3-674649256
S1-814721789	S2-280180593,S3-477265222,S3-596254480,S3-363198253
S1-250109857	S2-352782007,S2-141813366,S3-131754692,S3-206813160
S1-706168741	S2-542978626,S3-169966187
S1-437087871	S2-869895362,S3-149949683,S3-162049976
S1-909958627	S2-695180458,S3-104583119
S1-861475628	S3-905148442
S1-188557176	S2-927022839,S3-121093551
S1-143407118	
S1-598884500	S3-562150155,S3-48081335
S1-890379480	S2-194388612,S2-309216430,S2-756026124,S2-936994370,S3-884717915
S1-735142207	S2-718118932,S3-895658400
S1-606581781	S2-349650497,S2-127500822,S2-218614894,S2-722690699,S3-727228867
S1-763172947	S2-769259836,S2-772273990,S3-993959090,S3-375003971
S1-480619726	S2-335348632,S3-384223725
S1-923153482	S2-416153455,S2-80537757,S2-643485555,S3-417579225,S3-218985997,S3-203052625
S1-321566773	S2-846180043,S3-892570113,S3-480029772
S1-416222422	S2-562740374,S2-597572837
S1-361825697	S2-123170535,S2-945571727,S2-234980837,S3-428666694
S1-946433236	S2-309790907,S3-343726365
S1-629008567	S3-717295106,S3-499858188,S3-630891522
S1-450754007	S2-430727593,S2-773527007,S3-37045001
S1-298446299	S2-307994716,S2-357156283,S3-97769979
S1-921342430	S2-631625213,S3-55723948
S1-212236522	S2-941210032,S2-309601164,S3-721009200,S3-231813607,S3-241343006
S1-267751309	S2-531636201,S2-154519392,S3-236073761,S3-566919575
S1-141184199	S3-315151330,S3-41713171,S3-476924039,S3-824224042,S3-102651719
S1-572607788	S2-478399166,S3-150784363,S3-54472330
S1-819887759	
S1-460251138	S2-398740484,S3-314417352,S3-809957613,S3-349610685
S1-350750737	S2-639076364,S2-462745449,S3-556875502
S1-298827729	S2-738721507,S3-818716052,S3-259952403
S1-42148360	S2-105120967,S2-638981801,S3-567020759
S1-779036943	S2-466012849,S2-959675274,S3-548063213,S3-871497892,S3-293852535
S1-109987060	S3-350835203,S3-410555382
S1-768293456	S2-173442368,S2-756305078
S1-972581018	S3-848401610,S3-160537368
S1-620782397	S2-907460428,S2-300154653,S3-218467131,S3-53528647,S3-178818906,S3-146117206
S1-125886826	S2-501901911,S3-284104697
S1-477428861	S2-40238789,S2-714293699,S3-435102270,S3-417515560
S1-543166933	S2-285498171,S2-989733930,S2-961543241,S3-773672515
S1-922209142	S2-72443432,S3-494055663
S1-652364755	S2-460180329
S1-718210222	S2-958042452,S3-131162945,S3-370017872
S1-662486161	S2-608813376,S3-27240998
S1-932680658	S2-802660953,S2-973310871,S3-587566455
S1-334959193	S2-172486203,S2-156927253,S3-431876193
S1-985958095	S2-517503799,S3-504444044
S1-518350537	S2-483001136,S2-100926914,S3-244191189,S3-530550089
S1-932627145	S2-503933608,S2-250185770,S2-38655998,S3-630926088
S1-155824340	S2-708169626,S2-727534490,S2-493245806,S2-974398707,S3-213760369,S3-968117846,S3-213949954,S3-798493309
S1-368095215	S2-353671472,S3-667191842,S3-587353504
S1-444636427	S2-874100112,S2-936402447,S2-112049806,S3-551752808,S3-669934636
S1-326421680	S2-744028479,S2-738750123,S3-592362262,S3-824372099,S3-464184575
S1-313996211	
S1-986895051	S2-233992280,S3-95002835,S3-546216943,S3-365496970
S1-239125643	
S1-745266249	S2-791762568,S3-945325241
S1-24910850	S2-808609517,S3-564861634,S3-131264664
S1-661355299	S2-432245948,S2-580057838,S2-675072589,S3-619410837
S1-124221241	S2-726016474,S3-269563756,S3-196567962,S3-242758059,S3-616634079
S1-220531499	S2-720817460,S3-479206061
S1-777583218	S2-564770949,S2-614147851,S3-813678277
S1-245626234	S2-549834745,S3-212905303,S3-442711370,S3-217980579
S1-399827405	S2-950390283,S3-542834269,S3-944563162,S3-91150517,S3-175996051
S1-498117073	S2-295977312,S3-112786453,S3-123989854
S1-647765492	S2-391590746,S2-187211391,S3-643137202,S3-672974228,S3-443859342
S1-709634061	S2-721736587,S3-83729415,S3-715954178,S3-194623668,S3-594887669
S1-654447155	S2-942676120,S3-228728375
S1-245840988	S2-420272694,S2-269331075,S3-112770915
S1-609869388	S2-379406418,S2-136668538,S3-580893526,S3-235661816,S3-965918451,S3-764838778
S1-883486695	S2-76685214,S3-276352874,S3-601122450
S1-688579903	S2-261744182,S3-349488579
S1-590976736	S2-315269242,S2-821169850,S2-387952800,S3-484277573,S3-347611455
S1-765113764	S2-673962372,S3-370799593
S1-488227722	S2-277035581,S2-407329256,S3-729872003
S1-469168210	S2-325578108,S3-490246727,S3-805141173
S1-256743411	S2-219813260,S3-545050554,S3-292735099,S3-505955354
S1-429721088	S2-547150235,S2-150740604,S3-146478376,S3-28278173
S1-709050884	S2-912432898,S2-909334801,S3-410360086,S3-311666154
S1-787824416	S2-137897909,S2-301405627,S2-4429447,S3-377326572,S3-179337814
S1-755334581	S2-85176561,S3-528723050
S1-805343668	S3-954572194,S3-143035863,S3-828733564
S1-847777793	S2-90922054,S2-59152974,S3-785271954,S3-15214194
S1-744162258	S2-457152302,S3-562938183,S3-341935826,S3-992386960
S1-49744410	S2-911051104,S3-830907784
S1-336740254	S2-910310157,S2-14827675,S2-697531685,S3-95259548,S3-504967881,S3-57329901,S3-761655205
S1-34010672	S2-242262139,S3-151579708
S1-347043475	S2-45544670,S2-523073916,S3-385626090,S3-113952955
S1-295654467	S2-354829759,S2-115219339,S3-313975381,S3-199461424
S1-743383888	S2-696074501,S2-291111314,S3-743889460,S3-661876926
S1-470149636	S2-397534733,S3-884543316,S3-613022975,S3-705142669,S3-97028350,S3-749567707
S1-109066387	S2-159982499,S2-92186551,S3-397916620,S3-956019310,S3-827496583
S1-572408282	
S1-959182550	S2-924097329,S3-839297874,S3-160768819
S1-716184993	S2-132380732,S3-855974532,S3-981020175
S1-872325592	S2-410906256,S2-246142734,S2-818284986,S2-514575309,S3-891421269,S3-787308775,S3-651043825,S3-180930491
S1-844880880	S2-950708433,S2-392316793,S2-336811624,S3-303228667
S1-790807664	S2-861131748,S3-735350697,S3-348206104
S1-93368873	S2-62647683,S2-182155479,S2-184150393,S3-379971995,S3-324603026
S1-101379147	S2-248814189,S3-727671041,S3-284608787,S3-55527462
S1-856298261	S2-148801709,S2-651159653,S3-747580140,S3-616180652,S3-655228159
S1-71262967	S3-692175305
S1-206358776	S2-954292760,S3-360238553,S3-899357630,S3-744998762,S3-471964465,S3-56907169
S1-371855292	S3-44935858
S1-886134714	S2-627739725,S3-356862305,S3-398414926
S1-684635334	S2-410150211,S2-760896514,S2-37857747,S3-432724593,S3-688048465
S1-90182832	
S1-580646084	S2-239560701,S2-208763855,S3-151216693
S1-533688605	S3-211791835,S3-432800130
S1-143455565	S2-836211994,S2-117046199,S2-744988799,S3-407115500,S3-42289724,S3-949888981
S1-284433828	S2-22895576,S2-948760252,S2-459006592,S2-648656024,S3-644130370
S1-566661368	S2-482709004,S3-910245921,S3-491213307,S3-439696523
S1-856187192	S2-548399272,S3-219948039,S3-954880925,S3-383535095
S1-626286874	S2-278550118,S3-976135498,S3-527216821
S1-715952662	S2-164483467,S3-452323304,S3-951420440
S1-287389280	S2-553735299,S2-513744239,S2-143177746,S2-740215255,S3-300988674,S3-267155673
S1-601768605	
S1-536521577	S2-194582513,S3-554036060
S1-62902306	S2-549131137,S2-960091398,S3-502466761
S1-688772288	S2-220280037,S3-905128804
S1-10847137	S2-21290039,S2-544578548
S1-232999051	S2-84053150
S1-595014478	S2-786726569,S2-777534080,S2-632828898,S2-205810661,S3-250668772
S1-422562792	S2-615611208,S2-862795821,S2-968175670,S3-993853836,S3-556615062,S3-829255572,S3-425578874,S3-49460947
S1-764314241	
S1-478796626	S2-580341864
S1-473173655	S2-252285059,S3-979986514,S3-987309585
S1-477253595	S2-739162661,S2-952344915,S2-378354695,S3-232574154,S3-412203978
S1-259176421	S2-335629731,S3-237489568
S1-341541692	S2-249694191,S3-56984874,S3-305698085
S1-787809036	S2-421980126,S2-736524079,S3-486783029
S1-996148803	S2-780445103,S2-811712973,S2-342382403,S3-109389575
S1-107409844	S2-444769239,S3-147425402
S1-837777334	S2-777082951
S1-489653045	S2-191367554,S3-316919805,S3-988654570
S1-228765289	S2-621975062,S3-800709862,S3-361238265,S3-865501833
S1-783154704	S2-554974260,S3-416591297,S3-402232986,S3-445885206
S1-971576070	S2-141052289,S2-81359709,S2-979981836,S3-213784684
S1-350144561	S2-474815180,S2-970491003,S2-430645144,S3-588891167,S3-837613118
S1-214140193	S2-677943439,S2-149499709,S3-370195906,S3-137135137,S3-803569379
S1-494940032	S2-687716011,S3-481519159,S3-823772003
S1-264497046	S2-722134819,S2-772836459,S2-850990618,S3-478249521,S3-244159280
S1-145083963	S3-45525151
S1-833906105	S2-446748029,S3-110963909
S1-245319701	S2-863797930,S2-370209842,S3-482880144
S1-441934059	S2-847480518,S2-380130656,S2-150874988,S3-950810489,S3-732849771
S1-330835382	S2-635833580,S2-819511882,S2-317707961,S3-403498447
S1-455722545	S2-608579811,S2-509178069,S3-60210442,S3-999902288
S1-950434561	S2-207862994,S2-220705529,S3-175729222,S3-246977888
S1-709364117	S2-137384847,S2-215726906,S3-606915331,S3-811791186,S3-814809818
S1-156386805	S2-200708573,S2-15397286,S3-836286863
S1-288488938	S2-448938088,S2-97660999,S2-577179462,S2-563017639,S3-492751262
S1-924469106	S2-429399570,S2-25402202,S3-551136451,S3-108397795,S3-244645270
S1-75336456	S2-286948506,S3-520932753,S3-329561283
S1-455845002	S2-67528900,S3-160278227,S3-435885250,S3-990030645
S1-823908872	S2-163947668,S2-884798297,S3-277221106,S3-501968193,S3-937359908
S1-590108988	
S1-922084305	
S1-778832618	
S1-583158307	S2-138156674,S2-124928397,S3-173839008,S3-496065996,S3-719445403
S1-155377157	S2-483535628,S2-423342632
S1-990267484	S3-611599298,S3-853412238
S1-784899432	S2-673305076,S2-740567117,S2-321217054,S2-192880855,S3-862303396,S3-833514817,S3-586445031
S1-757203523	S2-864559067
S1-342376844	S2-564915638,S2-476889663,S2-856040033,S3-343597553
S1-521708495	S2-712492602,S3-616378236,S3-10770103
S1-564197540	S2-190238250,S3-665798671,S3-985531125
S1-897912576	S2-256608025,S2-124919905,S3-198061989
S1-800078392	S2-171274623,S2-777649497,S3-172018431,S3-963248639
S1-915243959	S2-618306389,S2-37531674,S3-799831004
S1-174383743	S2-312747453,S2-692503667,S3-56643341
S1-533264074	S2-746257419,S2-400564722,S2-345025776,S2-913558416,S2-819326914,S3-146311652
S1-668979887	S2-192630625,S2-930101748,S2-859051248,S3-417386231
S1-397593053	S2-884172441,S2-681909025,S2-600731640,S3-654614292,S3-363699317,S3-673235880
S1-13333357	S3-876274031,S3-958232291
S1-592854949	S2-599482060,S2-514129513
S1-525414715	S2-617924710,S2-670584672,S2-870022142,S2-103940481,S2-578455245,S3-389430688
S1-634794383	S2-344853235,S2-548138711,S3-417789149,S3-260762351
S1-463956181	S3-436796588
S1-457770988	S2-274588541,S3-943270470,S3-964525673,S3-832780708
S1-314174468	S2-61445660,S2-564718238,S3-537410329
S1-622261036	S2-974641050,S2-711923115,S3-612506205,S3-13897598
S1-370617898	S2-75721203,S2-512633452,S3-835585648,S3-349676524,S3-99524830
S1-972512589	
S1-611602629	S2-553943055,S2-634652987,S3-135625587,S3-554057092,S3-398317914
S1-380905413	S2-773760816,S3-592242887,S3-606422351,S3-80202679
S1-47607355	S2-624077907,S3-490084071
S1-62770465	S2-484983369,S2-970854843,S2-862042546,S2-502408576,S3-407433387,S3-769123112
S1-831205798	S2-36054984,S2-484538979,S3-371095817,S3-713353484,S3-608950506
S1-667310304	S2-225837233,S2-196614305,S3-588196388,S3-200138075,S3-295914823,S3-159359436
S1-263088495	S2-35433513,S2-565853142,S3-805537550,S3-984730710,S3-639302511,S3-443479801
S1-654248035	S3-474233450
S1-186235835	S2-203866929,S3-381817374,S3-148976913
S1-373863004	S2-597261548,S2-276573723,S3-664901450,S3-296168075
S1-743125514	S2-424361162,S3-128348493,S3-569267547,S3-955786265
S1-897159548	S2-674829943,S2-435718832,S2-618051882,S2-742759611,S3-650338239
S1-813104834	S2-716039631,S2-626367831,S3-844041829,S3-290235045
S1-215131229	S2-315863632,S2-496921880
S1-947504295	S2-645870172,S3-212481970
S1-514784254	S2-545537845,S3-892431764
S1-154967734	S2-782486374,S3-604601876
S1-762259502	S2-141793351,S2-36056869,S3-659870314,S3-348313621
S1-140280682	S2-186394589,S2-847698572,S2-857165881,S3-869127522,S3-706674153,S3-57863189
S1-305055053	S2-636338059,S3-839009547,S3-467080533
S1-923081796	S2-845952323,S2-171061315,S2-900595938,S3-479106098,S3-501789843,S3-554440196
S1-449116872	S2-354523673,S2-575193900
S1-599206877	S3-297159663,S3-921838977,S3-132651759,S3-107756740,S3-480718919,S3-119392744
S1-564668117	S2-517862913,S2-627006947
S1-682372393	S2-11301808,S2-949744902,S2-603448305,S3-151768955,S3-93924661,S3-411068263,S3-545920675
S1-25808258	
S1-884833496	S2-214181544,S3-482531833,S3-68768597
S1-175586370	S2-359147196,S2-686031379,S3-707961662
S1-896659153	S2-980417342,S3-914139801,S3-791915550
S1-473658287	S3-416192919,S3-998249393
S1-912475696	S2-393404267,S2-910667083,S3-331097663
S1-500821594	S2-946407870,S3-500104320
S1-25915926	S3-903960267,S3-562814577
S1-561110176	S2-567166944,S2-486140938,S2-660191321,S3-882085922
S1-739302308	S2-559310070,S3-229729312
S1-773541531	S2-585206749,S2-929267149,S3-628519276
S1-734250114	S2-394751507,S2-221563524,S2-450052254,S3-669413658,S3-685910757
S1-445492289	S2-505803960,S2-320716515,S3-588631633,S3-427200831,S3-117238378,S3-340129769
S1-784714701	S2-385856392
S1-182493568	S2-335401929,S2-288114518,S3-468512163
S1-766781623	S2-31924887,S3-861667084
S1-585471327	S2-986317261,S2-334027126,S2-263354505,S3-229545095
S1-843946098	S2-266053596,S3-210813936,S3-164411277,S3-75332610,S3-981256376
S1-231680377	S2-571976405,S2-652396217,S3-627400993,S3-501759614
S1-237417820	S3-190043859,S3-700838024,S3-782520474
S1-940311551	S2-934591418,S2-762115540,S2-284248944,S3-766466636
S1-863918350	
S1-286410402	S2-232871558,S3-77458126,S3-310168543
S1-659445044	
S1-745884855	S2-591273283,S3-876365339,S3-850118115
S1-216723568	S2-786085646,S3-709828765
S1-800032885	S2-186403859,S2-972388147,S3-976759151
S1-301867618	S2-170986915,S2-71206164,S2-695125728,S3-846833801
S1-768293294	
S1-32146705	S2-476525770,S3-373802231
S1-165991619	S2-565490299,S2-659648848,S3-419682289,S3-815261782,S3-667394414,S3-712478365,S3-86566435
S1-99356136	
S1-186117048	
S1-519939685	S2-629965526,S3-334100933
S1-388868828	S2-523797997,S2-770825387,S3-560846403,S3-478194651
S1-748593765	S2-165211118,S3-550606810,S3-847958759
S1-860660725	S2-625532586,S2-159743124,S3-140699510,S3-225998404,S3-799814880
S1-585191689	S3-317619089
S1-978019556	S2-750278862,S2-925948548,S2-574308325,S3-1910595,S3-349214710,S3-288722280,S3-907102131
S1-785465694	S2-67150976,S2-703800605,S2-711051534,S3-899844934,S3-281547909,S3-900692398
S1-189098200	S2-452439621,S2-61066060,S2-960525729,S2-648112875,S3-535278672,S3-729557600
S1-574161010	S2-921446582,S3-253960189,S3-531358742
S1-18957160	S2-570568200,S2-456865044,S3-362865403
S1-196919763	S2-625109966,S3-166940796,S3-916045487,S3-652571690,S3-680041084
S1-520590106	S2-496692110,S2-621865596,S3-592826455
S1-916032255	S2-189529294,S3-934721842
S1-950104453	S2-839905465,S2-900568456
S1-799357480	S2-246042761,S2-959609352,S2-373863651,S2-232746081,S3-906501353,S3-153933505,S3-779848555
S1-733093309	S2-691319729,S3-488592963,S3-977849387
S1-719458535	S2-871158543,S2-311703927,S3-330447074,S3-192295723,S3-752577916
S1-764131626	S2-385914392,S3-95853967
S1-871493547	S2-358338317,S2-790940811,S3-865708172
S1-867271949	S2-565375652,S3-989487167
S1-783882586	S2-401622591,S2-524276227,S2-965867467,S3-747873614,S3-159771513
S1-715269153	S2-265053779,S2-608720168,S3-267119298
S1-693409906	S2-393512709,S2-13021525,S2-443494934,S2-639712028,S2-660664742,S3-529364547,S3-985936959
S1-67215591	S2-102460337,S3-918443461
S1-563461939	S2-869109416,S2-309787767,S3-169157431,S3-190613137,S3-901460832,S3-40835702
S1-219898630	S2-154540630,S3-59370163
S1-372852502	S2-372626343,S2-655837398,S2-81155706,S3-872747505,S3-351194198
S1-493594658	S2-7392299,S3-925751671,S3-417811242
S1-989596134	S3-423172788,S3-420206982,S3-499848683
S1-761529188	S2-317102035,S2-562305552,S3-587213352
S1-407759614	S2-804596588,S2-820156378,S2-289036211,S2-558595906,S3-932180864,S3-529112651,S3-588779387,S3-160104132
S1-316693236	
S1-733124724	S2-957750285,S2-485413449,S3-189341103
S1-297974007	S2-21363903,S2-109204326,S3-711266610,S3-804351128,S3-485135194,S3-518756419
S1-186310766	S2-366141801,S3-886257006,S3-863765193,S3-471993111
S1-446970950	S2-482547432,S3-534117231,S3-668571632
S1-825154204	S3-543699367
S1-322361331	S2-770616024,S2-633696641,S2-555923678,S3-386192615
S1-587650127	S2-607442789,S2-576059274,S3-120599736,S3-97203418
S1-942932885	S2-925683188,S2-377866183,S2-351063292,S2-76997204,S3-338275443,S3-624102589,S3-763114135
S1-784272497	S2-852816655,S2-78495359,S3-61715913
S1-537095985	S2-582096509,S3-902071479,S3-122181426
S1-565173617	S2-262332426,S2-215129475,S3-332369790,S3-97837686
S1-738873670	S2-486043354,S2-62352910,S3-90054053
S1-702118573	S2-525011467,S2-382520117,S2-384887504,S3-722403064,S3-980592064
S1-759578494	S2-365659485,S3-586324707
S1-89731812	S2-466505679,S2-301666768,S3-971639236,S3-815543367,S3-505204466
S1-601340607	S2-966131501,S3-396432438,S3-283668071,S3-798210269
S1-506908107	S2-787110148,S2-761791629,S3-341428208,S3-181578601,S3-524589757,S3-228057252
S1-491364942	S2-189890733,S2-106207052,S2-968984005,S3-473391818,S3-438428650
S1-389540949	S2-322641168,S2-88325731,S3-416672770
S1-400719149	S2-535911502,S3-115519138
S1-940272094	S2-430767835,S2-509650914,S3-214196831,S3-993272566
S1-849619780	S2-983427196,S2-949057305,S3-36120878,S3-537396289,S3-31922667
S1-415809474	S2-43730915,S3-225604829,S3-985147211
S1-33378076	S2-233566933,S2-34280291,S3-783048707,S3-610604587
S1-595546401	
S1-41992844	S2-183492378,S3-535581086,S3-817260285
S1-981818742	
S1-888262486	S2-194767345
S1-320665262	S3-558962458,S3-78539251,S3-634749569
S1-401399856	S2-834951147,S2-46368337,S2-953763858,S2-284401859,S3-383811681,S3-355448768
S1-864667634	S2-906251902,S3-452152154,S3-428207564
S1-718262114	S2-965501360,S3-792610504
S1-652366820	S2-114395710,S2-451914233,S3-136936298,S3-859150237,S3-747992318
S1-547080068	S2-3566198,S3-625289878
S1-518734292	S2-394281619,S2-553620519,S3-240778223,S3-164663457
S1-931576918	S3-288143794
S1-670813799	S2-742435136,S2-695474106,S2-996591451,S3-766189964,S3-437268931
S1-249020523	S2-716287236,S2-301073709,S2-514436266,S2-18959375,S3-875721564,S3-34623188,S3-776504449,S3-760649946,S3-799930009
S1-629964682	S2-227067866,S2-482100120,S2-684695297,S3-994271449,S3-497685821
S1-618932339	S2-458347618,S3-481847679,S3-596630644,S3-334446685,S3-591970115,S3-301594386
S1-588340023	S2-745014297,S3-373834283,S3-933097038,S3-448522838,S3-987890120
S1-807440145	S2-653143442,S2-584557740,S3-972614091,S3-583204728,S3-816569993,S3-994027313
S1-705999378	S2-161940913,S3-581225584,S3-334234784,S3-671001132
S1-369470781	S2-993138630,S2-105155911,S3-725104922,S3-691665326,S3-322411473,S3-290566020,S3-440064566
S1-81485673	S2-785346236,S2-225378919,S3-65199647,S3-488550800,S3-260466872
S1-161722350	S2-450193985,S3-898104314,S3-248220501
S1-327168899	S2-931337251,S3-720166889,S3-192129658
S1-713381727	S2-938120249,S3-990367453,S3-59454101,S3-925063017
S1-516397028	S2-531728140,S2-514066976,S3-456826344,S3-366314810,S3-589435444,S3-848778503
S1-632300979	S2-817039811,S3-17112540,S3-948403952,S3-856926411
S1-256624938	S2-989208068,S2-841972758,S3-334362058,S3-146406789,S3-12561367,S3-205501022
S1-472956926	
S1-802662280	
S1-316553475	S2-526488830,S3-65611083
S1-789074982	S2-967591876,S2-697639624,S2-114614966,S3-86973425
S1-157282787	S2-180635428,S2-628649699,S2-712034422,S3-878496982,S3-623674150
S1-80800937	S2-45774600,S3-922586977,S3-88241063,S3-693367693
S1-605812875	S2-496443141,S3-336070192,S3-427510336
S1-980861098	S2-816192610,S2-637737228,S3-490700046,S3-923159453
S1-346979140	S2-406194861,S2-4368523
S1-843039135	S3-240207021,S3-432593872
S1-134776127	
S1-645467632	S2-178080374,S3-226892074
S1-514428518	S2-870171340,S2-455835923,S3-799074322,S3-574516475,S3-772974448,S3-265041210
S1-284169514	S2-506992005,S2-533524132,S2-233336957,S3-286474921,S3-871897986,S3-432286896
S1-325962334	S2-436192659,S2-733396667,S2-658950572,S2-585335374,S2-537335042,S3-484817500,S3-776336549
S1-504646721	S2-228440640,S2-376031429
S1-741145826	S2-260238580,S3-615709648
S1-771152193	S2-447966261,S3-205602277,S3-872754541
S1-452695172	S2-469116585,S2-97403083,S3-654869257
S1-958563602	S2-141221031,S2-893346441,S3-218725425,S3-174703433
S1-382735684	S2-862107296,S3-517361943,S3-731065819
S1-568797405	S2-746563686,S2-148662744,S2-259487579,S2-896102755,S2-228567556,S3-955616007,S3-686558012,S3-128734958,S3-916242125
S1-836089981	S2-88307818,S2-951674255,S3-943123101
S1-797969329	S3-750734780,S3-119329921,S3-845453942
S1-956949773	S2-950810874,S3-377535412,S3-260942304,S3-903878838
S1-148671833	S2-93770105,S3-31239439
S1-463388982	S2-128882229,S2-964369960,S2-27124734,S3-82772849,S3-657039587
S1-312558596	S2-162416213,S2-594704103,S3-113081654,S3-952931883,S3-685486588,S3-532073225
S1-15318832	
S1-69282966	S2-697237845,S2-722118329,S3-782495223,S3-453098580,S3-963840765
S1-333418011	S2-400248854,S2-728517948,S3-88893133
S1-771487661	S2-574096457,S3-869669218,S3-548439068
S1-847958396	S2-609860421,S2-59468453,S2-975072047,S3-206290841,S3-604473054
S1-206937937	S2-162323239,S2-279522801,S3-952028143,S3-537441074
S1-5067476	S2-550025192,S3-415056907,S3-529086735,S3-954245794,S3-701914623,S3-665479846
S1-912572037	S2-536620462,S2-773054133,S2-996365592,S3-947488537,S3-928272491
S1-33340496	S2-275987173,S2-294702851,S3-436656687,S3-965091749
S1-761083268	S2-854425718
S1-292615208	S2-442644857,S2-828291076,S3-96434998,S3-379055321
S1-279164	S2-558092123,S2-162707410,S2-295468115,S3-509951588
S1-667929994	S3-456137351,S3-600775278
S1-162747580	S2-684494666,S2-436750905,S2-837682499,S2-771357378,S3-609091954
S1-417228899	S2-376136138,S3-44242210
S1-475637752	S2-490041389,S2-389773338,S3-851713183
S1-520442103	S2-393771338,S2-155581194,S2-464180189
S1-161984764	S2-597142710,S2-745119505
S1-57437229	
S1-120910478	S2-485845033,S2-412002677,S3-811603204,S3-822678649,S3-96276409
S1-488273528	S2-486209424,S2-512886966,S2-571537561,S3-626123222
S1-380560683	S2-201747610
S1-207624026	S2-419962399,S3-198361778
S1-198840872	S3-552479084
S1-476196931	S2-835834900,S3-971947891,S3-23531833
S1-204154330	S2-712115099,S2-173009409,S3-637161184,S3-598807382
S1-475946659	S2-42503265,S2-487591005,S2-608492799,S3-958598844
S1-516655923	S2-738544962,S3-914201288,S3-279038050
S1-875147664	S2-263363163,S2-618228387,S3-13614813,S3-979019335
S1-716124802	S2-166777568,S2-914108289,S3-334064913,S3-427125489
S1-127510231	S2-862598417,S2-701677242,S3-684068930
S1-403818724	S2-80723220,S3-747758375,S3-794211672,S3-191969619
S1-420618590	S2-901279969,S2-865521812,S3-969269965
S1-666328864	S2-345648313,S3-919491677
S1-39574654	S2-659765267,S2-663208863,S3-13276669
S1-67632100	S2-525008938,S2-907630199,S2-146266836,S2-378172289,S3-175890604
S1-351536569	S2-552775701,S2-53295308,S2-797170797,S3-312943440
S1-71391925	S2-173357958,S2-283432217,S3-174772471,S3-252172898,S3-194368574
S1-217495286	S2-846324868,S2-736364961,S3-127802054
S1-732389739	S2-955951046,S2-581414139,S2-58373792,S3-2922595,S3-767050481
S1-137170071	S2-985342317,S3-710114326
S1-32305183	S3-953122476,S3-954516379,S3-592961508
S1-245578649	S2-399980989,S2-661061434,S3-275383380
S1-181668037	S2-930517848,S3-123219726,S3-379799589,S3-908377306
S1-873301150	S2-480697717,S2-232463454,S3-787955272,S3-500229401
S1-338083300	S2-545046509,S2-93792588,S2-304819963,S2-346698291,S3-188537450,S3-25756059
S1-98029401	S2-857320814,S2-543826193,S3-262410798,S3-128043579
S1-123196325	S2-517979987,S2-190717977,S2-903956025,S3-822817306,S3-773223725,S3-867634091
S1-238274448	S2-935063378,S3-970652205,S3-666476701
S1-880266671	S2-516760328,S2-833974184,S3-338213129,S3-752923241
S1-897995268	S2-799843952,S2-702990351,S2-292813787,S2-463776565,S2-120567752,S3-142670974,S3-567727771
S1-196689794	S3-306096404,S3-600134136,S3-75075938
S1-840247535	
S1-205052880	S2-115169742,S3-220161700,S3-916696631,S3-850339985
S1-884348729	S3-233366287,S3-123511232
S1-635226403	S2-373709213
S1-76040100	S2-97985475,S3-646530724
S1-380494208	S2-639150664,S2-539464830,S3-985272308
S1-519460300	
S1-319889733	S2-928466953,S2-317634815,S3-57683926,S3-802813452
S1-336177411	S2-952429354,S3-559977774,S3-714286689
S1-743967011	S3-309926781,S3-862088783
S1-853367650	S2-617226696,S2-256886259,S2-474373049,S3-81487843,S3-896637074,S3-256923633
S1-16886629	S2-37496884,S2-886419867,S2-163146923,S3-262126199,S3-172621921
S1-974471829	S2-710005634,S2-951343638,S3-875853538,S3-220987840
S1-506608765	S2-84104793,S3-180257179,S3-222259405
S1-488158671	S2-389155949
S1-914607947	S2-528742097,S2-838366306,S2-792284482,S3-109299580
S1-324276524	S3-52052422
S1-214769948	S2-589576588,S2-44341701,S2-127136476,S2-500777296,S2-403590623,S3-655043052,S3-119547099,S3-740171795
S1-158231312	S2-348439942,S2-922553303,S2-151628208,S3-887545866,S3-824147711
S1-455869357	S2-284624095,S2-481492135,S3-31635960
S1-612570430	S2-428129340
S1-973567248	S2-910060659,S3-59803657
S1-186871298	
S1-105641679	S2-215932675,S3-838065457,S3-839819864,S3-285143424
S1-485943516	S2-693531442,S2-578524109,S3-963886279,S3-663314285,S3-584234796
S1-592964615	S2-79514565,S2-758994776,S2-706732506,S3-874154201,S3-123949513,S3-597359790
S1-642670346	S2-897169900,S3-939515470,S3-292059513,S3-514811132
S1-901562297	S2-305285686,S2-686140690,S3-820945129
S1-109389793	S2-371828727,S2-18364061
S1-981998132	S3-787908368,S3-864893476
S1-55481395	S2-962657290,S2-919134096,S2-164677895,S2-996416115,S2-988635295,S3-576959503
S1-714539196	S2-422121637,S2-504986537,S2-173712778,S3-133339920
S1-163872114	S2-736882000,S2-339695088,S2-131008683,S3-904380240,S3-222873580
S1-684635868	S2-795127459,S2-629005532,S2-154761293,S3-223861841,S3-959126042,S3-717720445
S1-31071353	S2-922980792,S2-556792817,S2-856598828,S2-685794708,S3-854256855
S1-744477331	S2-454007936,S3-3056645,S3-215546483
S1-315249033	S2-174094211,S3-89637449
S1-664094994	S2-134524181,S2-922146255,S2-312565553,S3-623106956
S1-226573777	S2-567286361,S3-332044425,S3-36030445
S1-802204499	S2-296308979,S2-221563719,S2-83490986,S3-827907434
S1-898583888	S2-161836516,S2-395823135,S3-541424234,S3-610059267,S3-489162115,S3-654838515,S3-942415945
S1-738386188	
S1-33077314	S2-409653188,S2-288097919,S3-97807017,S3-356967390
S1-776931534	S2-709876396,S3-2028750,S3-855133761
S1-841987041	S2-159757018,S2-835277973,S3-82644815
S1-281602893	S2-443421377,S2-29328517,S3-340333710,S3-20013098
S1-29390497	S2-102611853
S1-906693411	S2-750521739,S3-784940852,S3-768708716,S3-350147667,S3-460667242
S1-669709335	S2-322864117,S2-172785681,S3-948745846,S3-699525828
S1-21946102	S2-124080210,S3-741316619
S1-445360406	S2-635700938,S2-267547781,S3-164558483,S3-717899379
S1-687232034	S2-574607649,S2-271048695,S2-922914201,S3-581649086,S3-721922383
S1-562891503	S2-592686881,S2-490126877,S2-783256505,S2-867946307,S3-834148626,S3-833409843,S3-444290289
S1-212295891	S2-917989856,S3-177721291,S3-199585695,S3-960360343
S1-653432770	S2-53574157,S2-112588300,S2-423926403,S3-578029585
S1-871576012	S2-483086103,S2-808393631,S3-998260622
S1-247736130	S2-59239766,S2-448124043,S3-832821408
S1-916387357	S2-829303055,S3-719354252,S3-74002770,S3-516238655
S1-733712320	S2-549543786,S2-446747462,S2-430198409,S2-293560150,S3-958265380,S3-84113932
S1-818702395	S2-276396738,S3-932192688,S3-914333501
S1-56977467	S2-381165876,S3-133727729,S3-754024667,S3-512373277,S3-4739097
S1-960767474	S2-914483310,S2-716177334
S1-838928949	S2-675638535,S2-412436553,S3-669284728
S1-118028382	S2-32009666,S3-737781654,S3-278765389,S3-788383499
S1-939128358	S3-101559651,S3-348223609,S3-673496956
S1-932549827	S3-597644940
S1-667582658	S2-194264332,S3-56184281,S3-133523538
S1-170533888	S3-917285339,S3-275420634,S3-67389391,S3-15343061
S1-354746845	S2-720737438,S2-525759641,S2-190816506,S2-706698972,S3-501612524
S1-763331599	S2-850927120,S3-261884808
S1-94024403	S2-27436029,S2-825061373
S1-533882100	S3-345473956,S3-175878456
S1-368674178	S2-335949220,S3-613463078,S3-817688976
S1-298549836	S2-945981460,S2-21073306,S2-611481360,S2-816267203
S1-410154687	S2-821730637,S2-887711638,S2-508046559,S3-443203609,S3-293473991,S3-263798816
S1-882785398	S2-383249792,S2-582364423,S3-476208765,S3-591145715,S3-66483444
S1-738323644	S2-656040605,S3-80069547
S1-106398020	
S1-640932320	S2-5189265,S2-161710414,S3-11070743,S3-186189827,S3-473696858,S3-636359704
S1-802752714	S2-576504380,S3-657875378,S3-442309791
S1-642061233	S2-565626518,S3-527663649
S1-517694768	S2-842122048,S2-27801888,S2-980707671,S3-432243577,S3-902323948,S3-512479400
S1-482015742	S2-152586178,S3-283516863,S3-548759646,S3-842137888
S1-676330006	
S1-993665967	S2-356081060,S2-898907074,S2-564799830,S2-713572696,S2-160188903,S3-963468594,S3-442742717,S3-493749366
S1-79941697	S3-545416243,S3-401703437
S1-887864912	S2-529107138,S3-301915767
S1-870689759	S2-487987926,S2-360882668,S2-914062387,S3-904196278,S3-106525091
S1-887422935	S2-169601442,S3-456182449
S1-292784190	S2-358139822,S3-287473593
S1-937251748	S3-482631443
S1-29569364	S2-132314003,S2-208377477,S2-843690454
S1-974872626	S2-190086549,S2-193588446,S2-682758629,S3-422435030
S1-793884598	S2-322282778,S2-975028429,S2-16955768,S2-994424448,S2-327762850,S3-343439636,S3-847989187
S1-135486391	S2-524908983,S3-619392047,S3-954752521,S3-313898036
S1-904079677	S2-316288193,S2-130279833,S2-211257495,S3-371413934,S3-867387658
S1-666635153	S2-917849270,S2-861069018
S1-966321015	S2-221874141,S3-44260962,S3-221872175
S1-209319504	
S1-736712307	S2-878121767,S2-414928010,S3-95786623
S1-882144174	S2-353517048,S3-213209295,S3-547026111,S3-846617334
S1-399511958	S2-348527065,S2-264697536,S2-257601262,S3-530338688
S1-233200186	S3-80475856,S3-141484726
S1-82319566	S2-26096843,S2-829593070,S3-658084350,S3-859463758,S3-764511987,S3-243504656,S3-444527431
S1-274657001	S2-103216994,S2-988133496,S2-444918162,S2-648025640,S3-822685397,S3-533094420
S1-72389550	S2-821635699,S2-758085621,S2-928450752,S3-543553011,S3-665663843
S1-392655035	S2-912800743,S2-173336424,S3-599924084,S3-417084213
S1-447547436	S2-864074095,S3-413185814,S3-658366632,S3-391325858
S1-978807760	S2-787028934,S2-832298866,S2-660703848,S3-168984003
S1-140069376	S2-290828114,S2-324693074,S3-517739790,S3-753921137,S3-190310734,S3-569353771
S1-259942047	S2-633459975,S2-491562583,S2-695511226,S2-273475270,S3-90365842
S1-520716578	S2-90165094,S3-565145659
S1-67274449	S2-119715279,S3-659379480,S3-77114395,S3-527758208
S1-974049184	S2-211624985,S2-842408290,S3-769759159
S1-316328862	S2-317548876,S2-176131894,S3-600776209,S3-432566500
S1-15564154	
S1-410653391	S2-996132272,S3-547705626,S3-674337072,S3-681032902
S1-299212631	S2-554947296,S3-407272149
S1-90027962	S2-261078998,S3-574574700,S3-475062434,S3-195770084
S1-301776300	S2-347971606,S3-467938717,S3-793248731
S1-976397158	S2-852000518,S2-940853474,S3-555566576,S3-922141060
S1-142001597	S2-660620237,S2-596825789,S3-840490837,S3-134944436,S3-850746267
S1-689616522	S2-283921615,S2-137744182,S2-179980123,S2-233894134,S3-350947779
S1-102721010	S2-484998760,S2-161361035,S2-945816743,S2-594862047,S3-252449983
S1-318736745	S2-250206103,S3-420700843,S3-546136530,S3-790307552,S3-985672885
S1-863908542	S2-558677706,S2-959246114,S3-778092007,S3-564413216,S3-854043384,S3-482431206
S1-326720869	S3-193774981,S3-391391674,S3-87641680
S1-326550315	S2-501260203,S3-347132300,S3-102873644,S3-622053809
S1-84128676	S2-546303530
S1-634669949	S2-996575842,S2-721020046,S2-624078133,S2-134407007
S1-997150693	S2-342251441,S2-176007768,S3-764227258,S3-947724731
S1-552264301	S2-903632175,S2-172418627,S2-496891875,S3-316644448,S3-792202715,S3-616864663
S1-343747570	S2-559306853,S2-720323555,S3-621194850,S3-425261974,S3-985098734
S1-501781262	
S1-701393630	S2-264745119,S3-649926073
S1-799765201	S2-776310722,S2-551571347,S3-571210037,S3-284050014,S3-963570398
S1-949638063	S2-273418923,S2-840135167,S3-477664781
S1-812941293	S3-375982865,S3-860382946
S1-718255812	S2-357303466,S2-213713973,S2-488729097,S2-883130605,S3-689086302
S1-396015821	S2-575175425,S3-597900438,S3-176524565
S1-734322440	S3-5641461,S3-305810532,S3-713079607
S1-417038650	S2-786028490,S2-452994518,S3-10030055,S3-695652466
S1-557758992	S2-838584817,S3-348935370
S1-926133966	S3-369566764
S1-537556251	S2-977724997,S2-620978007,S2-653567516,S2-309382664,S2-589537116,S3-44727117
S1-989435197	S2-861568288,S2-657074791,S3-513664261,S3-798365978
S1-974831123	S2-679415684,S3-706977497,S3-725853243
S1-637355194	S2-875504738,S2-104681561,S3-633035789
S1-159684387	S2-77750200,S2-311787182,S3-474985977,S3-854175850,S3-340370323,S3-141292824
S1-200448426	S2-24623929
S1-952402289	S2-910860242
S1-542136963	
S1-881109880	S2-232560211,S2-963127133,S3-525045207,S3-741814445,S3-818897562
S1-354515762	S2-641930997,S3-269356786
S1-921628023	S2-614080931,S2-976629102,S2-146596010,S3-177501463
S1-449285120	S2-152914402,S3-751638578,S3-554330570,S3-499432501,S3-242917129
S1-418999534	S2-567420407,S2-964030094,S2-684504582,S3-736921267
S1-75779573	S2-745788079,S3-802723000
S1-140032874	S2-797603963,S3-32148111,S3-88608781
S1-206045734	S2-456423681,S2-208367335,S2-652496008,S3-286487677
S1-336043915	S2-444245960,S3-272519695,S3-688697182,S3-238439385
S1-84588667	S2-219601358,S2-418390915,S2-766460394,S3-233479355
S1-665736004	S2-464531328,S3-357849487,S3-824451159
S1-456883493	S2-83072552,S3-282091010,S3-189782614
S1-515040529	S2-374300104,S2-786803320,S3-937143881,S3-279776999
S1-752309063	S2-540476592,S2-402395272,S2-315106406,S3-305669536,S3-882844830
S1-678517094	S2-195652883,S2-958088332
S1-341714764	S2-366931042,S3-718237412,S3-215023164
S1-39555251	S2-61509480,S2-959536073,S2-807607628,S3-774489630,S3-296700717
S1-955888583	S2-590937029,S2-172733079,S2-741401882,S2-257086876,S3-645851872
S1-504634676	S2-484196254
S1-956566690	S2-87745498,S3-696405936,S3-275984530
S1-497639895	S2-855469752,S2-490406706,S2-674774066,S3-812997228,S3-897821538,S3-58607334,S3-973846881
S1-408222025	S2-930807887,S3-542420843,S3-832203026,S3-3077010,S3-683089091,S3-761363633
S1-619359662	S2-438568105,S3-426988957
S1-718185941	S2-912152642,S3-979757577,S3-788857652,S3-13658994
S1-802176292	S2-619329554,S2-244567274,S2-867372829,S3-319461840,S3-695987734
S1-32339639	S2-436519751,S2-656497524,S3-979122586
S1-624145719	S2-200503470,S2-529338029,S2-669588668,S3-729747377,S3-867364488,S3-740614273
S1-284855563	S2-732322070,S3-80470959
S1-37447103	S2-726319226,S3-438135259
S1-809697780	S3-414385333,S3-522200275,S3-320206148
S1-559664752	S2-699690460,S2-113475402,S3-274238270,S3-968028821
S1-980038576	S3-508965919,S3-655311157
S1-769972907	S2-157847506,S2-392551596,S3-73959831,S3-665394428,S3-25713181,S3-517197350,S3-76266203
S1-26433629	S2-971065577,S2-996351056,S3-569337742,S3-80027510,S3-701134283
S1-978864613	
S1-67966650	S2-973447905,S3-62486302
S1-596218542	S2-173108104,S3-847862444,S3-922178300
S1-635426510	S2-503088840,S2-574605869
S1-608107559	S2-459665613,S3-83960140,S3-733073934,S3-997836036
S1-153055996	S2-612435488,S3-877194530,S3-686485173,S3-181553295
S1-950204391	S2-435017962,S2-451271034,S3-4994860,S3-562548646
S1-74178553	S2-306726544,S2-556707282,S3-277229657,S3-259100587,S3-209082744,S3-127405074
S1-234697443	
S1-671123395	S2-41882727,S2-161118911,S2-13876107,S2-781577964,S3-316818931,S3-735201743,S3-734264186
S1-818241688	S2-82040827,S2-946588426,S2-599376266
S1-115386522	S2-643120325,S3-218755787
S1-771723384	S3-640239201,S3-78147458,S3-622570553
S1-172282517	S3-99355275,S3-737618290
S1-369963908	S2-167832626
S1-889072459	S2-687455167,S3-633182380
S1-887435372	S2-626053989,S2-147426826,S3-27419045
S1-896253159	S2-411740318,S2-718524463,S3-118978852,S3-629001227,S3-717868089
S1-293673866	S2-947572175,S2-461199361,S3-705464759,S3-99230460
S1-578551523	S3-65626752,S3-756009072,S3-211495153
S1-385866982	S2-977831510,S3-548756437,S3-383522100,S3-368839636,S3-387706803
S1-892248078	S2-514616610,S2-971103650,S2-758648763,S3-294120940
S1-21350122	S2-767238894,S2-953804377
S1-670567309	S2-797914727,S2-243101464,S2-298235041,S3-381037103
S1-563258893	S2-907695546,S3-322772656,S3-897714561,S3-801083526,S3-403718707
S1-393306242	S2-15573993,S2-524270809,S2-713142333,S3-919397801,S3-569176316
S1-419534249	S2-99180219,S3-502777285
S1-532223967	S3-897544250,S3-713169342
S1-257901923	S2-586735890,S2-825061270,S3-629479421,S3-701788661
S1-23657150	S2-733498451,S3-755211535,S3-251587514,S3-799059397
S1-919435844	
S1-573648138	S2-613733333,S2-876753762,S3-827030238,S3-946766538
S1-122055254	S2-143626234,S2-767049594,S2-853730946,S3-955637723,S3-634551368
S1-984634986	S2-305249929,S2-819433270,S3-104443699,S3-623060623,S3-77113653
S1-409302795	S2-965717398,S3-789088383,S3-114803923
S1-552188411	S2-778106357,S2-70093221,S2-563896489,S3-501015179,S3-803605208,S3-473230841
S1-147003318	S2-121782452,S2-338197020,S2-348400263,S2-409794849,S3-221717316,S3-560895416
S1-375396699	S3-669517420,S3-859938039
S1-250105487	S2-973288655,S2-684044478,S3-377851404,S3-485022053
S1-824224632	S2-767224166,S3-147406299,S3-129062377
S1-645915120	S2-880253141,S2-449413099,S2-329503359,S3-633468604,S3-282666215,S3-716519893,S3-729613137
S1-467756745	S2-934214850,S3-903344046
S1-9160775	S2-928673426,S2-670509504,S2-701156972,S3-529239990
S1-236126668	S2-478558604,S3-669959240,S3-643530728,S3-829500606
S1-30697847	S2-339969309,S2-596183726,S2-264452278,S2-909251197,S3-496355727
S1-395292100	S2-712639534,S3-253347651
S1-381260721	S2-389838551,S2-717961372,S3-126870024,S3-302474321
S1-521534161	S2-406483028,S3-193653083
S1-50150145	S2-474240261,S2-955599877,S2-14758040,S3-317149126,S3-877568044
S1-968343499	S2-810480694,S2-987741811,S3-436167917,S3-99482369
S1-912453861	S2-677280834,S3-793513597,S3-814761496
S1-287962969	S2-413976300,S2-98468413,S2-919576524,S3-344464282,S3-795524191
S1-990705573	S3-625520990
S1-577019777	S2-902353303,S3-952435939,S3-608614253
S1-577285360	S2-978436862,S2-164833049,S3-677725325,S3-362251678,S3-281982125,S3-812019606
S1-674375172	S2-68615046,S2-89622732,S2-332267766,S3-430394096,S3-827396710
S1-919145480	S2-982141554,S2-238398510,S2-110198532
S1-395194782	S2-507084438,S3-42095231,S3-270978212
S1-228786668	S2-136265591,S3-763620090,S3-800899918
S1-596980751	S3-287238712,S3-407003649
S1-187148612	S2-665867581,S2-52793433,S3-578951204
S1-437581775	S2-826148163,S2-609209566,S2-895248113,S3-726585487
S1-712793399	S3-682854497,S3-714902805,S3-72928416
S1-19296904	S2-334104677,S2-801459074,S3-946656474
S1-794291578	S2-862000246,S3-438102322,S3-953918463
S1-418755658	S2-29307399,S2-452438520,S3-837610161,S3-771080413,S3-698604116
S1-441535784	S2-75129268,S2-985167820,S3-397618665,S3-692924050
S1-526183251	S2-706750861,S3-545768672,S3-526157082
S1-241664576	
S1-159153103	S2-828582741,S3-927332223,S3-485979789,S3-642409897,S3-37723983
S1-291104232	S2-852429719,S2-494755354,S2-6267918,S2-33733229,S3-271947187,S3-587174237
S1-204485321	S3-297754379,S3-302113176,S3-731962581,S3-986794553
S1-363215613	S2-306631241,S3-18932188
S1-728408297	S2-225811191,S3-138830955,S3-628182152,S3-850828705,S3-880173003,S3-899217888
S1-771371373	S3-329676022,S3-770636144,S3-817385278,S3-933929302,S3-332583833
S1-66346512	S2-356367071,S3-112939762
S1-764046527	S2-819144427,S2-588588038,S3-9060993
S1-925653497	S2-142971355,S2-448953489,S3-920112322
S1-547389938	
S1-440849917	S3-474698390,S3-156044588
S1-87279913	S2-98561092,S2-819271412,S2-303729227,S3-230682983,S3-281002424,S3-200525695,S3-871606126
S1-467555200	S2-298361479,S2-162508561,S3-587299679,S3-522687621
S1-676642815	S2-432785763,S2-847014871,S3-9437692
S1-202331614	S2-339409821,S2-401365037,S3-1241193
S1-285005999	S2-347281508,S2-842320893,S3-98658107,S3-319106520,S3-287792837
S1-758012697	S2-177296986,S3-886824743,S3-814441131,S3-917888843,S3-77622028
S1-21854746	S2-952234695,S2-163515336,S3-720224555,S3-103051446,S3-124696427
S1-155399216	S2-728977684,S2-307689925,S3-635595686,S3-694433775,S3-58580432,S3-653053296
S1-434740479	S2-270989537,S3-108714177,S3-816954901,S3-351876182
S1-29441693	S2-473391002,S2-208259089,S2-729616527,S2-25479230,S3-651620734
S1-613276615	S2-699014681,S2-161445623,S2-63192752,S3-740962443,S3-332946488
S1-603908655	S2-565479862,S3-230059560
S1-567685428	S2-496527542,S3-799388504,S3-199000029,S3-528817648,S3-834611474
S1-156903187	S3-570290355,S3-995919408
S1-752228955	S2-824256802,S2-174044035,S3-541671387,S3-248545962
S1-647687774	S2-606960982,S3-59040704,S3-640140677
S1-34804409	S2-602402560,S2-948237387,S2-135283078,S3-355509479,S3-966139369,S3-636643185
S1-17994985	S2-587842729,S2-951691795,S2-685002206,S3-405115987,S3-670689622,S3-555012227
S1-994701038	S2-805172269,S3-460651566,S3-598242896
S1-530025111	S3-4958835
S1-550853542	S2-661563019,S2-6174870,S3-450481658,S3-130298,S3-2570351
S1-390185969	S2-546491357,S2-330006520,S3-675170142
S1-190642603	S2-409951124,S2-842370926,S2-848174190,S3-41201709
S1-689907129	S2-161526472,S3-206301716
S1-268040705	S2-969352365,S3-604526578,S3-785210071
S1-315578767	
S1-89282616	S2-328408258,S3-944422783
S1-793149721	S3-568691522
S1-3388399	S2-345755977,S2-927641050
S1-140448321	S2-39888506,S2-717833282,S3-831940479,S3-402646012
S1-616050501	S2-873778485,S2-460617301,S3-43246066,S3-915599259
S1-334725223	S2-992163020,S2-266278603,S2-993611902,S3-742924400,S3-152180834,S3-357109781
S1-876075385	S2-320153822,S3-245759525
S1-362298489	S2-187262460,S3-499197396,S3-38040118
S1-245200224	S2-592989004,S3-581748517
S1-882224389	S2-449510699,S3-342652714,S3-669331052,S3-380694184
S1-91452201	S2-591946353,S3-376156967,S3-114253651
S1-666220742	S2-350550134,S2-166413184,S2-347760989,S3-442007693,S3-277344716,S3-186800297
S1-742923600	S2-909720663,S3-154947907,S3-4518586
S1-347486921	S2-56538182,S2-681000686,S2-615714704,S2-348064118,S3-359444911
S1-223065339	S2-159598103,S2-643664470,S2-790267300,S3-241614846
S1-554019675	S2-493070699,S3-34235527,S3-502587901,S3-945021998
S1-388314266	S3-355669294,S3-736895024,S3-948919424
S1-506350659	S2-150269413,S2-913991971,S2-160667766,S3-432625780,S3-726872540,S3-321195240,S3-150716020
S1-787555426	S2-437411249,S3-517562125,S3-820978863
S1-279290028	S2-831355501,S2-194713351,S3-689302263
S1-4923266	S3-451268937,S3-408058737
S1-197415447	S2-843236798,S3-773290031,S3-467578101,S3-184621791
S1-989199551	S3-31001222
S1-638775441	S2-189441113,S3-438906627,S3-600888241,S3-833894264
S1-575044496	S2-899266276,S2-125220072,S2-825610191,S3-408695165,S3-880600146,S3-11735582
S1-710488352	S2-708911251,S2-772759177,S3-78965842,S3-24139179,S3-17632449,S3-197142765
S1-868411709	S2-271037290,S2-692175449,S2-344177771,S3-965522929,S3-551610564
S1-809670750	S2-888271814,S3-351393541
S1-989017219	S2-128155225,S2-553256523,S2-300584185,S2-661121983
S1-416221376	S2-468207354,S2-620825232,S2-455336676,S2-479270872,S3-589937294
S1-613160859	S2-50568928,S3-958940996
S1-187356198	S2-733577994,S3-361583348,S3-193041507
S1-366856374	S2-327270924,S2-577655038,S2-299593193,S2-933365761,S3-352224011
S1-364273466	S2-48276469,S2-966798273,S3-119853967,S3-730312734
S1-576835340	S2-300727003,S3-828501330,S3-534291298,S3-450108377
S1-653625461	S2-141457020,S3-849895628
S1-767074516	S2-700370877,S3-95348978,S3-627287111,S3-237848807
S1-477066127	
S1-297862936	S2-168307006,S3-113484972,S3-734347466,S3-398304701,S3-557738936
S1-461261322	S2-230016186,S2-378263368,S3-354813613
S1-845616683	S2-986107539,S3-894751577,S3-261755809,S3-184660443,S3-129101306,S3-379470412
S1-163619367	S3-76237548,S3-412372596,S3-958737817,S3-404964621
S1-901074965	S2-204332124,S2-516240542,S3-22444725
S1-336556905	S2-729370367,S2-371441437,S3-960672293,S3-381152643,S3-284358799
S1-485418341	S2-756550336,S3-4444329,S3-562990134
S1-102467313	S3-51975406
S1-672651156	S2-604307424,S2-860227640,S3-36269203,S3-595438249,S3-338502069,S3-696369257
S1-932141953	S2-486138723,S2-283760391,S3-390555495,S3-796222950,S3-667035522
S1-35606788	S3-856079621
S1-28597214	S2-324347961,S2-45717617,S2-850297919,S3-589756794,S3-109123789
S1-52690896	S2-873714190,S3-631432326,S3-250036551,S3-13779995
S1-513735194	S3-739165770,S3-752799663
S1-418506194	S2-506419758,S2-807009789,S3-915518422
S1-359007001	S3-302232150,S3-877246277
S1-4006373	S2-169670081,S3-973285773,S3-9322714,S3-614382363
S1-882584130	S2-782051270
S1-404101348	S2-367808281,S2-415652174,S2-434665216
S1-609277416	S2-178557698,S2-226113567
S1-94169226	S2-710851688,S3-967712078,S3-403183393,S3-47910607
S1-265315106	S3-417815810,S3-540076794,S3-314754783
S1-772196090	S2-963535877,S2-754825388,S3-955009309,S3-849073573,S3-553075181,S3-102673076
S1-953551168	S2-784053566,S2-664244238,S3-526567545,S3-693124653,S3-708478346
S1-632773871	S2-450015689,S2-438548054,S3-188598859,S3-818807574,S3-106774298,S3-334859278
S1-85264481	S3-525127217
S1-68902297	S2-332431977,S2-244357784,S2-936442939,S3-279534813
S1-537829367	
S1-607767617	
S1-469507459	S2-470207965,S2-248418770,S3-24047014,S3-859483251
S1-66425525	S2-702959878,S3-229249695,S3-897789769,S3-515826886
S1-64327358	S2-55893546,S3-393225234
S1-390450146	S2-816274558,S2-523891324,S3-265276093
S1-303277005	S2-688359696,S3-687177728
S1-995486844	S2-608052008,S2-535564575,S3-899827772,S3-789508661
S1-375804690	S2-790102974,S3-781338927
S1-396955838	S2-323931655,S3-468030089,S3-64880316
S1-686827488	S2-302655004,S2-846498816,S3-305459284,S3-302365761,S3-429022115
S1-61110395	S2-802638,S2-998178571,S2-732809917,S2-949292696,S3-41574835,S3-498211076,S3-453027795,S3-444757949
S1-354162796	
S1-200144604	S2-475784580,S3-269273048,S3-197190472
S1-423602177	S2-314882153,S3-255290661
S1-368832281	S2-868482515,S2-541313870,S3-175791191
S1-766716695	S2-183918044,S2-414192458
S1-960194370	S2-924291520,S3-839263101
S1-568629559	S2-954616678,S2-224865904,S3-338364963,S3-292006720,S3-151187073
S1-84079180	S2-737874425,S2-703239279,S2-655016432,S3-982521899
S1-860753598	S3-184152709
S1-956410768	S2-19235204,S3-210399597,S3-464901700,S3-206218131
S1-908243427	S2-790352757,S2-223877166
S1-703832612	S2-653689063,S3-725736759
S1-361140211	S2-926478090,S3-57109927
S1-12283499	S3-212810400
S1-588055996	S2-593189996,S3-844423733,S3-438793296
S1-135332776	S3-533143226,S3-172394495,S3-954593053
S1-315536006	S2-157737905,S2-202785798,S3-585773269,S3-283695261,S3-848699099
S1-597374806	S2-627383527,S2-736438718,S2-167146370,S2-553980714
S1-392693535	S2-908693835,S3-150731784
S1-830074813	S3-985951213,S3-704640843
S1-153647310	S2-390949326,S3-995906531
S1-307855321	
S1-686014000	S2-445469718,S3-39401239,S3-459687016
S1-240301320	S2-851931817,S2-88147427
S1-392143707	S3-941534091
S1-710877410	S2-67625790,S3-709843644,S3-358856905,S3-777584548,S3-533404183
S1-734490520	S2-343148721,S2-436037055,S3-365734315
S1-499729317	S2-477427241,S3-296399105,S3-353779187,S3-143688521,S3-989744325,S3-506806038
S1-77511633	S2-567873350,S3-734847748,S3-457711272,S3-187077038,S3-399865313
S1-825305464	S2-501814014,S3-918402675
S1-250486144	S3-563442598,S3-193510679,S3-545414731,S3-623324103
S1-500507899	S2-496079151,S3-1774824,S3-277154240
S1-780289844	S2-41016334,S3-254718481,S3-409060575,S3-447944160
S1-513554157	S2-636906824,S2-994872048,S3-465884086,S3-675157496,S3-659630710
S1-590469945	S2-990635352,S3-90986097,S3-900365124,S3-725079791
S1-50354486	S3-354182551
S1-590032291	S2-430267247,S2-632738344,S2-191935756,S3-576372886,S3-820153971,S3-385555009
S1-902605266	S2-822511378,S2-866306870,S2-494962601,S3-202098670,S3-900579997,S3-822052013
S1-223059178	S2-559355656,S2-17189957,S3-757430852,S3-564818090
S1-367553046	S2-401426337,S3-721851587,S3-319644164
S1-467080047	S2-782822049,S3-116135109,S3-293094269
S1-719318718	S2-784959116,S2-968217513,S3-909899532,S3-689944525,S3-275367286
S1-202467583	S2-509483581,S2-887798687,S3-53955611
S1-226387321	S2-52559346,S2-609915831,S3-958168215,S3-891027304
S1-23907404	S3-441477970
S1-919000404	S2-925507893,S3-761892363,S3-801144930,S3-65860074
S1-837809250	S2-108522406,S2-270375769,S3-248755804,S3-586374237,S3-241994365
S1-59554832	
S1-989797524	S3-961560916
S1-851640395	S2-905326591,S2-92009912,S3-214286307,S3-812810146,S3-129455229
S1-794734620	S2-474360326,S2-822584420,S2-427066704,S2-777239990,S3-261775372,S3-491632529,S3-259676692
S1-435179994	S2-23091443,S2-202355840,S3-149285229,S3-481750453
S1-653683252	S2-281595317,S3-267703551,S3-779513943,S3-9219990
S1-459585098	S2-290071361,S2-576343593,S2-539591926,S3-5962512,S3-282142944,S3-280400396,S3-312205335
S1-918808054	S2-54062298
S1-123575247	S2-57070877,S2-971773777,S3-460446720,S3-332687523
S1-218050274	S2-302344622,S2-243832331,S3-501227953
S1-367854907	S2-638186031,S2-65054204,S3-481007384
S1-175291600	S2-886877460,S3-957728273
S1-995122066	S2-142660602,S3-179706639,S3-104773276
S1-514440490	S2-622654047,S2-876570338,S3-477049639
S1-10101186	S2-446643846,S2-888397534,S3-266522695
S1-478254023	S2-213840831,S3-897180195
S1-77267980	S2-301810198,S3-611701093
S1-212815960	S2-143101073,S2-885664198,S3-920198362,S3-712493314
S1-106525660	S2-955029802,S2-234851187,S3-69179382,S3-621491440
S1-172011913	S2-285225702,S3-905589492
S1-740321790	S2-534537160,S3-745601169,S3-458959678
S1-395576384	S2-605953663,S3-119532585
S1-225593431	S2-525802898,S2-942351346,S3-774833440,S3-836593500
S1-955429374	S2-922537588,S2-744274055,S2-377091143,S3-35258649,S3-861002936,S3-823459208
S1-157949351	S2-954233747,S3-582759009
S1-658618347	S2-617211308,S2-425922332,S3-902434714
S1-963952598	S2-168845560
S1-811069596	S2-945460299
S1-444425477	S3-927833337,S3-805460905,S3-471656076
S1-203886979	S2-3208258,S2-61803360,S3-285456182,S3-949252243
S1-932359405	S2-435372594,S3-258914162,S3-608447246,S3-904819023,S3-251229806,S3-169693597
S1-323173479	S2-300960911,S2-839540927,S2-873748549,S2-175375111
S1-276697417	S2-176255501,S2-754067015,S3-558171122,S3-134647320,S3-251340613
S1-946955195	
S1-981599828	S2-24975158,S3-148835170,S3-733513232
S1-899881419	S2-538219385,S3-320429607,S3-817570926
S1-73941075	S2-277647383,S2-859909526,S3-683751255
S1-611658435	S2-177490592,S2-657536773,S3-741411601
S1-817713396	S2-350939963,S2-326853561,S3-376574961,S3-487877481,S3-34015697,S3-805892465
S1-734483174	S2-284034501,S2-934580633,S2-558821973,S3-868406669
S1-589806674	S2-770532957,S2-291132571,S2-992022610,S3-84004983
S1-147966540	S2-511934482,S2-292444503,S2-173566049,S2-546914121
S1-763371700	S3-175328916,S3-312717024,S3-345433887
S1-248726013	S2-353329604,S3-558832858,S3-975400619,S3-565514992
S1-538183082	S2-490699667,S3-382699002,S3-778178130
S1-777946198	S2-935079812,S2-185810423,S2-55682040,S2-550176917,S3-888792179,S3-872726412
S1-620015566	S2-187760869,S2-449635158
S1-68799085	S2-896868178,S3-957484248
S1-136766077	S2-490941641,S2-830902693,S3-877726833,S3-119934172
S1-464905712	S2-663510111,S3-522873225,S3-635569265
S1-856889516	S2-834682983,S2-636198595,S3-832092649,S3-478172142,S3-539754019
S1-964755550	S2-785480645,S3-730731147
S1-231588525	S3-24856811
S1-136984877	S2-280050142,S3-937292418,S3-355771343
S1-414993579	S2-937867142,S3-934766777,S3-955823656,S3-407750948,S3-129071256
S1-761870958	S2-492889632,S3-763506439,S3-824487429,S3-369903897
S1-462582873	S2-465199575,S3-3410745,S3-766624238
S1-551262523	S2-599761412,S2-514591403,S3-741049791
S1-481614815	S2-263917249,S2-606500164
S1-846669153	S2-359210368,S2-340359958,S3-844735050
S1-979880461	S2-531837359,S2-915356852,S2-667327194,S3-146333600,S3-56681525,S3-560512039,S3-373771797
S1-577161752	S2-707566668,S2-314421825,S3-11811306
S1-263389496	S2-120726424,S3-301543546,S3-994204820,S3-325996731
S1-688027392	S2-653438422,S3-821418790,S3-673525536,S3-43320216
S1-925497827	S2-675093818,S3-265319788,S3-314380179
S1-60517674	
S1-824560940	S2-452959493,S3-47342280
S1-30663623	S2-834923638,S2-747728730,S3-772449841,S3-836739495,S3-782208086
S1-726291874	S2-862980166,S2-733481731,S2-115790378,S2-297177662,S3-692702792,S3-543174862
S1-788053660	S2-481866393,S2-456862907,S3-138971067
S1-914191518	S2-876950733,S3-629723336,S3-612920189
S1-904110312	S2-956000545,S2-543920514,S3-292557942
S1-850812233	S2-730579245,S2-688537479,S2-661822726,S2-438397171,S2-846299182,S3-246522685,S3-624610306
S1-240768995	S3-521136259
S1-544197321	S2-344919418
S1-230601212	S2-849141790,S2-198200250,S3-987027357
S1-828063331	S2-925533554,S2-825507085,S2-595190921,S3-867955398,S3-19847523,S3-86467601
S1-703511179	S2-702003296,S2-942068836,S3-615801582,S3-664837313
S1-75961010	S3-335079489,S3-85732840,S3-858526276
S1-622259978	S2-21996595,S2-449304413,S3-368880155,S3-415044049
S1-26338318	S2-761753137,S2-814444898,S2-528950449,S3-854765786,S3-785430504
S1-430346716	
S1-466691317	S2-203795802,S3-322426929,S3-178901786,S3-819177825
S1-583213213	
S1-822698184	S2-546528321,S2-817465626,S2-679223071,S3-127293059,S3-191531801,S3-541650071,S3-832921796
S1-918091339	S2-999283738,S3-276044945
S1-634680737	S2-564830874,S3-649057557,S3-781376005
S1-259955721	S2-52055623,S2-566808064,S2-123996144,S2-226551734,S3-323495566,S3-181659893,S3-23008315
S1-717719000	S2-201070937,S2-47640605,S2-247833434,S3-743834852,S3-627541700
S1-788085426	S2-614263840,S3-13727492
S1-320887895	
S1-824011602	S2-775250882,S3-51215631
S1-543030904	
S1-334993529	S2-92892306,S2-183155343,S3-713801404
S1-454129140	S2-319906057,S2-978970206,S3-536907301
S1-927577225	S3-576846473,S3-809403442
S1-351123909	S2-995771561,S2-376883455,S2-864436626,S2-321905006,S3-583866831,S3-139419761
S1-995779254	S2-998080895,S3-296177594,S3-565750052
S1-737787043	S2-74187117,S2-234752826,S3-815208043
S1-83531922	S2-659832263,S2-143209451,S3-693565113,S3-455281750,S3-838532039
S1-837493459	
S1-307420213	S2-367487886,S2-288327056,S3-50524022
S1-34476174	S2-416405575,S2-954616459,S3-269495458,S3-467648549
S1-726947514	S2-662137645,S2-272397225,S3-990368611
S1-828461134	S2-920694480,S2-951266127,S3-803978769,S3-871039323,S3-487555887
S1-582589361	S2-171760164,S3-523058770
S1-898025571	S2-790502859,S2-20001463,S2-840569547,S3-329958160
S1-935031969	S2-963789999,S3-72634260
S1-979431885	S2-908629757,S3-795962197
S1-952066593	S2-571019689,S2-979818278,S3-545765142
S1-294377060	S2-489249849,S2-970353364,S2-753201496,S3-204567858,S3-191564844,S3-61262693
S1-914348158	S2-247231042,S2-650998704,S3-627132683,S3-280766673,S3-797511889
S1-314617712	S2-559138105,S2-174127736,S3-429694438
S1-195066638	
S1-396508963	S2-763599445,S3-781059965,S3-280142425
S1-482920754	S2-376347778,S2-254166723,S2-243402885,S3-737260574
S1-701780334	S2-909133667,S3-368858122,S3-306388167
S1-780808579	S2-992433106,S3-362893613,S3-384951351,S3-713784414,S3-816982376
S1-757921961	S2-872357912,S3-657816611,S3-895677931,S3-588448325
S1-683006130	S2-775040247,S2-196268705,S3-750417919
S1-999082857	S2-970880700,S2-791187468,S3-647074164,S3-15259735,S3-619291100
S1-502862654	S2-745182473,S2-968244741,S2-918183318,S3-959840171,S3-627759242
S1-462963854	S2-258886218,S2-496469776,S2-167135290,S2-906032653,S2-959287477,S3-449788053,S3-429600049
S1-552129988	S2-990726757,S2-113286623,S3-51361767,S3-626682513
S1-641196387	S2-419219230,S3-612164207
S1-795193581	S2-809213907,S2-263552029,S2-380596273
S1-861141303	S2-476031578,S3-984657106,S3-777751756,S3-454608961,S3-86425804
S1-686336134	S2-714015756,S2-509176553,S3-165520999,S3-107586972
S1-785008119	S2-794415392,S2-358630140,S3-4362231
S1-381797960	S2-873222694,S2-452091804,S3-78845071,S3-973731094
S1-646341217	S2-4604403,S3-731439509,S3-371435912,S3-788392175
S1-865717050	S2-40354778,S2-475254437,S3-342327465
S1-436315120	S2-132866937,S2-253734303,S2-922981307,S3-618474365,S3-548939195
S1-990308969	S2-96983492,S2-731197215,S3-352614915,S3-49704893,S3-771482881,S3-624832926
S1-383749947	S2-492319191,S2-272930046,S3-435319105,S3-365175550,S3-107621342
S1-350408493	S2-863510932
S1-522047821	S2-384157304,S3-625950633,S3-414726804
S1-732613749	S3-154273781
S1-265294310	S2-266832822,S3-533211066
S1-290015363	S2-580082730,S2-650876620,S3-666022482,S3-668303934
S1-235223128	S3-909349346,S3-489011491
S1-821237933	S2-479248534,S3-970898839,S3-877133581,S3-142644177,S3-456435416
S1-403924023	S3-676744749,S3-646811527,S3-497958989
S1-179812625	S2-80978671,S3-517744487,S3-133784080,S3-577354891,S3-256016042
S1-368495494	S2-196668464,S2-957558320,S3-437000543,S3-396542983,S3-841895537
S1-552018467	S2-27906923
S1-849220994	S2-290363976,S2-791282703,S2-488649073,S3-55553412,S3-219515884
S1-434036853	S2-616383964,S2-502745660
S1-857638197	S2-275058439,S2-871425780,S2-562465735,S3-36626031
S1-752810460	S2-660054809,S3-595714157,S3-1953651,S3-440682364,S3-36097585
S1-413303566	S2-591875824,S3-423279300,S3-868787528
S1-995669543	S2-548081781,S2-800364206,S3-70651167,S3-293394163
S1-136696648	S2-363025137,S2-916777605,S3-984207417,S3-74170250
S1-815477249	S2-437294852,S3-984100263
S1-310975604	S2-415462743
S1-98877733	S2-525763957,S3-883159053,S3-304478662,S3-966542816,S3-841784513
S1-522782884	S2-242283299,S2-17988889,S3-979777838
S1-331428220	S2-726417828,S2-18497192,S2-563108703,S2-871029128,S3-360592835
S1-400227744	S2-772612699,S3-856180509
S1-734281988	S2-166618610,S2-471473945
S1-295181255	S2-59675989,S3-114586968
S1-839760818	S2-715843168,S2-152925064,S2-374370687,S3-537775598
S1-920260002	S2-574760910,S3-346344737,S3-393492441
S1-360980243	S3-433666381,S3-676797136,S3-299669251,S3-784629601
S1-503670010	S2-986280683,S2-677828211,S2-2497424,S2-241931580,S3-839528034
S1-121618994	S2-266796716,S2-532438592,S3-594927163
S1-752750646	S2-805355317,S2-336085845,S3-225776711
S1-750492134	S2-548653167,S3-101668000,S3-82247699
S1-625889834	S2-897722675,S2-941645233,S2-956831020,S3-688049461
S1-583099871	S3-487681360,S3-284911648
S1-115147410	S2-1513466,S2-785025111,S2-658760175,S2-148251887,S3-963670332
S1-51308714	S2-684663630,S2-226950612,S2-162523577,S3-182743887,S3-339124027,S3-576519268,S3-910256065
S1-986868419	S2-680185054,S3-339070483
S1-473502339	S2-788086745,S2-265669392,S3-864311128
S1-140157182	S2-347785564,S2-644813458,S2-971529434,S3-120420705,S3-346452437,S3-483090204,S3-460462209
S1-45870031	S2-749250287,S2-238481428,S3-143555584
S1-351854859	S2-249674445,S3-731809734,S3-422700923,S3-460138752
S1-643146796	S3-786403010
S1-706642873	S2-788421966,S3-342701517,S3-138774612
S1-753198031	S2-180839640,S2-581300112,S3-37653598,S3-821129006
S1-468287290	S2-54052360,S2-175533870,S3-57143309
S1-290081140	S2-784775374,S2-65021548,S3-399379984,S3-928874069,S3-573163614
S1-735191116	S2-259529199,S2-213038072,S2-299886320
S1-752013789	S3-701713456,S3-258191581
S1-19071344	S2-782229219,S2-699389314,S3-672289056,S3-692193181
S1-961199414	S2-914681969,S3-433708716
S1-43739518	S3-853237086,S3-242529177
S1-634015706	S2-596658910,S2-469891827,S2-587631628
S1-788468637	S2-613566759,S2-740973047,S3-702109233,S3-712312197,S3-89426682
S1-935895765	S2-53718680,S3-160627183,S3-739430000,S3-73128829,S3-713580847
S1-166091798	S2-856469541,S2-318158581,S2-427015709,S2-6204259,S3-917653844,S3-512884287,S3-798980232,S3-174584772
S1-884637957	S2-775218083,S3-491323488,S3-108535865
S1-391788240	S2-960845925
S1-494384782	S3-40843388
S1-539156951	S2-854933192,S3-565609618
S1-245523773	S2-457814613,S3-476100363
S1-16878120	S2-138268890,S3-922168437
S1-574390933	S2-587592524,S3-483121950,S3-771922760,S3-425093226,S3-31583095
S1-501179152	S2-764529574,S3-163904085,S3-89059719
S1-539371778	S2-743871825,S3-265048645,S3-147948541
S1-564582023	
S1-955655278	S2-226942198,S3-711474489,S3-93887074,S3-741280603
S1-738729417	S2-708628389,S2-643176058,S2-971132022,S2-950837772,S3-760098828,S3-135577472
S1-471272330	S2-873520872,S2-552059645,S2-231623279,S3-878874640
S1-237593343	S2-202923292,S2-500328867,S3-747595708
S1-298246751	S2-125713041,S3-983146631,S3-201076438
S1-533458666	S2-644622959,S3-233762398,S3-82339559,S3-685450782
S1-637198963	S2-130285629,S3-142115176,S3-323418254,S3-207688764
S1-958815472	
S1-831341492	S2-940666059,S2-458188938,S3-228158462
S1-484417400	S3-669657646
S1-849470299	S2-174559042,S2-611555786,S3-882323999
S1-440073441	S2-11720431,S3-664291237,S3-178065249
S1-179402914	
S1-855080298	S2-969530797,S2-37564863,S2-66701861,S3-467592883,S3-338499368,S3-790483419,S3-409001010
S1-574492063	
S1-724388100	S2-247900120,S2-632344527,S2-133889431,S2-218727334,S3-71568882,S3-222586470
S1-389390526	S2-525779442,S2-934654035,S3-54092472
S1-836718161	S2-503655200,S3-469321448,S3-994299048,S3-503337393
S1-916555789	
S1-565536267	S3-753659823
S1-878474652	S2-744796802,S2-256285729,S3-597864472,S3-472280078,S3-963505573
S1-297020204	S2-613028547,S2-341489531,S2-144713159,S2-95247461,S3-471465925
S1-234647036	S2-14375364,S2-43837006,S2-805251005,S2-530795381,S3-965259062
S1-283451922	S2-112663870,S3-284163784,S3-348306568
S1-954751970	S2-112801853
S1-802756862	S3-282559906,S3-869473815,S3-268040891
S1-289800182	S2-805986147,S2-353714243,S3-423869439,S3-738100856,S3-85177275,S3-41073920
S1-319883198	S2-189375485,S3-495796230
S1-172395147	S2-938912357
S1-860520666	S2-687315825,S2-1282168,S3-673626054,S3-263924405,S3-876539581
S1-419710195	S2-99902182,S2-206973949,S2-4687555,S3-395730697
S1-702318151	S2-635808262,S3-903457298,S3-241040035,S3-950308581
S1-575848630	S2-204425038,S2-254503886,S3-516896600,S3-173313210
S1-811389572	S2-598949735,S2-769332065,S3-241904710,S3-953726930
S1-76004585	S2-540653859,S3-599200951,S3-743051778
S1-383508115	S2-609515555,S2-922733915,S2-537216888,S3-36010289
S1-969867716	S2-745304796,S2-841435139,S2-691699362
S1-694155803	S2-181910459,S2-163516599,S2-226020,S2-95174456,S3-666197674,S3-465162465,S3-759440679
S1-517477062	S2-855664088,S3-133851620,S3-448424546
S1-260987732	S2-513221310,S3-659501120,S3-270477854,S3-547866737,S3-852249643
S1-273066418	S2-220717910,S2-372834360,S2-985240830,S3-160346407,S3-427129697,S3-760169094,S3-760714472
S1-816580955	
S1-459303679	S2-636623403,S3-443897978,S3-758806772,S3-379271075
S1-312047334	S2-634591058,S3-431131351,S3-570599842,S3-360499294
S1-101978075	S2-414480419,S3-595347702,S3-960374759,S3-391819738
S1-435122537	S2-887284012,S2-665931802,S2-709584117,S2-39510268,S3-482227869,S3-34271694
S1-314701154	S2-934331306
S1-706182888	S2-377720576
S1-1976622	S2-88684941,S3-525070007,S3-228163701
S1-550464357	S2-42030428,S3-48619379,S3-901700742,S3-444440589
S1-782637704	S2-953229763
S1-805975803	S2-265982303,S2-517398093,S3-369659236,S3-254331618
S1-757444437	
S1-748766335	
S1-625936047	S2-64307346,S2-659174483,S3-328819215
S1-333496838	S2-283343567,S3-735388418
S1-944678623	S2-214909265,S2-408407622,S2-820629242,S2-6481269,S3-633266257,S3-725985618
S1-100156022	S2-2022470,S3-538338413,S3-514767319,S3-714177479,S3-81905356
S1-886492132	S2-485037911,S3-342330091,S3-72860564
S1-715120302	S2-759319694,S2-886682503,S3-597929279,S3-879699085,S3-145777328
S1-427147067	S2-28948960,S3-581231572
S1-988944419	S2-784292869,S2-164575721,S3-983821615,S3-897068244,S3-808900721,S3-374499271
S1-916175965	
S1-191071223	S2-427241854,S3-871564786
S1-575693953	S2-783448682,S2-181182343,S2-963281602,S2-608826036,S3-384500607,S3-309574199,S3-780700207
S1-559266744	S2-886143521,S3-478168149
S1-210380566	S2-847439021,S2-884590825,S3-316838470
S1-561342735	S2-957066095,S3-510599759,S3-515081617,S3-802306416,S3-224792474
S1-568713005	S2-480536056,S3-184088572,S3-265871584
S1-372824317	S2-690351004,S2-99939260,S3-69115530,S3-479517866
S1-165683632	S2-120329465,S2-438137430,S2-466847089,S2-155535739,S2-305932244,S3-882422166,S3-114489107
S1-438244936	S2-238438686,S2-969672777,S3-495449014,S3-300847390
S1-656672588	S2-39745403,S3-249206202,S3-897390225
S1-864347642	S2-572280938,S2-200845932,S2-825219993,S3-165971608,S3-792525494,S3-510932613
S1-396497691	S2-84110945,S3-444483513
S1-76137204	S2-217151684,S2-710925111,S2-843782097,S2-737358131,S2-207996707,S3-587497832
S1-451463581	S2-265556734
S1-589633152	S2-630454080,S2-208542580,S2-120672634,S3-419957463,S3-615109137
S1-106897210	S2-434684820,S2-777459778,S3-628489134,S3-209242656,S3-701523186,S3-373829690
S1-655561690	S2-358207869,S3-468897770,S3-793396644
S1-136007792	S2-410722649,S2-368606271,S2-930302252,S3-497727478
S1-293380008	S2-456274047,S3-485992386,S3-596063464
S1-812610879	S2-206010519,S2-791759869,S2-472003547,S3-890588140,S3-746546576
S1-625752669	
S1-627149385	S2-33153217,S2-117646964,S2-694670554,S3-624671360
S1-639436695	S2-274099878,S3-335377260,S3-365806088
S1-106198783	S2-889220746,S2-282361407,S2-746018260,S3-706255359,S3-515855986
S1-947073295	S2-318062212,S3-333139256,S3-694214361
S1-959605526	S2-15970516,S3-146948987,S3-20489140
S1-495565976	S2-913304732,S3-126957276
S1-99658834	S2-824706455,S2-59302999,S3-410942171,S3-640183914,S3-289965822,S3-923404080
S1-11733796	S2-183396019,S2-704638248,S3-670293171,S3-229972136
S1-15425766	S2-628021449,S3-558213416,S3-43163160
S1-1130881	S2-629815506,S2-664106667,S3-371745543,S3-461646825,S3-487792627,S3-873039879
S1-952874959	S2-651147179,S3-576769940
S1-650266372	S2-500763281,S2-24468366,S3-292917793,S3-826018138
S1-547946828	S2-131419762,S3-578270167,S3-42116220
S1-469397482	S2-632012311,S3-137276778,S3-734814269,S3-17247162
S1-825003973	S2-926402184,S2-576121990,S3-520937940,S3-71037406
S1-271361206	S2-60606188,S2-308749921,S2-833161714,S3-53162985
S1-78026146	S2-951124787,S2-67863939,S2-687977076,S3-586986211
S1-927170359	S2-66204749,S3-47513589
S1-194315103	S2-110542707,S2-273277712,S2-819314336
S1-797932633	S2-546567653,S2-260557875,S3-417611023
S1-434365881	S2-762738401,S3-378977357
S1-761785698	S2-297581974,S2-778190324,S3-63509648
S1-405687574	S2-718458694,S3-864094038
S1-154106926	S2-766309119,S3-759693673,S3-901097509
S1-634340370	S2-762408431,S2-406919142,S3-413915905
S1-670014945	S2-209476843,S2-497519725,S3-285784037,S3-893158950
S1-562341941	S2-429013283,S2-299194295,S3-772988538,S3-334746530,S3-410127548
S1-471987903	S2-555256833,S2-630035771,S3-334004560,S3-143338248
S1-753244692	S2-896716067,S2-219002207,S3-938356064
S1-980589401	S2-246555098,S2-127728272,S2-560966676,S3-320594207,S3-789205855,S3-130983245
S1-24364008	
S1-906720087	S2-674788478,S3-260566748,S3-489885270
S1-919539795	S2-827667164,S3-93723257,S3-296124108
S1-770267877	S2-943368887,S3-370726213
S1-301088690	S2-389756966,S2-12056623,S2-142081612,S3-383459997,S3-218293719,S3-39197578,S3-102180511
S1-595631400	S2-311620113,S2-751579395,S3-717733550,S3-698519635,S3-252699145
S1-884842007	S2-960194086,S2-715580774,S3-458612504,S3-181063492,S3-766035532,S3-918545289
S1-31986060	
S1-37124577	S2-335914677,S3-65553473,S3-118252578,S3-400673209
S1-197580943	S2-24225061,S3-758526913,S3-200432006,S3-979495951,S3-219048506
S1-643709651	S2-459298924,S2-133292261,S2-670256022,S2-923305088,S3-528893910,S3-566810705
S1-784313483	S2-584045261,S2-479373252,S3-429649194,S3-77577562
S1-617752276	S2-763077157,S2-879339411,S3-968292620,S3-255003546,S3-423453133
S1-321651269	S2-6566851,S3-826472969
S1-74906941	S2-131902780,S2-142574757,S3-958051284,S3-865138143,S3-479765535
S1-690353351	S2-603239244,S2-579857790,S3-443555818,S3-310232724
S1-110472164	S2-622446745,S2-260944339,S3-419876180
S1-172343176	S2-756976849,S2-14938226,S3-466820628,S3-1867740
S1-800329060	
S1-770572622	S2-641399034,S2-14895730,S2-337107056,S3-201760724,S3-137635643
S1-296712012	S2-574786176,S2-61242180,S3-722471856,S3-632105073
S1-300855767	S2-197871763,S2-634934460,S2-932161053,S3-470501512,S3-650575897
S1-841556865	S2-695972789,S2-627313185,S2-65034985,S2-652904684
S1-375326454	S2-181486947,S2-829021006,S3-576533519,S3-774758470,S3-324135077,S3-813739981
S1-286241669	S2-455792407,S3-769596061
S1-211871036	S2-700925090,S2-349643859,S2-692823821,S3-830793907,S3-577224745,S3-893276488,S3-945497779
S1-584360453	S2-826962513
S1-525555859	S2-821280649,S3-303212657,S3-360817745
S1-363244812	S2-810702011,S2-987411191,S3-103030603,S3-350610055,S3-751065638
S1-390787219	S3-874356620
S1-147867733	S2-155226929,S2-523212301,S3-289216034,S3-902821868,S3-588285786
S1-667419894	S2-687881090,S3-401470056,S3-216765858,S3-242428433
S1-69010076	S2-708100229,S3-180047246,S3-995810856
S1-242666006	S2-483253956,S3-860761910,S3-17338589
S1-515236542	S2-774081293,S3-189943477,S3-555650698,S3-993585844,S3-542836616
S1-81197989	S2-936082273,S2-644210493,S3-191117107
S1-493025388	S2-597757566,S3-626120393,S3-745873484,S3-498144397
S1-946522315	S2-978131379,S2-637205430,S2-511760060,S3-766203437,S3-335824878
S1-368827905	S2-351314453,S3-594245223,S3-753796340,S3-367224617
S1-539349512	S2-674848420,S2-956651080,S2-970691072,S3-142816846,S3-923929588,S3-921328473
S1-721926643	S2-301675498,S2-41314895,S3-189360503,S3-583332378
S1-589992139	S3-482002752
S1-603891129	S2-315056346,S3-602603667
S1-730709241	S2-182337093,S3-864392512
S1-132893770	S2-350444552,S2-533756190,S2-315109617
S1-840818384	S2-894041100,S3-54156291
S1-812884876	S3-141277473,S3-764960314
S1-595761746	S2-782916883,S2-32657557,S2-407043,S3-566024285,S3-221689764
S1-362434266	S2-886203097,S2-782049166,S2-570525946,S2-353326921,S3-986921504,S3-689597450
S1-416134095	S2-342197952,S2-345957083,S2-266962880,S3-969064012,S3-472540182
S1-558201612	S2-281684527,S2-116362103,S3-802697929,S3-718083587,S3-188951426
S1-968251923	S2-274964248,S3-752272496,S3-424062824
S1-381087349	S2-876867107,S3-84857071
S1-420313630	
S1-823229551	S3-82232052
S1-238607601	S2-856327908,S2-320509263,S2-154513274,S3-358331672
S1-884776187	S2-723051594,S3-979268567,S3-654753683,S3-918417205,S3-561507100
S1-829649590	S2-896049322,S2-920287181,S3-106729772,S3-448077530
S1-293215501	S2-29471710,S3-441992916
S1-903412274	S2-525093300,S3-505818325,S3-361053425
S1-949066592	S2-806383492,S2-456942576,S2-561451821,S2-297540945,S3-223241405,S3-755509315,S3-979870930
S1-42701412	S2-9998052,S3-836550414
S1-774999447	S2-959840966,S2-559499158,S3-284460299,S3-872522762
S1-877039764	S2-517905874,S3-39995225,S3-183210288,S3-125286700,S3-659064202
S1-267938536	S3-634465654,S3-509825332
S1-683365793	
S1-742674308	S2-445985295,S2-380685388,S2-641937462,S3-17796485
S1-584555420	S2-796218647,S2-827317048,S3-469987537
S1-174479605	
S1-335193543	S2-237221114,S3-667419988,S3-359590912
S1-475825076	S2-488307900,S3-715012827
S1-366319763	S2-888292630,S2-302669161,S3-603278971
S1-285885646	S2-117684068,S2-12301623,S3-429031613,S3-177915347
S1-150661782	S2-558163169,S2-311730843,S2-283881847,S3-658802207,S3-477197564
S1-682755743	S2-116643343,S2-269478852,S3-676024864
S1-88983518	
S1-106305081	S2-535248581,S2-671525740,S3-421058755,S3-863336387
S1-849142891	S2-4348200,S3-322104128
S1-993088924	S2-424445302,S2-120325408,S3-945144908
S1-135220978	S2-286604837,S3-839910866,S3-94841284
S1-508538703	S2-738206996,S3-281565641
S1-545084607	S2-181296183,S2-386730644,S2-225085223,S3-533772291,S3-590328667,S3-473207950
S1-477454470	S2-68981287,S2-557499197,S2-142060617,S3-492287470,S3-30128434,S3-282292551
S1-431399479	S2-353269558,S2-363283530,S3-780453725
S1-871619141	S2-430589766,S2-272949393,S2-960916162,S3-225913649,S3-341003366
S1-598361554	S2-550112369,S3-266281684,S3-580325437
S1-554562873	S2-933084473,S3-658627324
S1-564370700	S2-570729291,S2-354144432,S2-804655118,S2-337882254,S2-672441425,S3-983252746,S3-867973461,S3-197424395,S3-718634476
S1-556871771	S2-409056560,S2-514774367,S2-838458155,S2-666655568,S3-828144784,S3-640705000
S1-794453792	S2-359881933,S2-989810443,S2-24626287,S3-949052510
S1-876080850	
S1-467607764	S3-698964336,S3-595024353
S1-563702101	S2-551113942,S2-899002855,S3-877563092
S1-199366292	S2-327319723,S2-795509800,S2-962669950,S2-21416425,S3-800600625,S3-813372144
S1-835515735	S2-635224531,S3-681312265
S1-557608218	S2-758350235,S3-758583640,S3-514864572,S3-55406058
S1-75940817	S2-48023663,S3-676512126,S3-962257543
S1-155876632	S3-834138841,S3-829476713,S3-437278948
S1-433729328	S2-291799081,S2-665450843,S3-687924975
S1-280327618	
S1-610842954	S2-819709952,S2-760612418,S3-7867406,S3-98989611,S3-457828568
S1-895532764	S2-984769585,S2-751644079,S2-124311101,S3-998838614
S1-245783991	S2-250084453
S1-777853178	S2-110235535,S2-144527522,S3-264332670
S1-294574667	S2-39647074,S3-791642820
S1-842589067	S2-114222152,S3-591641419,S3-274670551
S1-218169886	S2-470648091,S2-638957248,S2-242452328,S3-84114841
S1-929753626	S2-667271379,S2-334680836,S3-719088468,S3-130550908
S1-441956431	
S1-250521657	S2-27353527,S2-847084343,S3-638664840,S3-838873333
S1-976270651	S2-418113135,S3-51072745,S3-846223979,S3-565633772
S1-248386727	S2-406357983,S2-43603972,S2-997734341,S3-947017631,S3-441947062
S1-144236949	S2-678446632,S3-910780727
S1-104981231	S2-498659720,S2-996923574,S3-352120622
S1-9314429	S2-23571470,S3-287011046
S1-295442016	S2-41011137,S3-572241814,S3-290937801
S1-891161355	S2-483268051,S2-40499438,S2-17539412,S2-196477830,S3-540970920,S3-238855519
S1-767547871	S2-657192801,S2-113597938,S3-578708537,S3-43915737
S1-984594632	S2-894442090,S2-260707263,S2-611743640
S1-615025041	S2-550824790,S3-717933231,S3-488545482
S1-725498911	S3-511245115,S3-435159500
S1-984951139	S3-474904732,S3-996473813,S3-807480204
S1-240068720	S2-302253159,S2-22746247,S3-6172234,S3-371742281,S3-878671105
S1-146283920	S2-645617939,S3-924608272,S3-181334625,S3-304432680
S1-872862197	S2-27278397,S3-432564010
S1-978485879	
S1-55873181	S2-67231220,S2-474944530
S1-339721637	S2-809275580,S2-976116999,S3-431693237,S3-896669796,S3-16472732
S1-804799320	S2-598257429
S1-690934189	S2-671980000,S3-752225660,S3-307350108
S1-533248665	S2-515652873,S3-111234056,S3-782938333
S1-63902528	S2-376802822,S2-816540092,S3-546807759,S3-776516556
S1-292869490	
S1-505379886	S2-256020145,S2-923850397,S2-232516394
S1-998354985	S2-879379427,S2-499174285,S2-505157773,S3-147755114,S3-670292809
S1-197764114	S2-806214343,S2-529734975,S2-848437857,S2-590757045,S3-234608930
S1-787759292	S2-465468842,S2-446301166,S3-643331415
S1-784086695	S2-727527855,S3-461244951
S1-598218387	S2-188014081,S2-884077269,S2-978478672,S3-313488483,S3-264251271
S1-566609770	S2-829138697,S3-103991932,S3-991963113
S1-727487157	S2-7717848,S3-986715407
S1-720439994	S2-773482721,S2-621130373,S2-674098448,S2-192548082,S3-658403598
S1-900389182	S2-446385091,S3-975552597,S3-759066120
S1-272077084	S2-973260213,S2-20024865,S3-856820888,S3-35723969,S3-464990080
S1-662912249	S2-432380047,S2-178994622,S2-488724822,S3-29778903
S1-841613198	S2-10455537,S3-577024607,S3-113685820,S3-861942503
S1-182777890	S2-201434351,S2-719468257,S3-533674286,S3-486669380,S3-390022952
S1-841429435	S2-806647957,S2-473296587,S2-251191130,S3-427623410,S3-383422590
S1-956922729	S2-240616389,S2-450505544,S2-725456347,S2-329860797,S3-942386761
S1-322965028	S2-655922000,S2-779737410,S3-248062291,S3-623704612,S3-565528548,S3-966086596
S1-713945282	S2-313132717
S1-701816678	S2-111974195,S3-781693438,S3-216099655
S1-231720953	S2-69914687,S3-28282699,S3-773835079
S1-764506052	S2-141035476,S3-471226865
S1-730619377	S2-26198218,S3-166372153
S1-471927094	S2-206193079,S3-517386560
S1-571872541	S2-419667418,S2-680568386,S2-297402082,S2-184247829,S3-679036908
S1-149210490	S2-523683678,S2-109021002,S3-309528295
S1-950295572	S2-821284018,S2-265247634
S1-224152097	S2-402817970
S1-149000321	S2-234041297,S2-679826918,S2-187275330,S3-715723943
S1-208141438	S2-260038783,S3-586097542,S3-569386441
S1-961018150	S2-314547649,S3-577982962
S1-178137569	S2-308737765,S2-800752294,S3-52124027,S3-549814519
S1-637319524	S2-510945978,S2-888997528,S3-694970473
S1-690006066	S2-846151535,S3-321219850
S1-390184868	S2-664801813,S3-117666716,S3-48151611
S1-957189644	S2-190500815,S2-741907311,S2-524629017
S1-745060949	S2-362378106,S2-803367831,S2-164825389,S2-674990492,S3-235167788,S3-227531401
S1-405335475	S2-194817706,S2-942968042,S2-295327796,S3-664471082,S3-978359148,S3-543681008
S1-2485999	S2-458428438,S3-541144769
S1-460371008	S2-236474396,S2-66842237,S3-883618316,S3-587771832
S1-674434388	S2-969950772,S2-51482346,S3-59150488
S1-880668608	S2-662165524,S2-305833317,S3-817444520,S3-615886413
S1-530696030	S2-256652449,S2-933292391,S2-802107061,S2-36680646,S3-351779929,S3-186951670,S3-156081932,S3-60942125
S1-76009843	S2-625660764,S3-813052981,S3-850305771,S3-991582027,S3-994646992
S1-637801100	S2-247544822,S2-479652498,S3-864417223,S3-637260719
S1-601920120	S2-248928490,S2-808060199,S3-198857085,S3-734640278
S1-80510501	S2-43266464,S2-925140023,S3-870161466
S1-916874344	S2-969781098,S3-94550808,S3-715496047,S3-273322350
S1-405019566	S2-261008165,S3-839005015,S3-143216202
S1-128986856	S2-879411823,S3-401394655
S1-166415188	S2-591087353,S2-39965603,S2-471216241,S3-204974338
S1-546582885	S2-985806671,S2-918095597,S3-924533658,S3-875319982
S1-756306158	S2-47447162,S2-519542390,S2-438610832,S3-41051284
S1-484782105	S2-112757578,S2-85334239,S3-218692125,S3-298632960
S1-861208417	S2-898936964,S3-605599651,S3-93816670,S3-679166068,S3-967265472,S3-17177393
S1-101177154	S2-20447402,S3-57982950,S3-319555032,S3-895091192
S1-755857666	S2-385620451,S3-268963908,S3-610478615
S1-755035763	S2-49159683,S3-266101641
S1-384554842	S2-175649617,S3-494196111,S3-19395223
S1-327910555	S2-93350438,S3-54603255,S3-285785880,S3-287383199
S1-894527555	S2-582768019,S3-277617045,S3-718366439
S1-412447700	S2-562948695,S2-906247105,S3-23989479,S3-445016236,S3-640259999,S3-256899887
S1-521714708	S2-261683682,S3-19061121,S3-914798371
S1-23263924	S2-890734106,S2-27469641,S3-520036789,S3-533316626
S1-194430852	S2-763521435
S1-675112142	S2-88580102,S2-71660380,S2-790842196,S2-167591374,S2-790958572,S3-643583537,S3-785537571
S1-461221010	S2-162621593,S2-979933516,S2-586109100,S3-755324809,S3-592767335
S1-630613249	S2-383742020,S2-951354822,S3-969953885,S3-647562279
S1-836584331	S2-277254342,S2-789846511,S3-378848936
S1-666595918	
S1-400791736	S2-147885401,S2-781116378,S2-584505326,S3-671676110,S3-835582283
S1-639847657	S2-651806358,S2-711608079,S2-190603919,S2-72656406,S3-29561412,S3-51370845
S1-416010473	S2-935029041,S3-94432597
S1-522880539	S2-328582020,S3-456096870,S3-840475527
S1-540707170	S2-188490333,S2-878220441,S3-309920580,S3-168252186
S1-586777435	S2-469334725,S2-984832307,S2-575519056,S2-878421806,S3-670638511,S3-420847169,S3-709132507
S1-79759475	S2-96218718,S3-208752503
S1-227132188	S2-109565026,S2-969631759,S2-508928418,S2-942981579,S3-125535327
S1-443903833	S2-679729119,S3-546315251,S3-903090264
S1-863691632	S3-691364894,S3-945824278
S1-244067623	S2-562839607,S3-380140671
S1-789574693	S2-58845953,S3-388245478
S1-908956450	S2-104572964,S3-193665870,S3-809503734,S3-669025286
S1-170505581	S2-586694373,S3-716735654,S3-338362313
S1-558246817	S2-15696805,S2-301984958
S1-576679092	S2-558044039,S2-439975835,S2-713054399,S3-393693967,S3-705572991,S3-114878687,S3-635335731,S3-131052146
S1-534210548	S3-191323857,S3-471391203
S1-268086028	S2-281922562,S3-342047286
S1-971426960	S2-312619557,S2-770854143,S3-695277128
S1-300601814	S2-153400652,S2-890124501,S2-638908101,S3-631288212,S3-487914830
S1-158072593	S2-878849611,S2-798601541,S2-896328683,S2-104324911,S3-360737274
S1-950484153	S2-232365055,S2-930546636,S3-304318812,S3-885626476,S3-870024975
S1-14218118	S2-202758139,S2-171993330,S3-18759347
S1-84759658	S2-817467264,S3-800887987,S3-718184970
S1-227792308	S2-571440650,S2-363224938,S3-699434776,S3-473094831
S1-841256506	S3-204842208
S1-86659201	S2-688405676,S3-242930746,S3-630579890,S3-12578776
S1-542057580	S2-946622693,S3-75019691,S3-796182696,S3-243895039,S3-985956250
S1-916976566	S3-371025852
S1-476251804	S2-653620177,S3-945845561
S1-415419201	S2-226818419,S3-855369047
S1-61298104	S3-765384760,S3-55437404,S3-409763421
S1-934232025	S2-755201056,S2-582486703,S2-605628705,S3-775698184,S3-342461605,S3-770018553,S3-10374603
S1-336688655	S2-96537265,S2-773701072,S2-913749879,S2-872402504,S3-277076592,S3-312195161
S1-353425423	S2-892412805,S3-632735008,S3-897282056
S1-6737623	S2-861843227,S3-792193481
S1-273222508	S2-228626465,S3-824712867,S3-942986942,S3-49629005
S1-787970182	S2-505079922,S2-494279526,S3-340083289,S3-631811671
S1-198436962	S2-556995705,S2-818227713,S3-602090986
S1-589072664	S2-309250365
S1-770915450	S2-565110937,S2-347078319,S3-670328122,S3-439757752
S1-65536820	S2-514112969,S2-250431175,S2-81945948,S3-667454661,S3-613705156
S1-894915149	S2-241595972,S3-783517010,S3-643682637
S1-522676982	S2-150768675,S3-314716198,S3-649102646
S1-83132537	
S1-350484760	S2-536502728,S3-220375410,S3-385032187,S3-683221115
S1-423836179	S2-678566359,S3-441023143,S3-384693189,S3-476657375,S3-954326654
S1-337698096	S2-544608814,S2-878101740,S3-757965446,S3-977164814
S1-467732806	S2-35199850,S2-531095889,S3-189246859,S3-151648856
S1-198447620	S2-330700230,S2-273027704,S2-862686712,S3-294800787
S1-340316770	S2-540596085,S3-307696239
S1-384886548	S2-751141305,S2-21857775,S2-103318622,S3-358085639,S3-403910439,S3-824501159
S1-304458148	S2-255553479,S3-379622062
S1-519754359	S2-849119930,S2-269935812,S2-370628961,S2-649074315,S3-600648664,S3-506939212,S3-191302541
S1-17887550	S2-698706007,S2-702740514,S2-773694668,S3-858476125
S1-572405443	S2-49281539,S3-362814925
S1-63096790	
S1-975239095	S2-456684267,S2-496159070,S2-674185939,S3-443455259,S3-730164979
S1-891933413	S2-99699695,S2-970045892,S2-149603495,S3-658463643,S3-734619279
S1-541187807	S3-118088614,S3-16399336
S1-817181236	S2-864124316,S3-554203897
S1-576893903	S2-432504457,S2-765705046,S3-188378434
S1-142726876	S2-569090382,S3-804329643,S3-47791856
S1-202513245	S2-529852318,S3-683823893
S1-782443865	S2-102576533,S3-880834626,S3-74278259,S3-863213571
S1-926616313	S2-173496476,S2-531293574,S3-516448451
S1-373286096	S3-444129198,S3-68779125
S1-470789542	S2-832557023,S2-339933209,S2-707949881,S2-80853451,S3-78610188,S3-305459258,S3-835627266
S1-203849275	S2-25240296,S3-721999363
S1-500052268	S2-639773338,S2-99926696,S3-491305493
S1-720093252	S2-542805932,S2-369331855,S3-17981179
S1-594863587	S3-664539881,S3-169669279
S1-333116734	S2-260881332,S2-667887297,S2-486401771,S2-976089674,S3-401323036,S3-892794852,S3-562768602
S1-372527956	S2-304395187,S2-757036336,S3-466429984,S3-249874675,S3-545493934
S1-245632796	S2-944410628,S2-587637958,S3-335144560,S3-643417447
S1-839110549	S2-695687266,S2-550614708,S2-520975056,S2-833771161,S3-68531278,S3-636679287
S1-347807426	S2-244594775,S2-593797577,S3-828437615
S1-368766978	S2-325150987,S2-554871156
S1-261453824	S2-276050474
S1-270624039	S2-480882523,S2-916368321
S1-2427058	S2-426076095,S3-439642952
S1-72521116	S2-660835569,S3-59758148,S3-434387922,S3-481130294,S3-417681940
S1-13289067	S2-647013061,S3-952511912,S3-690187807
S1-629634595	S2-766461941,S2-240174592,S3-1412988,S3-190429735
S1-109077546	S2-616994522,S2-353831513,S2-736766936,S2-772209388,S2-679527114,S3-962227886,S3-334233742,S3-742360517
S1-269310809	S2-305800339,S2-190565012,S3-852164785,S3-547783173,S3-972392615
S1-997698129	S2-601778755,S3-718363057
S1-905830599	S2-259661008,S2-451157340,S2-987137409,S3-618060406,S3-618523003,S3-617773934
S1-990436286	S2-961958913,S3-922350666,S3-750479702,S3-634822809
S1-318075726	S2-992459366,S2-909922769,S3-349872988,S3-367332215
S1-632295860	S2-975931387,S3-429053193
S1-150487460	S2-321133590,S3-897739730,S3-367645953,S3-262897901
S1-677355870	S2-178788726,S2-369861800,S2-930834573,S3-407085901,S3-89356442,S3-44688679
S1-356127491	S2-697716846,S2-275558614,S3-409806809,S3-320681879,S3-99410386
S1-259944833	S2-809331304,S2-36588396,S3-302683339,S3-933669464,S3-3864667
S1-188055496	S2-555823754,S2-613805847,S3-144890695
S1-879974998	S2-881479139,S2-985671833,S3-210310587
S1-982775267	S2-366375826,S3-629598850,S3-363678096
S1-761716388	S2-272002364,S3-182474307,S3-759564734,S3-11444021,S3-357511759
S1-157170323	S3-827374268
S1-543174068	S2-687384878,S2-215210930,S3-26142124,S3-90048030
S1-896568025	S2-103781080,S2-192124167,S3-682709952,S3-912639576
S1-933656886	S2-305159060
S1-419338929	S2-272216634,S2-490186549,S3-648192413
S1-228555590	S2-262451944,S2-788872185,S3-968448754,S3-36590829,S3-77413459,S3-985834750
S1-389267109	S2-665097688,S2-858023469,S2-302946617,S3-437159697,S3-301028782
S1-604391825	S2-219992343,S2-603271677,S2-560432728,S3-160466956
S1-53391335	S2-824405875,S3-800904551
S1-124217301	S2-869262673,S3-812309909
S1-199657107	S2-785540526,S3-377268667
S1-949812476	S2-643489525,S3-218463897
S1-71228080	S2-570625155
S1-57178084	S2-171031795,S3-2958595,S3-88659924,S3-565344910
S1-139098358	S2-614848325,S3-963165387
S1-596469381	S2-536147703,S2-853345542,S2-319122052,S3-696860592,S3-482107425,S3-943293464
S1-940882565	S2-986714516,S3-762102336
S1-634395680	S2-1181624,S2-670754827,S2-57744133,S3-187766861
S1-195985682	S2-569534355,S2-925387577,S3-162590572,S3-172019304
S1-97078638	S2-65524112,S2-408691831,S3-922570181,S3-221941260
S1-362214599	S2-405514843,S2-79739183,S2-118081502,S3-625837567,S3-294439111
S1-419438916	S2-385867088,S2-58833431,S2-788267133,S3-870271687,S3-51718924
S1-748693211	S2-165663611,S3-832418036,S3-701844811
S1-432715599	S2-540869808,S2-225182939,S2-125045784,S3-233582703
S1-339255441	S2-323177889,S3-183843296,S3-734277268
S1-921244172	S2-522615893,S2-196317973,S3-240365205,S3-205997297
S1-347338491	S2-775908801,S2-374948089,S3-605412938,S3-671460895,S3-738894767,S3-826041991
S1-585737184	S2-10513747,S2-891807054,S2-105088719,S2-844185072,S3-227449101
S1-795364176	S2-90638993
S1-481514090	S2-730603505,S2-753534925,S3-772011609,S3-4927655,S3-516341776
S1-250607052	S2-306670060
S1-986274635	S2-847239767,S2-519793379,S3-486356580,S3-219115679
S1-251237487	S2-780983762
S1-323957666	S2-442110204,S2-600183284,S3-381825197
S1-591508611	S2-11981312,S3-686670767
S1-597401076	S2-892577003,S3-546446806,S3-696136896
S1-135670925	S2-833118733,S3-650326857
S1-930096681	S2-161906024,S2-931105333,S3-759131148
S1-922248186	S2-48983861,S2-363939905,S3-753746180,S3-32775343,S3-149176280,S3-214840209
S1-947828307	S2-88778615,S2-99035672,S3-174668931,S3-751453487
S1-199831580	S2-873971027,S3-100099733
S1-176463378	S2-974905812,S2-545938566,S3-953549969
S1-797980519	
S1-194051776	S2-659436525,S3-826787976
S1-761010516	S2-703236423,S2-425183592
S1-88455342	S2-394268236,S2-525991304,S2-670365491,S3-789595963,S3-599002414
S1-343464033	S2-820357789,S2-633668573,S3-896571690,S3-374214872,S3-799249046,S3-177375772
S1-297881079	S2-569416022,S2-162314187,S3-870144214
S1-271420350	
S1-833145279	S2-640892309,S2-60348109,S3-90866791,S3-95603294
S1-189530063	S2-49902663,S2-84699547,S3-808550621
S1-709356804	S2-317539816,S2-468204683,S3-616007921,S3-686046109,S3-425584244
S1-882765114	S2-826098345,S2-831512560,S3-990933002,S3-389398342,S3-733404303,S3-525235676
S1-792050256	S3-370646356,S3-32689059,S3-290076831
S1-702212559	S2-737409072,S2-289592698,S2-820201221,S3-224576777,S3-587070378
S1-224883093	S2-498234469,S2-751523260,S2-357440457,S2-846917222,S3-995720881,S3-716623307,S3-278934583
S1-130494871	S2-387307628
S1-482028774	S2-488438856,S3-246329946
S1-686458815	S2-892340143,S2-107172398,S2-820597631,S3-156768748,S3-389853149
S1-23727664	S2-890493380,S2-223273287,S2-426574732,S3-981742019,S3-562651433
S1-176736869	S2-190321583,S3-557200930
S1-34205399	S2-596539295,S2-705051965,S3-890925656,S3-60567639,S3-497350229
S1-369915162	S2-581977195,S2-288823732,S2-593260490,S3-448707507,S3-488287741,S3-908366015
S1-335753397	S2-851771368,S3-630312556,S3-991956990
S1-597360158	S2-483472029,S2-651699519,S2-828421016,S3-120931964,S3-595167314,S3-299399681,S3-18510566
S1-872962795	
S1-870252608	S2-367496737,S3-9256561
S1-626302094	S2-467582142,S2-674883042,S3-654609475,S3-478902693,S3-404639981
S1-946121364	S2-891062202,S2-56242350,S3-562547563,S3-361781662
S1-41701521	S2-835133366,S3-38938047,S3-998024719,S3-845556732
S1-681042731	S2-694722958,S2-690253612,S3-126833675,S3-347018144,S3-266284647
S1-671308406	S2-737579262,S2-488545874,S3-45506482,S3-18619187,S3-385567806,S3-919447821
S1-208544360	S3-520127149
S1-799963413	
S1-77502606	S2-416931992,S2-478299586,S3-816486341,S3-230096050
S1-815839158	S2-686448852,S3-389238808
S1-974705512	S2-378157749,S2-414013996,S2-279592986,S3-348574243,S3-220214660,S3-434515505
S1-976827862	S2-745551166,S2-191618406,S2-302365302,S2-450215485,S3-702303297
S1-79396500	S2-473939760,S2-504504403,S2-938417233,S3-77491591
S1-473365423	S2-636639989,S2-692563812,S2-585112439,S3-727260573
S1-67681638	S2-788536809,S3-43819285
S1-605215615	S2-63133389,S2-964080724,S2-765653460,S3-178023357
S1-735401310	S2-881845869,S3-333490015,S3-426892268
S1-474692067	S2-482822217,S2-353966416,S3-927062446,S3-504512333
S1-588973342	S2-692722277,S2-146486727,S2-969824353,S3-151920435,S3-394063892
S1-711068427	S2-64159556,S3-289266218
S1-718853044	S2-465719495,S2-589427565,S2-408978590,S3-223985536
S1-563706327	S2-336188712,S2-455480752,S3-577052148,S3-25388570,S3-12535155
S1-752995445	S2-74690892,S2-455414356,S2-687614501,S3-191412793,S3-471110041,S3-794007879
S1-6117494	S2-721278054,S2-608288890,S2-343981368,S2-4681873,S3-407598495
S1-406635793	S2-946173497,S3-823552698,S3-673453438,S3-710428434
S1-551620258	S3-528931542,S3-787289111
S1-389369657	S2-685134575,S3-136125526
S1-347812056	S2-333002042
S1-597893656	S2-976751892,S3-84853946,S3-232030534,S3-508298055,S3-858970959
S1-872530008	S2-295185611,S3-35648806
S1-707337780	S2-915967394,S2-887956944,S2-936977990,S3-486459865,S3-735721373,S3-315601276
S1-120286857	S2-906599496,S2-612194267,S2-491500388,S3-912158432
S1-870333854	S2-89703925,S2-130051104,S3-497025508
S1-759850417	S2-247640555,S3-320082120
S1-380244636	S2-281522452,S3-374479166,S3-259431862
S1-814689228	S2-796229559,S2-727767479,S2-862156945,S3-729531544,S3-432774769
S1-37738510	S3-973725124,S3-15910096,S3-845360979
S1-155480034	S2-286162600
S1-878795316	S2-92874904,S3-792517193
S1-195984139	S2-535606034,S2-308252272,S3-640734720,S3-711569567,S3-552129873
S1-622908702	S2-206504464,S3-809180080,S3-659128318
S1-361044909	S2-567337139,S2-75601902,S3-263087229
S1-725275730	S2-557338183,S2-467726734,S2-453205196,S3-913634297
S1-867331725	S2-166136760,S2-887432102,S3-924256408,S3-270973886,S3-753897726,S3-545240808,S3-351997873
S1-312644888	S2-767640146,S2-438085991,S3-363075986
S1-653997447	S2-626099408,S2-819260312,S3-460877149,S3-555378310,S3-111213479
S1-206741639	S2-551329015,S2-733055950,S3-915818759,S3-391239804,S3-385543328,S3-279639825,S3-185999346
S1-12971468	S2-165431937,S2-47283816,S2-354457706,S3-130491937
S1-920800901	S2-187731899,S3-209288700
S1-143331054	S2-484519706,S2-700745735,S3-606698858
S1-865128519	S3-251505964,S3-255762801,S3-937422598
S1-946521826	S2-508430468,S3-616655752
S1-461840485	
S1-630157011	S2-117721168,S3-886012483
S1-558272946	S2-111088420,S2-792339237,S3-70364996
S1-405207564	S2-631545344,S2-69488273,S3-951445952
S1-122389383	S2-812698339,S2-942924617,S2-970213241,S3-456151730
S1-519358676	S2-864569316,S3-299110287,S3-507124411
S1-48493366	S2-522353850,S3-596558366
S1-299810016	S2-22562696,S2-978878573,S2-870772767,S3-504959025,S3-931030634,S3-28467859
S1-959082754	S2-243133426,S3-872076294
S1-662368438	S2-591935078,S3-548471160,S3-144706142
S1-645575294	S2-567845328,S2-507158580,S3-312865501,S3-944067607,S3-272105450
S1-744439293	S2-957280143,S2-310244264,S3-105334296,S3-750948104,S3-893098434
S1-682738252	S2-198433651,S3-554084947,S3-565434687,S3-372270308
S1-171674851	S2-417848217,S2-422552469,S2-577048025,S3-976469126
S1-415121394	
S1-707558989	S2-729971271,S3-523774149,S3-15582854
S1-577182575	S3-442083125,S3-467442787,S3-784006610,S3-672468638
S1-816260179	S2-122170839,S2-769248897,S2-960568872,S3-454678377
S1-565271064	S2-559833512,S2-596105903,S3-324486854
S1-795274834	S2-232669109,S3-325150324,S3-600045874,S3-520808324,S3-781737612,S3-761784249
S1-114528734	S2-625693746,S3-251989599,S3-817819938
S1-541912647	S2-924894450,S2-290432676,S3-576601403
S1-422862945	S2-139068692,S2-335115311,S2-313359894,S3-756631906
S1-834347888	
S1-764047174	S2-316551641,S3-752173997,S3-636650901
S1-217291674	S2-431744990,S2-857824083,S3-984439079,S3-377112609,S3-384078756
S1-980965113	S2-578002757,S2-353979599,S2-22607150,S3-477687826
S1-432162402	S2-669971208,S2-408467721,S3-852462780,S3-597399582,S3-618024331,S3-650639072
S1-459707900	S2-287818777,S2-347634367,S2-690364899,S3-121542341
S1-944910691	S2-981648306,S2-239322744,S2-631485785,S3-250839890,S3-252887485,S3-983960205,S3-1737557
S1-211118335	S2-893057885,S2-568149368,S3-298136657,S3-707540158
S1-697284793	S2-286163673,S3-437612516,S3-763577610,S3-378302115
S1-859767328	S2-804554022,S2-266916758,S3-675403604,S3-647307961
S1-928526414	S2-738288274,S2-644644761,S3-419125622,S3-355019103,S3-961717500
S1-995687403	S2-290194851,S3-214521689
S1-174620014	S2-278113791,S2-273869710,S2-955979429,S2-126092906,S3-553601176
S1-597715491	S3-429628323,S3-13064183,S3-838061564
S1-22137007	S2-292425590,S2-858144520,S2-628189546,S3-98305475
S1-937606020	S2-148159631,S3-914059038,S3-879497365
S1-32293809	S3-327122870,S3-509619150
S1-366956514	S3-98586769
S1-80002423	S2-827260055,S2-70444822,S2-62100244,S3-53940857,S3-199766467
S1-442141784	S2-138314819,S2-957143508,S2-115003075,S2-169266033,S3-302113746,S3-718363891
S1-663404421	S2-264736165,S2-579847426,S3-102666100,S3-663712988,S3-872862352
S1-435128257	S2-269397196,S2-610164243,S3-874027421,S3-775648421,S3-67502270,S3-525422588,S3-72503501
S1-637454673	S2-495450996,S3-484292089
S1-306369980	S2-918500815,S2-210448554,S3-629321386
S1-971931727	S2-540410586,S2-971552039,S3-324285869,S3-307862497,S3-728876016,S3-285963682
S1-636343480	S2-82977787,S3-684962571,S3-892400800
S1-127110124	S2-389297028,S2-711818668,S3-613119002,S3-209147672
S1-159093259	S2-383757069,S2-394029458,S3-297846657,S3-977474578
S1-183338637	S2-115155382,S2-928512793,S2-647713974,S3-283499330,S3-888754607
S1-593108133	S2-364018420
S1-851796597	S2-588470006,S2-394964583,S3-440655165,S3-184901024
S1-224934052	S2-290816660,S3-839915614,S3-773922108
S1-379453912	S3-339257991
S1-598168023	S2-3253111,S3-599810496
S1-773696322	S2-818405788,S2-537916998,S3-301053476,S3-996590532
S1-787145100	S2-850912308,S2-311927789,S3-14941990
S1-404234059	
S1-946102420	S2-321930995,S2-339676348,S3-11594519,S3-945936786
S1-585046305	S2-59921737,S2-24946686,S3-755540011,S3-122117783
S1-901522037	S3-463503571,S3-917985938
S1-195087477	S2-674921174,S2-972690698,S2-543231118,S3-228076585,S3-848214409
S1-951028894	S2-66339986,S3-405839842,S3-514162433
S1-842804368	S2-139550312,S2-927617104,S2-873422242,S2-854683230,S3-898323822
S1-592098138	S2-67203403,S2-34790522,S2-561196784,S3-231884156,S3-265454672
S1-772251162	S2-117748794,S3-57918428,S3-826045560
S1-192530719	S2-836298055,S2-286257374,S2-267501751,S2-930642407,S2-788441709,S3-384694024,S3-727693972
S1-69283956	S2-771193440,S3-302401096,S3-887322194,S3-937789117
S1-595488395	S2-673553081,S3-906900586,S3-204246905,S3-547413958,S3-274224782
S1-371604776	
S1-758670206	S2-678368523,S2-526115918,S3-457855830,S3-429126241
S1-81631243	S2-222885230,S2-817145082,S2-322241046,S2-257722732,S3-86937297,S3-815173927
S1-985197542	S2-296434308,S3-535827700,S3-782000547,S3-133429943,S3-138299654
S1-881618351	S2-876469127,S2-125757015,S3-336866690,S3-753471806,S3-984351257,S3-294923543
S1-62822497	S2-626982263,S3-164428417,S3-442515373
S1-784363806	S2-540755335,S2-773173537,S2-980167263,S3-325381380,S3-262545312,S3-921947021,S3-59976236
S1-824250468	S2-994023328,S3-218545997,S3-663251762
S1-407360633	S2-934733057,S2-120812946,S2-75517320,S3-58657653
S1-917789183	S2-436307790,S2-79125720,S2-108071136,S3-956360891,S3-808455482,S3-333022349
S1-40167011	S2-873253796,S3-708115586,S3-467714643,S3-608403438,S3-344519074,S3-765046971
S1-893715188	S2-362173445,S3-597320018,S3-276660518
S1-688410774	S2-919064770,S2-520093319,S2-996695322,S3-359384886,S3-128516193
S1-695307829	S2-299005253,S3-873330935
S1-724686178	S2-607827304,S2-639199372,S2-588540467,S3-944714819,S3-686923107
S1-758274800	S2-831645845,S2-822595729,S3-509305711,S3-154544895
S1-503290555	S2-207165154,S3-244388582,S3-544987887
S1-214949439	S2-454825589,S3-910467874,S3-724440595
S1-292553369	S2-612720407,S2-115097326,S3-887435609,S3-509220162
S1-704538235	S2-464459259,S3-339952229
S1-854395350	S2-2101620,S2-772870159,S3-219017158,S3-961121304
S1-568904678	S2-621272681,S2-288475427,S3-388838363,S3-516842719,S3-449752057
S1-260705667	S2-248414232,S2-839618184,S2-892005912,S3-417892092
S1-754625851	S2-451784829
S1-972813021	S2-663995297,S3-471712425,S3-778459851
S1-983971960	S2-977329948,S3-862474754
S1-402952806	S2-946812938,S2-198531233,S2-368935049,S3-394180271
S1-35128262	S2-444231062,S3-428269510
S1-603790356	S2-609502501,S3-458986899,S3-87197296,S3-268052600,S3-425697977
S1-99318528	S2-742967184,S3-396360310,S3-713996203
S1-32259513	S2-115905794,S2-467559870,S3-469163606,S3-200173459
S1-3365322	S2-521359105,S2-374974261,S3-926947258
S1-16293431	S2-34360435,S2-511835911,S2-710360021,S2-514981006,S2-253554028,S3-508439974,S3-992688740
S1-692006765	S2-472686255,S2-257942743,S2-553655599,S3-596955282,S3-973276433,S3-868493846
S1-563544666	S2-126513711,S3-526326502
S1-999328178	S2-721816193,S3-999949059,S3-887313212
S1-232468902	S2-928248485,S2-247140640,S3-76018911
S1-635775807	S2-394972543,S2-686678665,S2-706501001,S3-383809687,S3-981588779,S3-48239299
S1-90403128	S2-42786611,S3-817884254
S1-497933787	S2-87194133,S2-612250077,S3-867018783,S3-787899519,S3-24619697,S3-649105264
S1-927325265	S2-169346401,S2-773515062,S2-607258228,S3-970183388,S3-631817882,S3-260902628
S1-205178610	S2-480470322,S3-624342561,S3-431573108
S1-142606365	S2-469161231,S2-440621218,S3-546658829
S1-53124791	
S1-784254135	S2-276078418
S1-153225634	S2-654231539,S2-837128825,S3-264495506,S3-297743674
S1-3458439	S2-937535565,S2-300529352,S3-150169559,S3-45424235
S1-569569226	S2-75850542,S3-522058842,S3-16279229,S3-234690892,S3-77500445
S1-524542730	S2-930770678,S2-456784897,S3-761038799,S3-470524683,S3-781510703,S3-643044579
S1-167667300	S2-98222357,S2-453962386,S2-59230730,S3-684664166,S3-792986093
S1-912955300	S2-331644864,S2-604347962,S2-888809512,S2-183973567,S3-306991859,S3-804142202
S1-225409438	S2-422849630,S3-475217823
S1-200315934	S2-79432245,S2-192596906,S2-450459259,S3-453311532,S3-641103099,S3-865949551
S1-234962486	S2-569867259,S3-893021216,S3-785295634
S1-531158240	S2-812735219,S2-844395863,S3-56566381
S1-889516986	S2-514078400,S3-979483450,S3-176633554,S3-148188150,S3-312193003
S1-342947050	S2-711957759,S2-463976163,S2-985178915,S2-144258534,S2-622315407,S3-255129579,S3-415900746
S1-696482736	S2-954669113,S3-264149205,S3-420171199,S3-15089070,S3-158302098,S3-345569091
S1-561931235	S2-636860795,S2-911955885,S3-928847256
S1-921527497	S2-901968702,S2-112399299,S3-750806554,S3-530817896,S3-818442996
S1-727140556	
S1-798426624	S2-335627281,S2-375439197,S3-871162081
S1-447685450	S2-838443358,S2-742594093,S2-641185649,S2-22165619,S3-739894554,S3-846549072
S1-675253521	S2-457186882,S2-31033206,S2-962876982,S3-303049059
S1-7154437	S2-729239846,S2-560230282,S3-553784963,S3-933697518,S3-662368687
S1-354723383	S2-991416725,S2-104936896,S2-836118189,S3-164193104
S1-373845803	S2-856751820,S2-839974129,S3-589240895
S1-16349560	
S1-599122139	S2-801445533,S3-717079458,S3-222662731
S1-673198805	S2-304702555,S2-658636235,S2-398588555
S1-145580230	S2-397035047,S2-164618365,S2-360466537,S2-502935400,S2-347307885,S3-466298279,S3-308393900,S3-84472336
S1-895947450	S2-337173799,S3-482470559
S1-761823239	
S1-486544821	
S1-113911944	S2-958213998,S3-976238624,S3-596358213
S1-19857145	S2-811658482,S2-481267932,S2-688869728,S2-527307052,S2-446904651,S3-74390138,S3-756866127
S1-638862055	
S1-552026320	S2-900035338,S2-849299566,S3-815706329
S1-417403877	S2-2543944,S3-972266738
S1-599081787	S2-592575348,S3-137288278,S3-491604852
S1-34515062	S2-868607087,S3-279169095,S3-290196109,S3-242000303,S3-905458799
S1-699948218	S2-302053179,S3-910056416
S1-569884173	S2-682222618,S3-4099910
S1-13550859	S2-316816378,S2-508229936,S3-600188359,S3-76794438,S3-442786903
S1-773080599	S2-516972212,S3-38754085,S3-678137966,S3-5087250
S1-268801555	S2-216677586,S2-261291295,S2-316981752,S2-845204608,S3-105401952
S1-228765749	S2-203724874,S2-172502118,S2-983483003,S3-38706028
S1-458411701	S2-368085380,S3-743263441,S3-806453911
S1-592909040	S2-19581183,S3-261032565,S3-264835801,S3-660999478,S3-254770010
S1-247588262	S3-481456172,S3-223376643
S1-945434310	S2-159895111,S2-887021797,S2-729764251
S1-128174112	S2-787207911,S2-340043902,S3-389891798,S3-2551310
S1-308385964	S2-328632232,S2-187182128,S3-635704757,S3-110987913
S1-268528015	S2-953783607,S2-210050026,S3-196238136
S1-813276804	S2-74149684,S2-829169648,S2-369475007,S3-558643227
S1-36473097	S2-532811259,S2-72712075,S2-275642705,S3-469274036,S3-871870041,S3-410103634
S1-121565592	S2-19986605
S1-578624972	S2-962821701,S2-181194512,S2-339719876,S3-380933113,S3-366659603
S1-16303151	S2-236057133,S3-671691259,S3-662856770
S1-565848765	S2-520947418,S3-505983220
S1-922285075	S3-591431403
S1-311229647	S2-209041198,S3-747903094
S1-202472930	S2-608220357,S2-97952269,S2-578423158,S3-131491269,S3-116793004,S3-154799760,S3-657821600
S1-581500855	S2-642890527,S2-163255677,S3-932575603
S1-245458583	S2-339017558,S2-340301275,S3-731136694
S1-336732771	S2-632773244,S3-573333992,S3-958481087,S3-703623941
S1-79037210	S2-981381091,S3-54742492
S1-382110953	S3-173837705,S3-440972847
S1-786187603	S2-243012516,S2-179943809,S3-240324650
S1-430097113	S2-196863618,S3-155779713,S3-618176574
S1-359583484	S2-639365765,S2-777431357
S1-324456729	S2-107882447,S3-435166827,S3-231163610,S3-207619188
S1-283664747	S3-481120524,S3-519582384,S3-235763420
S1-498930044	S2-91624913,S2-791480988,S3-546668958
S1-881950069	S2-960126900,S2-355659737,S2-97141635,S3-527494781,S3-627562146,S3-845395941,S3-913619771,S3-349644428
S1-3447780	S2-880669640,S2-746507160,S3-117463705
S1-498276302	S2-198039871,S2-839675956,S3-614414507,S3-58081838,S3-427968582
S1-277605466	S2-117378916,S3-962568400
S1-939636679	S2-873685427,S2-515851394,S3-878056565
S1-191113983	S2-17857837,S2-150014586,S2-513367899,S3-541354301
S1-827407783	S2-671340382,S3-138433406,S3-974323140,S3-944422539
S1-20406325	S2-594284034,S2-500446474,S3-429552093
S1-567566067	S2-445802540,S2-295276415,S3-752099865
S1-729115140	S2-534811525,S3-93271090,S3-565609170,S3-148950003,S3-862513846
S1-459815908	S2-942456503,S2-538628717
S1-462874280	S2-318542961
S1-187201941	S2-810510896,S2-932677264,S3-535093585
S1-125735546	S2-36004,S2-23472563,S3-688327186,S3-762473410
S1-690870479	S2-662780397,S2-691474058,S3-77707761,S3-948415484
S1-484456686	S2-206493732,S3-714330262
S1-980684059	S2-810017124,S2-369986690,S3-360380712,S3-377588810
S1-608126615	S2-845934936,S3-683593982,S3-885289558,S3-915573180,S3-741187695
S1-873467597	S2-164017135,S3-513107699,S3-254570188,S3-396326046,S3-196655089,S3-86968044
S1-351213659	S2-676837444,S2-558235158,S2-447757604,S3-418237340,S3-550702408
S1-480362985	S2-807050313,S2-746370088,S3-133958096,S3-616838211
S1-339236912	S2-683600879,S2-628025663,S2-308706064,S3-932236968,S3-328067301,S3-828140800,S3-166788840
S1-466260270	S2-518499639,S2-514498251,S2-398573933,S2-184279154,S3-413369440
S1-732721785	S2-900460899,S2-51249285,S2-506385775,S2-18513824,S3-631485526,S3-5159691,S3-666216884
S1-700988452	S2-317147201,S2-511786848,S3-650351916,S3-96151481,S3-821800036,S3-311857040
S1-300193662	S2-249635855,S2-140539001,S2-557957495,S2-902594252,S3-484533369,S3-941745525,S3-809466248
S1-501680022	S2-699444947,S3-781874991,S3-696007307,S3-868792146,S3-944000062
S1-463841044	S2-255066810,S3-683836846,S3-460785495
S1-44327894	S2-221374040
S1-509562263	S2-836129852,S2-279687838,S3-57076690,S3-642985011
S1-310850117	S2-180263001,S3-833598753,S3-9867692,S3-177825218,S3-296792264
S1-914157289	S2-119114329,S3-585076963
S1-240335062	S3-530031392,S3-909498854
S1-919662244	S2-541525027,S2-605759678,S2-255533392,S3-164347284
S1-858822472	S2-454418135,S2-474841115,S2-500391658,S2-932351532,S3-263960350,S3-357630493,S3-516775210
S1-742645985	S2-349033855,S2-404715199,S3-249361714,S3-275248400
S1-805566251	S2-111890940
S1-393279645	S2-278367494,S2-247604304,S2-731197417,S2-705978433
S1-101238908	S2-39162949
S1-347484929	S2-829630247,S3-443673882,S3-47894864
S1-233246916	S2-574789350,S2-599358576,S3-656485851
S1-910046248	S2-657067459,S2-82532425,S3-112801297,S3-510851602
S1-607599049	S3-316390240
S1-671978715	
S1-966210043	S2-806745049,S2-90315756,S2-254598004
S1-365512894	S2-210853903,S3-455665844
S1-756469012	S2-634054669
S1-531126352	S2-374525722,S3-720245179,S3-770486360,S3-927741231
S1-881651723	S2-999294407,S2-364482349,S3-391679542
S1-56866558	S2-352948159,S3-710525325,S3-79633439
S1-503035690	S2-63200053,S2-60869384,S2-641326809,S3-971934786,S3-350470689
S1-877303555	S2-701621655,S3-644030828
S1-563564391	S2-205571241,S2-328887457,S3-558607997,S3-487800223,S3-976978894
S1-719437462	
S1-615675478	S2-28739420,S2-183689727,S3-433370461,S3-381725154
S1-545524190	S2-461859830,S2-799876968,S3-989954352
S1-578229986	S2-29381780,S2-8591604,S3-305274927,S3-773650960,S3-286324609,S3-877994288
S1-794434117	S2-952515985,S2-737002071,S3-383986846,S3-777690860
S1-224528639	S2-675745809,S2-354143961,S3-768426741,S3-531224977
S1-343739988	S3-535533929,S3-646423843,S3-442286473
S1-949147253	S2-572076005,S2-70454581,S2-512317280,S2-479143882,S3-95837341,S3-147020994,S3-85784688
S1-714996000	S2-801453512
S1-252554057	S2-490057302,S2-986008302,S3-173448163,S3-96616248,S3-218696586,S3-432658017
S1-341102349	S2-744171891,S2-784682645,S3-855093046,S3-275339636,S3-208456039
S1-466578944	S2-898861861,S2-62264805,S2-452486810,S3-774647964,S3-806980953,S3-182763092
S1-104325300	S2-787145311,S2-642417370,S3-370980044,S3-289681789
S1-942733987	S2-750360201,S2-900735356,S3-577673753,S3-95861140,S3-859057443,S3-184082146
S1-728434052	S2-654174179,S2-548919910,S3-258291840
S1-475258270	S2-964512915,S2-747290498,S3-242428806,S3-651184614
S1-434592000	S2-939255448,S2-204213208,S3-723944643,S3-955207392,S3-52196171
S1-564478423	S2-745092879,S2-836613999,S3-342526973,S3-196185223
S1-565562851	S2-941505174,S2-430725219,S3-406937569,S3-816156749,S3-976359527
S1-993717385	S3-725456532,S3-180256942,S3-194587499
S1-597439105	S2-756107360,S2-376070920,S2-818071371,S3-165494350,S3-796440210
S1-886924731	S2-189939915,S3-222064190,S3-902902384
S1-896946949	S2-133770330,S3-331621513,S3-958594951,S3-504839396,S3-718413385,S3-532071317
S1-518498297	S2-974094139,S3-289401927,S3-61105315
S1-859083668	S2-472736214,S3-634720833,S3-165956057,S3-444014988,S3-537401955
S1-435131154	S2-78123199,S2-523343386,S2-767702838,S3-766104401,S3-874205355
S1-936629736	S2-76382003
S1-873346938	S2-887978718,S3-692839336,S3-267557707
S1-101542736	S2-46496316,S3-66322993
S1-148453108	S2-768295639,S2-487801831,S2-793666655,S3-84354186,S3-184345818
S1-342125327	S2-306599342,S2-217742500,S3-568143059,S3-437446898
S1-118947711	S2-887358255,S2-123936736,S2-417480956,S3-895991555,S3-822431911
S1-708705352	S2-669397934,S2-188951577,S3-545594684,S3-943756987,S3-516789033
S1-5170030	S2-608645390,S2-168619100,S2-794066280,S3-569857890
S1-411785010	S2-905443885,S3-377902270,S3-622456870
S1-402434620	S2-401162725,S3-80776576,S3-102885187,S3-691541751
S1-948390868	S2-79035723,S3-389728631,S3-873871304,S3-953959115,S3-741044013,S3-340669752
S1-104661484	S2-75038286,S2-613123628,S2-579525181,S3-487352672,S3-719107557,S3-252090325,S3-546670042
S1-922177817	
S1-876480896	S2-154012417,S2-117218973,S2-761989439,S2-438476067,S2-528430538,S3-855112471
S1-321664205	S3-809091390,S3-237556139
S1-8203243	S2-983444106,S2-310789179,S2-174262364,S3-264640742,S3-35024037,S3-10662279
S1-601825113	S2-193269717,S3-172054596,S3-960546751
S1-324754305	
S1-514851102	S2-872637737,S3-609322172,S3-164682373
S1-492223998	S2-9659952,S3-621293814
S1-421965069	S2-479196445,S2-628052642,S2-6603905,S2-706804075,S3-647928861,S3-584418768,S3-237525565,S3-298801234,S3-517554507
S1-333183207	S2-310297723,S2-205303734,S3-230675535,S3-508776401,S3-84118230
S1-84218761	S2-33562688,S3-165632712,S3-152262694
S1-611204475	S2-626264352,S3-936875960,S3-11417095,S3-560557365,S3-501106752,S3-277678046
S1-937879406	S2-105436292,S3-862996486,S3-950565266
S1-246613214	S2-969332633,S2-866589240,S3-53928079
S1-63173085	S2-440622855,S2-510284428,S2-46820661,S3-986712055,S3-969929016
S1-21470211	S2-965782841,S2-342545594,S2-699133349,S2-883177384,S3-462962462
S1-531089875	S2-574914620,S2-687842760,S3-440702019
S1-56976934	S2-809408424,S3-568312803
S1-705226513	S2-384312491,S2-652878529,S3-771913297
S1-697944535	S3-133605304,S3-66114312
S1-517705258	S2-44608478,S3-868320366
S1-152313160	S2-698882252,S3-905092536,S3-826009614
S1-24782923	S2-999022930,S2-423432204,S2-800043244,S3-667932597,S3-853389145,S3-822831857
S1-44005970	S2-124374178,S2-133664520,S2-574082274,S3-886660353,S3-918972002
S1-402769797	S2-42419810,S3-493643255
S1-997762739	S2-433965135,S2-246378356,S3-511306381,S3-123571932
S1-458579682	S2-737155901,S2-334153830,S3-452714171,S3-648906565
S1-122304744	S2-352686713,S2-428656859,S3-716308916,S3-664086868,S3-406032998
S1-726545091	S2-712975350,S2-153934128,S2-327312864,S3-479972493,S3-294621792
S1-90296451	S2-233624110,S3-581996614
S1-752990915	S2-688853841,S2-696288530,S2-743493935,S2-845098732,S3-562558246,S3-853962767
S1-467575605	S2-297035248,S3-985947227
S1-837000790	S2-941654124
S1-502917664	S2-548399346,S3-407945039
S1-159042629	S2-643450712,S3-972198475,S3-535171578
S1-998654424	S2-125820576,S2-500697519,S3-912903450,S3-445601693,S3-68319028
S1-745523683	S3-666517658
S1-539990193	S2-613951874,S2-528209976,S3-485215001
S1-652538436	S2-766603570,S3-742627061,S3-466756466
S1-811103028	S3-419794187,S3-68932476
S1-482271384	S2-871920843,S2-90468903,S3-741937009,S3-917228735
S1-705625542	S2-568093384,S2-262316289,S3-924558079,S3-531524679,S3-349175105
S1-295363432	S2-80171513,S2-53496219,S3-526187052,S3-554076893
S1-925244664	S3-347206075
S1-377444339	S2-410933472,S2-164765829,S2-988712278,S2-121819557,S3-501137930,S3-708973343
S1-231767990	S2-866793120,S3-682264550,S3-391052017
S1-386267144	S2-389158484,S2-721859888,S2-388280300
S1-134718350	S2-831322627,S3-218567414
S1-404824456	S2-14418360,S2-52760501,S3-969427822,S3-525866768
S1-787084182	
S1-592613107	S2-670868360,S2-521060193,S3-401279892,S3-387734769
S1-252959906	S2-776706972,S3-633738497,S3-129955559,S3-235233454
S1-467216848	S2-266599038
S1-132494482	S2-275626939,S2-840973820,S3-194157143,S3-659367196,S3-816786276
S1-100909588	
S1-897011114	S2-380272865,S2-516058357,S3-280368856,S3-754451887
S1-555097333	
S1-658042057	S2-835357854,S2-41104690,S3-489159421
S1-5582631	S2-686254129,S3-851581804
S1-275696844	S2-364445933,S2-673297970,S3-779603530,S3-744334048
S1-613716349	S2-952906537,S3-899987296
S1-809450027	S2-121668835,S3-456494543
S1-483525724	S2-90970657,S3-241616067,S3-947096194,S3-91301551
S1-458023673	S2-804795000,S2-244579008,S3-89051065,S3-252932258,S3-685147342,S3-323903338,S3-762184484
S1-886313481	S2-389428811,S2-171713208,S3-92899880
S1-101270059	S2-97848151,S2-339136558,S2-979228039,S3-726143715,S3-22071970
S1-437461809	S2-134627555,S3-397192603
S1-256101271	S2-435838053,S3-231887165,S3-478205207
S1-239072138	S2-121668165,S3-359066508
S1-25650316	S2-15049980,S3-221470124,S3-261685207
S1-369136426	S2-379494948,S2-954286556,S3-863643201,S3-830807726,S3-822975880
S1-693583155	S2-375677944,S2-511366317,S2-508796600,S2-229456041,S3-550033994,S3-510798801
S1-996139522	S2-986524440,S3-574435801,S3-770314711
S1-200313208	S2-640017439,S3-451039747
S1-899346918	S2-231963762,S2-157852833,S3-875789015,S3-331584930,S3-711038183
S1-546226514	S2-377355232,S3-120845318
S1-162216638	S2-365836525,S2-207864003,S3-700536651,S3-987045248
S1-368611061	S2-297468510,S2-748940156,S3-414841738,S3-673288970
S1-87140085	S2-518348228,S2-975890843
S1-18410638	S2-42144084,S2-441609305,S3-99297820,S3-894931312,S3-922044404
S1-430386793	S2-851202566,S2-739236626,S2-404938036,S3-59986201
S1-22946154	S2-422768262,S2-516390280,S3-612233075,S3-296653986
S1-79071530	S2-443210236,S3-876710724,S3-384888354
S1-288725441	S2-671473036
S1-562403846	S2-453150111,S2-569289053,S3-703843910,S3-409431638,S3-594985001
S1-562848979	S2-532015210,S2-717621359,S3-111182504,S3-656090703,S3-367264190
S1-148014983	S2-979394438,S3-492203820,S3-328302391
S1-843669074	S2-138571293,S3-147105985
S1-955229151	S2-372659969,S2-719015323,S3-126327016,S3-745662636,S3-729737320
S1-875453242	S2-358842722,S2-494102651,S2-588778387,S3-98927997,S3-824845519
S1-584962672	S2-149327052,S2-810887487,S2-46575873,S3-52466159
S1-278948650	S2-385895647,S2-792265566,S3-307734158,S3-453322760,S3-348363542
S1-329285209	S3-431440117,S3-303412490
S1-861678239	S2-194159071,S2-692836391,S3-776648612,S3-460163232
S1-482083735	S2-471077203,S2-513594286,S3-179334655,S3-346210502,S3-428656085
S1-809658244	S2-403493915,S2-781228,S3-393254313,S3-530348412
S1-981698860	S2-340710740,S2-833435693,S3-497681668,S3-981250389,S3-899985925
S1-46693250	S2-604350578,S3-130690168,S3-707030038,S3-732603898
S1-343768268	S2-735134664,S2-256000663
S1-457745071	S3-220448091,S3-350084131
S1-104901636	
S1-581333383	S2-11822801,S3-758279685,S3-247760904,S3-58193223
S1-184110291	S3-156901658,S3-182512313,S3-148442552
S1-785113294	S2-710951662,S3-46045173
S1-849322177	S2-123982125,S2-846304615
S1-753955254	S2-658079239,S2-820595518,S2-855567837,S2-957726300,S3-962592532,S3-716158377,S3-648414223
S1-200286622	S2-739839235,S2-133913804,S2-845150955,S2-696748300,S3-427584324
S1-134735972	S2-106096158,S3-148311604,S3-447952642,S3-484574887
S1-862496353	S3-610281291,S3-711357635,S3-231620793
S1-771765132	S2-897979581,S2-242426237,S2-645117292,S3-135717310
S1-135931457	S2-841772320,S2-67407668,S3-340046691,S3-727865560,S3-252145668,S3-526828330
S1-428202116	S2-352426605,S3-624741330,S3-375761267
S1-138425077	S3-544983734,S3-690294606
S1-896687785	S2-534971400,S2-961998654,S2-597515409,S3-802532159,S3-849334876
S1-580623279	S2-837666338,S3-528989546
S1-239763770	S2-665999023,S2-359339994,S3-506304469,S3-116868081,S3-989309006,S3-382751547,S3-766038596
S1-870841081	S2-19626067,S2-703925164,S3-379809168,S3-759847952
S1-962944394	S2-970444066,S2-482415065,S3-771822646
S1-38037015	S3-268380981,S3-687125754
S1-417694869	S2-68217509,S2-844079936,S3-462476512,S3-318875132,S3-614348745,S3-134711379
S1-133227359	S2-124736160,S3-257565541,S3-967521194
S1-555436901	S3-538395938,S3-797159220,S3-269518859
S1-689423535	S2-504819789,S3-784136582
S1-215374137	S2-854244373,S2-436369351,S3-695626264
S1-729937181	S2-33317337,S2-382069005,S2-598680387,S3-633348083,S3-531218984,S3-558685128,S3-494000068,S3-585317327
S1-992406884	S2-814879925,S2-373213572,S3-787568511
S1-951366142	S2-672906535,S3-253168081
S1-266579835	S2-641438770,S2-543147114,S3-905372927
S1-732564142	S2-909365977,S3-740222278,S3-160474601,S3-567774064
S1-597752437	S2-602233780,S2-758555983,S3-119889407
S1-140012451	S2-323191161,S2-933687069,S3-539167960,S3-313759818,S3-89710195
S1-373378346	
S1-110898703	S2-437688457,S2-194469057,S2-722131313,S2-654515249,S3-285739632,S3-370241749
S1-880198728	S2-601735677,S3-969202576,S3-995624368,S3-208196542
S1-93038990	S2-167960495,S2-26679615,S3-767030255,S3-148499977,S3-877742385,S3-188866589
S1-901555433	S2-178187994,S3-608469218,S3-826989725
S1-33732013	S2-302264888,S2-808565814,S3-593222863,S3-129361209
S1-440822103	S2-340884307,S2-193113940,S3-803496898
S1-668240209	S3-934727542,S3-493365989,S3-61301746
S1-447364008	S2-622804018,S2-976864368,S3-132355643,S3-717694482
S1-282199109	S2-822690988,S2-580560755,S3-174397313,S3-210194724
S1-598857294	S2-345228199,S2-32814336
S1-878201724	S2-633130153,S3-356633923,S3-177959054,S3-432078024
S1-284885269	S2-811525500,S2-176355453,S2-372239941,S3-836323883,S3-211221213
S1-135472082	S2-892623851,S2-232710193,S2-526552451,S3-109704610
S1-966072102	S2-252980043,S3-917157133,S3-575708918,S3-865718652,S3-699348541
S1-74393607	S2-177730814,S2-447222738,S3-618625587,S3-973968072,S3-924704718,S3-934407136
S1-76369539	S2-579082706,S3-694095328,S3-349489152
S1-668257845	S2-223379951,S3-399246977
S1-860007770	S2-554557739,S2-423630054,S3-71165632,S3-479401152,S3-859268522
S1-781759586	S2-843556203,S2-750717455,S2-41402909,S2-790247615,S3-715129888,S3-298493397
S1-900308990	S2-124511887,S2-374433366,S3-213750597,S3-569984092,S3-232395655
S1-695474925	S2-131390196,S2-942190451,S3-151567476,S3-867926390
S1-933706189	S2-690295895,S3-72613389
S1-914684780	S2-347152074,S2-470157957,S2-939499952,S2-450234804,S3-66534003
S1-166414728	S2-669846189,S2-682238630,S3-441356195,S3-729002439
S1-84665959	S3-466214717,S3-153760752
S1-199371657	S2-844519024,S3-610259023,S3-112059548
S1-332618671	S2-867697647,S3-389398154
S1-172606681	S2-40183323,S2-758899098,S3-944829399,S3-422967221
S1-336969349	S2-569572239,S2-814878481,S2-287625566,S2-85145496,S3-527949331
S1-134210072	S2-217617009,S3-680234572,S3-848732302,S3-957718113,S3-295514306
S1-528661632	S2-731689489,S2-511233226,S3-317916785
S1-212731391	S2-611008679,S3-174685771,S3-564156177
S1-275757427	S2-91522426,S2-470725772,S2-117932885,S3-913325808,S3-913342631
S1-80570876	S2-500726698,S3-215197744
S1-348806148	S2-479753515,S2-763825351,S3-438415087
S1-558510412	S2-648678955,S3-86911580,S3-356589046,S3-973222608,S3-969648112
S1-65705521	S2-548449724,S2-230072548,S3-145155666,S3-681446222
S1-388949130	S2-445776814,S2-571497060,S3-649169371
S1-11183874	S2-316698255,S3-768079653,S3-237710608,S3-937544031
S1-866643732	S2-92961533,S3-361794829,S3-940166949
S1-706880956	S2-946248743,S2-854003090,S3-534468557,S3-722734523,S3-80398498
S1-848669106	S2-831869763,S2-482649725,S3-464526343,S3-151858065,S3-680866466
S1-910855190	S2-538172080,S3-978470960,S3-665011076
S1-385822021	S2-460913098,S3-329429321
S1-370314050	S2-45106191,S3-148323062,S3-175129080,S3-2806480
S1-956292457	S2-191187966,S2-904614238,S2-244807021,S3-217043558,S3-433023646
S1-779835202	S2-663492461,S3-102935746,S3-463028285,S3-61148893
S1-919838688	S2-221413745,S2-95102906,S3-411797791,S3-441421016
S1-506329299	S2-762901261,S2-807830151,S3-326268382,S3-806445390
S1-124723645	S2-75182212,S3-754522859,S3-390795089,S3-332649093
S1-823463934	S3-715064623,S3-31132547,S3-698828434,S3-107178608
S1-687113327	S2-571978084,S3-65188591
S1-724111264	S2-478529575,S2-230967927,S3-100542855,S3-147498382,S3-142198700
S1-987543673	S2-951252177,S3-999980514,S3-682773432
S1-266791645	S3-123352722
S1-370619456	S2-273795159,S2-243187177,S2-868555224,S3-73420391,S3-777170184
S1-880114025	S2-520855743,S3-662393585,S3-720250966
S1-739038867	S2-172062402,S3-130580640,S3-305340752
S1-82228602	S2-707325937,S3-670316560,S3-305853352
S1-69990856	S2-611427937,S3-383163432
S1-681871507	S2-428008427,S2-82511626,S3-617839806
S1-672293437	S2-460451060,S2-237183016,S3-511645392
S1-242493421	S2-68982571,S3-845206220
S1-28468596	S2-94420249,S3-232280235
S1-670851327	S2-311685573
S1-52188022	S2-909309949,S3-186080982
S1-341381882	S2-880990269,S2-805140076,S3-711625914,S3-65077551
S1-928671706	S2-893194605,S2-830806166,S3-553394003,S3-304243091
S1-240010569	S2-635495084,S2-43869187,S3-313354461,S3-536893418,S3-893216230
S1-397618462	S2-533634226,S2-676715754,S3-287530591
S1-572121621	S2-431524481,S3-382503824
S1-309103178	S2-724542640,S3-602110323,S3-101749389,S3-813656280
S1-546912078	S2-805832843,S2-686113496,S2-274605205,S2-840778856,S3-848950968,S3-665754423
S1-895347261	S3-719400573,S3-42782739
S1-979921168	S2-684832789,S2-421152134
S1-476052190	S2-477934496,S3-841870080
S1-304675996	S2-97444892,S2-152083264,S3-385673023,S3-913971793,S3-7832281
S1-973244579	
S1-902599572	S2-684960819,S2-797328881
S1-741505208	S2-907172008,S2-185257079,S2-666700652,S2-668564579,S3-94248289
S1-767931595	S2-822086683,S3-364266055,S3-275574735,S3-573257897,S3-25641339
S1-461852614	S2-863122587,S3-482441350,S3-925911479,S3-230179637,S3-892224672
S1-308848756	S2-888425220,S2-830038306,S3-704929611,S3-566571294
S1-216410805	S2-571918802,S2-223202450,S3-343362032,S3-967671980,S3-632476589
S1-169415857	S2-612346322,S2-831325549,S2-367838929
S1-913666087	S2-459335350,S2-359043388,S2-657123176,S2-834028039,S2-20624982,S3-378581873,S3-170174182
S1-982875624	S2-563622577,S2-123822004,S2-301869823,S2-758868826,S3-746112784,S3-519036939
S1-256951302	S2-576301741,S3-886434422,S3-518706413
S1-812557508	S2-747346130,S3-937149440
S1-664574416	S2-453142847,S2-318529294,S3-68267534,S3-220041201
S1-123315827	S2-239018105,S2-512653345,S3-627046457,S3-52068570
S1-131183279	S2-794414840,S2-182575987,S2-162879160,S2-892781754,S3-891862890
S1-390861987	S3-619582861,S3-26088898
S1-326149403	S2-589559235,S2-663073099,S3-777572801,S3-467707175,S3-793309184
S1-59734308	
S1-542192805	S2-988249647,S2-184462991,S2-172334594,S3-243699676,S3-549390642,S3-752558535
S1-492242979	S2-224439804,S2-185797323,S2-772614684,S2-468497738,S3-355260495,S3-780951833
S1-351429998	S2-24701503,S3-314674488
S1-399771569	S2-785899777,S2-128625763,S3-705930860,S3-988764827
S1-11456034	S2-946559764,S2-552509817,S3-476343131,S3-677453186,S3-242661879,S3-637538518,S3-64531398
S1-964222117	S2-586029844,S2-932015268,S3-225599397,S3-260444084,S3-407388806
S1-555246592	S2-407496648
S1-300382237	S2-527269009,S2-479057470,S2-527369062,S3-765804309
S1-152292018	S2-644912045,S2-890883936,S2-859762953,S2-75468798,S3-80636867,S3-135227680,S3-149612408,S3-158304735,S3-57806165
S1-349647931	S2-796783354,S2-252301231,S3-192394074
S1-312881517	S2-648791038,S2-244313725,S2-754552417,S2-767393051,S3-104922474,S3-811035908
S1-797498520	S2-380180570,S2-20794321,S2-640788178,S3-713436738
S1-199675343	S2-792709577,S2-850181564,S2-91801941,S3-559882878
S1-899678478	S2-103057693,S2-980031554,S3-904452205
S1-216578993	S2-438881744,S3-698405010,S3-20073415
S1-802905225	S2-415411835,S2-163078163,S3-182592934,S3-99044708,S3-136877509
S1-860369823	S2-145490416,S2-997298177,S2-738389921,S3-826136783
S1-952921351	S2-500494148,S2-928677766,S3-931744983,S3-532182836,S3-85470610
S1-242118733	S3-120475888,S3-43536679
S1-10120922	S2-344770119,S2-429472426,S2-231350177
S1-345057216	S2-112736437,S2-529101052,S2-744368479,S2-359362748,S3-407336480
S1-759252721	S2-854055921,S2-271568923,S2-565158553,S2-745585214,S3-698121358,S3-697741759
S1-182187299	S2-444324434,S2-414641523,S2-587404626,S2-789221492,S3-705265812,S3-939616704,S3-44205209
S1-133353476	S2-952348102,S2-974790757,S2-54566208,S3-608270053,S3-369318160
S1-194877000	S2-940960957,S3-979630602,S3-36088716,S3-225345370
S1-705748605	S2-343239721,S2-688078696,S3-563431547,S3-616344200
S1-999588458	S2-871702599,S2-12104746,S3-951865839
S1-301559152	S2-41452705,S3-807015518,S3-445882358
S1-521484988	S2-990103083,S2-891022536,S3-467224750,S3-700885072,S3-5424693,S3-740948359
S1-166907247	S2-384080467,S3-979602053
S1-810859036	S2-916328617,S2-208164453,S3-191753395
S1-217140419	S2-902465342,S3-690054751
S1-253793476	S3-426139802,S3-571495210
S1-562812999	S2-622013166,S2-243946018,S2-924748276,S2-630168136,S2-673546674,S3-399380599,S3-122939750
S1-816826631	S2-908259365,S2-474282454,S3-639838299,S3-750167589
S1-905011682	S2-161589105,S2-962677399,S3-228881877,S3-96114873,S3-880405591
S1-487800680	S2-482525334,S2-432502101
S1-679104067	S2-836864109,S3-999974380
S1-61592434	S2-845363444,S3-95569452,S3-917473507
S1-672202966	S2-224244668,S3-620965160,S3-926968158
S1-867862712	S2-189399887,S2-631037916,S2-584426026
S1-912101604	S2-852653670,S2-602304935,S3-296220803,S3-34156419,S3-916545798,S3-945297824
S1-448373689	S2-302393347,S3-442642286
S1-179476245	S2-243271355,S2-21662197,S3-785398221
S1-659331190	S2-714840174,S2-893221641,S2-508985620,S2-525287584,S3-210843505,S3-759274124
S1-357031015	S2-375534874,S3-579716413
S1-531886068	S2-373032921,S2-371797397,S3-189746065,S3-440535382
S1-110522109	S2-63741251,S3-856701107
S1-752046590	S2-635008697,S2-408873866,S3-618054541
S1-349555522	S2-68171823,S2-335470671,S3-346046536
S1-80595908	S2-115961254,S3-457270066
S1-889174272	S2-680173429,S2-878650889,S2-204404809,S3-68219108,S3-980132017,S3-788773359,S3-326612891
S1-796438600	S2-231633297,S2-886116942,S2-596521514,S3-832524614,S3-933794086
S1-877718725	S2-189064755,S3-545484816
S1-282744496	S2-75344509,S2-610001979,S3-299338558,S3-723650574,S3-483105928
S1-213825113	S2-758749652,S2-75392038,S2-43442116,S3-334662916,S3-842239966
S1-682539728	S2-245900170,S2-957142122,S3-663365294,S3-90130286,S3-467252770
S1-145948786	S2-821518093,S3-115718204,S3-274766606,S3-292477825
S1-220368092	S2-469582925,S2-242615688,S3-666642444,S3-813754056
S1-180066870	S3-817112653
S1-309885613	S2-176704334,S2-892053282,S2-435884972,S3-891648318,S3-855301010,S3-170163843,S3-981471869
S1-98084405	S2-183140489,S3-590761162
S1-528683858	S2-693808646,S3-26178565
S1-774232699	S2-221441675,S3-390681467,S3-528883313,S3-104397673,S3-215751104
S1-982823061	S2-347182697,S3-630207976
S1-222380261	S2-55074151,S3-420450086
S1-945440139	S2-115458939,S3-324783691,S3-842025443
S1-943676677	S2-951277289,S2-398171640,S3-801116549,S3-862748964,S3-67313806
S1-936300856	S2-717062486,S2-26324258,S3-882755858,S3-902370146
S1-733286674	S2-677315202,S2-424399170,S2-756802849,S2-723711356,S3-497334065,S3-893167478,S3-615745027
S1-733819025	
S1-994185624	S2-829010840,S2-797166135
S1-484919323	S2-114492341,S2-559881302,S2-499901672,S3-343886265,S3-111745376,S3-349423464
S1-997628250	
S1-77771822	S2-313863856,S3-35964793,S3-373786030,S3-225209428,S3-101087342
S1-469008256	S2-792148733,S3-886204195,S3-207508845
S1-525949577	S2-983523853,S3-531965670,S3-493806363
S1-387508255	S2-880536660,S3-951748013,S3-739978884,S3-816109750
S1-882892592	S2-393406479,S3-857044371,S3-953002923,S3-925630437
S1-202530926	S3-309562223,S3-729845105,S3-158097598
S1-804246628	S2-585644795,S3-748706886,S3-698042270
S1-731799956	S2-479452456,S3-647135321,S3-418013127
S1-203492850	S2-166289188,S2-622739956,S2-437514543,S3-367880982,S3-577052517
S1-873423630	S2-204356664,S3-457204620
S1-483380257	S2-986890871,S3-815734388
S1-450583304	S2-26579854,S2-723553970,S2-301522835
S1-672403502	S2-323173622,S2-197949259,S3-572804963
S1-234908059	S2-445001636,S3-511268655
S1-30857060	S2-486693674,S2-197114041,S2-941089764,S3-506825606
S1-189660136	S2-966746964,S2-433349138,S3-940804602,S3-932330662
S1-814056857	S2-675296788,S2-580336321,S3-148428623
S1-91731902	S2-525306711,S3-413478700,S3-886011554
S1-286396629	S2-246462296,S2-983952029,S2-901672808
S1-933846975	S2-323147360,S2-322537568,S2-100592090,S3-396612861,S3-643672438,S3-917709273,S3-377450780,S3-3265987
S1-97333550	S2-109657063,S2-78714403,S3-934929364
S1-386396685	S2-548901511,S2-174730112,S2-360497755,S3-260174527
S1-687649497	S2-143444904
S1-466622093	S2-159048336,S3-65710880
S1-720287498	S2-834211553,S2-77799734,S3-497406571
S1-36514774	S2-619948899,S3-521242443,S3-997063455
S1-893070467	S2-822039419,S3-643442145,S3-265466639
S1-931157611	S2-182598138,S2-261926152,S2-431925289,S3-91794243,S3-71197602,S3-559726671
S1-469420723	S2-83530937,S2-61610743,S3-463306767,S3-816876595
S1-396553252	S2-225290976,S3-339191252
S1-546400570	
S1-130805315	S2-489855387,S2-190843990,S3-228591285
S1-328942954	S2-472570294,S2-786236066,S3-315374841,S3-688142822,S3-126721802
S1-96353999	S2-563286709,S2-142454573,S3-348192568,S3-104444650
S1-332454575	S2-985115744,S2-718525857,S3-390531122,S3-595811745,S3-108285959
S1-477518167	S3-761014877,S3-827817436
S1-463594092	
S1-974549368	S2-647054643,S3-453718629,S3-740430988,S3-384918583
S1-550449062	S2-816822694,S2-133944861,S2-552265081,S3-278247299
S1-21065761	S2-256097529,S2-348526881,S3-394728826,S3-358681070
S1-217902608	S2-978649588,S3-981078577,S3-132914909,S3-934012331
S1-126951327	S2-836238232,S2-650882284,S2-964902169,S2-778329089,S2-858159384,S3-198260129
S1-991749058	S2-12403698,S2-596337340,S2-750507879
S1-708872297	S2-17825428,S2-33014892,S3-30251172,S3-351620505
S1-702111781	S2-10250765,S2-950946298,S3-690903273,S3-604764522
S1-184280160	S2-312991044,S2-483443663,S3-805396321
S1-365922750	S2-142108194,S3-677666061,S3-872589539
S1-244827517	S2-347797934,S2-812627655,S2-930076813,S3-507440518
S1-638160969	S2-241064265,S2-183909096,S3-642445153,S3-680151983,S3-538392878,S3-229348480,S3-187535436
S1-865099747	S2-567590877,S3-79761277,S3-384962662
S1-171534902	S2-730623158,S2-672722313,S3-659931836,S3-207322983,S3-310982972
S1-446010826	S2-154850031,S3-494418021
S1-178426079	S2-23721264,S2-835931186,S3-9882200,S3-498031622,S3-403714407
S1-475055011	S2-8881404,S2-468568801,S2-315896021,S3-770511775
S1-235075078	S2-296130287,S3-505791213,S3-402820747
S1-741906218	S3-528175808
S1-828592989	S2-843537958,S2-767218,S3-966908376,S3-118027549,S3-805077737,S3-694628310
S1-2863022	S2-550853841,S2-415742071,S2-581065966,S3-959259704,S3-640990380
S1-137657827	S3-90887609
S1-264257307	S2-374716906,S3-311137624,S3-965017327
S1-159163545	S2-168976736,S2-722540581,S3-312267111,S3-601807641,S3-201976592
S1-899387687	S2-25962341,S3-844651056
S1-654072900	S2-722790276,S2-234828528,S3-585386671,S3-411005518,S3-865598109
S1-518034255	S2-832659099,S3-481643876,S3-447004920,S3-28229890
S1-201757483	S2-593824278,S2-435768443,S2-628237958,S3-992755086,S3-93042906
S1-344924995	S2-960528154,S2-406607077,S3-835126442,S3-644192005,S3-641913917
S1-784201863	S2-873526650,S3-17073955
S1-43708324	S2-271967730,S2-230866820,S3-499759401,S3-383689560,S3-638778861
S1-750796284	S2-59442084,S2-255722445,S2-892095410,S3-497411613,S3-116428417
S1-956182475	S2-305748074,S2-522047303,S3-331451098,S3-320573266
S1-555449416	S2-614643402,S3-7777753,S3-619695148
S1-96760280	S2-18881192,S3-312649620
S1-102807047	S2-542108959,S2-507062082,S2-754288214,S2-309545906,S3-411798550
S1-966301218	S2-756904966,S2-348499897,S2-291984506,S3-661307978,S3-441171786
S1-737422730	S3-672112389,S3-884011286,S3-122649617,S3-851043999,S3-10030819
S1-252070126	S2-805573441,S3-762981944,S3-689014983
S1-316094835	S2-800682331,S3-322285984,S3-316434131,S3-279524773
S1-531525729	S2-869864790,S2-762719804,S2-363275774,S2-786300050,S2-502037850,S3-953580486
S1-857697040	S2-695086384,S2-732969589,S2-729257183,S2-693563393,S3-327831835,S3-383576230,S3-69241599
S1-507894057	S2-10236937,S2-244779211,S3-90005230
S1-549728837	S2-976494275,S3-210054343,S3-105652541,S3-394833117,S3-474408367
S1-782553896	S2-292509748,S2-904226827,S2-41643504,S3-38212491
S1-947816340	S2-411170787,S3-260515253,S3-278898069,S3-540569617
S1-8953262	S2-883316187,S3-191399324
S1-312035526	S2-104776672,S2-270286760,S2-638795802,S3-9506611
S1-236543667	S2-684698867,S2-301728105,S3-891253363,S3-923673909,S3-898231325
S1-218384770	S2-725877485,S3-207497683,S3-148043642
S1-752754804	S2-959971561,S3-936536903,S3-775941042
S1-858319190	S2-437692468,S3-406251230
S1-864675852	S2-755975526,S2-456383417,S3-58527517
S1-633741188	S2-897059533,S2-83406706,S2-567541950,S3-7815263
S1-970643512	S2-612496611,S3-573742363
S1-200081558	S2-805312982,S2-87040689,S2-515335450,S3-662301033,S3-841129685
S1-902785752	S2-620398488,S2-974115866,S2-278688806,S3-840531468
S1-452067044	S2-774357896,S2-748324351,S2-63988996
S1-414280382	S2-312268466,S2-482327790,S3-922680455,S3-674532539
S1-529415631	S2-779794587,S3-17072478
S1-572626639	S2-132357626,S2-923421717,S3-796874302,S3-50748972
S1-806227247	S2-260073979,S2-471105528,S2-964983222,S2-724731924,S3-747654124
S1-116571346	S2-426224946,S3-456524670
S1-562584535	S2-600595603,S3-566567444,S3-765664731
S1-620755023	S2-420656919,S2-711414986,S3-220632331,S3-552926643,S3-440311397
S1-7193203	S3-591812901,S3-726947572,S3-73720134,S3-272769169
S1-809273056	S2-531572037,S3-375343983,S3-425903829,S3-551303391
S1-476426041	S2-216904712,S2-695481727,S3-934167908,S3-198021288
S1-978231090	S2-558498973,S3-372668744,S3-744081482,S3-587489162,S3-602257270
S1-67619704	S2-146980308,S3-545017797,S3-152401326,S3-824711619
S1-18199206	S2-749076878,S2-927489970,S3-54667900,S3-173778612,S3-262185411,S3-98176724,S3-733859772
S1-309122363	S2-997694267,S3-230663283,S3-906504697
S1-714482498	S2-840753178,S2-994733769,S2-428823195,S2-507244697,S3-226802699
S1-890609100	S2-326697573,S2-988109074,S3-283773379,S3-231347842,S3-194503191
S1-367816410	S2-201065948,S3-55275796,S3-578488434,S3-92627301,S3-77506217
S1-778574815	S2-639751496,S2-843672629
S1-250610531	S2-970037613,S2-758071984,S3-46400030,S3-511066625,S3-347596657
S1-891490765	S2-913218666,S2-808842088,S2-170844106,S3-242483115
S1-492635399	S2-45425529,S2-923358987,S3-753663891
S1-802782849	S2-292656264,S2-618923301,S3-341215859
S1-60410199	S2-504875364,S2-184933762,S2-2552749,S2-19809256,S2-545841390,S3-915794832,S3-464796813,S3-215565294
S1-339316327	S2-867019890,S2-563888689,S3-153724935
S1-429367560	S2-555480595
S1-50141882	S3-820944122
S1-255558653	S2-510116872,S2-441813865,S2-8595568,S3-719967667,S3-161397755
S1-320134568	S2-483671454,S2-471184566,S3-98987587,S3-23493738,S3-330958602
S1-853929595	S3-921156752
S1-904578696	S3-704440638
S1-274015189	S2-175242303,S2-47650100
S1-221310179	S2-350499325,S2-240353757,S3-91395055,S3-930713093,S3-843446042,S3-148530534
S1-148523171	S2-105577918,S2-889961832,S3-911590203,S3-330379859,S3-31896541,S3-667018229
S1-71798806	S2-894504431,S2-100685470,S2-43833543,S3-581608852
S1-28785197	S2-186100079,S3-841577350,S3-202879855,S3-106628253,S3-551050414
S1-494307655	S2-253743140,S3-723078876,S3-19974895
S1-687727392	S2-788422944,S2-811454283,S3-825891719,S3-585631911
S1-810440501	S2-336653804,S3-629271459,S3-513496792
S1-583839074	S2-641679608,S2-171246073,S2-363145372,S3-52541355,S3-109605973
S1-658743610	
S1-597409365	S2-503282781,S3-129903388,S3-902630037,S3-557617536,S3-132844266,S3-12797726
S1-161089458	S2-336776956,S2-668132639,S3-804338762
S1-197598117	S2-514565947,S2-384138262,S3-40133167,S3-63005835
S1-415306550	S2-817391455
S1-26279671	S2-179208123,S3-771176354
S1-173303212	S2-663109125,S2-198084665,S2-324563143,S3-848111976
S1-990023353	S2-732866766,S2-314035747,S3-650798616,S3-476401475,S3-157663258
S1-690132182	S2-569415251,S2-693935281,S3-54494277
S1-275290664	S3-271922725,S3-691374553
S1-78438899	S2-30503000,S3-577587081,S3-991970111,S3-139202758
S1-718066093	S2-227261765,S3-118452745,S3-386107583,S3-447749739
S1-665197550	S2-12279431,S2-469015388,S2-104708405,S3-453613355,S3-202273632,S3-397480795,S3-713460751,S3-20692455
S1-84355056	S2-630515028,S2-22713989,S2-264757928,S3-585081217,S3-143292129,S3-342289190
S1-789149296	S2-388201278,S2-326228341,S2-302411428,S3-147175454,S3-797333347
S1-825704204	S2-895334449,S2-590398347,S2-573236219,S3-149454682,S3-45957343
S1-295640904	S2-868386564,S2-102203650,S2-479000820,S2-712143195,S2-552477678,S3-297955911,S3-539694007,S3-752918516
S1-217109244	S2-699022676,S3-762251813
S1-424214776	S2-913585547,S3-162711735,S3-464326239,S3-295443616,S3-265175852
S1-943566247	
S1-616234057	S3-725818659,S3-709762
S1-247821097	S2-424837190,S3-635059736,S3-169800069,S3-557783806
S1-130749690	S3-246095339
S1-100048861	S3-709955527
S1-158632801	
S1-416612755	S3-148113491
S1-134316564	S3-9722626,S3-407582122
S1-972074843	S2-190190932,S3-386997175,S3-471055801
S1-449555191	S3-61042196,S3-61323299,S3-267223175,S3-573998045
S1-671776295	S2-581252530,S2-299358294,S3-821885470
S1-400975371	
S1-352916029	S3-266853581,S3-464296065,S3-823986864
S1-627461604	S2-73836003,S3-804762527
S1-864981232	S2-579380283,S2-44267575,S3-180085561,S3-847711228
S1-939696057	S2-358883933,S2-896688686,S2-468832123,S3-586244718,S3-836567492,S3-405333016,S3-849673502
S1-174066744	S2-297278187,S2-79681448,S2-642660786,S3-496535499,S3-420524097
S1-393175569	S2-669469123,S3-12812906,S3-458526514
S1-601602272	S2-898681220,S3-865967979
S1-188892558	S2-491751628,S2-655778965,S2-487705825,S3-299346103,S3-205394421
S1-383300540	S2-359054547
S1-674204403	S2-145301981,S2-288795597,S3-997094378,S3-756502897
S1-350065509	S2-892039051,S3-832509052,S3-929803152,S3-346342772,S3-836106360
S1-981854763	S2-260474767,S3-8313143,S3-76179271
S1-179844961	S2-724861491,S2-447925600,S2-780639561,S3-62017445,S3-332610080,S3-107870086
S1-640886828	S2-168260881,S2-69508242,S2-750489097,S3-781620404,S3-195620976
S1-417057536	S3-885869421,S3-974342924,S3-262322398
S1-711424110	S2-481226297
S1-297283075	S2-24751079,S2-802753555,S3-437571018
S1-265659968	S2-942055332,S2-142784409,S2-596925828,S3-931295876,S3-25540726
S1-942301099	S2-624058113,S2-278423644,S3-386893342
S1-540252842	S2-800959449,S3-153946531,S3-392943558,S3-42415985,S3-472086533
S1-219262508	S2-220282546,S3-130393550,S3-115829444
S1-234724533	S2-128597135,S2-430483382,S3-919635776,S3-614802362
S1-501225622	S2-553823009,S2-48289314,S3-981298822,S3-294850921,S3-694245006
S1-708896339	S2-480250269,S2-341723549,S2-380465135,S2-871999336,S3-95072188
S1-289731032	S2-819748864,S3-362459160
S1-553980656	S2-841710007,S3-998607434,S3-545740790,S3-646853430
S1-296250735	S2-35027102,S2-563048766,S2-580247327,S3-649354589,S3-423519845,S3-525122748
S1-852652487	S2-227197284,S2-565386601,S3-897160345,S3-242567201
S1-879751377	S2-959394605,S2-41176554,S3-511211363,S3-322522819
S1-8027810	S2-537557413,S2-213769853,S2-768944069,S2-547937475,S3-544966261
S1-55005474	S2-852162801,S2-200762514,S3-866151900
S1-457429006	S2-93251072,S3-542536926,S3-143093512,S3-860358408,S3-936094690
S1-581494564	
S1-559729542	S2-582203236,S2-373590769
S1-227533073	S2-511733417,S3-571777616
S1-902796327	S2-846532645,S2-871108572,S2-415961197,S3-180435589,S3-773059688
S1-589194831	S2-824509583,S2-202081706,S3-208843924
S1-607465546	S2-481119443,S3-319211581
S1-445787929	S2-347667290,S2-948081470,S2-269117922,S3-506119155
S1-937987543	S2-682803296,S3-162164384,S3-542850327,S3-574353392
S1-157095583	S2-380189503,S3-459406704,S3-135546216,S3-945178342
S1-138950492	S2-666387352,S3-292039850,S3-139159510
S1-750819963	S2-543987372,S2-850570916
S1-668507859	S2-107673271,S2-199512051,S3-419986633
S1-101008158	S2-144724349,S3-714867552
S1-939934839	S3-742371850,S3-756929370
S1-952812667	S2-845546553,S3-625818153
S1-609669425	S3-613196769,S3-468856993,S3-687381519
S1-924848401	S2-293459604,S3-330372322,S3-563611837,S3-607214748
S1-385801917	S2-379934951,S2-639520166,S3-773597459
S1-982599627	S3-118070366
S1-528003425	S2-833942574,S2-755641504,S3-930481726
S1-148763350	S2-406659329,S2-187890948,S2-625311456
S1-772787761	S2-710379262,S2-494547683,S2-662191002,S3-191951166,S3-875551526,S3-141832212
S1-235318864	S2-745866301,S2-66019738,S3-562447725,S3-515751129
S1-114445512	S2-804306154,S3-177471802,S3-953823550
S1-42330017	S2-564404358,S2-831295056,S3-807241905
S1-424382517	S2-428607431,S2-140507766,S3-862576964,S3-691648465,S3-231486672,S3-600805503
S1-588547681	S2-554636000,S2-893119858
S1-836345067	S2-587975866,S2-555972586,S3-706720189,S3-173833186,S3-606141290
S1-406302798	S2-763359500,S2-391087068,S2-804785411,S3-694044020,S3-810043831
S1-128578479	S2-62035476,S3-222539697,S3-174578929,S3-497714108
S1-547379194	S2-906807708,S3-337899741
S1-762489412	S2-621724212,S2-60166384,S3-888756413,S3-117574207,S3-247263602
S1-353661512	S2-422236221,S3-4195600,S3-520609046
S1-777499226	S3-654189634,S3-217843942,S3-45533094
S1-428620043	S3-240145003
S1-474340441	S3-761973436
S1-435744027	S2-277757962,S2-125682818
S1-839790213	S3-322391699
S1-144013086	S2-542147824,S3-67253815,S3-703667106,S3-171301519
S1-500875065	S2-873693938,S2-494262608,S3-853388783
S1-676830025	S2-645350352,S2-567850268,S2-815427108,S2-561813219,S3-961594963,S3-134200881
S1-788424178	S3-19197955,S3-417903063,S3-614785980,S3-929529433,S3-237286702
S1-28398419	S2-730145918,S3-37768969
S1-467237170	S3-486396989,S3-890232573
S1-629652456	S2-908938064,S2-278763305,S3-652367025
S1-893406512	S2-409283791,S3-992352747,S3-60017028
S1-205920676	S2-230888546,S3-271437036
S1-808309951	S2-590946278,S3-507857759
S1-710464697	S2-700711829,S2-914307745,S2-438262789
S1-178324762	S2-48592327,S3-761261992,S3-638404308
S1-681797376	S2-219639207,S3-931712345,S3-205901647,S3-364546229
S1-349138426	S3-594295885,S3-822461042,S3-549372473
S1-725376740	S2-691934498,S2-649119860,S3-640632524
S1-201070937	
S1-959391567	S2-772061407,S2-732047874,S3-763317678,S3-406017853
S1-495607998	S2-367958649,S2-479202140,S2-458376208,S2-660267270,S3-833721428
S1-306077447	S2-5802600,S3-632608386,S3-195754852
S1-490312794	S2-634961349,S3-98770720,S3-267392430,S3-606392448
S1-984342473	S2-938123909,S2-320914883,S2-959290451,S3-225885571
S1-7839672	S2-693254327,S2-168127434,S3-921410827
S1-139093049	S2-921367804,S2-948668656,S3-481406996
S1-158771945	S2-543783045,S2-232378550,S3-726733500
S1-839961186	S2-127420751,S2-810826148,S3-808902039,S3-694328271
S1-394070546	S2-176566368,S2-753946525,S3-715835558
S1-14330229	S2-893795616,S3-276920227,S3-713561394
S1-136352072	S2-311407623,S2-973836923,S3-832862940
S1-707006448	S2-971052741,S2-475540281,S3-112865264,S3-339602074,S3-141309487,S3-47215598
S1-92619703	S2-493855377,S3-966070522,S3-455637277,S3-752576407
S1-625237372	S2-543154459,S2-540760671,S3-618840006
S1-552328177	S2-237448560,S3-713645879
S1-320126354	S2-228922325,S2-456063278,S2-888032553,S2-990990992,S2-759888210,S3-984448344,S3-630656158,S3-389391849
S1-925104994	S2-701536902,S3-919655696
S1-890494937	S2-758565798,S2-445987344,S3-136372397,S3-506991335,S3-565856128
S1-680295575	
S1-898472896	S2-177093305,S3-145885408
S1-4230106	S2-731025365,S3-590801915,S3-629943079,S3-503517787
S1-749705793	S2-46263425,S2-387264015,S3-366017159,S3-954981680
S1-202121508	
S1-950684841	S3-178086270,S3-330534141,S3-496982396,S3-434795881
S1-300578359	S2-520337988,S3-747548442,S3-744814792,S3-727901348
S1-820510837	S2-399922327,S2-65339980,S2-678889058,S3-922582161,S3-825524806
S1-562237044	S2-289101170,S3-564811519,S3-531711281
S1-670138833	S3-91026017
S1-530798133	S2-500087396,S2-898416084,S3-286629994
S1-697442132	S2-165115454
S1-735450070	
S1-730721713	S2-276064216,S2-540200451,S2-378504102,S3-566931118
S1-614257483	S2-125622086,S2-831869284,S2-988343809,S3-938143945,S3-68350468
S1-402650252	S2-638873596,S2-892786387,S2-903921997
S1-229378257	S3-484018487
S1-589475486	S2-924423059,S2-304942855,S3-414699747,S3-770259085
S1-657120187	S2-721256927,S3-622393167,S3-500903216
S1-351267062	S2-858085228,S3-289696013,S3-613153306
S1-940298796	S2-750015528,S3-369509798,S3-99921495,S3-814519774,S3-709669394
S1-512700526	S2-506563661,S3-213445543
S1-537833062	S2-261459268,S3-584918949,S3-247418471,S3-166648331
S1-228700386	S2-934322981,S3-889342820,S3-7993254
S1-859055011	S2-813912313,S3-188311223,S3-858649139
S1-427372581	S2-965471888,S3-24131345
S1-984013498	S2-869832642,S3-335280368,S3-97955890,S3-308052589,S3-675631910
S1-193155793	S2-685596509,S2-590226503,S3-208178488,S3-283774375
S1-520358269	S2-793308856,S2-590467617,S3-132460609
S1-860551929	S2-102443923,S3-923184816
S1-932009183	S2-607909161,S2-189518747,S2-394631280,S3-716289101,S3-765296000,S3-424803450
S1-672114465	S2-440568846
S1-811259488	S2-11845100,S2-831717460,S3-518026650,S3-922717951
S1-279722766	S3-614814443,S3-949714613
S1-193696088	S2-741385706,S2-785568120,S3-278742809,S3-250563502,S3-786116765
S1-303849671	S2-151492374,S3-835587829,S3-388913151
S1-758645272	S2-981894823,S2-320205706,S3-651948120
S1-666590765	S2-787440410,S3-211977018,S3-203343316,S3-122723147
S1-44830786	S2-304241153,S3-936196665,S3-471418389,S3-862435214
S1-613412633	S2-903792106,S2-446001755,S3-949720252
S1-386381713	S3-832109690
S1-571819501	S2-351560206,S3-396787947,S3-751928060
S1-450862710	S2-589946867,S2-913329276,S3-894515263,S3-364907332,S3-272050575
S1-229105816	S2-83220810,S2-212016218,S3-629675048
S1-767484651	S2-584632568,S2-436727509,S2-938920055,S3-573501785,S3-728124634
S1-297285723	S2-887691652,S3-633680042
S1-540001219	S2-363690200,S2-192968370,S2-161236958,S3-651947851,S3-650630069
S1-502919149	
S1-426006898	S2-624689669,S3-826476341,S3-487087184,S3-112737560,S3-945311150
S1-169478178	S2-258247269,S2-592687178,S2-456958433,S3-463299558,S3-932150469
S1-309128726	S3-475978395,S3-402752112
S1-983934164	S2-706661179,S2-225838861,S3-98990866
S1-58805335	S2-772835314,S2-123639223,S3-579074495
S1-623127678	S2-790910555,S2-475452831,S2-566002538,S3-623504193
S1-758602021	S2-315236768,S2-126598472,S2-315429950,S3-215025028
S1-352936013	S2-701546994,S3-952218739,S3-807174366
S1-71684268	S2-569120001,S2-462313867,S2-187045687,S3-586774180
S1-976029655	S2-68644558,S2-91051938,S3-904951429
S1-568759969	S2-952925390,S3-710619746
S1-289026645	S2-299488893,S3-222582535
S1-575213505	S2-802189768,S3-135070317,S3-507587308,S3-314151631
S1-17370837	S2-561084970,S3-736306045
S1-29619990	S2-674234238,S3-844103501,S3-551076035
S1-723694289	S2-541535632,S2-266034512,S3-455477234,S3-133976680,S3-365654464
S1-928319824	S2-210765685
S1-946987844	S2-545064064,S2-886229456,S3-117446675,S3-530824317
S1-12409554	S2-849549781,S2-147842972,S3-340450132,S3-108211091,S3-30045082
S1-395260490	S2-908255472,S3-631939035,S3-47691631
S1-489839485	S2-615971309,S2-37254097,S2-835351083,S3-322420937,S3-241782417,S3-86124272,S3-457386599
S1-746137932	S2-986990562,S2-478381855,S3-645065300
S1-986408196	S2-504598982,S3-610355342,S3-619025787
S1-729800328	S2-731034890,S2-127408432,S3-80486376
S1-101632534	S2-930505276,S2-240513617,S2-1386213,S3-346989670
S1-887347207	S2-797771504,S2-563303744,S2-435784723,S3-920556394,S3-523396981
S1-238074027	S2-38801601,S2-595293030
S1-728716386	S2-930196248,S3-923586556,S3-946955685,S3-595103000
S1-812110452	S2-166707152,S2-863318251,S2-43270,S3-632083529,S3-142950724,S3-582262628,S3-80100177
S1-427247549	S2-497953065
S1-859448290	S2-343675080,S2-925360646,S3-283112675,S3-424409326,S3-111620628
S1-143477863	S2-489598852,S3-272622743,S3-44058021,S3-39591776
S1-187296452	S3-637734848,S3-348680148,S3-21725879
S1-46312529	S2-315306540,S2-949088137,S3-194466851,S3-16983012,S3-546887416
S1-972541711	S2-39074876,S3-226432579,S3-433070879
S1-490523482	S2-77531649,S2-57881312,S3-946156376,S3-132193727
S1-712273691	S2-26032465,S2-258191578,S3-226586823,S3-548029374,S3-736841299
S1-503148870	S2-785765985,S2-324717026,S3-149666883
S1-51658283	
S1-76658002	S2-378850748,S2-498754778,S3-81331300,S3-166882383
S1-577668260	S2-974733562,S3-126782225,S3-611620464,S3-276528607
S1-592653061	S2-555435782,S2-812848017,S3-169383537,S3-291820875,S3-592929882
S1-461026460	S2-633578959,S2-730661719,S3-536201344,S3-79893767
S1-7549350	S2-18345957,S2-862065592,S3-236220571,S3-254820365,S3-731923624,S3-551029620
S1-680521149	S2-99683573,S3-353779478,S3-92710432,S3-614007249,S3-7808620
S1-712564811	S2-807944125,S2-539090488,S3-883596345,S3-510707940,S3-908223530
S1-771557825	
S1-60004050	S2-259398712,S2-739887443,S3-808726254,S3-999259698,S3-738446693
S1-985849594	S2-891138682,S3-568497786
S1-213132581	S2-272963487,S2-639466264,S2-505736940,S3-643916527,S3-601977127
S1-609804273	S2-722451936,S2-264320294
S1-428965191	S2-817454536,S3-235698940
S1-947333843	S2-825447829,S2-314041275,S2-533979701,S3-922525044,S3-889016964
S1-814831710	S2-380408058,S3-861321679,S3-332345101
S1-874196114	S3-766286510,S3-508461919,S3-318041270,S3-504227801
S1-846614219	S2-636177353,S3-495859912
S1-933750858	S3-696524966
S1-109833087	S2-234704585,S2-620644070,S2-121653901,S3-445489274,S3-55366514,S3-155043017
S1-623255087	S2-772650725,S2-680267200,S2-166299198,S3-429632081,S3-510161393,S3-230314814
S1-21794703	S2-199901165,S3-458358382
S1-934821694	S2-876661399,S3-83223288,S3-692458722,S3-590979870,S3-451570788
S1-242616727	S2-535575633,S2-496511780,S2-64030232
S1-153182155	
S1-30056058	
S1-861244338	S2-512043221
S1-588117013	S2-503234501,S2-793808055,S3-487760324,S3-775480276,S3-511588627
S1-234519597	S2-210814884,S3-428100784
S1-730374006	S2-657878833,S2-203942789,S2-458799692,S2-400572672,S2-701347531,S3-258487934,S3-232610213,S3-476640064,S3-430527191
S1-496744664	S2-875262308,S2-647813185,S3-275496501
S1-782374509	S2-814676632,S2-739377091,S2-503391985,S2-11829540,S3-512330116
S1-35704032	S2-908154852,S2-88959826,S3-546920745
S1-286099464	S2-898415406,S2-455033819,S3-93987723
S1-695114394	S2-835279038,S2-26708271,S2-408186137,S3-351946545
S1-635332688	
S1-136964485	S2-146089787,S2-820027339,S3-296420777,S3-610628226,S3-231607134
S1-936790921	S2-246126200,S2-309329240
S1-282677058	S2-499884996,S2-896040253,S3-268952562,S3-536237995,S3-776762556,S3-918795619
S1-995932302	S2-442434329,S2-26825257,S2-137484605,S2-503100487,S3-191143984,S3-940731337
S1-381886580	S3-142042512,S3-956819192
S1-417265720	S2-441385230,S2-496528696,S2-636125936,S2-872187627,S3-40279097
S1-135959815	S2-485923253,S3-887238503,S3-592902362,S3-745539180
S1-306963399	S2-307908701,S2-475202711,S2-824910358,S2-392990694,S3-64044250
S1-248090627	S2-97552773,S2-891843115,S3-890863685,S3-562584714
S1-120630293	S2-892559799,S3-317787813
S1-688612656	S2-483596666,S2-249515980,S3-685118512,S3-556174290,S3-610182105
S1-928786045	S2-757463735,S2-600278472,S2-448667655,S2-135594446,S2-209765799,S3-837413333,S3-573167601
S1-902918685	S2-798511217,S2-118202625,S2-834944267,S3-496401311
S1-930490269	S2-318782390,S3-248837055,S3-326029905,S3-468812290
S1-242785515	S2-52069897,S2-417243288,S2-272650,S3-169409916,S3-537055841
S1-517747071	S2-155364679,S2-586765560,S2-746111625,S2-220723218,S3-367720822,S3-237174397
S1-729357856	S2-519819351,S3-329973864,S3-162066268,S3-280592126
S1-130817683	S2-225734548,S3-62405780,S3-2945384,S3-612927913
S1-761464447	S2-793815460,S3-723598074,S3-803393275
S1-796013600	S2-516121271,S2-878955605,S2-838471431,S3-371073395,S3-611721389
S1-298450820	S2-555740654,S2-537315903
S1-632233036	S2-463301409,S3-698552386
S1-101914758	S2-210497096,S2-578969805
S1-673084401	S2-165113398,S2-458950652,S2-989344494,S3-698182993
S1-835062442	S2-566654759,S3-195701323
S1-536919092	S2-895901040,S2-524708444,S3-155702295,S3-141315467,S3-103804604,S3-549014109,S3-707299529
S1-742043408	S2-899463076,S2-821881821,S3-199953737
S1-318084470	S2-147313479,S2-126555107,S3-126122191,S3-900786170,S3-181010241,S3-573493483
S1-567039673	S2-59391420,S2-50248585,S3-227388966,S3-894130199
S1-610511609	S2-736429375,S2-823131333,S2-848943799,S2-913570903,S2-846056036,S3-792334827,S3-930666101
S1-295131002	
S1-560486694	S2-656969099,S2-978297595,S2-789138317,S3-760085148
S1-707322559	S2-282929464,S2-950644967,S2-501251898,S3-853537900
S1-804011546	S2-250122944,S3-979663128,S3-957338213,S3-249795819
S1-553357735	S2-779641862,S2-528984666
S1-167966460	S2-538719911,S3-810043897,S3-751135784,S3-115307579,S3-552497162
S1-66378595	S2-210193859,S2-649267077,S2-599905014,S2-381481636,S3-866792821
S1-977994019	S2-954061828,S2-916164034,S3-75642242,S3-293527948,S3-794566368
S1-40739097	S2-22669034,S3-423723112
S1-117712010	S2-167224631,S3-947783898
S1-464568747	S3-730119949
S1-337640979	S2-718677933,S3-437055127,S3-828910514
S1-716493945	S2-704354498,S2-836051928
S1-13740240	S2-611260106,S3-623930398,S3-641586938,S3-798597598
S1-306680485	S2-229478287,S2-954383862,S3-44491627,S3-615306279,S3-992172017
S1-529318027	S2-918484001,S2-754083395,S3-815871549,S3-247966604,S3-529771037,S3-409984653
S1-434675293	S2-239372645,S2-437665608,S3-823716830
S1-44994529	S2-685553349,S3-9987886,S3-187550584,S3-178757644,S3-891186201
S1-36330638	S2-270310088,S2-987934684,S3-683530208,S3-740097009
S1-366961140	S2-554528975,S2-757413763,S3-107099769
S1-676587457	S2-873138011,S2-146256198,S2-854691593,S3-605955999,S3-77586724,S3-442644882
S1-151126900	S2-830502981,S2-669804224,S2-663594125,S3-221311667,S3-421383831
S1-119193166	S2-420286874,S2-347324146,S2-165374654,S3-453586001
S1-391655400	S2-221136173,S2-947335618,S3-701458625,S3-512755238
S1-202138744	S2-865283531,S2-294312572,S2-217097600,S3-971057358,S3-261214847,S3-53176700
S1-500826336	S2-71751237,S2-11552102,S2-600153672,S2-791532838,S3-798765552
S1-21278665	S2-865100199,S2-79157923,S3-871145564,S3-101934237,S3-314368212
S1-25565544	S2-873521168,S2-728287914,S3-78058325,S3-94778149
S1-256664103	S2-337311197,S3-440279705,S3-909702277
S1-738856190	S2-485077908,S3-707886597
S1-789243588	S2-83029835,S3-162177911
S1-838006923	S2-50989033,S2-653619913,S2-24361347,S3-841498008,S3-14609428,S3-947458498,S3-770595047
S1-566623010	S2-958368327,S3-673702038,S3-896944679,S3-871615313
S1-171916617	S2-589630462,S2-790858935,S2-436931556,S2-432923285,S3-282182926
S1-425298650	S2-919814042,S3-615037287,S3-684668178,S3-258064814,S3-433195571
S1-413702701	S2-502032763,S3-818940969,S3-470244612,S3-771176630
S1-454186728	S2-270513424,S3-999316608
S1-865066691	S2-229800336,S3-831701747,S3-273595282
S1-232877809	S2-574073681,S2-665005693,S3-787862693
S1-389959384	S2-722083210
S1-652036257	S3-157251259
S1-343199757	S2-366618387,S2-353218968,S3-521026023
S1-959496387	S2-405048957,S2-69877914,S2-307343829,S3-637273942,S3-975212478
S1-335425597	S2-959737343,S2-128829110,S2-669269292,S2-763158459,S3-688005601,S3-875506404,S3-912075000
S1-164681016	S2-560549328,S3-132897680
S1-124082165	S2-821110419,S3-269795551,S3-809606401
S1-156600241	S2-134683618,S3-292282690
S1-677698587	S2-790716875,S2-829146376,S2-12568860,S3-784976543,S3-273528999,S3-991372563
S1-171369450	S3-300575145
S1-584237993	
S1-460313402	S2-365179168,S2-220995996,S2-379580352
S1-142847246	S2-364108564,S2-439892168,S3-807528865,S3-482758091,S3-125188625,S3-942347531
S1-665002495	S3-855394658,S3-730351649
S1-362767043	S2-995318001,S3-619732234,S3-914573649
S1-922789393	S2-748446944,S2-734506,S3-588770276,S3-889511174
S1-383700595	S2-879314278,S3-570283627,S3-755189191,S3-83902845
S1-403424165	
S1-626244588	S2-61872005,S3-311678513,S3-747225570
S1-156465025	S2-447737413,S3-93282105,S3-932642930,S3-48463562
S1-287731004	S2-488935315,S3-257209967,S3-503521008
S1-606826033	S2-430546732,S3-588184468
S1-647871049	S2-833802413,S3-998952969,S3-528085533,S3-252804476
S1-409129279	S2-741061183,S3-684740097
S1-661119185	S2-759443556,S3-779298757,S3-724379305
S1-986644884	S2-207809596,S3-90359531,S3-344437106,S3-886139230
S1-809922307	S2-547383361,S2-367924091,S3-334003443
S1-900998819	S2-613978835,S2-812174168,S3-160607773,S3-634476371,S3-45304268
S1-421515982	S3-771900329
S1-14014609	S2-375732299,S2-22466351,S2-633725085,S3-794858227,S3-769529119,S3-175051288
S1-837577150	S2-937848244,S2-318041871,S2-914391003,S3-216971905,S3-605039691,S3-799905569
S1-124064245	S2-40597090,S3-112099882
S1-128453971	S2-720998355,S3-229509561,S3-74710845
S1-119318995	S2-586094617,S3-295530690,S3-585408038
S1-616245174	S2-374923515,S3-550336516
S1-368128571	S2-781062352,S2-639522308,S3-874790584
S1-459873361	S2-663699723,S2-727656735,S2-388514224,S3-437566058
S1-298895296	S2-541496688
S1-371545911	S2-906116637,S2-680915887,S3-189759422,S3-276395823,S3-398716897,S3-863775004
S1-897335498	S3-301519643,S3-981422964
S1-515231023	S2-252104862,S2-448529191,S3-817639176,S3-628350650,S3-254485080,S3-900177847
S1-735970732	S2-482795751,S2-713077812,S2-169033991,S3-128763746
S1-613794278	S2-238726114,S2-520488639,S2-801386834,S3-959461846
S1-472606759	S2-384300032,S2-636646872,S2-553534946,S3-548963663,S3-393349001
S1-570621564	S2-475160312,S3-691851759,S3-590355155,S3-846578490
S1-280566829	S2-415658663,S3-807229936,S3-638561535
S1-214423030	
S1-426668995	S2-694182911,S2-98183374,S3-16913411
S1-446230904	S2-44311677,S2-152343205,S2-691779735,S3-884767911,S3-96565245,S3-716064423
S1-712978118	S2-111433690,S3-529843461
S1-243277181	S2-760707636,S3-931780076
S1-10789282	S2-197253517,S3-66529242,S3-969199352
S1-90991176	S2-426788080,S2-734644436,S3-277303935,S3-522908941
S1-434288612	S2-420833386,S3-595857350,S3-442797459,S3-541081060
S1-834067713	S2-688336753,S3-904931626,S3-676661627
S1-97889811	S2-201610500,S2-682534442,S3-160263724
S1-709284926	S2-435585142,S3-548537415
S1-852010573	S2-815717131,S2-640010900,S3-164312886,S3-449839175,S3-435830192
S1-50906227	S2-296201644,S2-766485377,S2-67996186,S2-260265442,S3-993609764
S1-948758540	S2-586264746,S2-791787124,S2-630670360,S3-671743546,S3-477171890
S1-153113976	
S1-411284362	S2-675469864,S2-927870636,S2-735932099,S3-912177041,S3-804511442,S3-973346759,S3-904809469
S1-675114603	S2-960700983,S3-997682795,S3-635729522,S3-571200225
S1-998615254	S2-225890345,S2-21169921,S3-270895455,S3-403679335
S1-132887522	S2-507837348,S3-267650539,S3-752933322
S1-113819571	S2-373622716,S3-270595993
S1-949259555	
S1-669269256	S2-331227192,S2-944292730,S3-26483903,S3-135604073
S1-511538374	S2-489424016,S2-921412735,S3-935719179,S3-842930547,S3-374983644
S1-860640099	S2-345979545,S3-893052661
S1-232181523	S2-786367748,S2-629156713,S3-246868967,S3-591356023
S1-901873627	S2-666445810,S3-264752697,S3-303456368,S3-465540516
S1-74457756	S2-318150203,S2-260155063,S3-29545882,S3-666984445
S1-119501857	S2-437846194,S2-743774955,S3-972071702,S3-232561938,S3-972274215
S1-326726594	S2-945056665,S2-28908620,S2-919932510,S3-913448033,S3-568828366
S1-956012890	S3-728293019,S3-969671995
S1-235011986	S2-527524703,S2-25162186,S2-12553950,S3-444981951
S1-871194576	S2-481486292,S2-455845630,S2-772737780,S3-213067495,S3-641349093
S1-739440126	S2-866510628,S2-932495992,S3-807743532,S3-980995818,S3-348813644
S1-292431246	S2-915893948,S2-45671848,S3-488763863,S3-434007517
S1-559715248	S3-438784954
S1-206771910	
S1-123322388	S2-784186103,S2-313647059,S2-416073711,S3-394867337,S3-233120729
S1-972778043	S3-430352109,S3-629992969
S1-963044401	S2-176900432
S1-941708468	S2-701610236,S3-968135162
S1-322610404	S2-434859101,S3-721213886
S1-332506354	S2-13103005,S2-429116235,S3-199654104
S1-890496769	S2-384899911,S2-646052989,S3-36394860,S3-247071191,S3-335167718
S1-235541304	S3-955158345
S1-589586251	S2-46308908,S2-888898978,S3-350653813
S1-387694383	S2-848915944,S2-695945400,S2-109522311,S2-345991145,S2-160426624,S3-91042179
S1-694790384	S2-920744280,S3-846836991,S3-411773068
S1-204041060	S2-64268404,S3-743346107,S3-815321911,S3-385107517
S1-978353025	S2-19500719,S3-334024228
S1-117720174	S2-74692323,S2-564356889,S2-774587027,S2-196921683,S3-233479019
S1-731355817	S2-265830763,S3-125722984,S3-465014394
S1-878643953	S2-326436705,S2-349357063,S2-600297926
S1-79465736	S2-80677004,S2-716359417,S3-375512793
S1-814567624	S2-688598544,S2-198971446,S3-202673939,S3-434529195,S3-159968506
S1-212698576	
S1-641314087	S2-802185032,S3-666395287,S3-692025079
S1-800585652	S2-427931683,S3-731875178,S3-654789057,S3-766576946,S3-605618200
S1-476923617	S2-250735801,S3-64038695,S3-776328680,S3-963640383
S1-473181769	S2-84261304,S2-464416966,S2-82065594,S2-371245314,S3-329963480
S1-668743292	S2-778453389,S2-88828125,S3-975295774,S3-630634802,S3-175289139
S1-690284236	S2-529778110,S2-915992770,S2-304924794,S2-505926577,S3-519191351,S3-287731128,S3-966850061,S3-251705617
S1-72356361	S2-417802135,S2-418148511,S2-604600716,S3-415452935
S1-677015767	S2-731858132,S3-343032854
S1-547377214	S2-82157578,S2-325606143,S3-269678347
S1-630246246	S2-237646643,S3-313844064,S3-665023990,S3-615806914,S3-358117181,S3-306885064
S1-920013148	S2-759044357,S2-510577160,S3-558069104,S3-888462440
S1-581363089	S2-217524314,S2-203031414,S3-235850642,S3-663196224
S1-160073679	S2-153282245,S3-278768993,S3-610324643
S1-445760775	S2-383012663,S3-795684017,S3-738487803
S1-866968795	S2-814578322,S3-893463685,S3-856334512
S1-326731750	S2-476048183,S2-336959683,S2-685470361,S2-33693362,S3-596615157
S1-288389752	S3-627719810,S3-432075660,S3-853711369
S1-218717106	S2-708850541,S2-151046979,S2-427902344,S2-323721920
S1-907393936	S2-612592716,S3-796089168
S1-350845469	S2-602744512,S3-179902815,S3-555040611
S1-271459254	S2-939691085,S3-787542694,S3-491628317,S3-419390833,S3-923822133
S1-653039694	S2-677528634,S2-341657734,S2-480011640,S3-727365734,S3-170276124,S3-881800718
S1-69952761	S2-753161797,S3-249220752,S3-494247876
S1-337282786	S2-886881246,S2-407859152,S2-196938275,S3-498528496,S3-472203567
S1-414640299	S2-742766275,S2-411358724,S2-395636601,S3-821659196,S3-659982598,S3-670028248
S1-662522276	S2-544975082,S2-586690063,S3-94619689,S3-194997140
S1-485251221	S2-244489591,S3-119763524,S3-149886557,S3-890850144,S3-549040588
S1-290844036	S2-180024038,S2-666386638,S2-527984305,S2-284452219,S3-522232836,S3-172923042
S1-327326648	S2-240313528,S3-652168644
S1-815987733	S2-857093053,S2-686160262,S3-152996151
S1-416946470	S2-375390529,S2-991507759,S3-625289620
S1-49417067	S3-853635465,S3-703186277
S1-47473485	S2-719606668,S3-460538826
S1-77343149	S2-834894415,S2-334412266,S3-69064395,S3-891526482
S1-328754276	S2-215165586,S2-92865064,S2-956075752,S3-629889948,S3-413381544
S1-869867895	S2-123981913,S2-914473951,S3-355292603,S3-194457403
S1-993276809	S2-809664180,S2-112482883,S2-6960804
S1-817208763	
S1-472551999	S2-651170305,S3-999698900,S3-270403880
S1-721757685	S2-831516357,S3-117307340,S3-968699912,S3-877411094,S3-747495049
S1-485191367	S2-54778155,S3-123710460,S3-874486126,S3-255270856
S1-169540474	S2-879053829,S2-809900214,S3-806402382,S3-452891181
S1-432711607	S2-456209991,S3-970065729,S3-342130327
S1-695102228	S2-138734283,S2-835307170,S2-821684944,S3-213963105,S3-531829338
S1-502074686	S2-111177872,S2-69794382,S2-313901690,S3-373044202
S1-57235053	
S1-779271610	S2-515246769,S2-55084531,S3-575512058,S3-881382227,S3-964509255,S3-419012937
S1-203376183	S2-257771518,S2-481289248,S3-707117938
S1-933564282	S2-858713240,S3-14948606
S1-101686953	S2-155373041,S2-649270890,S2-146514768,S3-34562250,S3-660915549,S3-270045392,S3-790936122
S1-650327644	S2-392891081,S2-388775008,S2-689503988,S2-68878342,S3-34772583,S3-706597368,S3-635020732
S1-611624717	S2-705461454,S2-251231155,S2-862451844,S3-639070448,S3-283842838
S1-950400237	S2-19241831,S3-933786509,S3-303155328
S1-195891476	S2-615824405
S1-913958567	S2-455332385,S2-155148034,S3-877964855,S3-522672388,S3-209489516,S3-518991081,S3-154062491
S1-988975672	S2-960176624,S3-10921571,S3-116897249
S1-78882456	S3-748749076,S3-996469359,S3-903125744,S3-540161906
S1-101025176	S2-527524276,S2-86626870,S2-268806687,S2-502386719,S3-785235079,S3-375963177
S1-996762346	S2-698536527,S3-867277423,S3-201639892,S3-601236679
S1-553237204	S2-731390419,S2-44951783,S2-823151653,S2-178333666,S3-255808062,S3-678015072
S1-849264338	S2-849095621,S3-743925219,S3-809480476
S1-532260558	S2-824075451,S3-348537705,S3-123371365
S1-315673413	S2-727516942
S1-10640152	S2-925940684,S3-201192559
S1-846429210	S2-412243494,S2-631996872,S3-303897666,S3-919097098,S3-769803926
S1-178914655	S2-365582479,S2-968427042,S2-216311216,S3-179553940,S3-48470047
S1-390723533	S2-545427077,S2-557495558,S3-735860673,S3-556909767,S3-569481687
S1-873439861	S2-761112669,S2-939502291,S2-392256122,S3-364456868,S3-240531490
S1-298400194	S2-777676002,S2-782699485,S3-417812937
S1-28487400	S2-598440795,S3-803645032,S3-388274464,S3-636154135,S3-669168795
S1-382936733	S2-48381518,S2-523858833,S3-408530640,S3-205772935,S3-367182907
S1-354221898	S2-860163961,S2-746015218,S3-210527522,S3-887637131,S3-638544911
S1-511125597	S2-378076549,S2-265751476,S3-561249073,S3-751346753
S1-612790115	S2-354888095,S2-66274711,S2-999642268,S2-189393760,S3-133276676
S1-170008877	S2-863125003
S1-918574771	S2-359591681,S2-643511454,S3-418193778,S3-617885838,S3-70086642,S3-4701336
S1-4374968	S2-369239526,S3-808936515
S1-19313016	S2-214978734,S2-545777980,S2-585391422,S3-488612114,S3-601595401
S1-290352662	S2-587924521,S3-363131365,S3-202362844,S3-613077713
S1-136276552	S2-380467206,S3-78647226,S3-840887716,S3-54844795,S3-354061147,S3-435892854
S1-150678732	S2-288509568,S3-564437902
S1-654205253	S2-703183103,S3-831771364
S1-617124081	S2-891618354,S3-503270981
S1-218061684	S2-111169029,S2-539825256,S3-296982989
S1-944756992	
S1-369567641	S2-719130435,S3-639706612,S3-120152965,S3-383917592
S1-619791458	S2-573297943,S3-613185343
S1-379966405	S2-770409252,S2-790424032,S3-86163434,S3-381974150
S1-664660468	S2-185913252,S2-525447529,S3-407977718
S1-251308594	S2-538046190,S3-711770218,S3-696774508,S3-453040590,S3-425320825,S3-967353544
S1-925783039	S2-157377754,S2-517291332,S3-997698194,S3-698172821
S1-185986948	S2-48138623,S3-289703628,S3-197523231
S1-657928913	S2-579893108,S3-550098744
S1-66876415	
S1-620481285	S2-783524827,S2-883774915,S2-30746112,S3-53073338,S3-747563022
S1-326828522	S2-700926522,S2-267270791,S2-156726749,S3-509592387
S1-976478297	S2-543727471,S3-327897074
S1-974326935	S2-540093960,S3-444955639,S3-586703004,S3-210597329
S1-504297965	S2-285133263,S2-819488792,S2-868381897,S2-18898111,S3-360984574,S3-709512701,S3-408429147
S1-20051175	
S1-836669407	S2-731988581,S3-641387364
S1-763363947	S2-188503516,S2-988985066,S2-711970676,S2-302704854,S3-43170628,S3-159206987
S1-760086046	S2-551145607,S2-822714622,S2-631329308,S3-700987369,S3-749864980,S3-490859208,S3-582582388
S1-493336570	S2-153414220,S2-526917553,S2-862225443,S2-205814783,S3-105712167,S3-255313294
S1-895902412	S2-967941917,S3-151978560,S3-303473833
S1-359078818	S2-801469062,S2-360702507,S3-957243982
S1-881704488	S2-579028983,S2-411492825,S3-576499051
S1-434974112	S2-149612461,S2-608928503,S2-471009318,S3-13764645,S3-553686020
S1-89368399	
S1-256439076	S2-777821191,S2-920783377,S2-327640546,S2-340345424,S3-43503076,S3-952871417
S1-723518325	S2-213994745,S2-878264708,S3-225081087,S3-857018041,S3-568408006,S3-800223428
S1-219373666	S2-741443137,S2-876066824,S3-100841961,S3-646078254,S3-13916115
S1-539557176	S2-166583518,S2-194723753,S3-483907747,S3-729044283,S3-659159565
S1-367769724	S2-507707257,S2-906221561,S3-837879754,S3-683753985
S1-963443765	S2-367404983,S3-967325085,S3-879379405,S3-206496817
S1-944339397	S2-474455895,S2-301374562,S2-637176547,S3-71577085,S3-384880997
S1-937731091	S2-516652132,S3-343305941,S3-543351076
S1-374463300	S2-601905809,S2-692215109,S2-668857783,S2-927369032,S3-147377571,S3-626660865,S3-463402209
S1-515587327	S2-692093348,S3-961840050,S3-309575141,S3-990208993
S1-171294685	S2-309214203,S3-2861353
S1-746419765	S2-151978651,S2-818912190,S2-757169837,S3-942683138,S3-972868475
S1-105953012	S2-600580672,S2-55209832,S3-576991373
S1-363858153	S2-398362412,S2-343113143,S3-343790807
S1-955503632	S2-213217985,S3-983329096,S3-384602469,S3-547937007
S1-146771997	
S1-845602649	S2-407045052,S3-505298748
S1-625951486	
S1-492260151	S2-528213937,S2-419034792,S2-265206723,S2-690993140,S2-404489365,S3-805502698,S3-602209181,S3-281307854
S1-338170153	S2-204511850,S2-399502331,S3-117531106
S1-879546990	S2-968860553,S2-130569026,S2-107464886,S3-881602916,S3-373507790,S3-626328471,S3-696157237
S1-839076074	S2-647738616,S2-772282177,S3-464704428
S1-462386011	S2-669143725,S2-62894347,S2-4355392,S2-239708830,S3-56889657,S3-604279071,S3-358405663
S1-593937799	S2-942910564,S2-960964698,S3-234268718,S3-677268227
S1-773389057	S2-383763826,S3-593500752
S1-680873014	S2-356572167,S3-937803230,S3-585872346,S3-590700831
S1-630594406	S2-684053301,S2-396051484
S1-879099448	S2-689121821,S2-28848654,S3-841148047
S1-93319866	S2-25602824,S2-688020730,S3-180572425
S1-764235189	S2-922429113,S2-220162460,S3-474063934,S3-614826235,S3-581423917
S1-787730452	
S1-299727995	S2-552927937,S2-689363953,S3-538367981,S3-249895584,S3-657652476
S1-33848003	S2-710664481,S3-317074222
S1-441888458	S2-623013712,S3-97978717,S3-827193160,S3-342009281
S1-464777497	S2-992173831,S3-657607541,S3-165650450,S3-525757937,S3-623179175
S1-57637491	S2-525676841,S2-759283565,S2-193298379,S3-942233174,S3-278651471
S1-36911364	S2-388087773,S3-476033636,S3-119996299
S1-621969869	S2-315114456,S3-301841584
S1-97441229	S2-994623337,S3-41363819,S3-138995731
S1-219825433	S2-706289290,S3-873066626
S1-368241974	S2-166040443,S3-171785282,S3-238631727,S3-922526456,S3-860213575
S1-322064452	S2-237722139,S3-810951413
S1-779955457	S2-419141512,S2-319770939,S3-255881644
S1-236009109	S2-875377860,S2-807785541,S2-702852404,S3-147216457,S3-493121813,S3-308693732
S1-899596326	S2-203226662,S2-265779521,S2-558825641,S3-766737322,S3-868321200
S1-254975937	S3-890426149,S3-858149173
S1-857823254	S2-876675233,S2-953658779,S2-87401943,S3-94391999,S3-997028178
S1-726040560	S2-496357074,S2-996422800,S3-952453933,S3-3497589,S3-956055097
S1-450396402	S2-272387825,S2-60542806,S3-72820762,S3-257363796
S1-589866531	S2-941307142,S3-984150507,S3-450885675,S3-369378784
S1-385649935	S2-219778038,S2-85904620,S3-137411816,S3-400426047
S1-280144136	S2-711580969,S2-89028722,S2-709213541
S1-248621763	S3-258862935,S3-366677722
S1-855006568	S2-162774124,S3-46243487,S3-404571016
S1-646273789	S2-84266856,S3-361785859,S3-457348281
S1-512448811	S2-72227864,S2-222183474,S2-16570713,S2-451444837,S2-610583386,S3-161380249,S3-298072967
S1-798165659	S3-125751690,S3-713980145
S1-277891602	S3-667538832
S1-494384531	S2-985501801,S2-649260802,S2-39505699,S3-42103324
S1-418714652	S2-201555807,S2-237413406,S3-635154206,S3-312498142,S3-770415777
S1-204874677	S2-194416657,S3-464454967
S1-940167294	S2-356999541,S2-283305079
S1-210108627	
S1-539480183	S2-106238196,S3-954194384
S1-592280894	
S1-238262145	S2-221858400,S3-612383554
S1-296219708	S2-399030489,S3-628652463,S3-564752082,S3-308580338
S1-195656346	S2-150896936,S3-157216099
S1-157050918	S2-104778366,S2-879470389,S2-807913867
S1-448015377	S2-794491386,S3-49793677,S3-408483458
S1-607139509	S2-882250411,S3-459082701,S3-281123940,S3-998712709,S3-405965381,S3-440036430
S1-184233455	S2-973156716,S2-682059695,S3-502600274,S3-244025166,S3-195288629
S1-620595947	S2-401408768,S3-327671406
S1-574415570	S2-644927511,S2-677405718,S2-554453123,S3-843205945,S3-739640794,S3-588244398
S1-242523931	S2-484821555,S2-113050809,S2-191734439,S2-307018963
S1-959259485	S2-704417138,S2-220916763,S3-496081707,S3-477492425
S1-867198792	S2-937801235,S3-496935523,S3-156389320,S3-414225731
S1-970606444	S2-196283925,S2-71528536,S2-769619488,S3-294218632,S3-752552564
S1-577724948	S2-201367212,S2-540357691,S2-409446261,S2-782153716,S3-61411519
S1-525105060	S2-681285750,S3-165614851
S1-651320277	S2-111863029,S2-498794343,S3-753003759,S3-434660452
S1-952539801	S2-60124551,S2-202424137,S2-419212641,S2-964145258,S3-165190852
S1-675853778	S2-868889378,S2-281243926,S3-571117203,S3-650092468
S1-570767392	S2-636827497,S3-786423999
S1-47157443	S2-532965478
S1-892547234	S3-33595172,S3-37178748,S3-537398002
S1-828122698	S2-381018205,S3-377192666,S3-309539909,S3-776739439
S1-774644826	S2-879058022,S2-803253736,S3-491326451,S3-91679423,S3-453322952,S3-864730951
S1-977790025	S2-711055938,S2-504933941,S3-908831292
S1-589869250	
S1-339134534	S2-691100967,S3-80928801
S1-618135375	S2-929123765,S2-642835988,S3-959652352
S1-993561955	
S1-505802462	S2-215431492,S2-813668303,S3-47886920,S3-167659745,S3-995957137
S1-281005457	S2-200634536,S3-361235747,S3-259099481
S1-112949554	S2-530662324,S2-466867994,S2-301191192,S2-337195128,S3-23348952
S1-172343742	S2-946387800,S2-409769271,S2-831043942,S2-287223230,S3-825383912
S1-414675114	S2-39694796,S2-922976480,S2-36542257,S3-40240553,S3-233551708
S1-410037086	S2-102430769,S2-896813447,S3-378543593
S1-732980873	
S1-711676099	S2-277320213,S2-16088526,S2-279139222,S3-213619026,S3-788760265
S1-458363141	S2-621474886,S2-343138883,S3-170248810,S3-429372365,S3-530310600
S1-685138053	S2-884664136,S2-419776123
S1-168248569	S2-365711062,S2-871497088,S3-715027754,S3-73633253
S1-275186163	S3-55132576,S3-23510721
S1-872508314	S2-263180490,S2-3795847,S3-920045068,S3-567889970
S1-974794800	S2-241455344,S3-692663213
S1-187205540	S2-58026578,S3-603676905,S3-931301184
S1-747584857	S2-540333891,S3-777657388
S1-498924473	S2-245697696,S3-607128797,S3-334539291
S1-899388656	S3-610247992,S3-442021721
S1-451446625	S2-946872973,S2-931027770,S2-445008699,S3-77515897,S3-268970369,S3-766278082
S1-327433067	S2-123854952,S3-952793301
S1-339090862	S2-639485938,S2-955862105,S2-536113651,S2-82653923,S3-259316976
S1-177472091	S2-111848378,S2-839671773,S2-931005491,S3-54929908
S1-284507103	S2-478322544,S3-582452795,S3-725650498
S1-357041780	S2-782021482,S2-142822383,S3-167993723,S3-424015308
S1-452390267	S2-687449711,S2-38846849,S3-884523832
S1-163266903	S2-696787047
S1-753149763	S2-88255324,S2-925646322,S3-696233937,S3-790967199,S3-755880522
S1-311215452	S2-112711969,S2-293669234,S3-991788285,S3-956210519
S1-802576925	S2-815451098,S2-872987697,S2-449622616,S3-778806335,S3-308532556
S1-886213554	S2-343181640,S3-420989854,S3-146580253,S3-837105972
S1-140776574	S2-508799332,S3-989601041,S3-445753785
S1-363260142	S2-308145828,S2-769404678,S3-699170272
S1-975798622	S2-35743228,S2-307460166,S3-238683146
S1-949624150	S2-156772099,S3-8477480,S3-871863983
S1-49278788	
S1-65183043	S2-748014329,S2-427142928,S2-3488884,S2-433066300,S3-821990219,S3-989393815,S3-359628310,S3-831574696
S1-723252176	S2-888600352,S2-135137866,S2-128154097,S2-190532036,S3-822860485,S3-970484046,S3-15033632
S1-921628518	S2-164506004,S2-134967212,S2-144509788,S2-552719831,S3-715733262,S3-950687908
S1-634447193	S2-98441770,S3-121941262,S3-476160756
S1-385376013	S2-819433569,S2-610196115,S3-995394941,S3-188182540,S3-479384070
S1-437945501	S2-179187963,S3-456125677
S1-197847065	S2-786490702,S3-184794915
S1-846597367	S2-260080294,S3-974218225
S1-61006873	S2-758330883,S2-707115702,S3-651382971
S1-484811095	S2-441370289,S2-117377574,S2-522166464,S3-34501366,S3-216008436,S3-360291170
S1-19959812	S2-378844159,S2-853911626,S3-622969954,S3-124208441
S1-353766462	S2-389997356,S2-91800773,S2-570266725,S3-133267019,S3-573321328,S3-173474945,S3-81734767
S1-888006680	S2-37493717,S2-754999681,S2-443978748,S2-463052543,S2-284979113,S3-152402418
S1-574881580	S3-676214600,S3-230784344,S3-427696829
S1-941137891	
S1-218372095	S2-816783554,S2-281721788,S3-988956339
S1-492066029	S2-310141388,S2-257520713,S2-716222975,S2-42107824,S3-548094177,S3-163690909
S1-503332045	S2-673855598,S2-208952214,S2-302333492,S3-910996892
S1-996383168	S2-760762830,S2-127041850,S3-9348246,S3-383335777
S1-24553225	S2-875546867,S2-557771203,S2-462207455,S3-527637983
S1-32979330	S3-290204280,S3-955011955,S3-883930450
S1-735146390	S2-40336169,S3-707759349,S3-796774222,S3-559487983
S1-95222966	S2-549290513,S3-328460328
S1-49988101	S2-348444764,S3-848945835
S1-355488968	S2-372036014,S2-674076488,S2-402896358,S3-353237929,S3-819890579
S1-248728833	S2-940761009,S2-597761443,S2-698647700,S3-300626302,S3-708768505
S1-490179600	S2-905313825,S2-71671505,S2-842331240,S2-912959201,S3-208864713,S3-359847947,S3-591478357
S1-478859894	S2-62815528,S2-918583916,S3-675330113,S3-872640545
S1-364388393	S2-465951290,S2-501717184,S3-266729170
S1-617270932	
S1-852967891	S2-621516918,S3-119740916,S3-525433796
S1-884031662	S2-84243183,S3-546092253,S3-263775917,S3-555150773,S3-291728910,S3-869881867
S1-445833716	S2-398948665,S2-802650970,S2-314107756
S1-594513176	
S1-152345491	S2-838438620,S2-669972007,S3-320889371,S3-672328469
S1-110799306	S3-379012197,S3-96527792
S1-380043950	S2-750469335
S1-693567644	S2-516114950,S3-226547385,S3-287683742
S1-68948206	S2-655721037,S3-143049067,S3-846519608
S1-364002923	S2-896818382,S2-873694498,S2-461032689,S3-80901940
S1-449714097	S2-951288621,S2-625998729,S2-47440479,S3-610829018,S3-753294007
S1-61747236	S2-925428218,S3-908203337
S1-366256458	S2-391283150,S3-774035248
S1-636206365	S2-520441171,S2-925183809,S2-85451290
S1-686020354	S2-15636511,S3-978215507,S3-977369,S3-225995373
S1-804895979	S2-277154526,S3-447768323,S3-847528252
S1-362152399	S2-24924209,S2-874019523,S3-207002625,S3-750538849,S3-91726078
S1-336598387	S2-53446162,S3-904133993,S3-434945129
S1-563725245	S2-568031818,S2-187548122,S3-69607905,S3-341869784
S1-216397396	S2-256343928,S2-72411779,S3-192720651,S3-8518686
S1-919615573	S2-139402496,S2-74041878,S2-664211221,S3-855679246,S3-132101006
S1-430388161	S2-20516529,S2-423915839,S2-65327673
S1-998816365	S2-111582057,S2-352421375,S2-823340721,S2-739362014,S3-677764449,S3-296631657
S1-603209096	S2-369106655,S2-869461437,S2-34913866,S2-37225094,S3-767945729,S3-184880060,S3-582911875
S1-788366857	S2-554300213,S3-546587788,S3-820683912
S1-419353827	S2-155168497,S2-391492865,S3-578900399
S1-135528496	S2-945856654,S2-935484815,S3-53114167,S3-731650322,S3-705267553
S1-979502451	S2-562829593,S3-946461669
S1-125576562	S2-667456005,S3-227999370
S1-881952992	S2-274154369,S3-868289320,S3-212326391,S3-313538009
S1-413517825	S2-127296358,S2-183367973,S3-886265107
S1-158830506	S2-482642228,S3-819595169,S3-33391508
S1-364546182	S2-305464583,S2-141741011
S1-144365071	S2-937648344,S2-797352859,S2-432098879,S3-898219306
S1-574704569	S2-111942266,S2-676459358,S3-957261615,S3-272917441
S1-946942442	S2-426187285,S3-221821999,S3-84303488
S1-355336994	S3-548069944,S3-298068559,S3-577326952
S1-711746632	S2-775419021,S2-3789327,S3-77643352,S3-322292938
S1-969706846	S2-247163491,S2-520301291,S2-83336698,S3-572189144
S1-762722176	S2-736357085,S3-663068056
S1-467617271	S2-411553353,S3-613659284,S3-844061135,S3-9924990,S3-234109530
S1-360906968	S2-568899406,S2-764827998,S3-356160816,S3-773300373
S1-303176368	S2-826225324,S2-107857167,S3-99807193
S1-182078335	S2-567783052,S2-636785855,S3-417705124
S1-231782165	S2-230425849,S3-174022279
S1-915599	S2-607213007,S3-228063440,S3-268842436
S1-308051553	
S1-995257806	S2-455535291,S3-646390353
S1-41817607	S2-701311011,S2-959614374
S1-806364912	
S1-943232811	S2-943517280,S2-197054185,S3-897318128,S3-445334649
S1-41036077	S2-378661984,S2-552353011,S3-447149577,S3-142404234,S3-820312743,S3-584353143,S3-402256561
S1-149683865	S2-452920412
S1-981580960	S2-85924896,S2-109773578,S3-367278531,S3-944414686
S1-803474998	S2-846723251
S1-882473127	S2-944579903,S3-359871039,S3-645600119,S3-446744101
S1-569294974	S2-913873891,S2-111539929,S3-905747002,S3-782231281,S3-42154957,S3-246191589
S1-254106920	S2-379374914,S2-724197032,S2-711137608,S3-835146185,S3-917731245,S3-297891574,S3-939705086
S1-155201106	S2-747175334,S3-430025262,S3-679213537,S3-181261483
S1-180395155	S2-839363955,S2-104765065,S2-101261850,S3-263807026
S1-221488684	S2-722958857,S3-726322700
S1-377722137	S2-344409136,S3-447335786
S1-988354142	S2-822321649,S2-238520800,S3-503234650,S3-368233208
S1-264415807	S2-38512341,S3-469766699
S1-213784478	S2-101555847,S2-703313440,S2-643705293,S3-898012575
S1-798830726	S2-782911279,S3-336700727
S1-543270751	S2-756681779,S2-407923723,S3-115969381
S1-17238707	S2-237841421,S2-563741099,S3-255431760,S3-906986731,S3-239498327,S3-590063855
S1-596198862	S3-708248046
S1-97569699	S2-950223609,S3-723460258,S3-274337396,S3-2912049,S3-954621044
S1-616314847	S2-292075353,S2-491935222,S2-572205747,S2-822531296,S3-402286341,S3-194221150,S3-934859137
S1-679678589	
S1-903770698	S2-250127168,S3-308031366
S1-720585477	S2-766915284,S2-821239868,S3-393336862
S1-911130106	S2-608816748,S3-31637906
S1-859714125	S2-668099207,S2-520269654,S3-998915369,S3-640651877
S1-508137964	S2-925918547,S2-305736525,S2-391149923,S3-291325476
S1-1711761	S2-602846544,S2-346722975,S2-31487666,S2-36730427,S3-840178627,S3-783429434,S3-352671146
S1-299657641	S2-723245100,S3-802090207,S3-63908713,S3-120207340,S3-395655988
S1-211824300	
S1-493732350	S2-46613492,S3-739468260
S1-879164374	S2-527901632,S3-561702841
S1-757443474	S3-221201956
S1-504172555	S2-807312185,S2-224233884,S3-163284328
S1-190882662	S2-38162275,S3-507989306
S1-281776320	S2-154154573,S2-521042197
S1-664324358	S2-200018393,S2-20434444,S3-177007813,S3-302049946,S3-39518936
S1-139021940	
S1-826923291	S2-578160845,S3-590798373
S1-737316076	S2-332763760,S3-992310553,S3-759779950
S1-77673695	S2-619057695,S2-477494229,S2-689433864,S2-356699628,S3-953873924,S3-353032246,S3-905735045
S1-932581199	S2-176155048,S3-522657268,S3-515228329
S1-661009456	S2-786707906,S2-112160299,S2-191258818,S2-298097107,S3-938905221
S1-790706432	S2-54084978,S2-442800323,S3-570798442,S3-47862729
S1-847455455	S2-134970596,S2-105362875,S3-984129109
S1-794163843	S2-430675906,S2-945014440,S3-401663603
S1-869267107	S2-263333583,S2-29140634,S3-464523239,S3-640364018
S1-891937896	S3-258446971,S3-592029131
S1-132209215	S2-227520177,S3-877605869,S3-334974332,S3-512593475
S1-821732474	S2-524417679,S2-62076641,S3-32363117,S3-311985507
S1-958757235	S2-132758695,S2-219023425,S3-763189731
S1-287268076	S2-928997117,S2-77617110,S2-976597783,S3-759559856
S1-765822419	S2-797656495,S3-994503229,S3-643810938
S1-433294730	S2-170085677,S2-990537026,S3-713008191
S1-725840276	S2-439207283
S1-259522429	S2-128953318,S3-684514871
S1-108457120	
S1-940368033	S2-85418770,S3-871201192
S1-483396788	S2-591829394,S3-344836472
S1-97504195	S2-495146419,S2-7540434,S2-438942779,S3-839584471
S1-528394411	S2-568846821
S1-275873694	S2-876437237,S3-743994875,S3-410246845
S1-358753069	S2-802082193,S2-117687953,S3-551106510,S3-468230929,S3-460004390,S3-26333562
S1-575188473	S2-872986146,S2-738274931,S3-287630815
S1-697241313	S2-896886981,S2-869740932,S2-741130618,S2-664413690,S3-252706541
S1-305142160	S2-420923062,S3-331716890,S3-572780646,S3-209331300
S1-262176372	S2-266872061,S3-313279799,S3-318551972,S3-571677008
S1-934650533	S2-263723788,S2-884024991,S2-746850473,S3-18648928
S1-489376171	S2-32363497,S3-325475228
S1-293987013	S2-89049819,S2-325984608,S3-333872349,S3-644511762,S3-374915298,S3-919716995,S3-556965228,S3-809580541
S1-88014774	S2-77914241,S3-679840951
S1-488571847	S2-883832793,S3-588038302
S1-111205549	S2-102087303,S3-455715039,S3-981943837
S1-261320063	S2-901813805,S3-349027859,S3-377206738
S1-349720033	S2-956036136,S3-416328321
S1-240311044	S2-557664626,S2-18270709,S3-816637809,S3-448277958
S1-383349809	S2-879504706
S1-842683935	
S1-36685240	S2-214494240,S2-89638462,S3-704438808
S1-307872605	S2-799070712,S2-571961010,S3-618295008,S3-267660370
S1-981740048	S2-416592275,S2-149741567,S2-709351325,S3-153849633,S3-664266350
S1-657540928	S2-924996304,S2-766028758,S2-630486884,S2-323784955,S3-286461210,S3-59691339,S3-329078995
S1-275626342	S2-170294962,S2-62965584,S3-251896056
S1-955634278	S2-36968609,S3-893206306
S1-836635250	S2-924548055,S3-595728019,S3-169441540
S1-213766502	S2-476796334,S3-900450943,S3-295968196,S3-74197830,S3-942244712,S3-611483488
S1-138538220	S2-16190599,S3-310656611
S1-85238528	S2-856011026,S3-655542845
S1-132321806	S3-861373439
S1-787776471	S2-73408517,S3-757442196
S1-771816677	S2-839233572
S1-280306358	S3-642276401,S3-590083508
S1-421690838	
S1-265471233	S2-606326453,S2-765736880,S2-745328635,S3-680561228,S3-231502679,S3-737471404
S1-554935887	
S1-893822572	S2-2499020,S2-154806179,S3-519139850,S3-140346766,S3-245053205,S3-632792812
S1-496031539	S2-725145261,S3-711424717
S1-737056371	S2-443284069,S3-717924742,S3-179069356
S1-434931451	S2-35761750,S3-821952294,S3-306786694,S3-529166240
S1-426129583	
S1-992024498	S2-237611541,S3-997506172
S1-267955213	S2-330891827,S3-464273427,S3-50742940
S1-682540931	S2-490950096,S2-9363365
S1-556928351	S2-214159261,S3-349826480,S3-193564792
S1-384197317	S2-29514282,S3-510640020,S3-539252840
S1-621082352	S3-610653344
S1-537150564	S2-603954276,S3-868192253,S3-554810120
S1-107323727	S2-546211777,S3-182972180
S1-56047792	S2-765963302,S3-351745787
S1-889800716	S2-953189923,S2-768854865,S2-678564217,S3-906926018,S3-350735859
S1-446907049	S2-153518595,S2-826387681,S3-525014509
S1-860998768	S2-814466088,S2-385147336,S3-748744249
S1-915142901	S2-95707134,S2-320625476,S3-946624013
S1-89077155	S2-571670815,S2-47736656,S3-472474373,S3-233392223,S3-44569227
S1-395649393	S2-181849713,S2-471686069,S3-308037370,S3-404154284
S1-936063327	S2-257096879,S2-288235318,S3-993689073,S3-932637049,S3-559636486
S1-768503671	S2-876349427,S3-792618936,S3-44337399,S3-26698300
S1-204802905	S2-290127456,S2-32837228,S3-515227620
S1-671441094	S2-111457584,S2-545863130,S2-129505149,S2-704828151,S3-326612365,S3-337336720
S1-734703089	S2-858525784,S2-222595918,S3-856634498
S1-991118398	S2-5488786,S3-720730266
S1-527767501	S2-422255995,S3-542313987
S1-429730484	S2-652794608,S2-987995408,S3-558971045,S3-948273291,S3-860693133
S1-105424560	S2-719760264,S2-429665978,S2-7801762,S3-305117683
S1-692158684	S2-122293307,S2-745921093,S2-633743891,S2-821253130,S3-938522352
S1-437925013	S2-674689824,S2-938373133,S2-770105692,S2-229935600,S3-859732370,S3-332230374,S3-739354509
S1-55880146	S2-640993236
S1-123011870	S2-786642849,S2-770862110,S2-802766012,S3-296238006,S3-203366655
S1-942812175	S2-629311464,S2-701932266,S2-137931206,S2-710635164,S3-414925891,S3-903363382
S1-939155693	S2-203214776,S2-171371340,S3-454211964,S3-870724623
S1-594953597	S2-176349551,S2-662664736,S3-13324865
S1-311714343	S2-435445251,S3-106267593,S3-995149517,S3-292411041
S1-831544344	S2-104422627,S3-747568116
S1-466072753	S2-123914415,S2-954211366,S2-286917829,S2-410883678,S3-382438596,S3-532984273,S3-542714822
S1-734738662	S2-984970905,S2-877319344,S2-783818679,S2-410636333,S3-738304697
S1-440027015	S2-797209772,S3-32431830
S1-438092579	S2-272623758,S2-371742091,S3-546704901
S1-661493503	S2-25856773,S3-655343191
S1-39347933	S3-898128212
S1-233035968	
S1-97226549	S2-425482380,S3-749482030
S1-671771811	S2-470785027,S3-262004371,S3-812085994,S3-50490253,S3-228136458
S1-783494828	S2-547512060,S3-706238687
S1-395374583	S2-620702336,S2-536017771,S3-524188444,S3-130783922
S1-532381166	S2-365899407,S3-573492118,S3-355481517
S1-727070829	S2-968827334,S3-693768518
S1-814888376	S2-531946943,S2-839635751,S3-166801774,S3-354857371
S1-640245866	S2-412793938,S3-289570337,S3-492920285
S1-526980794	S2-993487602,S3-602546296,S3-878761598
S1-883395442	S2-27819568,S2-672641565,S3-165705608,S3-528191563,S3-445696389,S3-638009274
S1-298520300	S2-492833620,S3-248752692,S3-723355662,S3-552160274
S1-669517914	S2-285173910,S2-880771336,S3-435325864
S1-66166256	S2-546831960,S2-950834001,S3-564556795,S3-272679339
S1-174891872	S2-446416350,S3-883617611,S3-36392591,S3-77925771
S1-849766697	S2-575687662,S3-896338928,S3-876787244,S3-937883722,S3-628566772
S1-622599338	S2-784271721,S2-407577599,S3-369513470,S3-466774235
S1-983715849	S2-333098868,S3-62828864,S3-329252526,S3-765217538,S3-385537324
S1-735160064	S2-831542891,S2-770008365,S3-239794846,S3-693729033
S1-601860297	S2-394512802,S2-300812926,S2-647552240,S2-165311281,S2-215076195,S3-758219520
S1-776007629	S2-575294813,S2-552209894,S2-645448885,S3-833263722,S3-981412608
S1-506845083	S2-457213286,S3-889511766
S1-15835837	S2-436437325,S2-743781496,S3-962131152
S1-973702419	S2-97441698,S3-435074511,S3-668663931
S1-122756760	S2-748076786,S2-990554993,S2-970693099,S3-39347306,S3-955744795,S3-522817725
S1-918648782	S2-598464951,S2-734900264,S3-564230740,S3-796708627,S3-176701191
S1-348670463	S2-33487528,S2-93205939,S3-805225416,S3-587519359,S3-565240468
S1-621977166	S2-648226057,S3-660587709
S1-338037122	S2-779504471,S3-737691996,S3-222767986
S1-412343128	S2-637117334,S2-627570672,S2-812882600,S2-508706858,S3-930846417,S3-762195832
S1-524959211	
S1-598549580	S2-596420842,S3-740800267
S1-995713181	S2-49101916,S2-843141253,S3-48799219,S3-920033531
S1-771835031	S2-904935901,S3-846176802
S1-914026610	S2-716685752,S3-100294253
S1-789635046	S2-387332500,S3-112882569,S3-69182154
S1-153365258	S2-478748980,S3-657542545
S1-812302447	S2-712108602,S3-692377752,S3-818195515,S3-53695419
S1-726988797	S3-978858885,S3-387415039,S3-615215184,S3-943489300,S3-234160998
S1-142413248	S2-838368655,S2-139716730,S3-190087949,S3-647869149
S1-741328040	S2-869332817,S3-846858455
S1-549220960	S2-465174031,S3-417443032,S3-3453853,S3-912273832,S3-35668660
S1-410764677	S3-889790476
S1-269423222	S2-247396558,S2-217220673,S3-490620165
S1-864553957	S2-585383438,S2-887735327,S2-999850417,S2-585645089,S3-588670096,S3-78291517
S1-429179675	S2-564087988,S2-579761666,S3-159899666,S3-251515560
S1-168740386	S2-421897345,S2-688823161,S3-523832910
S1-555635620	S2-924987103,S2-861307311,S3-30124577,S3-94680076
S1-945802950	
S1-482129360	S2-919784253,S2-391532224,S3-490313643,S3-536187207,S3-492409463,S3-563686124,S3-868770444
S1-719305474	S2-154397389,S2-566009590,S3-432767996
S1-335011688	S2-458346885,S2-692433411,S3-678994450,S3-939614198
S1-129935762	S2-6705983,S3-341176797,S3-443356226
S1-66135539	S2-849759665,S3-127232964,S3-817690730,S3-210158940
S1-143422909	S2-813370128,S3-567905062,S3-601067148,S3-9728192
S1-202983324	S2-537171104,S2-585516453,S2-331580971,S3-908409307,S3-320701446
S1-138014316	
S1-244800142	S2-923119624,S3-230283365,S3-770817682
S1-568157022	S3-176604126,S3-57752644,S3-383814700
S1-417112447	S2-802401396,S3-513165625
S1-542594287	S2-134643246,S3-363655843
S1-284732201	S2-450181701,S3-271071478,S3-591464959,S3-875254856,S3-661096388,S3-979382044
S1-785890207	S3-995596444,S3-543358191,S3-518821684
S1-52374081	S2-68461657,S3-264464015
S1-832060895	S2-807778207,S2-850107243,S2-921197873,S3-294061781,S3-305628472,S3-866650218,S3-634554758
S1-300386709	S2-781204147,S3-970797831,S3-58322040,S3-133645399
S1-670354065	S2-916387203,S3-872685801
S1-745730570	
S1-998844164	S2-21481227,S2-70383016,S2-915828638,S3-236480073
S1-41856250	S2-409851763,S3-971242968
S1-952082038	S2-496669642,S2-598432092,S2-547875298,S3-573293111,S3-986048296
S1-132094201	S2-251418681,S2-343149734,S2-28989631,S3-206226682
S1-996972127	S2-510422735,S2-142280739,S2-165071805,S3-662628573
S1-795739124	S2-190530015
S1-339778635	S2-154430635,S3-85694187
S1-615618394	S2-399361860,S3-946638080,S3-290143820,S3-69097136
S1-15877532	S2-586747212,S2-342951623,S2-361509160,S3-196987570,S3-155766491
S1-388102180	S3-298357516,S3-96117094,S3-269466779
S1-252965040	S2-758280441,S2-423222687,S2-128687028,S3-496318911,S3-112196502
S1-634283391	S2-696757570,S3-973221796,S3-318004124
S1-723971838	S2-435738146,S2-798717361,S2-550762441,S3-677414292
S1-116103509	S2-782131380,S2-93238798,S3-803763392,S3-25478652
S1-283275132	S2-482439917,S2-750298787,S3-110015229
S1-447783835	S2-757372691,S2-937823485,S3-119949234,S3-213941880
S1-957937125	S2-612293750,S3-913868052,S3-498626467,S3-499086936
S1-70718772	S2-277642018
S1-611610019	S2-731918037,S2-195917795,S2-564004534,S2-149536442,S3-56420111,S3-955801531,S3-442936675,S3-613834702,S3-662875909
S1-824027443	S2-323776306,S2-927104903,S3-464799150,S3-544047030,S3-265555078
S1-702639856	S2-770172927,S2-357361151
S1-942222569	S2-422302244,S2-188936138,S2-522455950,S3-196197553,S3-956401470,S3-843307324
S1-22113024	S2-396926386,S3-336184039,S3-807373183,S3-470099805
S1-245430487	S3-266909120
S1-81653536	S2-687254209,S3-991568889,S3-239577624
S1-754407905	S2-258638063,S2-462269729,S3-781871257
S1-73381745	S2-658342307,S3-476700451,S3-776327126,S3-70630273
S1-541575368	
S1-391705583	S2-152453641,S2-99297929,S2-65762434,S3-417876402,S3-7446833,S3-433117640
S1-968939905	S2-862398405,S2-690876757,S3-806498579
S1-210453051	S2-106773880,S2-486634790,S3-685115836
S1-889821453	S2-852447016,S3-43347150,S3-451340681
S1-16597341	S3-608245458,S3-216676131,S3-257973954
S1-748798745	S2-353218074,S2-445676790,S3-133037691,S3-532981446,S3-915115728,S3-852774013
S1-882801746	S2-883940602,S2-563791808,S2-355012143,S3-494396127
S1-762188831	S2-615002843,S2-197066909,S2-1304062,S3-789835160
S1-430385610	S2-64251593,S2-874134559,S3-728644325,S3-645445820
S1-957889751	S2-33916938,S2-423930455,S3-194853276,S3-80292291,S3-835296088
S1-465756535	S2-450625329,S3-410797339,S3-233911744
S1-429375854	S2-965765980,S3-178921381,S3-561923947,S3-46623864
S1-353341515	S2-478848512,S2-539675904,S2-375755092,S3-112658974,S3-878415110,S3-452274423
S1-591361992	S2-896303336,S2-50748058,S3-739371725
S1-3410523	S2-66712252,S2-93551094,S2-165313336,S2-219923846,S3-827525977,S3-128711330,S3-155799025
S1-114692964	S2-848153926,S2-296104763,S3-592743557,S3-769699840,S3-951784947
S1-945351111	S2-154164785,S3-487570968
S1-41321036	S2-763855605,S2-434485797,S3-245564590
S1-881440996	S2-957833334,S2-661397151,S3-368752343,S3-162166840,S3-189283403
S1-755340667	S2-869365314,S2-64077230,S2-531927906,S2-569634771,S3-736374065,S3-292721264
S1-668625737	S2-950701668,S3-289936437,S3-609444563,S3-182612176
S1-788904369	S2-968310551,S3-760877601,S3-21605,S3-175350512
S1-165720093	S2-736060668,S2-780392321,S3-840005592,S3-404353846
S1-46468286	S2-474048989,S3-456652234,S3-661169830,S3-49200813
S1-298103962	S2-480862529,S2-370126870,S2-87852607,S3-997911780,S3-217890518
S1-501476775	S2-444940064,S2-276397234,S2-104514590,S2-394106325
S1-293882102	S2-521935380,S3-137654647
S1-221372128	S2-342554954,S2-125574001,S3-490495922,S3-967649977
S1-185492212	S2-186000758,S2-481174156,S3-977474336,S3-846199936,S3-278276890,S3-30148644
S1-208271311	S2-520185900,S3-313722276
S1-113648070	S2-214960420,S2-213146074,S3-23325939,S3-515419242
S1-766030107	S2-449784838,S3-303427637
S1-590305805	S2-914743078,S3-751135151,S3-185349799
S1-933822357	S2-948062327,S2-392652109,S3-982886830
S1-366069918	S2-366705940,S3-798502806
S1-725255726	S2-817758424,S2-346752044,S3-206506865,S3-157479835
S1-723895864	S2-424817439,S3-515694493,S3-344321385,S3-570321105,S3-109590709
S1-327706953	S2-679751175,S2-554917257,S3-105496245
S1-214847809	S2-205181677,S2-472697880,S2-323625861,S3-568590732
S1-90280320	S2-329722886,S2-978073299,S3-913686886,S3-724525155
S1-620510368	S2-786911186,S3-430176891
S1-422149513	S2-600898860,S3-732166804
S1-516030547	S2-604324010,S2-650125918,S3-89848212
S1-488734423	S2-653594898,S2-306234072,S3-757472882
S1-937003492	S2-222282981,S2-654416044,S3-211162043,S3-885937933,S3-661840564
S1-389444408	S2-464263988,S3-77077089,S3-447230615
S1-862271218	S2-138738279,S2-900901939,S3-803779089,S3-175862887,S3-433881302
S1-917104519	S2-757995784,S3-347578605
S1-447647212	S2-98107616
S1-489343005	S2-242177071,S3-177378965,S3-48941459,S3-15196294
S1-939785601	S2-609596474,S3-701073516,S3-892448024,S3-890790004
S1-548830655	S2-743101148,S3-783590754
S1-8058936	S2-843317183,S2-87615553,S2-560202134,S3-308462571,S3-937587788,S3-675269322
S1-630545286	S2-492606433,S3-181931206
S1-218781701	S2-645460506,S3-784836831
S1-792218689	S2-737576505,S2-315668500
S1-266300578	S2-753411308,S2-674443609,S3-914375503,S3-87264593,S3-752661961
S1-941244535	S2-290468215,S3-818849108
S1-568158755	S2-606083994,S3-674575366,S3-904077180,S3-184672985
S1-483124933	S2-839804620,S2-505670702,S2-642188792,S3-641124145,S3-475196796
S1-132683272	S2-556814585,S3-426547062,S3-146750733,S3-801104069
S1-8033626	S2-148398975,S2-235415512,S3-672226599
S1-620161837	S2-302247262,S2-327189439,S3-209250674
S1-15220054	S2-289119895,S3-313237080,S3-104950841
S1-480855600	S2-566979072,S2-664934483,S2-584204008,S3-437339556
S1-809465343	S2-842718825,S2-731976560,S2-473780413
S1-195112329	S3-66166750,S3-516979456
S1-449554299	S2-856570471,S3-831070331,S3-114446796,S3-920588706
S1-641854703	S3-241305000
S1-974798076	S2-326330277,S3-25793745,S3-376432725,S3-825951055,S3-697946069
S1-752160602	S2-639143446,S3-152409826
S1-533103532	S2-673603665,S2-688122039,S3-823354214,S3-275639705
S1-433448597	S2-967993671,S2-991744043,S2-195299335,S2-922176376,S3-924233283,S3-9575793,S3-976631404
S1-851388473	S3-192832241,S3-668505486,S3-139088265
S1-902426350	S2-569411976,S3-122027606
S1-501447823	S3-572712065,S3-168213692,S3-546523133,S3-780669023
S1-78479902	S2-368696855,S3-804504793,S3-38497198
S1-674416867	S2-490855226,S2-264455560,S3-859865927,S3-506672247,S3-532179415
S1-559641437	S2-397408871,S2-975114487,S3-498496402,S3-640597375,S3-933907374
S1-618572505	
S1-778377570	S2-536689620,S2-145946692,S3-25217875
S1-309948602	S2-413467981,S3-726642288,S3-117648108
S1-460108583	S2-480350078,S2-367990565,S2-335991555,S3-452156821,S3-406172669,S3-91040073,S3-941543003,S3-368690825
S1-432426052	S2-573880244,S3-375893748,S3-429609693,S3-586899730
S1-211432176	S2-895986290,S2-51061554,S2-308812811,S2-97124435
S1-684367537	S2-378441881,S2-554185621,S3-910916186,S3-60006090,S3-640770034
S1-327343978	S2-496978020,S3-787543588
S1-80823708	S2-468223421,S2-831426087,S3-337836894
S1-400937273	S2-145892815,S2-956070145,S3-450420269,S3-878836687,S3-853097160,S3-701548500
S1-273957594	S2-310605033,S2-19036848,S3-357699125,S3-80613115
S1-672681753	S2-520356512,S3-731178152,S3-982282066
S1-639339743	S2-482615739,S3-53579282
S1-663991730	S2-668912228,S3-400456842
S1-741005979	S2-32192225,S2-987620492,S3-561289656
S1-506915322	S2-808736978,S3-605878051,S3-423659589
S1-749346845	S3-186266916
S1-352538348	S2-321393430,S3-79188282
S1-955300618	S2-742351161,S2-293832974,S3-716743155,S3-565071075,S3-182142132,S3-585583615
S1-535686585	S2-61578153,S3-293361772
S1-858768940	S2-872159584,S3-349257183,S3-929895318
S1-24928099	S2-349777965,S2-204483322,S3-381859964
S1-234434940	S2-599460213,S3-830506036,S3-375037194
S1-176241558	S2-845707389,S2-905386820,S3-901050787
S1-4980672	S2-196970826,S3-954667262,S3-678360995
S1-487494466	S3-663086382
S1-275806285	S2-405152870,S3-548648632,S3-491104853,S3-565460563
S1-228843424	S2-968453538,S3-919342583,S3-694853589
S1-220555396	S2-525962768,S2-196665847,S2-688572938
S1-107067330	S2-605602208,S3-40078870,S3-161668573
S1-832371424	S2-300684215,S3-10945624
S1-533692348	S2-760966422,S2-90526303,S3-536431706
S1-743559722	S2-396033414,S3-69916679
S1-342836433	S2-488918268,S2-239507156,S2-200603902,S3-256634075,S3-445761952
S1-131857559	S2-287882110,S2-515918559,S3-326143994
S1-603411327	
S1-564007472	S2-91501792,S2-195721148,S2-300130192,S2-215690526,S3-364047974,S3-927093610,S3-234530014,S3-928719614
S1-407471050	S2-121885121,S2-808947226,S3-716692262,S3-415233536
S1-896905935	S2-726010725,S3-457042270,S3-879458002
S1-241806259	S2-951009804,S2-851529985,S3-240610023,S3-112171533
S1-754214413	S2-505377763,S3-751390876,S3-14996640,S3-759749654
S1-580307086	S3-795065739,S3-848270370,S3-36932557
S1-713856176	S2-153016900,S3-587844294
S1-636824035	S2-306359092,S2-547057075,S3-359491828,S3-905173669
S1-48869270	S2-1444521,S3-333039455,S3-600284110
S1-348864016	S2-331283119,S3-845497250
S1-123795174	S2-152116061,S2-558882513
S1-433360914	S2-512569830,S3-107659225
S1-325746081	S2-866511073,S2-144895542,S2-43505540,S3-833095288,S3-736814733,S3-747939382
S1-478383779	S2-897313421,S3-580593438,S3-385147116
S1-805387694	S2-263865608,S2-964282453,S3-102591859,S3-57051856
S1-355823639	S2-417171205,S2-38187140,S3-145749967,S3-422648354,S3-229308449,S3-556448395
S1-609959432	S2-449425375,S3-601916880
S1-89474879	S2-223142391,S2-773183143,S3-979977498,S3-344582429
S1-343992420	S2-558230865,S3-248072567,S3-207683486
S1-621181805	S2-213623292,S3-157111263,S3-486479627,S3-452752485
S1-407920797	S2-294166538,S2-685568491,S3-693388,S3-521873725
S1-626403255	S2-321078337,S3-633211786,S3-540223675
S1-169444056	S2-830946781,S2-182519238,S3-326543180
S1-455015651	
S1-775672344	S2-892818153,S3-332743687,S3-266640355,S3-657944953
S1-543397508	S2-219854037,S2-511259143,S3-807623663,S3-703056650
S1-593069714	S2-729354655,S3-720028267,S3-867934204
S1-248327276	S2-878032821,S2-266842183,S3-700293905,S3-38626985,S3-851977198
S1-329963005	S2-542084005,S2-505555890,S2-164421145,S3-629015099,S3-676939218,S3-139083947
S1-923496879	S2-534678243,S2-988527573,S3-70565191
S1-944275383	S3-611149130,S3-430100851
S1-37808001	S2-52711657,S3-652218349,S3-271996111,S3-136254146
S1-45507449	S2-326337900,S2-963837158,S3-186564964,S3-795885766,S3-826375955,S3-565645185
S1-572812487	S2-157721090,S2-989014247,S3-437255641,S3-227248241
S1-377154163	
S1-692337975	S3-894307312,S3-924018575,S3-872610805
S1-89122923	S2-91364430,S2-487105282,S3-295753699
S1-319983927	
S1-50791768	S2-303705306,S2-277657422,S3-125856466,S3-431406603
S1-576487038	
S1-518464932	S2-334830373,S3-854798767
S1-121518761	S2-46856219,S3-493456406,S3-180421273
S1-546769633	S2-485059895,S3-596149274,S3-953134384
S1-33026110	S2-267027699,S2-310262084,S3-121107626,S3-700865251
S1-786447200	S2-540082400,S3-94571944,S3-66201704
S1-560147496	S2-623423582,S2-684183193,S2-787820386,S3-510873011
S1-556459435	S2-767902386,S3-673808230
S1-509468429	S2-644373292,S2-362516952,S3-960131267,S3-229167709
S1-964061963	S2-71045358,S2-249350261,S3-747925035,S3-395856068
S1-540123344	S2-93717868,S3-839639366,S3-31084832,S3-658079033
S1-756260484	S2-516796339,S2-415168930,S2-812306757,S3-751428477,S3-911909688,S3-752270671
S1-620699703	S2-236229236,S3-10551654
S1-161760417	S2-215661762,S3-443797927,S3-460383049
S1-940115776	S2-517998122,S2-770486044,S3-513145586,S3-470120351,S3-772706433
S1-332922195	S3-93111078
S1-787089633	S2-824671937,S2-949725079,S2-786750988,S3-273666116
S1-972637221	S2-662997970,S3-989944506,S3-431505435,S3-535418791
S1-655149284	S2-810490254,S2-475634305,S2-519562314,S3-839287515,S3-980864371
S1-457764160	S2-850886506,S2-65232723,S2-486515627,S3-199185519,S3-336247658
S1-258416458	
S1-319508995	S2-732015510,S2-281309892,S3-178195670,S3-875238258
S1-724606513	S2-764522820,S3-820576182,S3-375947559
S1-55877675	S2-890014939
S1-693237029	
S1-540422761	S2-795391861,S2-326223809,S2-721318893,S2-251154913,S3-990757132,S3-355901314,S3-57722903
S1-84852022	S2-371358940,S2-439828165,S3-613999913,S3-579902876
S1-974713706	S2-92174904,S3-53730159,S3-745805367,S3-38686818
S1-12129562	S2-741748861,S2-833172251
S1-505809596	S2-409348246,S2-733536179,S2-402680708,S3-96144528,S3-157369943
S1-795980951	S2-770967219,S2-364072748,S2-72869879,S2-42421663,S2-610404907,S3-170632452
S1-416061654	
S1-743525217	S2-126205037,S2-648548427,S3-103590937,S3-473708328,S3-678248463
S1-980637964	S2-601269780,S2-486312729
S1-286397345	S2-119199873,S3-414674881,S3-205774647,S3-753873490
S1-568229136	S2-198723981,S2-673738423,S3-91394056
S1-192659530	S2-766602278,S2-156997567,S3-674969989
S1-602461734	S2-335278741,S3-551608561,S3-399889070
S1-914219800	S2-201771712,S2-849424185,S2-328985385,S2-515840923,S3-708783059,S3-887713083
S1-423818464	S2-413103898,S2-589521723,S3-387300674
S1-389823614	S2-476313288,S3-628737375,S3-778225345
S1-269657786	S2-126003635,S3-558473134,S3-681438387
S1-870212201	S2-302364785,S2-33333043,S3-705341017,S3-236547701,S3-512185447
S1-428557661	S2-550767448,S2-849294576,S3-990434744
S1-752711802	
S1-394482402	S2-438609747,S3-878750518,S3-71021319
S1-57104471	S2-904046703,S2-800563098,S3-322098647
S1-227081723	S2-867137208,S3-429859168,S3-367688872,S3-661003446,S3-208784425
S1-209457556	S2-336912063,S2-199435115,S2-177391379,S2-451753258,S3-123722270,S3-149312681
S1-999040768	S2-2141309,S2-351884597,S3-924240595
S1-368399460	S2-756026833,S2-244878936,S3-17578227
S1-862902523	S2-99286264,S2-651458131,S2-970419878,S2-940859426,S3-64833362
S1-806232356	S2-620709854,S2-474230661,S3-25679257
S1-901107524	S2-443270424,S3-621871231,S3-94194060
S1-632204362	S2-642440019,S2-323399651,S2-576186009,S3-164652140,S3-569618958
S1-568453948	
S1-36728558	S2-164438648,S2-281423730,S3-649389587
S1-76337965	S2-460782790,S2-771179678,S3-363086713
S1-810293583	
S1-136371706	S2-423839874,S3-71194406
S1-711714178	S2-66146395,S2-789196176,S3-38038332,S3-35115397
S1-133315573	S3-754692247,S3-513425521
S1-816720987	S3-163945241,S3-168427510
S1-23450786	S2-65334885,S2-413961328,S3-167088893,S3-273022176
S1-581628825	S2-433527686,S2-653319386,S3-142976290
S1-7405921	S2-327408449,S2-21112248,S2-270753323,S3-643072248,S3-790283025
S1-241648834	S2-874453643,S2-2387243,S3-644680166,S3-382407014,S3-613736102
S1-136637283	S2-987684800,S3-47349558
S1-716236155	S2-146232931,S2-439742456
S1-689053570	S2-881503304,S2-189533957,S2-210620655,S2-744719467,S3-954326645
S1-566301125	S2-12805246,S2-16687358,S3-413532786,S3-384598933,S3-143569712,S3-652455548
S1-777492394	S3-354963053,S3-81261785
S1-56126636	S2-453190591,S2-367363750,S2-945833871,S2-941408736,S3-753466975,S3-352754280
S1-878226582	S2-269066498,S2-481573984,S2-340037467,S3-345794599,S3-865995322,S3-848869537
S1-965686832	S2-822610894,S3-377099780
S1-588434642	S3-791133638
S1-411134423	
S1-217948375	S2-228583864,S3-373481251,S3-543360714
S1-479195126	S2-269593403,S2-362909288,S2-423717733,S3-548664955,S3-693348417
S1-279577354	S2-528104674,S2-494182742,S3-229700968,S3-269088519
S1-464967598	S2-337261959,S2-725638712
S1-326324693	S2-917146632,S2-830454855
S1-117696659	S2-373585677,S2-728230224,S2-334611375,S3-308315305
S1-26335709	S2-925843418,S3-778466039,S3-415850326
S1-725817678	S3-536780421
S1-594641439	S2-690556755,S2-827452460,S3-447942760,S3-617208370
S1-59655440	S2-712942923,S2-955951843,S3-63637089,S3-574262225,S3-589018834
S1-357392286	S2-253698102,S2-58450243,S3-276008625,S3-76392114
S1-221677903	S2-522661248,S3-597606701,S3-16499518
S1-5757966	S2-541958938,S2-443218039,S2-873924502,S3-565555598,S3-634833157
S1-388464848	S2-890365053,S3-500895815
S1-209559931	S2-645276899,S3-130569174,S3-936363206
S1-402774944	
S1-647527433	S2-438987503,S2-682790608,S2-606697932,S2-263401004,S3-675835789,S3-557901554,S3-825028651
S1-280439649	S2-653445819,S3-17692888
S1-37901761	S2-857364607,S2-17836960,S3-573523747
S1-215535031	S2-124729948,S3-297725703,S3-163772845,S3-124481541
S1-567660796	S2-143872576,S2-523835580,S2-939459833,S2-47634962,S3-150206871
S1-782114126	S2-360552129,S2-970016499,S3-948692628,S3-409573897,S3-955194800,S3-375965208
S1-294548009	S2-312800879,S3-990944199
S1-163210319	S3-36917006,S3-40021543,S3-488518826,S3-783747765
S1-436306720	S3-172034591
S1-689338536	S2-457615597
S1-82032666	S2-297058097,S2-677658178,S2-320011932,S2-614159928,S3-466876172
S1-693983011	S2-496689197,S3-773633152
S1-952291450	S2-72338222,S2-427288722,S3-719228229
S1-290587285	S2-671889227,S3-898253808
S1-513840213	S2-220322477,S2-230395718,S3-922609195,S3-318749409
S1-55428326	S2-155403174,S3-132562817
S1-810105051	S2-864542675,S3-142661360
S1-194933903	S2-734962025,S2-345416034,S2-795761532,S3-965109378
S1-305255556	
S1-828855227	S2-489556443,S3-235954563,S3-736870450,S3-679314293
S1-245750147	S2-330435350,S2-899512534,S3-519002357
S1-346945879	S2-889353961,S2-509220618,S3-870111820,S3-770062970,S3-703976917,S3-448275718
S1-424623638	S2-465115570,S2-675113132,S3-337882113
S1-276569733	S2-132837153,S2-597922911,S3-824726994,S3-31974035
S1-446633357	S2-688916253,S3-718197653
S1-224463326	S2-705493197,S3-21553394
S1-338509030	S2-407619390,S2-103978379,S2-420913811,S2-601757486,S2-903886594,S3-109767056,S3-577998506,S3-474839837
S1-394592364	S2-776720806,S2-655550884,S3-445068713,S3-321796809
S1-936824103	S2-877785122,S3-290633753,S3-349791994
S1-456333720	S2-910705199,S2-163102767,S3-264416623,S3-47384733
S1-265567466	
S1-902964716	S3-166354576,S3-244905316,S3-175655750
S1-810953097	S2-479418146,S2-372502046,S3-493039035
S1-81263342	S2-82519484,S2-48955167,S3-77519044,S3-763741981
S1-731511659	S2-513069615,S2-704352240,S2-288128610,S3-831694730,S3-886579415
S1-933467258	S2-331995914,S3-541924528,S3-519507071
S1-435583602	S2-994531498,S2-432185078,S3-613791689
S1-866268429	S2-70567970,S2-554350613,S2-385937510,S2-512934561,S3-766861520
S1-105382415	S2-195883069,S2-773505400,S2-12263819,S2-652793858,S3-786932271,S3-811564836
S1-585090040	
S1-939304287	S3-291776176,S3-921853172,S3-431660384,S3-962741856
S1-218822032	S2-552764211,S2-927320592,S3-512574939
S1-463286075	S2-48796586
S1-890838084	S2-701712303,S2-564651459,S2-905101278,S3-808845557,S3-215190747
S1-872403353	S2-314152516,S2-987887359,S3-550244157,S3-136852676
S1-636958661	S2-436291483,S2-13770822,S3-789800973
S1-898210022	S2-858090995,S3-259929701
S1-671029933	S2-94734264,S2-281428373,S3-340293638
S1-973743328	S2-227808051,S2-379710088,S2-840548969
S1-365888459	S2-90523764,S3-157312627
S1-230439103	S2-703061606,S2-522518578,S2-324409164,S2-793013583,S3-788070149,S3-227056516
S1-909876540	S2-759371355,S3-54061182,S3-48817020
S1-890642331	S2-505510489,S3-804013067
S1-560415273	S2-895705194,S3-839908489,S3-548553143,S3-678383557,S3-92598855
S1-189510912	S2-843797318,S2-340240608,S3-876097141
S1-691352918	S2-906782520,S3-41799523,S3-966256171,S3-887899200
S1-192875880	S2-40916160,S3-877448156,S3-852458357,S3-659504459
S1-700070808	S2-530506142,S3-680153525
S1-142461304	S2-448127863,S2-557277710,S3-24299388,S3-942713979
S1-505874736	
S1-503746576	S2-431248567,S3-885701661,S3-433095973,S3-741215966,S3-273739595
S1-181222062	S2-374795176,S3-485012350,S3-869567117,S3-945948143
S1-87245004	S2-356105514,S2-20690589,S2-319311884,S3-873631790,S3-952806087
S1-589348805	S2-870848565,S2-396966794,S3-711867601,S3-892506411,S3-786021965
S1-544861734	S2-95942640,S3-588338443,S3-921828864,S3-71570518
S1-233568338	S2-300969449,S2-572759602,S3-56026275,S3-245848026
S1-108041215	S3-983244149
S1-637710022	S2-708273412,S3-59660824
S1-362061622	S2-217316033,S2-815675875,S3-206002649
S1-705014658	S2-780550720,S3-795476068
S1-993002499	S2-49296907
S1-99635223	S2-263509329
S1-217599657	S2-391633027,S3-49566138,S3-69837493
S1-635485479	S2-478614602,S2-638080937,S2-215801315,S2-655283225,S3-198334184,S3-726597428,S3-724198473,S3-420057981
S1-884962502	S2-452855429,S3-943808927,S3-465336884
S1-857679040	S2-391024219,S2-472503120,S3-176593487,S3-764139320,S3-966729989
S1-599163447	S2-865925856,S3-639321524
S1-96406646	
S1-927153551	S2-908665815,S2-264703731,S3-927853435,S3-519081404
S1-500874902	S2-232910356,S3-514250828,S3-878266489
S1-926922227	S2-778856815,S2-598661236,S3-443725799,S3-62376113,S3-962836394
S1-39395600	S2-491688776,S2-332184798,S3-877093657
S1-162646781	S2-522547328,S2-761012017
S1-153120463	S2-854085088,S3-967287256,S3-226416639,S3-519188329
S1-627719671	S2-420623497,S3-771348020,S3-383793526,S3-892888559
S1-162492072	S2-353734240,S2-326382848,S3-49048426,S3-914732726,S3-676985545,S3-268380768
S1-866032149	S2-974610559,S3-172681926
S1-264447942	S2-898650410,S3-701703871,S3-407651442
S1-327570699	S2-852305446,S2-832845723,S3-268030422,S3-709398215
S1-158034056	S2-539849282,S2-249312941,S2-766231793,S2-25759704,S2-309394642,S3-154646755,S3-777436092
S1-457540424	S2-23932056,S3-730465114,S3-628801070,S3-856033276,S3-359486823
S1-368756883	S2-201093084,S3-642567514
S1-686124986	S2-681673265,S3-411814982,S3-540455842,S3-814494235
S1-608501075	S2-578678567,S3-526592425
S1-509883372	S2-742755109,S2-660609664,S2-146016395,S3-745448195
S1-570895638	S2-309202709,S2-839736322,S2-578516850,S3-637951937,S3-426239175,S3-635927118,S3-355043448
S1-386932171	S3-503177225
S1-208308823	S2-420051892,S2-860151801
S1-14613951	S2-984435468,S2-316546842,S3-199272497,S3-404846250
S1-755730315	S2-131704617,S2-528348541,S3-6427842
S1-813325746	S2-129853626,S3-310917079
S1-664741445	S2-33892045,S2-960739780,S2-972538415,S2-324583123,S3-838702493,S3-398454522
S1-135712695	S2-215935017,S2-649781556,S3-952871854
S1-302734429	S2-584110912,S2-389312891,S2-481870556,S3-69518958
S1-133460038	S2-216451946,S2-15618035,S2-345150604,S3-434542543,S3-834850919
S1-617419264	S3-661976448,S3-395318319
S1-396719043	S3-817038940,S3-270808321
S1-668003169	S2-573385303,S2-300839153,S3-288706332
S1-479461344	S2-794946228,S2-61464651,S3-326097086,S3-877252079
S1-473299745	S2-633624560,S2-416520760,S3-331691894,S3-667461519,S3-185788220,S3-606282140
S1-24419637	S2-513337513,S2-132680777,S3-38815858,S3-233859947,S3-978094234
S1-852094601	S2-755144716
S1-937397766	S2-759949632,S2-459643225,S3-170295635,S3-879513974
S1-87693974	S2-787044625
S1-382788389	S2-610708722,S3-700204483,S3-456187411,S3-73415064
S1-376272111	S2-18571722,S2-31802937,S2-326934135,S3-732985561,S3-506582250,S3-226369615,S3-940481463
S1-587379977	S2-416368757,S2-710280774,S3-198497124,S3-742523424,S3-544546706,S3-772127356
S1-858927283	S2-553782577
S1-215082357	S2-813126141,S3-166475913
S1-582056018	S2-53407215,S2-945326666,S2-694474101,S2-300766878,S3-593443869,S3-82299563
S1-506259298	S2-12984963,S3-190925450,S3-532715986,S3-426177436,S3-953109948
S1-723865353	S2-700973257,S2-363746474,S3-820183746,S3-616475723
S1-771413480	S2-668194455,S3-989205164,S3-620156711,S3-227718039
S1-295624140	S2-343307752,S2-115345544,S2-93993334
S1-42829133	S2-538067701,S3-823559007,S3-764494823,S3-980923565
S1-275957318	S2-941043589,S2-956652336,S2-542530385,S3-676873490,S3-227288323
S1-357674445	S2-723360186,S3-292700460
S1-6551594	S2-8108868,S2-836354862,S3-441491648,S3-340461896
S1-707726006	
S1-305642959	S2-319859954,S2-26886420,S2-156934665,S3-867112303
S1-438920882	S2-680445253,S2-630504119,S3-260410397
S1-615600839	S2-565539570,S3-724009322,S3-668081376
S1-59949517	S2-928437423,S2-44555980,S3-164390003,S3-26563099,S3-868595783
S1-798098281	S2-779680836,S3-868637967,S3-158513716
S1-573421582	S2-710054183,S3-988030961,S3-703260206
S1-390598245	S2-802461882,S2-477141436,S3-474739974,S3-593081633
S1-161723105	S2-260998338,S3-809317055,S3-115395524,S3-869042293
S1-650385505	S2-438799619,S2-925708201,S2-329320062,S2-368712413,S3-214713655,S3-840176455
S1-470083089	
S1-626723499	S2-466483775,S3-767897966,S3-63097090,S3-832481933
S1-613693790	S2-735389141,S3-682683003
S1-187869744	S2-642830582,S2-654321008,S3-840497497,S3-628340680,S3-467503605,S3-303486311
S1-174474143	S2-26723754,S2-567653155,S2-825101412,S3-711857414,S3-38596494
S1-631738366	S2-971684815
S1-873798651	S2-36752112,S2-28978933,S2-286813909,S3-786126691,S3-686442925
S1-364771152	
S1-297445147	S3-687272256
S1-727502699	S3-350261904,S3-652592220,S3-849914767
S1-34107274	S2-947545604,S2-326931822,S2-530438364,S3-362193866,S3-442889606
S1-250419246	S2-215855578,S2-36775333,S2-16862946,S3-761992544,S3-827987072,S3-801638832
S1-694318528	S2-284007778,S2-773846294,S3-713694555
S1-524274575	S2-459730835,S2-453766895,S3-952818436
S1-474002776	S2-336686181,S2-66453705,S3-599041887,S3-466680337
S1-647644999	S2-251544603,S3-169207699,S3-201423002,S3-473941619,S3-270720733
S1-926570637	S2-578650356,S2-283144585,S3-979864598
S1-453735974	S2-114970719,S2-406724383,S2-149262133,S3-832534980
S1-93926878	S2-382495217
S1-275267679	
S1-112871587	S2-511322898,S2-573379414,S2-781014178,S3-630389820
S1-201928925	S2-279496538,S3-711353390,S3-546440921,S3-866351948
S1-978461811	S2-603988883,S3-372502254,S3-262457473,S3-814252073,S3-58845696
S1-661135377	S2-22459257,S3-98910151
S1-932660731	S2-754040217,S2-789674867,S3-214251694,S3-714959864,S3-657927447
S1-202025093	S2-595339559,S2-370014934,S3-120772094
S1-250605817	S2-2130150,S2-824593315,S3-228927857
S1-341242576	S3-838344797,S3-319276345
S1-82355933	S2-509098209,S3-685790911,S3-804570965,S3-571968763,S3-848822138
S1-945031493	S2-79496691,S3-302648663,S3-695503264
S1-702516296	
S1-416395854	S2-676874730,S2-124740370,S3-868027203,S3-863541217
S1-365098751	S2-545692410,S3-696986066
S1-250861886	S2-507162262,S2-660567336,S3-639319883
S1-997483440	S2-327200940,S2-975253285,S2-282798383,S3-636341255
S1-934324616	S3-840111596
S1-558884233	S2-676330008,S2-524405074,S2-458191438,S2-27881229,S2-969973494
S1-42612988	S2-846242778,S3-946611427,S3-412473374,S3-969347565,S3-416165751
S1-208921771	S2-383898045,S2-672039342,S3-449091096,S3-577647971
S1-845646798	S2-989383920
S1-823012580	S2-227982134,S3-908525489
S1-267629248	S2-491058708,S2-587040169,S3-151344659
S1-366055613	S2-235305871,S2-263920521,S2-548456126,S2-464569102,S3-411071080,S3-561117035
S1-497160178	S3-41667593,S3-642971311,S3-825116634
S1-225398906	S2-45478656
S1-935476540	S2-641137283,S2-773524886,S3-340246063,S3-668723672,S3-445202781,S3-693101924
S1-590192772	S3-297793553
S1-982877041	S2-511155891,S2-95413698,S2-148920721,S3-612583032,S3-170721399,S3-150318881,S3-190843484
S1-358982764	S2-84353890,S2-560931032,S3-297773426,S3-61100248
S1-718698529	S2-650395114
S1-355989763	S2-801394678,S2-864931432,S3-640712512,S3-870687240
S1-343100005	S2-676806058,S2-63892207,S2-13749632,S3-353433453,S3-844824551
S1-976112588	S2-454071221,S3-719023783,S3-904966483
S1-149421275	S2-130581125,S3-529765507
S1-989653382	S2-722771984,S3-173874322,S3-2646116,S3-954525912
S1-314243750	S2-229604805,S3-450500433
S1-448092468	S2-246989034,S2-310936058,S3-989404863,S3-372132458
S1-468793707	S3-379294335
S1-903970307	S3-880126743,S3-556350681
S1-369004806	S2-698041744,S2-666811806,S2-713656038,S3-252379787
S1-744815527	S2-706230379,S3-449012961
S1-351935062	S2-601050901,S2-946582793,S2-37541075,S3-463473142
S1-123425283	S2-976281259,S2-721398979,S3-449304696,S3-706431826,S3-665334640,S3-226703691
S1-188945725	S2-844369126,S2-806828038,S3-423782163
S1-423871366	S2-783768345,S2-94376824,S3-417096039,S3-304691167,S3-935128276,S3-149364826
S1-982456002	S2-498311782,S2-481064220,S2-556818715,S3-703538182
S1-273491768	S2-558703332,S2-628591428,S3-304577899,S3-78992224,S3-736171277,S3-177227863,S3-93597942
S1-459697755	S2-666736899,S2-818797320,S3-921453240,S3-987185095,S3-346954138
S1-364301353	S3-633684610
S1-593820675	S2-828465758,S2-54288694,S3-358905682
S1-720605532	S2-33532195,S2-613980025,S3-892546772
S1-656891030	S2-327964185,S3-829616691
S1-359741939	S3-236311075,S3-150590172,S3-966660777
S1-731664021	S2-787920024,S3-46941492
S1-257974139	S2-189585272,S2-756378592,S3-396369397
S1-853856715	S2-285701565,S2-440826751,S3-950074435
S1-578992232	S2-986817084,S2-108031477,S3-848285393,S3-244988461
S1-843655075	S2-135592687,S2-361192239,S2-471918643,S2-417096895
S1-808753469	S2-768837901,S2-790104505,S2-657704828,S3-555489118,S3-12825640
S1-649093127	S2-557412248,S2-284939804,S2-288552046,S2-446610454,S3-551416727
S1-638474600	S2-571890790,S3-313876663,S3-137887814
S1-358931688	S2-749004272,S2-729722339,S2-3515695,S2-266702997,S2-606784701,S3-177772708,S3-811688637,S3-251968987,S3-562828599
S1-112361603	S2-96445277,S3-952985482,S3-619168059
S1-22628460	S2-405026547,S3-549956359,S3-31594640
S1-137290795	S2-785298559,S2-292021429,S3-845323367,S3-580728320,S3-69329607
S1-605508331	S2-410395991,S3-759841768,S3-716735894,S3-978230306
S1-201855960	S2-949031693,S2-371439328,S3-583851794
S1-502439415	S2-2047954,S2-37805431,S2-305788443,S2-82578561,S3-666243430,S3-424723640,S3-226572248
S1-752193174	S3-416899872
S1-58356363	S2-465247097,S2-112211702,S2-354721070,S3-727983003,S3-947007148,S3-730583918,S3-188278591
S1-255621252	S2-572669652,S2-939499513,S3-333819497,S3-229739155,S3-564900525
S1-562818854	S2-839298983,S2-885118935,S3-860266835
S1-370088201	S2-31010965,S3-913553873
S1-219698336	S2-566401179,S3-448112660
S1-818900626	S2-752624574,S3-336279572,S3-535243257
S1-160945652	S2-615581205,S3-43046888,S3-26274398
S1-277523796	S2-429054063,S2-727068548,S3-393211667
S1-683413840	S2-543469145,S3-169894231
S1-985591858	S3-845852744
S1-525466236	S3-548340491,S3-416648976
S1-153103961	S2-609245338,S2-205061288,S2-764975691
S1-846250095	S2-272210109
S1-295447697	S3-799211675
S1-222169818	S2-399510162,S2-424061682,S3-232300887,S3-564201719,S3-272892129
S1-669447382	S2-16586221,S3-426851469,S3-937010118
S1-142284538	S2-924301042,S3-261442692,S3-357685403,S3-528896976
S1-324571339	S2-183301138,S2-613762890,S2-695514129,S3-176692948,S3-497034801,S3-627543629
S1-705748914	S2-657332525,S2-354884124,S3-385369666
S1-840966883	S2-634405445,S2-310866373,S3-976032434,S3-565556570,S3-471066585,S3-43784762
S1-884355931	S3-378491024
S1-716732054	S2-105389646,S2-921628630,S3-114399305,S3-216008912
S1-661382742	S2-566087486,S2-209690931,S2-342168297,S2-22818602,S3-556784817,S3-729789342
S1-199762822	S3-469336983,S3-56765724
S1-400162100	S2-795034172,S2-788920303,S3-692385742,S3-901536119,S3-141256389
S1-13916348	S2-822540504,S2-789450816,S3-732055166,S3-106508408
S1-982358595	S2-496893052,S2-930036550,S2-304678820,S3-346158457
S1-673733472	S2-915543045,S2-673970863,S2-823006137,S2-640860103,S3-271526714,S3-673800569,S3-784158407
S1-41271442	S2-732962976,S3-204667618,S3-616212194
S1-469879089	S2-786255910,S2-773978227,S3-450462926,S3-319032246,S3-266870844
S1-783531122	S2-654226684,S2-243222405,S3-740944574
S1-161624466	S2-482780564,S2-792853447,S2-628135378,S3-881871277,S3-756781984,S3-286580571,S3-83701566
S1-442979083	S3-824754990
S1-561375011	
S1-402180587	S2-767660188,S3-234287706,S3-897803919
S1-178379614	S2-463860268,S2-353143287,S3-22189997
S1-735075315	S2-47850316,S2-666239308,S3-814108653
S1-18959301	S2-346981507,S2-555575079,S3-636437623,S3-656027170
S1-851950996	S2-543680128
S1-178120415	S2-859390923,S2-175879243,S2-428972434,S2-455744203,S2-46575047,S3-564442197
S1-479051303	S2-366739573,S3-574344281,S3-650608947
S1-218291031	S2-673759349,S3-660103498,S3-449775326,S3-676830864,S3-688999210
S1-149377191	S2-758092636,S3-240740237,S3-697547618,S3-890560029
S1-731534460	
S1-988514301	S2-542655933,S3-689132081,S3-935312340
S1-169154436	
S1-426760267	S2-221599166,S3-115823000,S3-950533192
S1-927741381	S2-584170972
S1-650174783	S2-506684858,S2-101732961,S3-55663966,S3-720842391
S1-430296458	S2-730603906,S2-771671101,S3-777331707,S3-704858459,S3-461168921,S3-302473152,S3-811940457
S1-265522246	S2-493062492,S3-935661567,S3-97941513,S3-852628836,S3-416794518
S1-746154945	S2-279912529,S3-995986158,S3-545430960,S3-226149877
S1-494495874	S2-649026300,S3-815668539
S1-867663265	S2-361413323,S3-468497582,S3-627503828,S3-443916922
S1-666542095	
S1-575452720	S2-270153995,S3-542491491
S1-853260378	S2-149967965,S3-101275025,S3-948705913,S3-220359717
S1-254800035	S2-636652317,S2-245637368,S3-815758375
S1-991154089	S2-280413134,S2-48303110,S2-633276835,S3-608357224,S3-11721323,S3-565432904
S1-349939634	S3-587451304,S3-298258056,S3-475795054,S3-226357421
S1-152937904	S2-257968760,S2-226893725,S3-314040832
S1-934405600	S2-747619643,S2-372689630,S3-663491835
S1-703567847	S2-644075659,S2-77344742,S2-220963436,S3-551663600,S3-885124015
S1-655260307	S3-23054792,S3-989839047
S1-501728909	S2-859179486,S3-52751246,S3-81545110
S1-235461731	S2-211454519,S2-199218157,S3-158391264,S3-193262369
S1-258363757	S2-87927109,S3-168911184,S3-12168234,S3-853680107,S3-369803656
S1-105461413	S2-185170695,S2-934195598,S3-220917255,S3-806174370,S3-820976827,S3-211038932
S1-896663475	S2-892117903,S3-775483353
S1-705635490	S2-804435071,S3-390141669,S3-213731399
S1-146316622	S2-652736363,S2-98971720,S3-714035660,S3-992821688,S3-862605903,S3-354297246
S1-375676196	S2-356935067,S2-509903212
S1-382222298	S2-219115570,S2-879795429
S1-812519244	S2-359139090,S2-809872738,S2-364073122,S3-465702794,S3-54774018
S1-735330454	S2-43543737,S2-846603463,S3-192975448,S3-534865627
S1-173529696	S2-838577408,S2-698148702,S2-524763537,S3-752333143
S1-857929278	S2-358595641,S3-894385114,S3-369542300,S3-991084931
S1-206798381	S2-188568487,S3-584799453
S1-905138062	S2-652455623,S2-746327185,S2-240032366,S2-187613775,S3-553728881,S3-388915443,S3-310422214
S1-554419279	S2-957212912,S2-986331172,S3-348960275,S3-904578559,S3-52400760
S1-508385494	S2-844149341,S2-73647157,S3-238928717,S3-732074824,S3-8648165,S3-524652721
S1-241567136	S2-971502822,S2-611931888,S2-443968742,S2-291479345,S3-375216964,S3-128321485,S3-226972242
S1-66374912	S2-904053547,S3-561750378,S3-283683956,S3-29024499
S1-807015150	S2-624997728,S2-888671340,S2-426224690,S3-331840879
S1-43266503	S2-426917807,S3-239258091,S3-321345942
S1-77081875	S2-704048699,S2-907012193,S3-166951557,S3-963259557
S1-976749543	S2-41625071,S2-831673144,S3-577283650,S3-493576310
S1-982754519	S2-544897361,S2-372757196,S3-839040439
S1-444768621	S2-864980253,S2-331957721
S1-101907374	S2-734687558,S2-880125933,S2-953635967,S3-918458794,S3-543096973,S3-193443440
S1-356896741	S2-583562566,S3-493284243,S3-9764804
S1-52735967	S2-363895504,S2-73476290,S3-183012424
S1-268662018	S2-994987231,S2-91770908,S3-833203918
S1-415388504	S3-64025312,S3-998172591,S3-344877001
S1-250310005	S2-19239561
S1-337363631	S2-950338120,S2-779665290,S2-177675738,S3-300921552
S1-551980816	S2-644550520,S3-235353553,S3-932587400,S3-881095226,S3-514391758
S1-419658252	S2-991404361,S2-754166678,S3-360085608,S3-582095486,S3-495144904,S3-202237564,S3-809937653
S1-515481150	S3-78409443
S1-753949848	S2-672364281,S2-995963212,S3-639531273
S1-9756172	S2-619784860,S2-990296946,S2-796467562,S3-57028407
S1-9847638	S2-306514811,S3-464589269,S3-487055642,S3-850351957
S1-150441598	S2-622615443,S2-741031019,S3-714023507,S3-467080130,S3-168653668
S1-704639429	S2-352167669,S3-373997009,S3-464809584
S1-159473317	S2-228926164
S1-694442756	S2-521625727,S2-214073117,S3-117246158
S1-856758507	S2-725931737,S2-651070671,S2-423543298,S2-526473004,S3-587227884,S3-422144103,S3-217599068
S1-412517723	S2-563677829,S2-488940411,S3-823542860
S1-932080088	S2-479515852,S2-659710985,S3-663247539
S1-591890918	S2-352693816,S3-532578976,S3-381460040,S3-909832271,S3-874217448
S1-459359298	S2-753268390
S1-218361439	S2-808076463,S3-983711698
S1-756733628	S2-347891413,S2-379572939,S3-957323907,S3-520817958
S1-165539140	S2-831693756,S3-496110988
S1-134907047	S2-618195969,S2-416179062,S3-85999764,S3-864099136,S3-45922871,S3-778989015
S1-789704859	S2-591215266,S2-695243340,S2-624637134,S3-942626911,S3-587945691
S1-172305667	S2-486972324,S3-854814597
S1-497662180	S2-771222080,S2-348099104,S2-429832529,S3-986820881
S1-399630147	S2-445714222,S2-274356224,S3-942215635
S1-172531962	S2-960548065,S2-517950153,S2-116954482,S3-729833410,S3-490376208,S3-844923510
S1-469099566	S2-914035675,S2-939069910,S3-880870724,S3-443574768
S1-742064230	S2-53707208,S3-522337515
S1-874609193	S2-684273934,S2-507524630,S3-948153594,S3-716719095,S3-910996458
S1-650988122	S2-196591029,S3-765826742,S3-820042786,S3-319038664
S1-901827799	
S1-867518096	S2-49130596,S2-382652564,S2-827546904,S2-337508957,S3-905895151
S1-331707535	S2-321871376,S2-250803299,S2-693955820,S3-501330149,S3-937043530
S1-267776618	S2-192774608,S2-532976944,S2-231960542,S3-300370101
S1-350904620	S2-999477943,S2-102051286,S3-686461843,S3-352570821
S1-373697488	S2-159486745,S3-293168502,S3-706764241
S1-265977224	S2-910987136,S2-894808832,S3-113455653,S3-837272833
S1-650266714	S2-684919678,S2-225689557,S2-102580586,S3-788725292,S3-921625947,S3-391250496
S1-915440579	
S1-204576920	S2-561724676,S3-573982369,S3-668797731
S1-482840052	S2-199306029,S3-748175089
S1-208245847	S2-788032506,S3-258216183,S3-615651839
S1-759286404	S2-120999807,S3-192326342,S3-116313906,S3-361287738
S1-945684710	S2-636099490,S2-353864306,S3-468370918,S3-116248380,S3-43409546,S3-185074012
S1-78283291	S2-762614030,S2-611787204,S2-324209356,S3-929874339,S3-600850564,S3-511819488
S1-10957280	S2-564847841,S3-988640506,S3-276755464,S3-584323341
S1-925681011	S2-971138414,S3-780879207,S3-79047505
S1-915741725	S2-102148004,S2-678666757,S2-941011128,S3-179168970,S3-701805636
S1-685520356	S2-840767293,S3-423163856
S1-203981211	S2-80192865,S2-651929344,S3-22091693,S3-784804392
S1-971953228	S2-698909940,S2-75444212,S3-844419872
S1-274399104	S2-431581428,S3-847680867,S3-165644923,S3-682499539
S1-613090061	S2-745756957,S3-623587449,S3-500906832,S3-76462235,S3-267814911,S3-90296824
S1-70293439	S2-716934038,S2-197702677,S2-927730269,S2-315768217,S3-726192321,S3-819072,S3-195450224
S1-974786991	S2-259752294,S3-958728346
S1-620280613	S2-961585088,S2-352835996
S1-94184389	S2-416304822,S2-539090242,S3-440317929,S3-936108319
S1-223621481	S2-575619194,S2-209693958,S2-976905272,S3-349961332,S3-334619172
S1-644068221	S2-668026180,S2-629197159,S3-609169558,S3-854342623,S3-945321176
S1-827797633	S2-494175310,S2-704243128,S2-777384686,S3-339447675,S3-522903024
S1-29780082	S2-974840134,S2-283821185,S3-743405640
S1-592662342	S3-246963479
S1-114218346	S2-947661702,S3-555113374,S3-265971097,S3-536749325,S3-338480656
S1-667655965	
S1-586859605	S2-180808173,S2-698972172,S2-315429039,S3-640462930
S1-878570025	S3-609218717,S3-705951113
S1-630690477	S3-355743725,S3-522088877
S1-965254887	S2-612871449,S2-73501620,S3-798981579,S3-878826746
S1-996069999	S2-713665825,S2-165848685,S2-179986706,S2-656470028,S3-672121429
S1-314625188	S2-405117176
S1-343146429	S2-330004387,S3-761219227
S1-123820928	S2-321904677,S2-398821760,S3-373220182,S3-505089858
S1-48095057	S2-682138263,S3-174786193
S1-42297493	S2-10716951,S2-303608080,S3-39930487,S3-125009921
S1-689974878	S2-680915681,S2-853459665,S2-463918159,S2-600320036,S3-883797360,S3-690999502,S3-824705702,S3-171583866
S1-282790274	S2-230850183,S3-236572635
S1-134103680	S2-625284904,S2-372405268,S3-44260532,S3-357087474,S3-470892428,S3-363651329
S1-721200581	
S1-528112054	S2-411475863,S3-604694513
S1-953488784	S2-100520638,S2-651740387,S3-102892846,S3-554491644,S3-611390936,S3-825110478
S1-13892156	S2-456689631,S3-50167933,S3-810765791
S1-300265467	S2-54742846,S3-132067126,S3-462981051,S3-61051238,S3-814375080
S1-327388116	S2-481042665,S3-314595786
S1-931560751	S2-885038959,S2-647056921,S3-13619045,S3-654886499
S1-153319114	S2-956563740,S2-307540087,S3-366840181
S1-171574772	S2-131183280,S3-102101907
S1-978156098	S2-108252270,S2-504191930,S2-371868789
S1-422634173	S2-595494337,S3-71538190,S3-665503459
S1-876775897	S2-365469355,S2-713775360,S2-770179480,S3-747039675,S3-191891343
S1-54804768	S2-210379848,S2-948948493,S2-535046080,S3-326063709,S3-723153978
S1-308527833	S2-102788531,S3-246245335
S1-466269847	
S1-605808217	S2-816085196,S2-463888150,S3-180864204,S3-724599167
S1-639096709	S2-775543020,S2-802527635,S3-981241293,S3-242950755,S3-207475318
S1-370898913	S2-235198830,S3-884995081,S3-536895255,S3-714338806
S1-307979374	S2-416818110,S2-133831898,S3-814023359
S1-21223125	S2-941056278,S2-272561267,S2-776222313,S3-710610358,S3-792122463
S1-602267237	
S1-127130225	
S1-900393070	S3-258882794
S1-96663907	
S1-821473018	S2-61626555,S2-512912045,S3-769150833
S1-890859507	S2-745308095,S2-281721104,S3-875590856,S3-894260890
S1-151397190	S2-725585048,S3-615987257
S1-783029763	S2-671916693,S2-516022783,S2-814654797,S3-411649729
S1-802772425	S2-551445072,S3-255624378,S3-543600788,S3-647011971,S3-958162307,S3-130498332
S1-525826900	S2-392109166,S2-171284692,S3-39320708
S1-483390209	S2-372902249,S2-978113361,S2-440636745,S2-30695075,S3-639228634
S1-974858609	
S1-729241991	S2-590288990,S3-863149187,S3-214075781
S1-553397408	S2-48115205,S2-108361075,S3-61727457,S3-748646534,S3-515080746,S3-826136174
S1-602486671	S2-374366939,S3-891271699,S3-368160313,S3-710228400,S3-153099637
S1-120912957	S2-658945682,S3-422102796
S1-71302756	S2-408827064,S2-475680837,S3-37893315,S3-962528719,S3-50592234
S1-390923462	S2-113918726,S2-921983385,S2-882181671,S2-852303128,S3-986972560,S3-514754177
S1-189257401	S2-274146807,S2-834935735,S3-474307887
S1-131642214	S2-40044848,S2-180088743,S3-844461459
S1-894409433	S2-10237566,S3-740861266,S3-449797894
S1-44322266	S2-192495446,S3-621987899
S1-233221616	S2-992149559,S2-82108470
S1-43059245	S2-964767043,S2-258899165,S3-854868271,S3-959700046
S1-889710033	
S1-323040307	S2-611420199,S2-839047877,S3-530615555,S3-834889572
S1-395420428	S3-139649871,S3-289347466,S3-54408812
S1-55808084	S2-442888428,S2-411124252,S3-726800982,S3-132425862,S3-908338171
S1-373105181	S2-928726519,S2-124765074
S1-45078448	S2-411662281,S2-552353812,S2-339895608,S2-215809806,S3-189692254,S3-710679260
S1-675154778	S2-687418660,S3-987024863,S3-880238096,S3-584951385,S3-755905341
S1-576766184	S2-647897672,S2-783648620,S3-184085516,S3-581233064,S3-422386266
S1-383707776	S2-951154532,S3-365722261
S1-923196196	S2-946449059,S2-301402307,S2-912011181,S3-445397771,S3-64479795
S1-467159246	S2-648069284,S3-874488447
S1-603906637	S2-505142881,S3-928663989,S3-684591417,S3-404591573,S3-386631409
S1-191607812	S2-46597617,S2-221295058,S2-492080915
S1-754794798	S2-400819178,S2-527375322,S3-384361376,S3-773852165
S1-117268472	S2-79286635,S3-490897629
S1-981692897	S2-769862267,S2-31150714,S3-37715698
S1-992319156	S2-651540805,S2-607598421,S2-202894885,S3-801409756,S3-891289331
S1-63287968	S2-556569644,S2-361881135,S3-158277349
S1-381773442	S2-911469117,S3-22995141,S3-903194065,S3-957123196,S3-512509889
S1-896661706	S2-783922575,S2-752179509,S2-528021466
S1-217813825	S2-328740896,S2-620503894,S3-1868009,S3-621088577
S1-644965507	S2-181563508,S2-949725996,S3-364448541,S3-949133185
S1-466203587	S2-66683266,S2-359465873,S2-907232078,S3-870981438
S1-952568366	S2-328092386
S1-963071424	S2-342899724,S3-170000235,S3-873726917
S1-600634183	S2-716406077,S2-94856192,S2-962401200,S2-354610714,S3-274450543,S3-615785024
S1-410446434	S3-660642684,S3-84632902,S3-637354648,S3-49275160
S1-109211255	
S1-307833685	S2-566604343,S3-364355093,S3-784363146
S1-946765888	S2-272229307,S3-312194060
S1-868896369	S2-778176614,S3-336636389,S3-306034351
S1-229163053	S2-191993252,S3-299586586,S3-83709382
S1-565328471	S2-138058890,S3-456793444,S3-174700229
S1-416907660	S2-727274490,S2-783628788,S3-736350855,S3-691841320,S3-288593301
S1-664487614	S2-79976298,S2-137305187,S3-258132471
S1-782459447	S2-785829925,S2-974825344,S2-404660862,S3-517477314,S3-246422846
S1-74843586	S2-121460745,S3-16274716,S3-704274219
S1-687278712	S2-499872404,S2-85691892,S3-709951361
S1-263918304	S2-709939637
S1-34314430	S2-570456227,S2-751416217,S2-439123558,S2-109145526,S3-182981692
S1-59920313	S2-469989979,S2-960522183,S3-232936074,S3-620505960,S3-188993739
S1-305289239	S2-75972973,S2-211689485,S3-141595682,S3-595198024
S1-74604114	S2-785752417,S3-125959703,S3-687364353,S3-133480539,S3-683476285
S1-577090115	S2-870932555,S2-612970315,S3-87921287
S1-2404040	S2-40748631,S2-174651183,S3-725647984
S1-833810988	S2-552901407,S2-549347617,S3-166291038,S3-694183390,S3-970582604
S1-717016060	S2-524976232,S3-874751494,S3-465966824
S1-636215617	S2-165447814
S1-3780405	S2-305800208,S3-214637039
S1-11632012	S2-258738958,S2-47238737,S2-868958527,S3-276972369
S1-998886273	S2-811682424,S3-543610170,S3-949495113
S1-563036439	S2-598337525,S3-490412039
S1-340481848	S2-444363571,S3-431811068,S3-263232330
S1-139905874	S2-249139411,S2-322686054,S3-308926825
S1-635337612	S2-73471363,S2-45432009,S2-948879086,S2-910407312,S3-134984178
S1-158064181	S2-695272981,S2-140021084,S2-154881792,S2-987525089,S2-366989544,S3-87893825,S3-980436855
S1-343119623	S2-872400609,S2-580728912,S3-898842090,S3-347471341,S3-759962348,S3-803045358,S3-608569397
S1-237382212	S2-881895039
S1-230910498	S2-350263698,S2-398716385,S2-802124753,S3-660087514
S1-999856458	S2-4039522,S2-247662975,S3-19320851,S3-2754914
S1-254390786	S2-400039994,S3-327071451
S1-172866344	S2-424544384,S2-60929984,S2-79931546,S2-212637489,S3-432770817
S1-634928115	S2-355596000,S3-751382905,S3-146413787
S1-737264414	S2-110917260,S2-562855718,S3-932209134
S1-108159519	S2-765147290,S2-241422387,S3-490886835,S3-78127147
S1-890027507	S2-178693677,S3-677638133,S3-625693247,S3-835401124
S1-616065037	S2-943956091,S2-981279732,S2-691826434,S3-252157288
S1-170738021	S2-771964087,S3-523842898
S1-879173654	S2-585400161,S2-130302118,S2-707772156,S2-729392866,S2-793766624,S3-151074543,S3-489092510
S1-198082108	S2-34524167
S1-462193753	S2-883200007,S3-238643935
S1-483758084	S2-217138895,S2-824666442,S3-288757292,S3-489260760,S3-725529500,S3-940156223
S1-209887144	S2-193090374,S3-848935900
S1-336195610	S2-110547778,S2-686703071,S3-525948041,S3-97186515
S1-239053437	S2-947553449,S2-74076836,S3-643122192
S1-418155399	S2-228603031,S2-866399545,S3-969767893
S1-436888628	S2-31724733,S3-403667573,S3-640297116,S3-702284261
S1-766123061	S2-519892924,S2-461570473,S3-277613832,S3-965633464,S3-746968692
S1-565530380	S2-245516183,S3-46412726
S1-33977508	S2-396494242,S3-9178266
S1-938995930	S2-984528020,S2-596724017,S3-672965784
S1-482535598	S2-783916332,S2-750814407,S3-619492183,S3-378528870
S1-648878020	
S1-259320166	S2-612780016,S2-409070035,S2-655691531,S3-38031429,S3-519688672
S1-875279984	S2-311358169,S3-933078021,S3-201171919,S3-814558083
S1-484789505	S2-855448792,S3-286588346
S1-786106501	S2-265059677,S2-860527483
S1-82455020	S2-600305119,S2-458472876,S2-811153511,S3-946693739
S1-304704195	
S1-33201622	S2-925685468,S2-804791975,S2-764428779,S2-678384687,S3-914118522,S3-425057228
S1-639427513	S2-543155884,S3-361999645,S3-724310874
S1-204732829	S3-569981018,S3-467177926
S1-80188244	S2-711892998,S2-342285429,S3-860547929
S1-174858933	S2-667097344,S2-910233905,S3-635300429,S3-756503316
S1-473295643	S2-350695086,S3-455346214,S3-989488562
S1-394836230	S2-312627951,S3-913234949
S1-263800533	S2-253528905,S2-967496896,S3-177558270
S1-657981489	S2-622179574,S3-436502618,S3-687838429
S1-826403162	S2-914745374,S2-790273350,S2-919656954,S2-171070520,S2-811891774,S3-330773417,S3-898366643,S3-913356165
S1-476093643	S2-113530732,S2-658547414,S3-258496826,S3-513769448
S1-832506460	S2-468870877,S3-847180286
S1-913245014	S2-917385662,S2-414402260
S1-976299706	S2-642024645,S3-540050480,S3-526439937
S1-89158431	S3-229348566
S1-151847934	S2-777252311,S2-179948550,S3-612788325,S3-212642420,S3-25041398,S3-426717656,S3-181121504
S1-12678408	S2-392260952,S2-346591903,S3-848879640
S1-342960429	S2-310660494,S2-134255413,S2-853188211,S3-326026314,S3-954265902,S3-855207859
S1-272097669	S3-832689581,S3-794231793,S3-989332414
S1-74046205	S2-751519506,S2-130309220,S3-817925895,S3-468707975
S1-486019397	S2-727297944,S2-861454677,S3-898050744,S3-541655291
S1-945407857	S2-305735638,S3-928450657
S1-31245413	S2-883687681,S2-801598874,S3-593166074
S1-987992642	S2-433067897,S2-939557926,S2-447357054,S3-938288462
S1-451099680	S2-363596173,S3-131495656
S1-663894327	S2-11624931,S2-904166335,S3-532567992,S3-957616298
S1-924025494	S2-967361395,S3-459506603,S3-281373863,S3-676132592,S3-876842225,S3-987542173
S1-366701047	S2-574667945,S2-530763120,S3-454870784
S1-550054445	S2-608474092,S3-257515966
S1-189431059	S2-524536208,S2-653477884,S2-966793176,S3-653383286
S1-169683895	S2-948563657,S2-647357259,S2-377095723,S3-829398803,S3-809492432,S3-34569005
S1-909977750	S2-539248441,S2-588504457,S3-111283636,S3-795305451,S3-440017355
S1-462864045	S2-884719243,S2-811342138,S3-60105505,S3-503458788,S3-53852411
S1-160178850	S2-8354846,S2-800814519,S3-137114198
S1-441672833	S2-28469301,S3-237700979,S3-129037871
S1-494410276	S2-316022327,S3-970149995,S3-89543408
S1-514862198	S2-186139891,S3-74305166,S3-920910294
S1-557697303	S2-12291633,S2-277661353,S2-230286145,S3-540517399
S1-871269573	S2-281735734,S2-844895017,S3-681175540,S3-658959258,S3-836906949
S1-233010106	S2-841907735,S2-832288718,S2-799488610,S2-391520802,S3-548382819
S1-761044321	S2-210770900,S2-194629360,S3-894805720,S3-987089433
S1-580601330	S3-852057949,S3-9014890,S3-957011956
S1-554705673	S2-885546245,S3-340990175
S1-45687554	S2-705043662,S2-645277217,S2-172835954,S3-15517854
S1-217343100	S2-936609307,S3-18908951,S3-782688014,S3-576731692
S1-602937064	S2-531375351,S2-183986023,S2-543398466,S2-814805909,S3-754828793,S3-502452023,S3-729594295
S1-16453894	S2-899088986,S2-834966553,S2-645302162,S3-617392022,S3-544015921
S1-453667061	S2-523176933,S3-202305549
S1-788022197	S2-307688699,S2-264171740,S3-607824577
S1-960787361	S2-487303892,S2-276265007,S3-20174463,S3-109839428,S3-401811250,S3-747466501
S1-825287127	S2-4946126,S2-400003065,S3-195510060
S1-607719434	S2-634918195,S2-497366839,S3-730282289,S3-693345082,S3-507758476,S3-75734009
S1-585317377	S2-872038734,S3-691108016,S3-913155360,S3-737963784
S1-568311753	S3-425199672
S1-691598658	S2-899671945,S3-427132586,S3-145585714
S1-909109745	S2-574582470,S2-401671350,S3-129800985,S3-885248881
S1-934548493	S2-372472974,S3-709479370
S1-610123967	S2-49824687,S2-910247056,S3-322122044,S3-668222056
S1-831504195	S2-3748546,S3-724930552,S3-916924046
S1-156334709	
S1-826080040	S2-514675546,S3-178602204,S3-572701876
S1-852951897	S2-50435904,S2-26653691,S3-816561965,S3-76450034,S3-619716409
S1-142567855	S2-53039142,S3-872304683
S1-378709921	S2-123607485,S3-844242036,S3-632763228
S1-297219270	
S1-49444028	S2-948390955,S2-568972144,S2-110435091,S3-669247221
S1-550780709	S2-405320061,S2-894343642,S2-855243880,S3-936037219
S1-780174326	S2-595416287,S2-700185594,S3-477892800,S3-938674412,S3-475647154
S1-722430125	S2-200947367,S2-895167460,S3-778189781,S3-143465887
S1-600555103	S2-181824234,S3-369811128,S3-139051335,S3-510857116
S1-288571997	S2-840813229,S2-843698262,S3-942561218
S1-987863646	S2-92329775,S2-998557314,S2-345761367,S3-149936443,S3-360412188
S1-768180901	S2-906754612,S3-410797770,S3-468900963
S1-998033268	S2-570250445,S2-35490515,S2-61174682,S3-339002005
S1-356216739	S2-977182417,S2-744564162,S3-935295380,S3-249661249
S1-187216637	S2-793484934,S2-75286166,S2-148897998,S3-344795455
S1-861143990	S2-491405366,S2-913797400,S2-206429334,S3-776490032,S3-257113719
S1-386849691	S2-623348340,S3-799265780
S1-154039963	S3-473380503,S3-143861604
S1-682233613	S2-52348880,S3-196580547
S1-170281424	S2-27716336,S2-657493406
S1-592857022	S2-778269985,S3-187000683,S3-498765077,S3-499610572
S1-28003288	S2-166932847,S2-721512482,S2-414397456,S3-698016066,S3-235023503,S3-306420601,S3-676069349
S1-48760503	S2-720893253,S2-210849487,S3-73793161
S1-854005792	S2-902624188,S3-498826954
S1-878200919	S3-821043967,S3-107136450
S1-893152129	S2-140755577,S3-939285905
S1-760150751	
S1-707284833	S2-412018078
S1-934846256	
S1-700361943	S2-901729882,S2-828023289,S2-208157990,S2-569390259,S3-968974109,S3-609342969
S1-555009087	S2-831569840,S2-875618109,S2-769891393,S3-975179009
S1-860508377	S2-54606732,S3-804261558
S1-13395038	S2-82042661,S2-797605165,S3-172906347
S1-668989303	S2-502291333,S2-831531632,S3-454660866
S1-329466008	S2-927871092,S2-148677338,S3-919821666
S1-733704581	S2-94282874,S2-198800539,S3-960576124,S3-647363158
S1-731100382	
S1-39679754	S3-97927996
S1-516330681	S2-15591567,S2-213087456,S3-589114440,S3-349718350
S1-181974118	S2-415999217,S2-721783333,S3-837456512,S3-339128764
S1-780906928	S2-175951934,S2-836415444,S2-149179332,S3-920231135
S1-617528132	S2-623667406,S2-301064049,S2-136947191,S3-413540080,S3-958243931
S1-887204528	S2-548572473,S2-812386864,S3-761923438,S3-429184825
S1-959569600	S2-200691797,S3-809814878
S1-465541983	S2-141402376,S2-408222610,S3-1563428
S1-265522107	S2-471467711,S2-906868279,S2-741218603,S3-724382838,S3-178984528,S3-741522977,S3-413156282
S1-52447109	S2-381677895,S2-411214514,S3-569433021,S3-966360030,S3-595346341
S1-462440717	S2-15172810,S2-226276806,S2-380910091,S3-396492258,S3-473415916,S3-876207476,S3-332341114
S1-376216981	S2-310283208,S2-515906767,S2-931262383,S3-979013626
S1-980244411	S2-959143086,S2-337621,S2-934794411,S2-183212757,S3-301793270
S1-721174166	S2-766871907,S3-93705327,S3-421380167,S3-769593988
S1-466392069	S2-216267798,S2-606619226,S3-469701020
S1-134708464	S2-90124512,S2-374231714,S3-657539840,S3-703597342
S1-651012921	S2-975801528,S2-63619357,S3-415159550
S1-694697514	S2-964422560,S3-610328444,S3-772160966
S1-747592285	S2-765972783,S3-637127090,S3-971190830
S1-299264998	S2-678980798,S2-998028200,S3-167437210
S1-200114201	S2-112136625,S2-528955590,S2-559774166,S3-91424703
S1-584185082	S2-257365106,S3-23117425,S3-811733679,S3-30655345
S1-253707091	S2-126593774,S3-362730834
S1-646816469	S3-866550257,S3-961945708
S1-440211806	S2-339555627,S2-427818659,S3-273644462,S3-506088125
S1-213237	S2-914346007,S3-817667143,S3-841617077,S3-570750246
S1-85210698	S2-52881688,S3-564565915,S3-747907886,S3-563570345
S1-386097647	S2-864315612,S2-537739771,S2-239486011,S2-806558326,S3-280270213
S1-316141531	S2-732039792,S2-698086258,S3-241090034
S1-332797995	S2-594526583,S3-909312011,S3-164433964,S3-946054831
S1-414132674	S2-327588997,S2-16024165,S2-127186233,S3-152751921,S3-484511465
S1-110515609	S2-167017192,S2-29965156,S2-987721926,S3-868021434,S3-467274461
S1-862053534	S2-300287480,S3-327572939,S3-56465962
S1-733548984	S2-921424510,S3-350297662,S3-604565485,S3-79745479,S3-971474990
S1-580821463	S2-118849223,S3-708789469,S3-298884075
S1-39755876	
S1-218638318	S2-546247827,S2-769968899,S2-109425470,S3-941803655,S3-128780187,S3-51647507
S1-659624527	S2-693354770,S3-482764339
S1-55443088	
S1-559419833	S2-4692011
S1-191165207	S2-780606033,S3-624717056,S3-925676469,S3-552336201,S3-530609649,S3-580397019
S1-430808046	S2-69244157,S3-822670469,S3-432201455,S3-223161179
S1-582569005	S2-108384941,S2-991021676,S3-524917888
S1-769469261	S3-147375653,S3-420864421
S1-251552875	S2-59457691,S2-158904251,S3-255349476,S3-467789764
S1-8475341	
S1-542071162	S2-403638182,S3-659884195,S3-864220908,S3-601483509,S3-237126002
S1-409082359	S2-478501461,S3-630795611,S3-700839926
S1-533708273	S2-327211467,S2-354166872,S3-799739578
S1-288370520	S2-142335937,S2-318441228,S2-334443397,S3-506009141,S3-602999894,S3-454238232
S1-471934425	S2-186073611,S2-956537847,S3-741235710,S3-943896541
S1-788923465	S2-600537555,S2-389284742,S2-64299054,S3-426994925,S3-788071620
S1-494516237	S2-92036513,S2-864165478
S1-743901259	S2-198398037,S2-590077434,S3-679594380,S3-654963032,S3-74330194,S3-919583390
S1-160962647	S2-877312777,S3-839507201,S3-719811626,S3-238242480
S1-630228890	S2-28290136
S1-367188213	S2-180973728,S3-207298807,S3-871967129
S1-789368045	S2-976316986,S3-293562225,S3-639506150,S3-209692020
S1-202671425	S2-507165759,S2-690927293,S3-50072129
S1-883934787	S3-618804432,S3-996233217,S3-415326770
S1-314360413	S2-380639943,S3-481049569
S1-933956001	S2-801031275,S3-268612252
S1-110487299	S2-364417991,S2-29099867,S3-144429661,S3-74337220,S3-598919542
S1-398973268	S2-82753613,S3-762666999,S3-636390180,S3-60459440
S1-454966766	S2-384428820,S2-980398488,S2-122405917,S3-370785976
S1-134544824	S3-607985782,S3-969885183
S1-13014000	S2-802821766,S3-929451302,S3-713743577,S3-662161299,S3-901524812
S1-11736043	S2-528507020,S3-520395515
S1-669927932	
S1-549172475	S2-52666751,S2-54682373,S2-219649752,S3-79552842
S1-461003879	S2-852765996,S3-958868644
S1-108348906	S2-631132392,S3-194385780
S1-32300781	S2-530170737,S3-836677769,S3-900069157
S1-924601282	S2-293510119,S2-856811165,S2-717657453,S3-49772254,S3-973479272
S1-930835643	S2-229634910,S2-984588731
S1-554727382	S2-311962291,S3-309033898,S3-888918085,S3-764307509
S1-501748364	S2-582514946,S2-617111873,S2-317716753,S3-348822749,S3-21417358
S1-143986894	S2-238037364,S2-447426393,S2-172828618,S3-497699661,S3-322199662
S1-939173645	S2-149422908,S2-402988602,S3-962246101,S3-16705803
S1-26485043	S3-404043783,S3-127532154
S1-796414796	S2-239214940,S2-871505721,S3-433234619,S3-794653203,S3-83044190,S3-932831820,S3-291629586
S1-133632117	S2-3997579,S2-572316339,S2-769806525
S1-563560815	S2-257066967,S2-95118448,S3-264448656,S3-807102960
S1-578967473	S2-296820599,S2-584018759,S3-435064884
S1-188431558	S3-124485779
S1-572604590	S2-879638796,S3-338315894
S1-819501877	S2-267970020,S3-802997468,S3-91763100,S3-423523672,S3-874772110
S1-607957343	S2-65616024,S2-712786751,S2-239024603,S3-584660731
S1-291358306	S2-720130007,S2-530869697,S3-299813416,S3-124057652
S1-652127614	S2-168689816,S2-313604189,S2-712597415,S3-831281792,S3-699572179
S1-282473780	S2-288704619,S3-95732283
S1-298043408	S2-224184612,S2-894434510,S3-290495623,S3-30600920
S1-86290342	S2-238102707,S2-338454911,S3-338965247,S3-565065499
S1-394085921	S2-228460453,S2-397149862,S2-732603613,S2-737339095,S3-896551343,S3-313161794,S3-973703098
S1-336401325	S2-783966258,S2-185598240,S2-431730796,S2-14438705,S3-212581853,S3-390773385
S1-643286795	S2-723716879,S3-408301088
S1-995543090	S2-403983194,S2-183967640,S3-335809906,S3-786515786
S1-210681731	S2-733287179,S3-89715603,S3-218576014
S1-715850078	S2-541411666,S2-635551865,S2-14853682,S3-305919525,S3-362197645
S1-621662435	S2-262947139,S3-340741757,S3-422137889
S1-223663490	S2-971701672,S3-1735810,S3-64482972,S3-270096944,S3-248037376
S1-227433699	S3-120387900,S3-961084823,S3-39261385
S1-765327732	S2-400159290,S3-874350227,S3-152984020
S1-36962369	S2-972649561,S3-834943668,S3-149544441
S1-566991925	S3-487242383,S3-206211180,S3-743086021,S3-339290270
S1-47446318	S2-837167973,S2-765626938,S3-106425071,S3-206070217,S3-77769202
S1-212643178	S2-433688176,S3-652326660,S3-714549386,S3-946649059
S1-284445683	S2-236156549,S2-187068451,S3-700411346,S3-759872660,S3-173370303
S1-517160489	S2-293304446,S2-763233175,S2-833535660,S3-396449324
S1-140799080	S2-872818879,S2-220817755,S3-162934915,S3-956590222,S3-864054907
S1-369784247	S2-95424320,S2-116236824,S3-338277268,S3-215135868,S3-67786836
S1-6639425	S3-470530041,S3-929102654
S1-124577908	S2-98647761,S3-544709169,S3-335604635,S3-85970475
S1-396915349	
S1-446336308	S2-296144142,S2-630274926,S3-50657065,S3-799997231,S3-712531291,S3-753495118
S1-800294491	S2-275631039,S3-637064,S3-769763934
S1-733553750	S2-187332385,S3-430233261,S3-824832678,S3-317512189,S3-656956737
S1-158278988	S2-157511496,S2-855102490,S3-998057452
S1-7649459	S2-321415716,S3-172120164
S1-984961030	S2-474237508,S2-370332202,S2-993654337,S3-250439497,S3-634281468
S1-231543226	S2-983115551,S3-457350442,S3-169991921
S1-788892543	S2-423689406,S3-202795442,S3-210092738,S3-283805676
S1-741703901	S2-249795827,S3-371750983,S3-47040016
S1-677843	S2-961332745,S3-981951400,S3-166583352
S1-113971253	S2-333214886,S3-458678472,S3-345941458
S1-896055759	S2-196383514,S3-36129318
S1-222356070	
S1-168571847	S2-917664893,S2-227561418
S1-201875323	S2-586311075,S3-500360735,S3-700224248
S1-205943804	S2-561451533,S3-124690037,S3-210545218
S1-937532792	S2-767479427,S3-970086573
S1-896432603	S2-544564855,S2-835891514,S3-963017722,S3-598713780
S1-567838274	S2-783812315,S2-342357304,S3-289915852,S3-776326505,S3-267065238,S3-508267197
S1-829149920	S2-434597352,S2-579661407,S2-26484422,S3-771704444
S1-819935413	S2-720169818,S3-188422431
S1-556459205	S2-653145579,S3-333506666,S3-205506904,S3-756358274
S1-502227584	
S1-728265782	S2-477190669
S1-223666057	S2-506334028,S3-722815083
S1-551571455	S2-13164712,S3-840264864,S3-787239543,S3-590467295,S3-801470291
S1-21619959	S2-766832324,S2-951697578,S3-839252208
S1-351313544	S2-500644328,S3-837692818,S3-298780391,S3-764530024
S1-867589535	
S1-248254103	S2-665076013,S3-125154490
S1-939469586	S2-104713523,S3-124246576,S3-453930186,S3-6922931
S1-975833330	S2-580872402,S2-976887991,S2-402951242,S3-622613846
S1-184932886	S2-647115857,S3-944892863,S3-4906057,S3-578606129,S3-40455427
S1-466731610	S2-927510100,S2-501913747,S2-661301937,S2-619480607,S3-390850301,S3-869487136
S1-65745277	S2-346396071,S3-263103019,S3-149910678
S1-634826886	S2-525295168,S3-825932695,S3-883428602,S3-6735831,S3-811207577,S3-887054856
S1-568837800	S2-356836731,S2-927173045,S3-699672628
S1-679783190	
S1-721321702	S2-770422520,S2-711878362,S2-662865529,S2-37913076,S3-548073549,S3-788271203
S1-262937609	S2-40952858,S3-501526515,S3-266076546,S3-563834377
S1-264753173	S2-186720200,S2-25853170,S3-861654212,S3-739822688,S3-865998818,S3-647192354
S1-599784567	S2-498052856,S3-791703735
S1-426853354	S2-990243933
S1-2672192	S2-156579465,S2-439319076,S3-163450620,S3-491038087
S1-789680966	S2-118939973,S3-202608252,S3-690592512,S3-419235349
S1-62843451	S2-266211420,S3-585678852
S1-384592568	S2-294584550,S2-350266398,S3-817521105,S3-370880299,S3-141710656,S3-76630584
S1-846902517	S2-309510871,S2-654689370,S2-424722100,S3-788012632
S1-12804286	S2-602773144,S2-407757686,S2-266677168,S3-614775368
S1-857475047	S2-860532980,S3-132627862
S1-218765195	S2-892626779,S2-459129393,S3-746990718,S3-817289127
S1-937721865	S2-961174347,S3-477463490,S3-257439596
S1-473693297	S2-124025005,S2-332566151,S3-477857301
S1-800271308	S2-480668037,S2-708972957,S2-393169314,S3-800981567
S1-178804472	S2-149770002,S2-405579773,S2-200127070,S2-704896814,S3-997466838,S3-834135804
S1-182523510	S2-408303670,S2-659910762,S3-404135081
S1-544248377	S2-217279631,S3-894964518
S1-478482685	S2-87759850,S3-560096461
S1-960214685	S2-570891997,S3-651066120,S3-331167482
S1-37115793	S2-466408371,S3-203199341,S3-958912103,S3-973959615,S3-31087235,S3-162636213
S1-792253106	S2-183498514,S2-384193647,S2-601310076,S3-139671738,S3-895220103,S3-35738655
S1-31658329	S2-28309440,S3-230523761,S3-791234540,S3-615253765
S1-461507615	S2-924935752,S2-589745911,S3-272144517,S3-345169310,S3-978867920
S1-666369967	
S1-739698004	S2-458704569,S2-754428640,S3-572488222
S1-425172940	S2-631133859,S3-99366270
S1-10306097	S2-739857038,S2-471625542,S2-140255719,S3-205197468
S1-788159792	S2-195526188,S3-621489905,S3-599239892
S1-94450540	
S1-870813313	S2-528861103,S2-189038742,S3-431297145,S3-813347881,S3-185807136,S3-929862828,S3-332494660
S1-654895951	S2-49772691,S2-66322548
S1-895888128	S2-535333453,S2-484386116,S3-508253495,S3-811299073
S1-359854477	S2-128938574,S3-532075515,S3-541692322,S3-226385108
S1-35724662	S2-298920549,S2-115068765,S3-308198567,S3-974511045,S3-87232747
S1-33327989	S2-675558830,S2-210004037
S1-414426373	S2-213755348,S2-745295554,S2-135212906,S2-243014945
S1-341579958	S2-491741820,S2-1085590,S2-562961119,S2-865884873,S3-322708182
S1-474272748	S2-300684192,S2-313690547,S2-943633343,S2-920623013,S3-663500180,S3-880366506
S1-660686698	S2-301827582,S3-90250929,S3-162470580
S1-927749930	S2-213972160,S2-814308373,S3-571103966
S1-370285959	S2-942895707,S2-390312954,S3-672208473,S3-587516586
S1-368428512	S2-803906195,S2-483213391,S3-788247208,S3-975797498,S3-676323953,S3-580632889,S3-896830052
S1-394950136	S2-103805144,S2-240178017,S3-438713139,S3-383318420,S3-680056674
S1-183466686	S2-275726494,S2-433870443,S3-662596161
S1-641348397	S3-202713822,S3-907484200
S1-57117653	S2-688699983,S2-337167518,S3-622227816
S1-402070987	S2-230463411,S2-109087379,S2-940836663,S2-681642278,S3-772527081
S1-298037208	S2-239102494,S2-987283122,S3-260091585,S3-977824645
S1-661520608	S2-104567622,S2-751162134,S2-136534859
S1-657346094	S2-355512134,S2-929066810,S3-32804587,S3-612607298,S3-862636567
S1-344051074	S2-780655233,S3-872034585
S1-755545200	S2-81689568,S2-784613144,S2-741552096,S3-611724740,S3-147535546,S3-941348652
S1-378867982	S2-562667209,S2-447284827,S3-381659394,S3-224601854
S1-273121878	S2-203369945,S2-688672382,S3-356906200,S3-995852123
S1-72785829	S2-990021403,S2-368754569,S3-139448645,S3-402046701
S1-339605297	S2-577050240,S2-165925205,S3-887731521
S1-697487937	S2-775106063,S2-405291936,S3-166834372,S3-556346283,S3-237237243,S3-454028641
S1-516062295	S2-191741006,S2-882399948,S2-29577791,S2-52257991,S2-691431460,S3-698977932,S3-674633439,S3-192954215
S1-5975569	S2-325834017,S3-461769740
S1-341268826	S2-488924042,S2-284875487,S3-121890776
S1-4579788	S2-687949957
S1-48025671	S2-548084142,S2-360251577,S3-666538429
S1-44135185	S3-131894706,S3-925255130
S1-794983058	S2-275703522,S2-922048226,S2-63640308,S2-45993134,S2-762479706,S3-486991342
S1-821664703	S2-668152468,S2-306291387,S2-292042696,S3-495214678,S3-411102096
S1-92243434	S2-748334589,S2-110993211,S2-766180537,S3-623855441,S3-445198034
S1-286035816	
S1-613334378	S2-225338330,S2-531100889,S3-566998172
S1-752067527	S2-253144183,S3-31219632
S1-193259749	S2-338991028,S3-455773887,S3-996728252
S1-316376845	S2-129983098,S3-282743850
S1-834364118	S2-665737249,S3-118307035,S3-355941153,S3-650772117
S1-942044551	S2-895564112,S2-912078300,S2-441081178,S2-755503934,S3-927359066
S1-59092786	S2-386379152,S2-860732858,S3-608508079,S3-115263494
S1-739044327	S2-514556697,S2-649423788,S2-708026730,S2-327948556,S2-69387251,S3-820739371
S1-311338292	S2-909210301,S2-455070375,S3-898867916,S3-616536426,S3-109454563,S3-839453026
S1-615965910	S2-2354953,S2-357986788,S3-530924967,S3-902930292,S3-354889944
S1-371913211	S2-15414802,S3-685762506
S1-474638131	S2-926090329,S3-33229609
S1-133626006	S2-521559679,S2-941550734,S3-689415210,S3-431654546,S3-898524071,S3-76265317,S3-648955947
S1-931013738	S2-383218395,S2-760069199,S3-53981229,S3-493979312,S3-226811781
S1-55112743	S2-514418006,S2-952263990,S3-106954317,S3-500781837
S1-710928097	S2-757913106,S3-55864818
S1-447686525	S2-560930138,S2-405551379,S2-664632003,S2-550825020,S3-615862088,S3-337078284,S3-47588276,S3-87818967
S1-681718008	S2-563318305,S3-239780707,S3-343004509,S3-228135715,S3-664164619
S1-428999899	S2-972520279,S2-660476916,S3-41937064
S1-864175440	S2-70706833,S2-605510607,S2-977796365,S3-569611534,S3-663236293
S1-24335262	S2-704221802,S3-15450594,S3-775209904
S1-756970176	S2-36717618,S2-614855405,S3-386517134
S1-796266160	S2-15482885,S3-781247784
S1-945856135	S2-985891635,S2-752673857,S3-625306162
S1-655260983	S2-237777751,S2-262181344,S2-868470648,S3-369323005,S3-59292299
S1-446034011	S2-217331907,S2-496665277,S2-441865728,S3-472906363,S3-945779754,S3-498183743
S1-697923883	S2-38674435,S2-150530736,S3-729665182,S3-404981641,S3-627176595
S1-557679918	S2-871969208,S3-366019854,S3-831641368
S1-14672724	S2-513580831,S2-799128433,S2-573510520,S3-682349558
S1-858204747	S2-921450359,S3-150503872,S3-35140933
S1-970078217	S2-746277427,S3-854440420,S3-596548187
S1-890194015	S2-902622544,S2-958320873,S3-449457627
S1-447405253	S2-13929011,S3-540674343
S1-514837765	S2-728484354,S2-824290947,S3-175259379,S3-207465299,S3-583399285
S1-546947019	S2-469473897,S3-503049449,S3-353166166,S3-474755112,S3-315959017
S1-82959370	S2-287400634,S2-449544719,S3-315750614,S3-104954688,S3-26506309
S1-381386592	S2-189934036,S3-637641888
S1-723888911	S2-322167908,S3-929507979,S3-803343597,S3-622436253,S3-158546374,S3-143811233
S1-410689645	S2-219079089,S2-463550253,S2-606191735,S3-834585237,S3-518095169,S3-245094673
S1-641080576	
S1-115800367	S2-575035252,S3-596495259
S1-488942304	S2-730542569,S3-764040053,S3-769775804
S1-101299229	S2-117866591,S2-954458556,S2-947199780,S3-945216922
S1-924735190	S2-770236378,S2-265575593,S3-724798460,S3-303111807
S1-352472277	S2-43067619,S3-496412866
S1-287589895	S2-847661221,S3-178814787
S1-974144091	S2-35231539,S2-562950938,S2-855345989,S2-366397903,S3-177113654
S1-178782405	S2-560492309,S3-217467325
S1-575439283	S2-137862865,S3-648612036,S3-399090954,S3-4350972,S3-335354982,S3-539971384
S1-826305893	S2-166796571,S2-674284837,S2-654511695,S2-642241447,S2-624166160,S3-61796259
S1-456161683	S2-415119708,S2-236057701,S3-469692384,S3-179940670,S3-42586539
S1-499756304	
S1-48839737	S2-589263428,S2-533334914,S3-808740807,S3-987548463
S1-578308863	S2-483365994,S3-188697579
S1-375417490	S2-721589175,S2-729714911,S2-832157625,S2-951657184,S3-997231810,S3-334179053
S1-790011518	S2-149878811,S2-198869657,S2-209989533,S3-688210105
S1-261523052	S2-209728507,S2-73788734,S3-587883956
S1-137044181	S2-807702260,S2-848041489,S2-965381637,S3-505479518
S1-508774269	S2-318334334
S1-631157478	S2-215169355
S1-207125464	S3-774165667,S3-269889646
S1-984870793	S2-250695494,S2-139934168,S2-425117999,S2-701872495,S3-539786949
S1-198581568	S2-353586423,S2-718064476,S3-708145271,S3-440978232
S1-140540829	
S1-249066042	S2-587633403,S3-861383430
S1-75540286	S2-613093293,S2-998855244,S2-125597835,S3-771680047,S3-32999634
S1-584512013	S2-155555802,S2-178538788,S3-642101599,S3-849977726,S3-559218249
S1-257379735	S2-902448094,S2-64983017,S3-203520604,S3-102844604,S3-368115921,S3-685162231
S1-773869947	S2-417550951,S2-594974549,S2-116008169,S3-823582785
S1-324331350	S2-366892421,S2-161276891,S2-183845385,S3-944767707,S3-39051578,S3-354590819
S1-628930814	S2-597334390,S2-710444895,S3-465681006,S3-928215685
S1-459652917	S2-326424290,S3-199091164,S3-58304537,S3-863074337
S1-753237830	S2-818834707,S2-121433023,S3-482413860,S3-790862632
S1-647051370	S3-634617644,S3-512275444,S3-999636102
S1-26313882	S2-786233269,S2-551777492,S2-145745695,S3-160792376,S3-337102904
S1-511569697	
S1-274956859	S2-97338743,S3-180731041,S3-750911247
S1-547822535	
S1-554652462	S2-540879401,S2-488800632,S2-365095768,S2-323602772,S3-890897845,S3-83407479,S3-38217091
S1-422866878	S2-524893276,S2-42093897,S3-444203200
S1-74550948	S2-72386769,S2-139706976,S3-65906759,S3-370083245
S1-224463203	S2-252009967,S3-111893437,S3-93226894
S1-110684909	S3-450254604,S3-798924111
S1-48359679	S2-312329128,S2-514648905,S2-462322282
S1-523485402	S2-332900925,S2-725666486
S1-621351028	S3-222578614,S3-7711566
S1-502665835	S2-606031021,S3-365332159
S1-19595952	S2-307414650,S2-873448988,S2-211882489,S3-417164999,S3-277972810
S1-564420640	S2-306997111,S2-698537005,S3-302497809
S1-686276059	S2-331295353,S2-725648894,S2-489767527,S3-742909541,S3-529714243,S3-138916681
S1-470987997	S2-505619829,S3-311774447
S1-790327850	S2-123793659,S3-773150619,S3-486513039
S1-304251672	S2-942637070,S3-939630525
S1-825876724	S2-394975775,S3-453052708,S3-665579437
S1-105933778	S2-527933371,S2-491709352,S3-711293102
S1-940895064	S2-400709263,S2-786752443,S2-870034458,S3-634479161
S1-542398008	S2-981316442,S2-534520256,S2-119729679,S2-18673079,S3-615040832,S3-809112492
S1-15828316	S2-696565438,S2-214895244,S3-266033125,S3-335605906,S3-699821864
S1-761302024	S2-495920585,S2-39306900,S3-36415413,S3-756583792,S3-61669149
S1-659877547	S2-487300725,S3-154215349
S1-159815009	
S1-718370323	S2-185272341,S3-841325964,S3-968447263
S1-316776568	S2-431877503
S1-152641370	S2-177471189,S3-2469568,S3-115613661
S1-420671154	S2-161388135,S2-131393640,S2-725813283,S2-260870156,S3-200326769,S3-695040414,S3-265533182,S3-272511214
S1-322480724	S2-337752470,S2-478570433,S2-455497665,S2-890852146,S3-801513777,S3-57783035,S3-317660687
S1-59992509	S2-145153101,S2-778771176,S3-543352300,S3-566493724,S3-371914226
S1-315510329	S2-394241240,S2-389718794,S2-312119649,S3-827516352,S3-828390696,S3-994969240
S1-626142091	S2-520130378,S2-729667341,S2-194642014,S3-575465645,S3-691717847,S3-173946679,S3-339237572
S1-831497038	S2-264674053,S2-465939131,S3-514696568,S3-146620929
S1-449575953	S2-805824978,S3-861136400,S3-855368986,S3-925843151
S1-312654336	S2-87689323,S3-956551979,S3-790811700,S3-905769867,S3-414507252,S3-810513219
S1-32255020	S2-975886180,S2-331456294,S2-94802104,S2-885277698,S3-231953194,S3-69936616
S1-297846692	S2-374823810
S1-982141464	
S1-289918691	S2-872061653,S3-645030301,S3-386518290
S1-225645145	S2-688536237,S2-51243966,S3-860506375,S3-870930759
S1-443230481	S2-440779351,S3-753087405,S3-77716817,S3-949778529
S1-695237782	S2-334251474,S2-390048457,S2-340157838,S2-328736554,S3-780823972,S3-917821688,S3-23205137
S1-815247146	S2-956009875,S3-47415898
S1-265159329	S2-64299082,S3-706959929,S3-933037017
S1-353473627	S2-581893367,S2-935696729,S3-163062578,S3-425376863,S3-460085072,S3-327235140
S1-28033783	S2-725849821,S3-270370614,S3-786001163,S3-104748325
S1-75113113	S2-388917174,S2-677089574,S3-434216624,S3-684985264,S3-403476068
S1-967086139	S2-985323231,S3-113872172,S3-173489655,S3-844357724,S3-697727863
S1-739789149	S2-821831666,S2-888103542,S2-127012308
S1-791470718	S2-893449544,S2-726076638,S2-103871535,S3-679347471,S3-900616547
S1-982385659	S2-1443226,S3-326442629,S3-226279913
S1-94258001	S2-858822478,S3-234412717,S3-906518356
S1-300093597	S2-8604339,S2-373709646,S2-364105002,S3-844617567
S1-804416559	S2-399161713,S2-563349571,S3-371312663
S1-664071673	S2-34001098
S1-593926081	S2-686042999,S2-278677476,S2-809727380
S1-525546229	S2-970949985,S3-178701826
S1-265398956	S2-693054980,S3-337623091
S1-874189191	S2-519163706,S3-122773297,S3-92348697,S3-784451333,S3-573502661
S1-632387982	S2-455810203,S2-188293402,S3-519932398,S3-957133046,S3-929682019,S3-117544948
S1-588951650	S2-274873558,S2-856215986,S3-722734430,S3-99243246,S3-83854473,S3-251344651
S1-411705972	S2-296836156,S3-590256839,S3-126246161,S3-320412982,S3-904844563
S1-541147596	S2-330097060,S2-699554150,S3-999130471,S3-215284907,S3-372737592
S1-791450884	S2-351706840,S3-961253661,S3-858468189
S1-478664839	S2-727000980,S3-501080479,S3-265456335
S1-210789349	S3-948201198
S1-106852310	S2-182674618,S2-809037527,S2-367740564,S3-525874968,S3-848310498,S3-673005771
S1-435719288	S3-860130440
S1-340068237	S2-625191501,S2-911434105,S3-489176539
S1-121886174	S2-884066330,S2-560518038,S3-402310232
S1-190380975	S2-369314090,S3-500449953
S1-650165650	
S1-328987412	S2-627240066,S3-988735004,S3-650535657
S1-848442704	S2-361551328,S2-661063034,S3-252158450,S3-770588702
S1-904008582	S2-832412978,S3-253005236,S3-528510158
S1-649647465	S2-911356902
S1-262229705	
S1-196192668	S2-803863220,S2-830437745,S2-608895547,S2-620825258,S2-71500385,S3-492549760
S1-869399913	S2-379479346,S2-711262390,S3-268859412,S3-601987053
S1-237991833	S2-63552726,S2-232269204,S2-825841087,S3-859915432,S3-919582416,S3-117349700,S3-59603054
S1-851426533	S2-334816089,S2-639784524,S3-475278942
S1-833477459	S2-514940996,S2-423036013,S3-367698735,S3-576586171,S3-328063709
S1-912501527	
S1-607036089	S2-496826080,S3-13393908,S3-340906160,S3-26751361
S1-267213377	S2-758959887,S3-856344308,S3-625654664,S3-224297132
S1-841367131	S2-437011531,S2-338079621,S2-799759538,S3-762023999,S3-924482987
S1-249283642	S2-369854891,S3-418075079,S3-109067899,S3-869547386
S1-784756349	S2-800957746,S2-302152740,S2-560220261
S1-40840197	S2-748835650,S2-594695505,S3-429568714,S3-373213170,S3-683599115
S1-669413016	S2-377530080,S3-707464813,S3-388218795,S3-907677835
S1-161346897	S2-71358928,S3-3580556
S1-485735870	S2-167435717,S3-939851828,S3-84982975,S3-156920592,S3-567405561,S3-922751081
S1-744126231	S2-452623386,S3-500730338,S3-632111331,S3-240362721
S1-744332620	S2-205214549,S2-700544331,S2-498397956,S3-513758488
S1-280807892	S2-967913989,S3-263708958,S3-164561776,S3-676854084
S1-424549069	S2-659572032,S3-652540300
S1-222250441	S2-445017117,S3-795987463
S1-612265707	S2-318031398,S3-64391480
S1-111076486	S2-778927542,S2-520267497,S2-858030204,S3-837374097,S3-88415815,S3-199442321
S1-814355958	S2-307384988,S3-116570863,S3-154210259
S1-819458583	
S1-817206863	S2-293515032,S2-747546794,S2-320525150,S3-373061755,S3-793002886,S3-581752528
S1-354932958	S2-44386303,S3-852938560
S1-854676745	S3-444398717
S1-587778730	S2-286013661,S3-374293483
S1-43150846	S2-685046118,S2-60608233,S2-405175523,S3-573884865
S1-213173529	S2-162426750,S2-342061592,S3-512522840,S3-65296639,S3-586460154
S1-364705356	S2-651120187,S3-651167362
S1-598321448	S2-805279613,S2-92371563,S3-770353986,S3-366798444,S3-928823300,S3-542529495
S1-430113219	S2-18180954,S2-385481284,S3-92450269,S3-470448855
S1-267015934	S2-576028002,S2-810372066,S2-897560110,S2-851156999,S3-701202990,S3-773818726
S1-545856132	S2-990360550,S2-988004600,S3-409458177
S1-829860703	
S1-583975404	S3-986375357,S3-786061804,S3-645236819
S1-852346127	S2-34128690,S2-621996489,S3-809423122,S3-652065242
S1-819080951	S2-643445390,S3-938034507
S1-696489802	S2-328360463,S2-138454710,S3-285764698,S3-595525912,S3-165479293,S3-980257648
S1-619730264	S2-679041853,S2-401792361,S3-416427997,S3-947127770,S3-566836392
S1-865891258	S2-662121821,S2-601480448,S2-327978821,S3-550000746,S3-931752525
S1-969011484	S2-55480389,S3-43988456,S3-506433114,S3-926656937
S1-283429320	S2-638041429,S3-771762582,S3-217770515,S3-194006245
S1-560765206	S2-703321578,S2-852172607,S2-391795956
S1-91211008	S2-190648049,S2-953036928,S2-881164943,S3-543399428,S3-36353568
S1-970009866	S2-718108094,S2-341419759,S2-404476567,S3-380562595,S3-464829035
S1-771832832	S2-27037026,S2-212940716,S3-210169118
S1-994858555	S2-360134957,S2-508703512,S2-938909393,S2-911365827,S3-855879175,S3-104017450,S3-764314269
S1-751497477	S2-779169000,S2-608132690,S3-449876490,S3-250472379
S1-870223808	S2-577065871,S2-653618987,S2-815196400
S1-173798547	S2-254544503,S2-450458568,S3-211451808
S1-242792193	S2-860623910,S2-674743184,S2-411310605,S3-593161698,S3-972661212
S1-40765733	S2-527236836,S2-757728961,S2-302730777,S3-348131025
S1-806545431	S2-56340998,S2-906806170,S3-373080049
S1-424581904	S2-122531593,S3-771188275,S3-704473652
S1-651171055	S2-9236959,S3-823701514,S3-367548170
S1-727092062	S2-830023930,S2-363908890,S3-876049819
S1-401975107	S2-801183760,S2-260940645,S3-294207089
S1-908847191	S2-927960708,S2-369507115,S3-888815059,S3-907350485
S1-606115898	
S1-290687912	S2-660491164,S3-560564504
S1-184969075	S2-490219465,S2-145288129,S2-902852312,S3-39321081
S1-922874922	S2-972921138,S2-867152620,S2-418673183,S3-58976176
S1-732105129	S2-174814759,S2-908596042,S2-588838182,S3-865188957,S3-7328964
S1-631510502	S2-147237313,S3-888721494,S3-982687594,S3-8580060
S1-947100791	S2-182287117,S3-597701972,S3-587452857
S1-322994517	S2-915951031,S3-714818940
S1-128349264	S2-37582433,S2-208175875,S3-88208293,S3-808851961
S1-753823502	S2-756519827,S3-749831094,S3-689480644,S3-930522489,S3-625678247
S1-789870157	S3-785480150,S3-232839704,S3-303239341
S1-785324216	S2-519115627,S2-370620068,S3-558355049,S3-85449317,S3-901274015
S1-336982139	S2-95562594
S1-365170103	S2-926928273,S3-207307704,S3-277509567
S1-819389032	S2-192956374,S2-814266196,S2-964999269,S3-295640987
S1-11754750	S2-325925727,S2-666772699,S3-539639477,S3-218122899
S1-877484708	S2-519878182,S2-218129276,S3-432569931,S3-426060362,S3-119706105
S1-77892244	S2-645112718,S3-481124690
S1-463933606	S2-644223948,S3-466823814
S1-684676197	S2-626600833,S2-406102042,S2-364225847,S3-977123153
S1-128842058	S2-154805653,S3-95542158,S3-526617253,S3-575024171
S1-825052159	S2-63675200,S3-356190107
S1-740100686	S2-265604580,S2-323079488,S3-191697361,S3-913227946,S3-163536747,S3-689809421
S1-356049811	S2-218372534,S3-860720037
S1-306688422	S2-697973802
S1-912849272	S2-523969515,S2-690490886,S3-685735537,S3-99959316,S3-341398196
S1-224628778	S2-486682065,S2-654818410
S1-830112268	S2-7522614,S2-164603794,S2-671644853,S3-569210854,S3-835175042
S1-752273649	
S1-251574164	S2-825074742,S2-739720819,S2-214749490,S3-379180414
S1-637548130	S2-796823106,S2-718026766,S3-204981892
S1-612010088	S2-933684936,S2-206540100,S2-528225255,S3-399695388,S3-796772172
S1-94755402	S2-829584344
S1-614043498	S2-62943153,S2-562931988,S2-761172116,S2-87348657,S3-684993857
S1-678800909	S2-79834454,S2-701610087,S2-177586257,S3-684204610
S1-547539755	
S1-721875998	S2-394634706,S2-802312238,S3-725225809
S1-481112891	S2-466339151,S3-936827541
S1-963819357	S2-509582794,S3-875491965
S1-775986899	S2-267725741,S2-478182450,S2-504389537,S3-381868727
S1-60634917	S2-663361592,S3-132139069
S1-69880228	S2-807791547,S3-626336790
S1-728606416	
S1-876192892	S2-578255468,S2-94575167,S3-21404283,S3-196233518
S1-171969406	S2-467335019,S3-824304073,S3-475250482
S1-375839556	S2-782511623,S2-643348661,S3-582257104,S3-953976465,S3-437786603,S3-229222309
S1-261979050	S2-501253353,S2-108924349,S3-560110484,S3-322403043
S1-497782525	S2-71530442,S2-578954451,S3-776368806,S3-410221995,S3-213456397
S1-139552741	S2-927581846,S3-743467505,S3-263123502
S1-788009714	S2-263090507,S2-911242234,S3-173515188,S3-707287447,S3-655444325
S1-256070520	S2-727022522,S2-536220116,S3-602957193
S1-123386887	S2-254458346,S2-308417005,S3-546840180,S3-209229010
S1-777591218	S2-520493926,S2-368442609,S3-540496286,S3-874723919,S3-568388945,S3-948608809
S1-40352153	
S1-863603078	S2-705716119,S3-481854573
S1-58604607	S2-149023818,S2-198369818,S3-412175990
S1-42816885	S2-796369057,S2-57193993,S3-852628911
S1-48329354	S2-711246417,S2-643940708,S3-732070799
S1-128066518	S2-441259217,S2-469302990,S3-994666990,S3-590813455
S1-389273598	S2-313225710,S2-757262800
S1-847548396	S2-738728699,S2-318745477,S3-726890434,S3-996226730
S1-475582238	S2-37891481,S2-842028273,S3-539826585
S1-805475719	S2-850266208,S2-60404322,S3-525892179,S3-608626375,S3-979235195,S3-980667224
S1-572496880	S2-652464104,S2-993531370,S2-498139337,S3-9231849,S3-556347704,S3-585700117,S3-642366559
S1-66454566	S2-927143301,S2-625334243,S2-150003452,S3-17851792
S1-569433343	
S1-82188149	S2-941985470,S3-615669513
S1-825055046	S2-867752914,S2-223574296,S2-721833255,S2-909739194,S3-9337763
S1-435245361	S2-549754429,S3-605867822
S1-319655484	S2-486675732,S2-313399768,S3-926612637
S1-119666499	
S1-122577997	S2-420683216,S2-476450776,S3-513269243,S3-67380991,S3-89099393
S1-831709702	S2-202740579,S3-535324318,S3-279366792
S1-565180366	S2-652856193,S2-455067468,S2-303172822,S3-179522060,S3-13559128,S3-74125292
S1-749000475	S2-890246335
S1-287293812	S3-948914096
S1-348347167	S2-26698784,S3-670136294
S1-510032717	S2-776047413,S2-691608138,S2-417922515,S3-663430347,S3-144760944,S3-116431003
S1-90723639	S2-78352522
S1-15611896	S2-337986967,S2-139524293,S3-369483997
S1-300240230	S2-250250109,S2-866717865,S3-929849461,S3-465086131
S1-497032589	S2-820674366,S2-737175364
S1-964743952	S2-540106384,S3-989285680,S3-371616864,S3-646690804
S1-269020333	S2-328071862,S2-442267380,S3-203787041
S1-999267868	S2-170509626,S3-776265513,S3-226858947
S1-470662674	S2-107876898,S2-302736482,S2-601493044,S3-234622819,S3-647886309
S1-689719594	S2-436705324,S3-304807343,S3-330846031
S1-609617325	S2-547878308
S1-435340261	S2-401338448
S1-924077445	S2-432337798,S3-937645399
S1-789640255	S3-651775122,S3-446492964
S1-953606600	S2-561575755,S2-346875895,S2-441832835,S2-102025565,S3-818627079,S3-238600169,S3-876905922,S3-539820424
S1-896538191	S2-869499256,S2-417879056,S3-430814759
S1-1620359	S2-796406782,S3-119545915,S3-435898571
S1-897533408	S2-201474975,S3-608110601,S3-980941307,S3-236209285
S1-273077931	S2-5388668,S2-479648591,S3-232825614,S3-279776704,S3-672369097
S1-146312065	S2-397113167,S2-526664301,S3-529469874,S3-490059372
S1-109234212	S2-950808714,S2-798875243,S3-457039857,S3-542243737,S3-925423219
S1-672304951	S2-906218869,S3-702033095
S1-892807172	S3-805150397
S1-265291566	S2-217392138,S2-832542869,S3-814117648,S3-756878345
S1-834136972	S2-802770829,S2-805671898,S3-601007417,S3-866237008
S1-664335430	S2-946100627,S2-450957390,S3-69661236
S1-871159925	S2-335278351,S2-697672529,S2-354543359,S3-974291726,S3-52327824
S1-149205260	S2-174627188,S2-899423149,S3-943802240,S3-465414744
S1-208482563	S2-628554654,S2-140254230,S2-459671082,S3-143692510,S3-116677153,S3-985158528
S1-459232696	S2-720371935,S2-654049666,S2-225462613,S3-463954947
S1-39936153	S2-844075765,S2-576079262,S2-546403742,S2-964271266,S3-92059329
S1-143507106	S2-955271521,S2-83593115,S2-690181350,S2-553818147,S2-723835592,S3-231747164,S3-370731208
S1-677193951	S2-166023297,S2-679494110,S2-796707276,S3-364207428
S1-798647111	S2-952592033,S2-400022970,S3-942819660,S3-90046844,S3-634117834
S1-945859113	S2-180744834,S3-414407984,S3-590676107,S3-943057733
S1-338100426	S2-434836952,S2-13974575,S3-287002057,S3-787376079
S1-87067083	S2-448891926,S2-928916830,S2-319544665,S2-470653329,S3-85253923,S3-507484165
S1-852979216	S3-239289904,S3-178445299
S1-804940741	S2-252585259,S2-970251196,S2-892288797,S3-946975835,S3-358792239,S3-942611074,S3-136043207,S3-888426112
S1-85687231	S2-130808770,S3-971970871
S1-173357698	S2-151014970,S2-640415029,S2-421643618,S2-976848095,S3-886996765,S3-247531855,S3-477603910,S3-684414619
S1-215096838	S2-745379398,S2-399317964,S3-779802651,S3-14002041
S1-449269709	S2-748106325,S2-499668539,S2-389693941,S2-508226585,S3-774362153,S3-72575560,S3-483472555,S3-355392289,S3-141059101
S1-762469632	S2-943149223,S2-552049366,S3-8472828,S3-806070330,S3-120604836
S1-969804967	S2-286929761,S2-975214834,S3-953716582,S3-128601159,S3-438450285,S3-388828379
S1-226708804	
S1-381160670	S2-820513359,S2-309853764,S2-925574771,S3-296908503,S3-607548153
S1-92204967	S2-589135247,S3-311563924,S3-327029372,S3-294439062,S3-816955564
S1-603376374	S2-705483725,S2-866480772,S3-270683107
S1-772266728	S2-148806958,S2-864299851,S2-528762450,S2-85575475,S2-79788732,S3-673521136,S3-295661681,S3-509018873
S1-231748550	S2-116164130,S2-729768920,S3-54007724,S3-584180635,S3-111253975
S1-705867046	S2-920390515,S2-789798499,S2-581684208,S3-768844834,S3-764133731
S1-949456563	S2-637275435,S3-138205291,S3-138335880
S1-258129451	S2-20538714,S2-420360462,S2-91021628,S2-690013427,S3-453042487,S3-941663888,S3-119909150
S1-886074605	
S1-331943637	S2-229397283,S2-503911885,S3-699966937,S3-572960166,S3-209440934
S1-449344032	S2-189256335,S2-985196538,S2-33714736,S2-680505443,S3-425878680
S1-737541268	S2-245301336,S2-407490256,S2-517621602
S1-286243139	S2-628567361,S2-882063273,S2-198364454,S3-38110753,S3-658009992,S3-184732750
S1-958772813	S2-769105350,S2-738452820,S3-705085037
S1-895454290	S2-548893790
S1-265773672	S2-284975068,S2-881697527,S2-504916392,S3-927537233
S1-953922560	S2-309473693,S2-959306923,S3-385804208,S3-429990111
S1-358051843	S2-100314186,S3-853740515,S3-244327066
S1-230355563	S2-429938641,S2-782570134,S3-256563158
S1-800819564	S3-58558511,S3-773256825
S1-534705365	S2-504215204,S2-289523276,S3-307495396,S3-278436003
S1-977333565	S2-632014040,S3-522750703
S1-308953567	S2-26079912,S2-959100998,S3-800487644,S3-768031877
S1-171463705	S3-479817924,S3-977324449
S1-128618975	S2-70256557,S2-567169138,S3-42088338,S3-390576179
S1-706492916	S2-45533783,S2-250389580,S2-429351399,S3-541716830,S3-949532891
S1-939306147	S2-623109030,S2-334845484,S3-372918635,S3-103141995,S3-670042379,S3-627654438
S1-852125280	S2-443034961,S2-992953010,S3-884225938,S3-254247015
S1-479915851	S2-474294615,S3-269876572,S3-548323443
S1-492296419	S2-200702256,S3-222915340,S3-210433789,S3-924403334
S1-618439955	S3-405197946
S1-371842598	S2-409248694,S2-333045860,S2-540137006,S3-961697212,S3-234992128
S1-229102760	S2-673025445,S2-62050471
S1-159791449	S2-55657175,S2-870890579,S3-267430876,S3-467770162
S1-669995289	S2-343043899,S3-605761175
S1-413327864	S3-701762414
S1-782166766	S2-701807211,S2-488974056,S2-736309275,S2-944415940,S3-663380381
S1-714976310	S2-920358140,S2-207925297,S2-730382801,S2-731712409,S3-632206978,S3-751405750
S1-938001078	S2-412663647,S2-567024540,S3-707315,S3-501674188
S1-833407670	S3-158804887,S3-666089302
S1-150822865	S2-794062853,S2-624661507,S3-679150904,S3-908958652
S1-341649605	S2-513955264,S3-730923646
S1-512183503	S2-308752215,S3-373843325
S1-504248550	S2-779033700,S2-218598850,S3-253105465
S1-130962304	S3-252941773,S3-741290316,S3-948936407
S1-141527737	S2-611969495,S3-271234220,S3-147621360,S3-885672397
S1-285486672	
S1-425377704	S2-218950561,S2-804995668,S3-155903534,S3-753050378,S3-47133113
S1-488913365	S2-361689136,S3-710100541,S3-694739882,S3-14716259
S1-503247306	S2-129857612,S2-812541692,S2-252681246,S3-869881215,S3-443340319,S3-497462145,S3-146711146
S1-289994659	S2-283371629,S2-613080703,S3-425146151,S3-634010531
S1-355337118	
S1-607800186	
S1-893202042	S2-975089478,S2-592279832,S3-282336288,S3-770380976,S3-995092009
S1-587759053	S2-38923269,S2-796710613,S2-353714387,S3-239651199,S3-39302485,S3-227591034
S1-992920241	S2-850282382,S3-885476918,S3-105788699,S3-216656017,S3-997303559
S1-291751419	S2-587924906,S2-501917877,S3-478984291,S3-298245367
S1-232118683	S2-381543749,S2-76545577,S2-588550294,S3-600964317,S3-479852449,S3-848370869
S1-407409010	S2-669321621,S2-626029063,S2-722633966,S3-7505794
S1-609449796	S2-534560134,S2-726942226,S2-501677303,S3-342723386
S1-102284989	S2-915908129,S2-404471173,S2-485284862,S2-502275937,S3-625077274,S3-90331975
S1-901678376	S2-974158304,S2-86458195,S2-371647357,S3-327258697
S1-907466080	S2-69929869,S2-933720378,S3-992629603
S1-300736908	
S1-733710079	S2-916789348,S3-913035578
S1-259475037	S2-852925052,S2-312440406,S3-161644975
S1-865574598	S2-83007778,S3-331068268,S3-420411305
S1-276971209	S2-813672403,S2-268727013
S1-402098517	S2-872808467,S3-639071556,S3-312796645,S3-856634084
S1-275983636	
S1-193628427	S2-644351463,S2-505329034
S1-196228662	S2-999420825,S2-827931477,S2-429339311,S3-57836311
S1-920319049	
S1-972075154	S2-20711906,S2-274779607,S3-508777995,S3-897600164
S1-385373702	S2-710029333,S3-823175827,S3-225377710,S3-418080171
S1-612846761	S2-892318536,S2-493216141
S1-97606645	S2-355119084,S2-427633006,S2-278653867,S2-327799980,S3-354116403,S3-347654318
S1-947003887	S2-361199253,S3-259943104
S1-3151201	S2-420776884,S2-348369181,S3-204689257,S3-935351430
S1-475270947	S2-757766362,S2-56492669,S2-648965672,S3-67030824
S1-994164951	S2-844137156,S2-655175794,S3-639773311
S1-762633895	S2-544740497,S3-319598645,S3-553287157,S3-502605834
S1-219393206	S2-974663075,S2-820361294,S2-423432249,S2-924964839,S2-353004905,S3-367402085,S3-36119977,S3-404876506
S1-453768744	S3-430612627
S1-560044199	S2-209396790
S1-30127094	S2-800150750,S2-468129263,S3-947659188,S3-952843019
S1-49200296	S2-464037901,S2-994173320,S3-314474267
S1-881098652	S2-459516987,S2-701857673,S2-507579695,S3-938717393
S1-809358179	S2-307905910,S2-163813756,S3-331840319,S3-122091266
S1-971017901	S2-346602439,S3-518894350
S1-989285103	S2-98504311,S2-936239421,S2-283712631,S3-247756615
S1-270375020	S3-365589540
S1-662788372	S2-415591061,S2-115649735,S3-411360472,S3-470133085
S1-111505589	S2-679479355,S2-753099705,S3-52355746
S1-203215054	S2-5110215,S2-151779924,S3-863702757
S1-994133719	S2-113647368,S3-18769111,S3-959576437
S1-396843592	S3-357174756,S3-22621586
S1-971827862	S2-169097841,S2-528505034,S3-496303170,S3-95538726,S3-714765728
S1-74599357	S2-163639155
S1-934094686	S2-502771658,S2-473529829,S3-547337631,S3-232433174
S1-227837489	S2-216449005,S3-202535290
S1-142365343	S2-196228154,S3-298560668
S1-326386092	S2-334971854,S2-167879334,S3-121469877
S1-272110519	S2-621395283,S3-919852083
S1-417657881	S2-918804268,S3-841244576,S3-383110812
S1-951776651	S2-341500915
S1-777674484	S2-740127355,S3-380908197,S3-425218711,S3-124021474,S3-425916809
S1-459402423	S2-31117214,S3-63778591,S3-355548728
S1-861555234	S2-322439003,S2-818281605,S2-135722113,S3-471839683,S3-225452554,S3-543186996
S1-967099148	S2-550723220,S2-531434026,S2-611431781,S3-235457237
S1-824373227	S2-848669792,S2-928606576,S3-519162314,S3-288323217,S3-436886359
S1-807563213	S2-638923311,S3-544392278,S3-724019287,S3-100197702
S1-995986774	S3-595971755
S1-949718402	S2-502517432
S1-289834001	
S1-638060911	S2-938927087,S2-547516041,S2-563821947,S2-292151365,S3-579235886,S3-167679424,S3-113981076
S1-869786890	S2-614830949,S3-732016338
S1-251618008	S2-234821115,S2-952320461,S2-498452687,S3-760678238,S3-8699120
S1-998741294	S2-977697761,S3-115037939
S1-352622050	S2-250757650,S2-398032124,S3-544224053,S3-773975293,S3-407262692
S1-540525084	S2-507185571,S2-353592494,S2-102671091,S3-225577693
S1-777013835	S2-400916790,S2-177537507,S3-938835814
S1-64435743	S2-860660674,S2-783577778,S3-215095968,S3-149556702,S3-861628781
S1-296812336	S2-140271016,S3-358127660,S3-602786715
S1-256501570	S2-16587962,S2-866120077
S1-697202131	S2-68225263,S2-926950150,S3-848900298
S1-409281335	S2-912669198,S2-204400661,S3-17755036,S3-156800346,S3-548384547,S3-825748960
S1-917319475	S2-52273846
S1-259818624	S2-736480523,S3-143288493
S1-793400474	S2-576426045,S2-730361713,S3-267657019,S3-219756943
S1-135406655	S2-939638202,S2-558796460,S3-452088312,S3-617523934,S3-621821787
S1-23071514	S2-14574888,S2-50505777,S3-4093173,S3-225006588,S3-895602073
S1-211475565	S2-821186632,S3-462877337
S1-915128130	S2-426986495,S2-532368177,S3-779953684,S3-808215105,S3-504179998
S1-44290892	S2-664089480,S2-323988023,S2-484610760,S3-151188490
S1-607954036	
S1-509217395	S2-133053809,S3-552461480
S1-746255377	S2-483665382,S2-303562502,S2-136560043,S2-525219508,S3-422958332,S3-756504909,S3-487880712
S1-408266555	S2-120545260,S2-401271024,S3-706905521,S3-473740751
S1-829395369	S2-174379044,S2-808526225,S2-208610367,S3-464145111
S1-411271438	S2-505018222,S3-837685242,S3-826683731,S3-878872659
S1-911837392	S2-614719393,S2-480141181,S3-641694948
S1-429877505	S3-543389045,S3-26173505
S1-138767033	S2-390638702,S3-453112512
S1-384487125	S2-523857573,S3-956763226,S3-739759679
S1-807558194	S2-597477003,S2-232350448
S1-942433606	
S1-405797604	S2-658158,S2-781562612,S3-699232305,S3-902345246
S1-31526910	S2-715641993,S2-664680070,S3-604560519,S3-828887593
S1-83042816	S2-428027940,S3-726854852
S1-751574396	S2-886791870,S3-351858327
S1-700285333	S2-225555220,S2-73699413,S3-524137654,S3-721726117
S1-279857030	S3-449347574
S1-365519158	S2-404941834,S2-341042948,S2-535501700,S2-262246394,S3-306158853,S3-377888565
S1-179227798	S2-760867732,S3-664583391,S3-922689137
S1-721037162	S2-94637161,S3-18950387
S1-315464135	S2-119777684,S2-537290355,S3-399950593,S3-342706440,S3-478579129,S3-85223375
S1-617841349	S2-892594529,S2-497833505,S3-576016466,S3-374598717,S3-441343378,S3-905359856
S1-494099500	S2-133358749,S3-454331311,S3-300535118,S3-344452100
S1-654997234	
S1-446303734	S2-66541744,S3-243212112,S3-141276805
S1-406650002	S2-228449932,S3-620899826
S1-954829455	S2-699311207,S2-99918119,S2-361523090,S3-981107730,S3-849124618
S1-927764935	S3-439069936,S3-587293684
S1-729321764	S3-683487274,S3-305832937,S3-265767763
S1-502792754	
S1-626333146	S2-985590173,S3-124745679,S3-3178395
S1-145919119	S2-37496001
S1-988082754	S3-415479232,S3-851608941,S3-398007278
S1-582242301	S2-560193368,S2-817293357,S2-88735527,S3-529857636,S3-677850941
S1-621310719	S2-749951845,S2-971325622,S2-211283138,S3-843975742,S3-855721364
S1-240131649	S2-73200100,S3-608381456
S1-245110974	S2-754317275,S3-801054477,S3-280394890,S3-348487815
S1-785681971	S2-563754098,S3-153358375,S3-424311881,S3-19269519,S3-547245425
S1-484465585	S2-786434041,S2-384209086,S3-645711754
S1-382564144	S2-887935592,S2-15642069,S3-815582379,S3-56075648
S1-836520531	S2-910941900,S3-416011085,S3-650045839
S1-545556418	S2-975459752,S3-836441881,S3-88486401,S3-102345136
S1-481464441	S2-820603798,S3-242132531,S3-249240964
S1-158014355	S2-434146940,S2-459964689,S3-734721
S1-640659002	
S1-767287235	S2-632292344,S3-184001952
S1-66482237	S2-153070056,S2-911828701,S3-186097020,S3-735059269
S1-138330900	S2-921272893,S2-95585895,S3-98814519,S3-689865192,S3-257487288
S1-313264980	S2-384899998,S2-568597649,S2-494382054,S2-128916340,S3-596054100
S1-261727220	S2-744363600,S2-865539903,S2-846163171,S2-230442114,S3-538283677,S3-784382556
S1-959247085	S2-711157555,S3-730176438
S1-69278421	S3-943054682,S3-968336195
S1-352565971	S2-661159175,S2-358943602,S3-569405284,S3-400194524,S3-936053647,S3-935632582
S1-521155600	S2-121393988,S2-94359146,S2-309302453,S3-524540345,S3-760726757
S1-837999873	S2-111861471
S1-270294886	S2-608965742,S3-293180302
S1-22199683	S2-641048229,S2-546076369,S2-48351119,S3-322270288,S3-129149289,S3-654960173,S3-229644834
S1-265379341	S2-755554793,S2-704181237,S2-144182148,S3-11976678
S1-893442657	S2-105981380,S2-27787802,S2-248091905,S3-475448212,S3-649006478
S1-40395357	S2-517583533,S3-36020752
S1-472700401	
S1-148362863	S2-938868212,S2-155240683,S3-816396517,S3-737728698,S3-975597943
S1-315123602	S2-646797197,S2-110731975,S2-837255866,S3-876647950,S3-699573927,S3-193283932,S3-166637084
S1-168269502	S2-403791832,S2-540031529,S2-748971596,S3-551847048
S1-750725517	
S1-298006636	S2-415425686
S1-40877192	S2-511099531,S3-952685214,S3-609002869
S1-743497236	S2-241579873,S2-496249179,S3-75832288,S3-996699034,S3-88856548
S1-547446783	S3-798212340
S1-787379140	S2-16037287,S2-568684266,S3-868813728,S3-799673085
S1-187615870	S2-90189482,S2-155111986,S2-768479282,S3-797959650,S3-111117576,S3-235294786
S1-210582860	S2-102210767,S2-600184707
S1-199396530	S3-366002383,S3-867404335,S3-303025613
S1-641859023	S2-925341079,S2-221986940,S3-818257295,S3-310775980
S1-631699878	S2-961874975,S2-762822133,S3-208513748
S1-419493249	S2-871303762,S3-251493344,S3-340861259
S1-286305400	S2-184180243,S2-174565414,S3-988241611
S1-26253871	S2-857663528,S3-234666457,S3-918046526
S1-457624557	S2-247352685,S2-486037082,S2-607781564,S2-242538019,S3-307384127,S3-273566607
S1-68343317	S2-429712204,S2-162937672,S3-433330216
S1-812446747	S2-471937456,S2-154167328,S3-330404664,S3-676434414,S3-304824227
S1-854542035	S2-666106813,S2-566696854,S2-599479464,S2-267308227,S3-456258159
S1-39700857	S2-896045733,S2-480386517,S2-799837315
S1-782737963	S2-402835425,S3-782647055,S3-779838378
S1-257177778	S2-651659262,S2-802578369,S3-352226112,S3-480051830
S1-455652904	S3-225840624
S1-510701177	S2-295148616,S3-744062581,S3-424109895
S1-899190204	S2-739169585,S2-714441933,S2-256421115,S3-759249317,S3-297477129
S1-145572177	S2-892507806,S3-712942872
S1-579380038	S2-780662565,S2-737475235,S2-938882040,S2-368945215,S3-747464284,S3-893255626,S3-984593079
S1-307426803	
S1-640023188	S2-8557849,S2-540987158,S3-955121353,S3-758586836
S1-21054299	S2-768401246,S3-684536221,S3-874981873,S3-89989671,S3-920892193
S1-117642557	S2-430632494,S3-608079206,S3-279671886,S3-984170033,S3-742139256,S3-235863467
S1-591807227	S2-280935279,S3-752507572,S3-502989163,S3-724228142
S1-497674789	S2-362233329,S2-760403671
S1-559932168	S2-129596718,S2-722344551,S2-128804197,S3-343556555
S1-31591651	S2-137833678,S2-741533183,S3-361018611
S1-258314876	S2-727393855,S3-704562952,S3-982796567,S3-39195878
S1-464281764	S3-154745501
S1-585085470	S2-210544585,S3-858007729
S1-832823690	S2-455877460,S2-878657473,S3-859850052
S1-505282641	S2-358970097,S2-830370727,S3-333223661
S1-225940981	S3-721747315,S3-57126925,S3-641009139
S1-163548497	S2-506884882
S1-260988743	S2-72758545,S3-880788560
S1-974556795	S2-838411052,S2-219682954,S3-238976179,S3-305245464
S1-916042288	S2-874922259,S2-180818796,S3-995678007,S3-870093966
S1-814956477	S2-575887613,S2-941313823
S1-600142437	S2-310167214,S2-934259314,S3-95850940
S1-570383107	S2-601994135,S2-678929085,S2-257735657,S3-774112077,S3-534438840,S3-331526778
S1-845057350	S2-569189134,S3-541227130,S3-198588206
S1-389317694	S2-677656516,S2-962729050,S3-450649981
S1-442351975	S2-44345439,S3-325584332,S3-801029273,S3-812203642
S1-743751466	S2-257812987,S3-504085709
S1-872687656	S2-788453463,S2-787621282,S2-745439303,S2-672634741,S3-540295167,S3-959302183
S1-802579938	S2-726678957,S2-868595776,S3-531159597
S1-410980611	S2-776579337,S3-192452008
S1-13624490	S2-482073777
S1-290054876	S2-608408969,S2-407665349,S2-792136491
S1-884121925	S3-3423462
S1-546271973	S2-206409064,S2-384605979,S2-509196830,S2-978106843,S3-912377644
S1-302460296	S2-399818360,S2-894849023,S2-977194833,S3-697521846,S3-296517313
S1-661094793	S3-790507990,S3-129561038,S3-718121504
S1-75527755	S2-378192100,S2-67446435
S1-273623215	S2-901175535,S2-854249492,S3-738469610,S3-263184616
S1-306455194	S2-922116193,S3-859601389
S1-915953161	
S1-765726113	S2-289284023,S3-153398091,S3-978356269
S1-848491062	S2-340767102
S1-51428083	S2-26756651,S3-510335400,S3-9305700
S1-966873042	S2-319546906,S2-576321733,S2-806715261
S1-410876009	S3-256719571
S1-806621074	S2-919911426,S3-510013698
S1-986160697	S2-991422892,S3-13851255,S3-230415390,S3-461722416
S1-330361330	S2-56936552,S3-615296730,S3-819870675,S3-551585429
S1-746474365	S2-415860953,S2-798170260,S3-879713859
S1-371558709	S2-492249664,S2-535354933,S3-506635691,S3-626895011
S1-145901402	S2-752350658,S2-831863934,S3-51572842,S3-496384685
S1-150072387	S2-297457860,S2-157744731,S3-558469261
S1-624997728	S2-758008161,S3-151847916
S1-877872756	S2-237508137,S3-81870533,S3-545059081
S1-178807901	S2-25210855,S2-397548028,S2-69854548,S2-427448962,S3-968893814,S3-386469935
S1-823096487	S2-515749563,S3-284617943,S3-110961905
S1-434830803	S2-885918233,S3-980094969,S3-683864283
S1-89649397	S3-775288313,S3-480167451
S1-277244921	S2-847133619,S2-953692905
S1-972055649	S2-74462006,S3-336415682
S1-999759748	S2-216202526,S2-561145708,S2-242822516,S3-618338116,S3-700720646,S3-357535028
S1-105748781	S2-7985039,S2-906197690,S3-888445101,S3-547796242,S3-501351481,S3-642310911
S1-470714687	S2-678964506,S3-847763780
S1-166875188	S2-376476589,S2-741080112,S2-670465594,S2-359323782,S3-276844548
S1-406922808	S2-726595609,S3-158303024,S3-796057182
S1-396916464	S2-839629233,S2-73296210,S2-531139199,S3-937110155
S1-127330032	S2-180395223,S3-189716483,S3-50591296
S1-999029540	S2-438103898,S2-598963608,S3-171877571,S3-261115445
S1-812866426	S2-390305605,S2-215922884,S3-633402061,S3-723188473,S3-863479038,S3-543295072
S1-367953805	S2-506392938,S2-284185503,S3-220331452
S1-984683343	S2-249874212,S2-402719824,S2-634657817,S3-689462415,S3-520558786
S1-349599438	S2-269856042,S3-344186763,S3-28711093
S1-541146761	S2-105538151,S2-141901135,S3-722648923,S3-962672728,S3-241031482
S1-662136524	S2-82337868,S2-834947314,S2-2079605,S2-503892226
S1-650846733	S2-508462921,S2-398232197,S2-543932402,S3-615785663,S3-362890389
S1-398294210	S2-363066783,S3-896787587,S3-195324165,S3-33045421
S1-152537930	S2-395654395,S2-964341542,S3-400667926,S3-586291668,S3-483387001
S1-240613945	S2-439494594,S2-283489112,S3-656122632
S1-511656684	S2-595698043,S3-15945188,S3-577484162
S1-241266614	S2-61197118,S3-717441084,S3-206729470
S1-644917509	S2-208381982,S3-854430789,S3-766835246,S3-674738556,S3-629833943
S1-691111287	S2-518457297,S2-336683780,S3-708036643
S1-438627953	S2-37933497,S2-502521806,S2-888994788,S2-875383478,S3-850856555,S3-116076274,S3-95316513,S3-195104151,S3-730363616
S1-945987817	S2-837521277,S3-351036971
S1-605176305	S2-968678229,S2-94420315,S2-807305463,S3-536179285,S3-950836923,S3-404990076
S1-119741422	S2-955742201,S2-133241497,S2-421164215,S3-196500788
S1-495774869	S2-912435448,S3-467592117,S3-672834467
S1-485210577	S3-842373116,S3-58832921
S1-781011512	S2-73834377,S3-795044388
S1-955137780	S2-577713609,S2-708500456,S2-236206133,S3-720459351,S3-349124468
S1-390321269	S2-464597972,S3-713148488,S3-921996069,S3-195816328
S1-119131851	S3-948825194
S1-752701032	S3-263871339,S3-430714949
S1-61611310	S3-736043698,S3-821274104,S3-738065620,S3-92843853
S1-322956318	S2-493931581,S3-697443171,S3-764372014,S3-112071896
S1-773452690	S2-341733395,S2-847443189,S3-293141257
S1-120560299	S2-726307481,S2-838031625,S2-44149558,S3-547233893
S1-877815636	S2-987750975,S3-56251856,S3-408820436,S3-528282126
S1-316941609	
S1-743184458	S2-982149806,S2-194086334,S3-997555333
S1-728796014	S2-605472506,S2-70818107,S2-773642621,S2-954392867,S3-779497396
S1-595143011	S2-948631325,S2-737094883,S2-48765871,S2-616076546
S1-807519001	S2-712175166,S2-371909678,S3-201775409
S1-725540710	S2-657902660,S2-671195116,S3-874832190
S1-516378527	S2-111618470,S3-277342438
S1-207247006	S2-697885678,S2-108708849
S1-111633201	S2-753855046,S2-293530907,S3-197665145
S1-717166457	S2-197999974,S2-665204214,S2-969183639,S3-923656130
S1-882468582	S2-194249863,S3-848797068,S3-696602663,S3-418518073
S1-353085926	S2-359216418,S3-890474643,S3-68987547
S1-852104213	S3-623424726
S1-322382083	S3-551686167
S1-946873225	S2-891733838,S2-472942560,S2-955574441,S3-228877970,S3-223875760
S1-184453893	S2-489681269,S3-63430898
S1-938467084	S2-168000186,S2-592940636,S3-773639042,S3-990488152
S1-846251841	S2-543052036,S3-814784114,S3-338696301,S3-140905597,S3-815185519
S1-652626168	S3-73612362,S3-691372595,S3-958373509
S1-370189640	S2-361910049,S3-429250121,S3-927072993,S3-701232696
S1-103532412	S3-413521536
S1-187783999	S2-435726262,S3-279953834
S1-534183534	S2-365596538,S2-986377470,S2-65784020,S2-924247884,S3-574570699,S3-99802369
S1-690614287	S2-658357025,S3-174687840,S3-982427649
S1-945530525	S2-254871516,S2-675063804,S2-813143045,S3-949182485,S3-104044614,S3-725434913
S1-728641280	S2-792922100,S3-666722598
S1-118076269	S2-609855340,S3-697926365,S3-814676596
S1-247558059	S2-24925690,S2-240878599,S2-586389815,S2-840504950,S3-967798573,S3-888777790
S1-492884592	S2-436610335
S1-334090656	S2-879792388,S2-898995222,S2-940037968,S3-135249114
S1-361220028	S2-599833718,S3-901601482,S3-26219153,S3-596444886,S3-46486537
S1-580937913	S2-351732480,S2-102604657,S2-2740239,S3-971646488
S1-126625977	S2-893529047
S1-795471006	S2-867703673,S2-757847017,S2-571992317,S2-983640352
S1-88132769	S2-571729355,S2-406277436,S2-924946979,S3-622926703,S3-809751817,S3-946340387
S1-888453387	S2-105763808,S2-793735220,S2-929881245,S3-447144975,S3-160900526,S3-302311718
S1-337229964	S2-440464097,S3-224512315,S3-634171817,S3-257054126
S1-511735172	
S1-863465540	S2-697288379,S2-82992310,S3-653829294,S3-338038337
S1-708294004	S2-945927381,S3-291443101,S3-818468887
S1-869716648	S2-159605906,S2-841625507,S3-4037393,S3-629698217
S1-159564895	S2-932378985,S3-666942378
S1-173196655	S2-378306674,S3-712457875
S1-879750945	S2-88849249,S3-925078807,S3-47245705
S1-701884991	S2-905669146
S1-683051936	S2-841921953,S2-314266161,S2-562224493,S2-27420706,S3-306439815
S1-913612041	S2-938910649,S3-121212441
S1-775119982	S2-134631695,S3-634473282,S3-548461778
S1-809870004	S2-367835084,S2-766698300,S3-749180755,S3-188065726
S1-286980534	S2-318792583,S2-929866004,S2-815820413,S2-775004463,S2-943186399
S1-489426586	S2-491465937,S3-621165031
S1-419717732	S2-884969205,S2-452807861,S3-449354455
S1-77518517	S2-742272039,S3-651542594,S3-365302796,S3-140401210
S1-846071216	S2-740847052,S2-678913187,S2-356978909,S3-822796624
S1-738413395	S2-758054671,S3-329664819,S3-112174120
S1-389772367	S2-198273323,S2-985773391,S2-576107765,S3-4874290,S3-134113425
S1-629825013	S2-285277468,S3-643532129
S1-59949358	S2-627620380,S2-270080981,S2-812334,S3-47599758,S3-817483535
S1-414200621	S2-609201176,S3-756727614
S1-167150918	S2-499378954,S3-212196875,S3-389780849,S3-759175004
S1-144380885	S2-183376244,S3-236019455
S1-850321662	S2-152122431,S2-9501721,S2-190615570,S3-960341425,S3-218302807
S1-845695137	S2-765186142,S3-720080126
S1-734067678	S2-617599130,S2-699952555,S2-418920336,S3-830206119
S1-877318646	S2-497153539,S3-732205547,S3-337909840
S1-906540679	S2-426864601,S3-592269333,S3-429723184,S3-324058470
S1-349605201	S2-982228550,S3-261546154,S3-459502722,S3-414189569
S1-870919097	S2-814903510,S3-960405023,S3-593242063
S1-198632229	
S1-470201188	S2-441228440,S3-700119568,S3-104446469,S3-273160144
S1-650634914	S2-359387301,S2-692279298,S3-506899606
S1-869476352	S3-68234580,S3-315353317,S3-803747821
S1-807760040	S2-659994464,S2-959732412,S2-724881806
S1-225446276	S2-131080019,S2-718493930,S2-142432627,S3-396778,S3-588338783
S1-298582366	S2-277644071,S2-578266214,S3-710171982,S3-275596666
S1-864971679	S2-290114286,S3-347714597,S3-41067813
S1-470144774	S2-876837777,S3-19005690
S1-574710276	S2-943778446,S3-603510542
S1-885500763	S2-114733638,S2-133640294,S3-129556021
S1-395214771	S2-24542566,S2-127382205,S2-152475357,S3-790999732
S1-41369926	S2-762861040,S2-476381728,S3-211203989,S3-63207842,S3-603441709,S3-858566495
S1-683334226	S2-956194402
S1-411857435	S2-899698685,S3-220460139,S3-944151692
S1-268529297	S2-242477531,S2-428846568,S3-526334555
S1-972355879	S2-221391539,S3-619444381
S1-218190279	S2-544695506,S2-658891322,S2-600983524,S3-939990809,S3-832523252,S3-607863757
S1-863180561	S2-407114710,S3-980460338
S1-610078907	S2-66902672,S3-137209363,S3-842471098
S1-330564207	S2-402104501,S2-415711244,S3-66137833
S1-92363762	
S1-787639206	S2-440603738,S2-454629306,S2-303867469,S3-715456613,S3-452088063,S3-107397401
S1-863299410	S2-978560832,S3-498948017
S1-11334024	S2-441572269,S3-947398475
S1-166621849	S2-52470318,S3-388433691
S1-6652174	S2-89038691,S2-371960989,S3-702680079
S1-814997667	S3-45006266,S3-935562660,S3-829336081
S1-699058713	S2-896564473,S2-327835173,S2-920998867,S3-352879035,S3-281690592,S3-368083175,S3-668942393
S1-604662367	S2-275312641,S2-711223743,S2-304565561,S3-701236767,S3-32467594
S1-727313472	S2-959331858,S2-126993849,S3-453361238
S1-87901921	S2-80508912,S2-422899723,S2-724546806,S3-211354205
S1-390872114	S2-581430224,S3-952329205,S3-38652327
S1-918506494	S2-81011275,S3-547963015,S3-281977449,S3-289161602
S1-435446703	S2-518424191,S2-540438867,S3-406600269,S3-321022399,S3-485456817,S3-674080276
S1-297784460	S3-642883955,S3-433228728,S3-925880290
S1-950578799	S2-404491706,S3-5653464,S3-111818726,S3-157098747
S1-457202876	S2-685994517,S3-871294488
S1-337661103	S2-501521638,S3-189361487
S1-653845379	S2-231604018,S3-641121243,S3-954522864,S3-395023607
S1-914812433	S2-160457976,S3-426984890,S3-579486632
S1-197017251	S2-273726565,S2-653326825,S3-242714532
S1-200786164	S2-305269463,S2-762165352,S2-265571821
S1-175961923	S2-943113331
S1-82122995	S2-939190111,S2-774109752,S3-837434803,S3-99736765
S1-278618203	S2-647708320,S2-128168812,S2-932146781,S3-478044385,S3-152742849
S1-235143899	S2-529709565,S2-936732062,S2-864444300,S2-717149009,S3-944142200
S1-922957975	S2-759524573,S2-307712112,S2-299967866,S2-555396726,S3-934540881
S1-820363741	S2-657244349,S3-331263479,S3-806131597,S3-417395752
S1-60358981	S2-145398182,S2-84593204,S3-218153441
S1-338262546	S2-592323987,S3-149487723,S3-62696901
S1-412079722	S2-725851103,S3-612977182
S1-720361636	S2-874823153
S1-586949228	S2-294458211,S2-849492953,S3-924357243,S3-478725417
S1-647345568	S2-274307965,S2-780863109,S3-270758493,S3-750596297
S1-965563046	S2-941603281,S3-176031853,S3-930773770,S3-611173068
S1-44111564	S2-789911636,S3-947524631,S3-718965174
S1-882476264	S2-627296138,S2-137998761,S3-240268564,S3-494864081
S1-442576549	
S1-753621689	S2-510996310
S1-343351827	S2-848114935,S3-996228257,S3-635091639,S3-592265597
S1-537783486	S2-771441573,S2-388115648,S3-667946366,S3-201620437,S3-695027999
S1-505220095	S2-229511103,S3-346511183,S3-857096694
S1-660980751	S2-933732670,S2-730801105,S2-916361596,S3-25378956,S3-429696523,S3-131667507
S1-306636080	S2-49256232,S3-405073895,S3-448204762
S1-218513387	S3-594976296
S1-195802261	
S1-613623738	S2-827170350,S3-520816738,S3-665914235
S1-549971028	S2-983305136,S3-810094130
S1-169564442	S2-896093554,S2-267060219,S3-809168811
S1-599441714	S2-460842550,S3-48702465,S3-896711975,S3-640442728
S1-476847861	S2-790995930,S3-733590023
S1-547161418	S2-294887446,S3-94038269
S1-175180228	S2-436225407,S3-148931404,S3-906341313
S1-283891360	S2-91845355,S3-767090597,S3-77513883,S3-179075030
S1-743334612	S2-469271733,S2-140542469,S3-260427716,S3-345333170
S1-790468855	S2-372645834,S3-623707504
S1-47020748	S2-293466985,S2-188228852,S2-510133994,S3-709160272,S3-542365063,S3-869920830,S3-29362667,S3-583604435
S1-9647214	S2-290409140,S3-251374439,S3-54829967
S1-272392523	S2-381069674,S2-372400486,S3-520926138,S3-849056846
S1-278288979	S2-486599604,S3-550518728,S3-378529086
S1-851550327	S2-185926825,S3-613561908
S1-833360912	S2-667133137,S2-440239162,S3-997369885,S3-914349417
S1-757232716	S2-198631667,S2-983479807,S2-836635506,S3-789917042
S1-399323707	S2-26919835,S3-385170439
S1-282046911	S2-800936834,S2-265462538,S2-186710217,S2-968005516,S3-677233708,S3-823782669
S1-378129281	S2-800044892,S2-644457,S3-876158553,S3-13107734,S3-602812327,S3-553065170
S1-613306745	S2-52783305,S2-674662223,S3-878454835,S3-850435000
S1-82077093	S2-163116684,S3-398623343,S3-557203931,S3-703405685
S1-159235832	S2-217041037,S2-134083641,S3-22724080,S3-945949569,S3-105076852
S1-273790357	S2-819052645,S2-579045613,S2-302602935,S3-21284536
S1-767885196	
S1-983057103	S3-222648916,S3-974012830,S3-268450430
S1-328771986	S2-476241972,S2-805399649,S3-52203270,S3-188065072
S1-819337712	S2-247432466,S3-314373842,S3-446517714
S1-992870546	
S1-79980354	S2-511329889,S3-904827430,S3-713645821,S3-524944272,S3-986443577
S1-173596656	
S1-188969154	S2-190107734,S3-983062581
S1-820442255	S2-320665158,S2-891691273,S2-835964507,S3-446557417,S3-846438900
S1-856522775	S2-269803983,S2-776365599,S3-37729489,S3-870160908
S1-811273477	S2-364428471,S2-905915665,S2-102812659,S3-474886074
S1-35337917	S2-573404647,S2-779541956,S2-295557776,S3-712062394,S3-775273670
S1-831653298	S2-953860727,S3-120098555
S1-284366594	
S1-511875503	S2-318630175,S3-308867853,S3-406983100,S3-156376960
S1-396508400	S3-329265073,S3-545399736
S1-201750226	S2-260192084,S2-95177909,S3-236315634,S3-62514858
S1-266596108	S2-337780275,S2-349153966,S2-909413607,S2-100401918,S2-217739038,S3-361012524,S3-189914637,S3-677519677,S3-437319838
S1-85085003	S2-416435216,S2-625449677,S2-763082835,S3-211812632,S3-131570906,S3-96281165,S3-626474885
S1-260818788	S2-118994705,S3-177644021
S1-413449309	S2-668404270,S3-135053129,S3-212361645,S3-808864543,S3-647557580
S1-148918737	S2-685699325,S3-749057598,S3-563391078
S1-772434012	S2-415303725,S3-742168350,S3-782708416,S3-748148372
S1-992726896	S2-40057578,S2-19924162,S2-627363261,S2-330780377,S3-115859418
S1-735428031	S2-774208624,S2-492078773,S2-73343925,S2-268514754,S2-737437577,S3-45116923
S1-169304250	S2-869178404,S2-783115647,S2-513081536,S3-125692306,S3-716513351,S3-904061193
S1-602400283	S2-800495745,S2-95814687,S3-772877057,S3-79484885,S3-599093624
S1-794798145	S2-208287586,S3-254733760,S3-765963527,S3-706446698,S3-984819705
S1-52278469	S2-343337465,S2-210769497,S3-309516132,S3-942163857,S3-863369615
S1-490750854	S2-64716346,S2-238119901,S2-598485330,S3-280199217,S3-567614440,S3-454651139,S3-546478812,S3-589213899
S1-674775034	
S1-698880739	S3-120746032,S3-907782515,S3-892346744
S1-768329857	S2-422243343,S2-690285577,S3-272180514,S3-157190100,S3-720901833
S1-660064708	S2-679422693,S2-94142197
S1-823012593	S2-813654074,S3-176778671,S3-100532802
S1-996321444	S2-789669973,S2-758679951,S2-351749609,S3-236186744,S3-907029790,S3-828846759
S1-858268039	S2-837807122,S2-563390384,S2-266401058,S3-114330226,S3-878002025
S1-281145406	S2-15972349,S2-686589084,S3-486187846
S1-776819413	S2-451087069,S3-268899988
S1-377913644	S2-566876876,S2-609441899,S3-95507326,S3-957895590,S3-946580359
S1-395541739	S2-332383821,S3-210401076,S3-851813312
S1-458160247	S2-829501131,S3-24034338,S3-89253456
S1-86316664	S2-90777071,S3-328418098,S3-530672374
S1-476402517	S2-125110392,S2-977227646,S3-657803539
S1-240063224	
S1-155983479	S2-467490910,S3-708936294
S1-129774685	S2-248339169,S2-669610578,S2-75236241,S2-681009892,S2-16113390,S3-106320476
S1-835187292	S2-289182905,S3-540123674,S3-459550853
S1-824241252	S3-902425503,S3-85115960,S3-585324662,S3-741189819
S1-254784985	S2-949993563,S3-70517375
S1-197905061	S2-852034177,S3-376069849,S3-910254913,S3-251194950
S1-41965681	S2-257733511,S2-951470391,S3-658160743
S1-360208985	S2-91749803,S3-537574309
S1-985441822	S2-377071125,S3-302384046
S1-659057384	S3-527087792
S1-275126491	S2-333478564,S2-173530509,S2-511646957,S3-533001274,S3-76213865
S1-355126008	S2-56238360,S2-513461059,S3-647652274
S1-728593884	S2-314033764,S3-561995059,S3-716726707,S3-821979006
S1-708688480	S2-101489326,S2-848721663,S3-279263001
S1-856491556	S2-836020202,S2-231320337,S3-504946880
S1-873772596	S2-535293563,S2-378530612,S2-854033907,S2-687520118,S3-40226147
S1-340022076	S2-651453593
S1-239103283	S2-943240771,S2-128446850,S3-937187155,S3-392822151,S3-647978137,S3-500196333
S1-81344865	S3-701517722
S1-496418963	S3-984554791
S1-493349680	S2-306345258,S2-155776390,S3-395326770,S3-172522066
S1-234476622	S3-449093440,S3-582917952
S1-976288368	S2-596982985,S2-29614351,S2-900217035,S2-88631382,S3-590686550,S3-924708783,S3-105653989
S1-416720577	S2-760244512,S2-542152066,S3-596582435,S3-449474847,S3-36269473
S1-348772006	S2-888943944,S2-750077375,S3-970227379,S3-569859361
S1-345384745	S2-851410672,S3-911023371,S3-845245300,S3-497793330
S1-59028375	S3-486037751
S1-671093270	S2-503522066
S1-778002035	S2-980641147,S3-652044983,S3-404215784
S1-200605614	S2-349032174,S2-49819445,S3-9241869,S3-379563970
S1-844328205	S2-778605607,S2-299782624,S3-722386267,S3-938120981
S1-49830857	S2-550073386,S3-520766785
S1-557057988	S3-426810225,S3-728351197,S3-168702796,S3-602835298
S1-913423057	S2-193136351,S3-145243,S3-872825493
S1-676766644	S2-152560301,S2-501711375
S1-298761738	S3-142093618,S3-334327772,S3-148315245
S1-928758324	S2-310571066,S3-302694573
S1-362210212	S3-759803137,S3-21007121,S3-313103541
S1-352704351	S2-713207123,S3-768078505
S1-523872658	S3-228489785,S3-721612582
S1-245691789	S2-828963287,S2-729856495,S2-357132864,S3-4977239,S3-700256636,S3-644554636,S3-174152768
S1-662767238	S2-625186099,S2-760060745,S2-244602962,S2-690907139,S3-725812422,S3-418335786
S1-611984986	S2-439599362,S3-178474305,S3-765524287,S3-592736875,S3-839853498
S1-329132129	S2-856200550,S2-901969852,S3-733883067,S3-28437674,S3-122041425,S3-667255568
S1-969097898	S2-475234342,S2-423670181,S2-562839483,S2-869191932,S3-435708083
S1-131508384	S2-580269202,S2-932169977,S3-114824433,S3-483714187,S3-408093133
S1-857587793	S2-88449218,S2-397381671,S2-228804623,S3-721489629,S3-820264587
S1-575568396	S2-869401597,S3-830403626,S3-185633271,S3-427656739,S3-381916063
S1-184246654	S2-326479541,S3-294985513
S1-648251603	S2-591459330,S2-638356123,S3-873657187,S3-644688469
S1-326251849	S2-745613608,S2-987909789,S3-206574355,S3-756152447
S1-387060023	S2-968556021,S2-222674743,S3-83140852
S1-98171573	S2-61351984,S2-862428926,S2-240357993,S3-422730822,S3-525089313
S1-480742112	
S1-482293456	S2-647305074,S3-124291424
S1-73066190	S2-945042142,S2-638047665,S2-909376878,S3-428800374,S3-735524608
S1-217266831	S2-595830485,S3-246531537,S3-683383528
S1-725828604	S2-297929313,S2-315168887
S1-491271608	S2-513268690,S3-932221784,S3-807649210,S3-787122570
S1-806532653	S2-1571779,S2-521082616,S2-273344108
S1-451969208	S2-265859078,S3-641053699,S3-868395689,S3-530401169
S1-418560293	S2-284184551,S2-999233601,S2-606529460,S3-262779519,S3-976493463
S1-818814972	S2-376455224,S2-330819886,S2-711302148,S3-331318863
S1-336533394	S2-314979559,S2-72510497,S3-892236343,S3-960342867,S3-370146208
S1-727184421	S2-411057166,S2-821893928,S3-231894798
S1-562939313	S2-540952580,S2-918655502,S3-580511140
S1-450116920	S2-82392642,S3-585349818,S3-99581509
S1-501618877	S2-835374971,S3-100599390,S3-245462342,S3-860495936
S1-564414376	S3-436076259
S1-924906066	S2-56637879,S3-863609017
S1-132217300	S2-563136253,S2-454222601,S2-918512024,S3-232611538,S3-526893298,S3-291017589
S1-223528798	S2-695446096,S2-235355454,S3-183388761,S3-136196387,S3-826851280,S3-450090871
S1-200026248	S2-162942700,S2-634802897,S3-136225202,S3-258324903
S1-923696516	S2-301520873,S2-797387801,S3-155961100,S3-911447683
S1-847805932	S2-254147857,S2-361133581,S3-578844563,S3-333372567
S1-394213463	S3-416152151
S1-351277831	S2-490269269,S2-149002213,S3-804058249
S1-977437814	S2-468844979,S2-143378017,S3-984668013
S1-334681287	S2-275564925,S2-983274784,S2-437004287,S3-700468949
S1-551932334	S2-3488397,S3-646983239,S3-341127353
S1-485737378	S2-194335243,S3-519065257,S3-111532757
S1-247203068	S2-613992586,S2-564328432,S2-554828676,S2-832046818,S3-649189402
S1-544649949	S2-869422827,S2-658665395,S3-447041915,S3-445405813,S3-428094279
S1-179636244	S2-670896939,S3-912366616,S3-333712754
S1-659365145	S3-980452948,S3-940438865,S3-791413945,S3-535358137
S1-596550428	S2-794647708,S3-103505370
S1-486820305	S2-222530214,S2-943157045,S3-981430045,S3-260680570,S3-727510217,S3-898666906
S1-853337273	S2-482416263,S2-876915357,S3-616820620,S3-736475315,S3-25399651,S3-959211005,S3-479901137
S1-285162345	S2-500643786,S2-366659155,S2-802085568
S1-734333237	S2-436346343,S2-812127827,S2-540928138,S2-488012086,S3-39101063
S1-878290366	S2-250369810,S3-176166838
S1-979265032	S2-716638984,S2-616365371,S3-42551042
S1-218727981	S2-771688749,S2-811820096,S3-378916284
S1-907382016	S2-463445931,S2-994994490,S2-692492499,S3-238543072
S1-445823291	S2-944327879,S2-478373121,S2-860672464,S3-42688164,S3-387802815
S1-418388948	S2-938746096,S3-174949550
S1-149970780	S2-275900165,S2-392542797,S3-30508838
S1-362662780	S2-825686477,S2-532694293,S3-950848867,S3-802998571,S3-15534013
S1-628925006	S2-529412156,S2-317479675,S3-970207635
S1-254902421	S2-930402133,S3-533793004,S3-668014626,S3-991211078
S1-289047901	
S1-36417121	S2-883212778,S3-79505616,S3-31581530,S3-297737279
S1-155400014	S2-335011928,S2-189740198,S3-96996156,S3-317143973,S3-633907123
S1-381981968	S2-813395292,S2-217323032,S3-232984587,S3-988086979,S3-984050139
S1-894121865	S2-728364847,S2-547399096,S2-885103775,S3-1343663
S1-920132328	S2-922129607,S2-864617827,S2-709183260,S3-685515100,S3-144529890
S1-423046107	S2-724206754,S2-671400877,S3-722859202
S1-466214337	S3-757013127
S1-824472954	S2-737430966,S3-653166984,S3-847446582,S3-338105883
S1-24082246	S2-603571279,S3-84814692,S3-911611214
S1-425918529	S2-997870728,S2-371691925,S2-758756169,S2-562439955,S3-918644548,S3-698709836
S1-559596870	S2-521192035,S2-128670851,S3-823023444,S3-762195418,S3-246704201,S3-703398677,S3-893701350
S1-141008016	S2-221136683,S2-961049906,S3-464837418,S3-579890631
S1-425504517	
S1-850947843	S2-311467463,S3-330949322,S3-188861113
S1-653827077	S2-180250267,S2-480346022,S3-949738194
S1-189057998	S2-35191408,S2-51678011,S2-797546113,S2-731864353,S3-806151017,S3-828898945
S1-348153771	S3-661853859,S3-82071944,S3-514960655
S1-414774703	S2-979954339,S2-741746032,S3-998990000,S3-126764897
S1-221903850	S2-106096132,S3-752996871,S3-960508227
S1-925218000	S2-851967890,S3-53684302,S3-90303891,S3-694596345
S1-56032641	S2-29475895,S2-361222505,S2-970856636,S3-845327006,S3-953140043,S3-115071590,S3-60984437
S1-965377395	S2-492743805,S2-877522655,S3-901549157,S3-453409080,S3-429365260
S1-89894556	S2-62781921,S2-187522938,S3-224840665
S1-568965852	S2-181967290,S3-637113776
S1-278586674	S2-391982226,S3-748948904
S1-621485882	
S1-101148252	
S1-333740402	S2-540646378,S2-395693238,S2-722554825,S3-412319669
S1-738773455	S2-569984170,S2-153994341,S3-496424071
S1-804600255	S2-831801381,S2-573673165,S3-300555483,S3-447161461,S3-955136299,S3-995244640
S1-111782308	S2-175902203,S3-552869132,S3-311078765,S3-4744221,S3-241306839
S1-876133159	S2-934664071,S3-740042727
S1-913543526	S2-290145771
S1-81116450	S2-726474679,S3-631892446
S1-652859376	S2-950841095
S1-302451168	S2-858146707,S2-124615428,S3-467005584,S3-911137659,S3-672629240,S3-650429275
S1-525314145	S2-25305521,S2-638016586,S2-205735617,S2-482988947,S3-77128999
S1-295649838	S2-135442027,S2-267931133,S2-218314670,S2-175436717,S2-816862252,S3-843916430,S3-828153337,S3-814085244
S1-723458955	S2-186876707,S2-172937507,S3-280480720,S3-479729070
S1-611001453	S3-42650269,S3-639729062,S3-989368966
S1-699246594	S2-451043010,S3-745516637
S1-797966027	S2-728828366,S3-754395889,S3-823211884,S3-395747892
S1-866359185	S2-779518169,S2-762973747,S3-924630652,S3-623344014
S1-315885668	S3-185278505
S1-370602956	S2-384288430,S2-704254153,S3-315446657
S1-320826023	
S1-136517113	S2-617687562,S2-57947476,S3-108194344
S1-302973202	S2-754602791,S3-172085530,S3-858993441,S3-125605421,S3-259433965,S3-822916717
S1-460875079	S2-737225798,S2-42131778,S3-811924446,S3-426432314,S3-990445657
S1-513902264	S2-234330911,S2-850186924,S3-988734579,S3-298225916,S3-496583269
S1-357411056	S2-661470376,S3-901132071,S3-835582617,S3-556933531
S1-849802947	S2-470470615,S2-365656552,S2-130147698,S3-503962506,S3-727872185,S3-902430809
S1-20510845	S2-582064753,S2-830723320,S2-904334756,S2-202342939,S3-817688580,S3-847139683,S3-950084084
S1-862445045	S2-910242785,S2-879019859
S1-722726680	S2-363492085,S2-746057262,S2-419260064
S1-653486974	S3-285392870
S1-34334457	
S1-827141802	S2-647536628,S2-595960367,S2-494989744,S3-135622557
S1-386506327	
S1-3662268	S2-404680203,S2-438571615
S1-365804500	S2-626876186,S2-706334416,S2-604618698,S3-870623959,S3-289418182
S1-20584302	S2-684766087
S1-589476127	S2-952396139,S3-915176255
S1-340393385	S2-385167457,S2-540401441,S3-956129628
S1-680224645	S2-947512528,S2-4217405,S2-145083212,S3-63430434,S3-250014946
S1-554848305	S2-35152856,S2-115855364
S1-942552479	S2-6781044,S2-378373498,S2-994265804,S2-667804154,S3-962739007
S1-522409897	S2-907237230,S3-350726839
S1-295995826	S3-297013866
S1-631706579	S2-554281286,S2-484810919,S3-701248463,S3-877376127
S1-108592453	S2-217860171,S2-857601442,S3-828770919
S1-855978398	S2-720289881,S3-619733362
S1-579848823	S2-108354960,S3-602987686
S1-162450243	S3-622648287,S3-327721812,S3-810714179
S1-47191255	
S1-763121844	S2-395442414,S2-738408323,S3-781659274,S3-458476712
S1-940223165	
S1-190556821	S2-944387120,S2-603528512,S3-24668446
S1-625021902	S2-135411581,S3-891794469,S3-821667717
S1-86802420	S2-544675895,S3-97136296,S3-487053703,S3-517439918
S1-680803670	S2-41215995,S3-396354068
S1-548991077	S2-496436898,S2-996352990
S1-357201965	S2-304601939,S2-723297716,S2-77638932,S2-344736924,S3-69367355,S3-143647013,S3-176257064
S1-984795055	S2-909796038,S2-919405226,S2-166768579,S3-375285461,S3-967265466,S3-433064515
S1-950380992	S2-818855954,S3-664215065,S3-649120375,S3-983730923
S1-418008098	S2-372299913,S3-551403218,S3-435368356
S1-74109985	S2-836688028,S3-624833510
S1-280786474	S2-509182676,S3-102557245,S3-234963070
S1-805360930	S2-905211499,S2-844914767,S3-602336580
S1-340755569	S2-897779215,S2-22891209,S3-440512019
S1-144273305	S2-632954048,S2-763851814,S3-266475017,S3-592067722
S1-41530393	S2-83622996,S2-625891568,S3-319586620,S3-335489617,S3-719539315,S3-669558872
S1-509726135	S2-918166829,S2-799130491,S2-337208014,S3-990016263,S3-880344506
S1-209810232	S2-730239883,S2-884193108,S3-342032949,S3-116075937,S3-811321077
S1-532247232	S2-609836907,S2-70175496,S3-480840162,S3-292716645,S3-607430720
S1-409050842	S2-304434398,S2-656779603,S3-665471371,S3-750531257
S1-434591112	S2-604615178,S2-733976897,S3-157063896
S1-535880164	S2-828396317,S2-981203985,S3-488934376
S1-27026413	S2-137403072,S2-62735087,S2-212185809,S2-232023652,S3-360607198
S1-419587924	S2-955713672,S2-183194780,S2-52503042,S3-130804544,S3-703063032,S3-266340156
S1-626925954	S2-408109185,S2-789276260,S3-785883456
S1-556153910	S2-581085575,S2-494131036
S1-526675139	
S1-334342403	S2-818746695,S2-354979767,S3-555640714,S3-983721464
S1-774302089	S2-615201377,S2-442773518,S2-136539986,S3-126662408
S1-272808439	S2-418932194,S2-174226388,S2-726194078,S3-931617506,S3-146385573
S1-70673038	S2-575001499,S2-993401101,S2-447196126,S3-483421164
S1-404303772	S2-221401192,S3-517773323
S1-757874562	S2-762912250,S2-994759022,S3-748564229,S3-539726347
S1-300952448	S2-487724970,S2-873979639,S3-376128256
S1-97526903	S2-951829175,S2-570224277,S2-710036983,S3-603186607
S1-283380942	S2-904148230,S3-729350874,S3-912280842
S1-41615913	S2-602055592,S3-845059358
S1-219789788	S2-95214300,S3-152191723,S3-735265486
S1-877717479	S2-946994297,S2-683960223,S3-445765253,S3-28273297,S3-532738802
S1-298491552	S2-300046768,S2-739192109,S2-151293603,S3-585769288,S3-402488275
S1-249895473	S2-490319118,S2-649379287,S3-660446980
S1-472053107	S3-865308658,S3-145097653,S3-412603954,S3-475235629,S3-61034171
S1-402189955	S2-264211319,S3-559052854
S1-373655892	S2-860714459,S3-936146481
S1-225863808	
S1-434479644	S2-573721382,S2-329209918,S3-191913609
S1-93022607	S2-874874255,S2-818939594,S3-780381621,S3-68751812
S1-104752376	S2-54846628,S2-511987353,S3-35822690
S1-711423984	S2-345559713,S2-562081595,S3-540403789
S1-720814434	S2-484371769,S2-516184341,S3-916635704,S3-607973465
S1-734287605	S2-653728090,S3-279604565,S3-776309147,S3-832032208
S1-923813216	S3-99458530,S3-984457386
S1-468794732	S3-600384976,S3-798367258,S3-186423856
S1-674656797	S2-94346069,S2-658768442,S2-934227709,S3-328739336
S1-379151477	S2-333078886,S2-366280065,S3-666225867,S3-218192125
S1-521356600	
S1-538919416	S2-140273208,S2-534313629,S3-893893544
S1-784022211	S2-794155333,S3-986265978,S3-242755579
S1-383861532	
S1-901713344	S2-247113559,S3-786646720,S3-159518266,S3-152489177
S1-39858243	S2-470402342,S3-375177380,S3-86255726
S1-180959254	S2-914397925,S2-208424044,S2-393236865,S3-139737179
S1-872502712	S2-693354451,S3-946772727
S1-737099261	S2-751796257
S1-994677565	S2-716070459,S3-619362614,S3-601491454
S1-583008950	S2-215172009,S3-316332277
S1-600113471	S2-35133022,S2-441341425,S3-715890814,S3-819698891,S3-272466536
S1-943742304	S2-61718871,S3-622769024,S3-41842719
S1-345990471	S2-407883867,S2-330129648,S3-723662619,S3-125660221
S1-293815838	S2-970786780,S3-200467940,S3-613360228
S1-938738351	S2-180311220,S2-399996308,S2-304349513,S3-640030180,S3-939976205
S1-594367746	S3-674284473
S1-553321517	S2-917911042,S3-157300940,S3-638433001,S3-749203089,S3-214261308
S1-994157120	S2-891510845,S2-799247540
S1-441028529	S3-566431630,S3-545818332,S3-52526883,S3-36432435
S1-695777678	S2-63112549,S3-319531558
S1-560736154	S2-60536012,S2-880618888,S2-725796173,S3-20346637,S3-640447027
S1-300861902	S2-723984240,S3-644747642
S1-989442008	S2-638875037,S2-634234151,S3-788907757
S1-122203490	S2-647899969,S3-745696606
S1-269833065	S2-278579827,S2-677980414,S3-313028957
S1-836291599	S2-712772725,S3-828926305,S3-565217719,S3-830629590,S3-576384000,S3-944808534,S3-872759432
S1-397776100	S3-353638599,S3-980383562,S3-970974634
S1-934202719	S2-747591187,S2-738348168,S3-27912211
S1-71003130	
S1-122413654	S2-490227605,S3-931657270,S3-524660204,S3-27591878
S1-86809178	S2-651953414,S2-236587045,S2-647569072,S3-279818863
S1-481886607	S3-993249695,S3-752433483,S3-508034713
S1-702967571	S2-278756762,S2-199006425,S2-289177091,S2-425343563,S3-324790192,S3-132282707
S1-734685128	
S1-993254613	S2-561835883,S3-442564866
S1-350341804	S2-992486842,S3-929309548,S3-719648649,S3-680822512
S1-419531494	S2-944050901,S3-250426004,S3-766110188,S3-270488641
S1-409061042	S2-892252916,S3-60416626
S1-229773560	S2-475397086,S3-183873341,S3-394163989,S3-920472726,S3-149422537
S1-373239366	S3-841707517,S3-514567418
S1-755419732	S2-503085532,S2-875908216,S3-845154966,S3-153612928
S1-772217828	S2-882494731,S2-420955322,S3-975673744,S3-474802746,S3-81553766,S3-675623954
S1-829951826	S2-530567600,S2-382758731,S2-718536376,S3-994651308,S3-159969540,S3-162444438,S3-293640385
S1-172237825	S2-312120347,S3-892612153,S3-385095554,S3-966799201
S1-553306791	S2-593884721,S3-883607550,S3-754450642
S1-138641209	S2-318198108,S2-220076348,S2-970424871,S2-680656701,S3-406222567
S1-216129548	
S1-475012144	S2-415082862,S2-334827200,S2-212710190,S2-719124159,S3-943318377
S1-77495102	S2-306094951,S3-924296950,S3-859537012
S1-477247236	S2-202501895,S2-263950404,S3-104057424,S3-265368503
S1-595278588	
S1-696186061	S2-44840282,S2-617691180,S3-527519596
S1-220801555	S2-959364315,S3-878123611,S3-119726733,S3-153953105
S1-210073230	S2-139346413,S2-310275957,S2-747798897,S3-292005440,S3-485969249,S3-127777185
S1-513616165	S2-342590118,S2-226898128,S3-776421003
S1-372805026	S2-47082261,S3-784331084
S1-145323284	S2-701323445,S2-835252732,S2-605911343
S1-282125506	S2-386319657,S3-528771771
S1-117910326	S3-70137568
S1-239286894	S2-805640667,S3-5584070,S3-161046048
S1-57873786	S2-683141055,S3-570898306,S3-701095683
S1-914013708	S2-448403187,S2-684101057,S2-25261406,S2-964701361,S3-990764200,S3-285079614,S3-194356271
S1-310307443	S2-731593400,S3-472339928
S1-798174968	S2-283467068
S1-70682429	S2-246000586
S1-51264715	S2-666855642,S2-143525783,S2-562614972,S3-295099881,S3-372632765,S3-263881002
S1-494720428	S2-555165151,S2-320452294
S1-28623356	S2-496564707,S2-632453014,S3-525134015,S3-858992846
S1-368303882	S2-918973133,S3-920258451,S3-726250287
S1-429152840	S2-153175534,S3-163662094,S3-50356605
S1-516855172	S2-176577820,S2-739202644,S3-603778918,S3-182290330,S3-980675549,S3-719554510
S1-78258393	S2-528836563,S3-526195128,S3-520105712,S3-799062810
S1-295518149	S2-741640067,S2-456961042,S3-388420134
S1-952328752	S2-880833873,S2-524338114,S3-748037919,S3-806201802,S3-136691359,S3-217751196
S1-919539888	S2-838111686
S1-959258346	S2-92167420,S2-288983788,S3-115408476,S3-662104464
S1-616546131	S2-412393098,S2-761271198,S2-48634651,S3-596077988
S1-71460098	S2-323892467,S2-231040477,S2-677970376,S3-408538428,S3-597965340
S1-749457204	S2-662761547,S2-203125096,S3-541403798,S3-764594854,S3-176627933
S1-965540310	S2-435059985,S2-725187196,S3-892057035,S3-69803850,S3-311977494,S3-11225981,S3-84530749
S1-214338267	S2-956865694,S3-111456748
S1-527818886	
S1-983827316	S2-309763080,S2-124111441,S3-493151451,S3-61853068,S3-585377550,S3-275415006
S1-993246645	S2-616988864,S2-352543647,S3-254450721,S3-825642040
S1-808089842	S2-557119697,S2-646167069,S3-312975710
S1-305844430	S2-369771608,S2-882580792,S2-302988244,S2-169564533,S3-854558665,S3-300092194
S1-4581223	S2-824513914,S2-720741180,S3-31696860,S3-672899484,S3-986417750
S1-669680609	S2-161536063,S2-365410590,S2-735817611,S3-468255768,S3-483686042
S1-9907099	S2-598058784,S2-369862293,S3-878454044
S1-782710532	S2-345484232,S2-896028695,S3-188951429,S3-144303906
S1-256804941	S2-883985595,S2-261669821,S2-46668825,S3-977583146,S3-720013705,S3-4391691
S1-963546593	S2-615628773,S2-252260188,S2-905746847,S3-700159287,S3-143179305,S3-257841835,S3-485406533
S1-444652667	
S1-106923098	S2-341259721,S3-45113987,S3-374218102,S3-568905840
S1-913458698	S2-476331100,S3-558346291,S3-537848414
S1-443327225	S2-350267003,S2-451221539,S2-854148483,S3-132546632,S3-789607170,S3-311544406
S1-92148631	
S1-860257749	S2-120568169,S3-555414570
S1-285656259	S2-165329848,S3-469201391,S3-332055560,S3-729841936
S1-267795838	
S1-399097157	S3-124265983,S3-780199931,S3-898694344,S3-489181360
S1-492855968	S2-100796340,S3-738342800,S3-24510969,S3-630434920
S1-528209107	S2-334286210,S3-742214318
S1-754371652	S2-347067217,S2-953277932,S3-336612936
S1-541026614	
S1-390512995	S2-244366387,S3-989752115,S3-464527911,S3-502862280
S1-678376722	S2-699022602,S2-761778264,S2-47420423,S3-790691004,S3-265675579,S3-182730490
S1-801790422	S2-817955334,S3-597394510,S3-345401788
S1-650020769	
S1-592156476	S2-294024359,S2-465370220,S2-200163207,S3-803491515
S1-717020882	S2-575233171,S2-659832586,S3-228162598
S1-170086824	S3-737636121,S3-488445103
S1-547765036	S2-672794409,S3-293494915
S1-279779241	S2-318961122,S2-131452583,S2-743627588,S3-6069755,S3-269569360,S3-238619515
S1-491125027	
S1-419702578	S2-108761962,S2-861782020,S2-123750786,S2-876750433,S3-773610951,S3-888225916
S1-941188995	S2-727041500,S2-779348454,S3-706455520
S1-534641569	S2-706076902,S3-640464003,S3-624682227,S3-412484056
S1-632991283	S3-414090403,S3-409253141,S3-927553478
S1-843309065	S2-790594071,S3-492455317
S1-430284913	S2-896248076,S3-398870462,S3-474999731,S3-730810013
S1-222499722	S2-746051138,S3-435835715
S1-306824386	S2-844600946,S2-175897163,S2-953541227,S2-981682808,S3-92272017,S3-911404167
S1-252333881	S2-328469014,S3-44976271,S3-829650431
S1-695140186	S2-355523891,S3-634617791,S3-359556642,S3-976162983,S3-116688074,S3-540401183
S1-418963148	S2-340321422,S3-455399321
S1-919530485	S2-990007712,S3-490315629,S3-468164448,S3-248100009,S3-572197718
S1-842804881	S2-232602545,S2-625811704,S3-788755007
S1-71113137	S2-380910627,S2-716414734,S2-17791382,S2-270545194,S3-36381029,S3-689530502,S3-276135225
S1-948450453	S2-659715103,S2-687611211,S3-79716988
S1-683515776	S2-857014343,S2-743049221,S2-359448444,S3-254284311
S1-439517620	S2-63023867,S2-73980123,S2-268735612,S3-843080926,S3-782779915
S1-484152086	S3-595138425,S3-956996071
S1-906403384	S3-891048997
S1-713768483	S2-510497985,S2-374479917,S3-281936758
S1-599217194	S2-740045084,S2-216158328,S3-950390452
S1-194216507	S2-64540568,S3-721216458
